group,circuit,seed,episode,best_luts,best_levels,best_feasible,terminal_luts,terminal_levels,terminal_feasible,reward
trained,int2float,0,1,48,3,True,51,3,True,-1.0
trained,int2float,0,2,48,3,True,48,3,True,2.0
trained,int2float,0,3,49,3,True,46,4,False,0.0
trained,int2float,0,4,49,3,True,51,3,True,-2.0
trained,int2float,0,5,49,3,True,51,3,True,0.0
trained,int2float,0,6,49,3,True,46,4,False,1.0
trained,int2float,0,7,49,3,True,51,3,True,-4.0
trained,int2float,0,8,48,3,True,45,4,False,1.0
trained,int2float,0,9,47,3,True,47,3,True,5.0
trained,int2float,0,10,48,3,True,48,3,True,5.0
trained,int2float,0,11,49,3,True,45,4,False,1.0
trained,int2float,0,12,49,3,True,49,3,True,1.0
trained,int2float,0,13,49,3,True,52,3,True,2.0
trained,int2float,0,14,48,3,True,48,3,True,2.0
trained,int2float,0,15,48,3,True,48,3,True,5.0
trained,int2float,0,16,48,3,True,49,3,True,1.0
trained,int2float,0,17,47,3,True,47,3,True,5.0
trained,int2float,0,18,49,3,True,49,3,True,2.0
trained,int2float,0,19,48,3,True,48,3,True,2.0
trained,int2float,0,20,49,3,True,51,3,True,-5.0
trained,int2float,0,21,48,3,True,48,3,True,4.0
trained,int2float,0,22,48,3,True,45,4,False,1.0
trained,int2float,0,23,48,3,True,45,4,False,1.0
trained,int2float,0,24,49,3,True,49,3,True,2.0
trained,int2float,0,25,47,3,True,47,3,True,4.0
trained,int2float,0,26,48,3,True,48,3,True,5.0
trained,int2float,0,27,48,3,True,48,3,True,-4.0
trained,int2float,0,28,45,3,True,45,3,True,6.0
trained,int2float,0,29,47,3,True,49,3,True,3.0
trained,int2float,0,30,49,3,True,46,4,False,1.0
trained,int2float,0,31,48,3,True,48,3,True,2.0
trained,int2float,0,32,48,3,True,45,4,False,3.0
trained,int2float,0,33,49,3,True,51,3,True,0.0
trained,int2float,0,34,47,3,True,47,3,True,5.0
trained,int2float,0,35,49,3,True,49,3,True,2.0
trained,int2float,0,36,47,3,True,47,3,True,4.0
trained,int2float,0,37,49,3,True,51,3,True,0.0
trained,int2float,0,38,49,3,True,51,3,True,0.0
trained,int2float,0,39,48,3,True,48,3,True,3.0
trained,int2float,0,40,47,3,True,47,3,True,3.0
trained,int2float,0,41,49,3,True,44,4,False,1.0
trained,int2float,0,42,46,3,True,49,3,True,4.0
trained,int2float,0,43,46,3,True,45,4,False,5.0
trained,int2float,0,44,49,3,True,50,3,True,1.0
trained,int2float,0,45,49,3,True,45,4,False,3.0
trained,int2float,0,46,46,3,True,46,3,True,2.0
trained,int2float,0,47,46,3,True,47,3,True,5.0
trained,int2float,0,48,47,3,True,51,3,True,3.0
trained,int2float,0,49,49,3,True,49,3,True,-2.0
trained,int2float,0,50,49,3,True,50,3,True,0.0
trained,int2float,0,51,46,3,True,46,3,True,4.0
trained,int2float,0,52,48,3,True,49,3,True,3.0
trained,int2float,0,53,47,3,True,48,3,True,4.0
trained,int2float,0,54,49,3,True,51,3,True,-1.0
trained,int2float,0,55,48,3,True,49,3,True,7.0
trained,int2float,0,56,49,3,True,51,3,True,-1.0
trained,int2float,0,57,49,3,True,46,4,False,-2.0
trained,int2float,0,58,49,3,True,51,3,True,-1.0
trained,int2float,0,59,47,3,True,47,3,True,5.0
trained,int2float,0,60,47,3,True,47,3,True,6.0
trained,int2float,0,61,49,3,True,50,3,True,1.0
trained,int2float,0,62,48,3,True,48,3,True,4.0
trained,int2float,0,63,49,3,True,45,4,False,-1.0
trained,int2float,0,64,48,3,True,48,3,True,3.0
trained,int2float,0,65,49,3,True,50,3,True,1.0
trained,int2float,0,66,47,3,True,47,3,True,6.0
trained,int2float,0,67,49,3,True,46,4,False,-2.0
trained,int2float,0,68,49,3,True,49,3,True,0.0
trained,int2float,0,69,48,3,True,48,3,True,5.0
trained,int2float,0,70,47,3,True,47,3,True,6.0
trained,int2float,0,71,48,3,True,48,3,True,3.0
trained,int2float,0,72,49,3,True,49,3,True,2.0
trained,int2float,0,73,49,3,True,49,3,True,0.0
trained,int2float,0,74,48,3,True,48,3,True,2.0
trained,int2float,0,75,48,3,True,45,4,False,1.0
trained,int2float,0,76,48,3,True,48,3,True,5.0
trained,int2float,0,77,49,3,True,48,4,False,-1.0
trained,int2float,0,78,49,3,True,49,3,True,2.0
trained,int2float,0,79,46,3,True,46,3,True,5.0
trained,int2float,0,80,48,3,True,50,3,True,0.0
trained,int2float,0,81,49,3,True,51,3,True,0.0
trained,int2float,0,82,47,3,True,47,3,True,6.0
trained,int2float,0,83,48,3,True,48,3,True,3.0
trained,int2float,0,84,48,3,True,49,3,True,3.0
trained,int2float,0,85,48,3,True,48,3,True,5.0
trained,int2float,0,86,47,3,True,45,4,False,4.0
trained,int2float,0,87,49,3,True,51,3,True,0.0
trained,int2float,0,88,46,3,True,44,4,False,4.0
trained,int2float,0,89,49,3,True,47,4,False,-4.0
trained,int2float,0,90,48,3,True,48,3,True,2.0
trained,int2float,0,91,46,3,True,45,4,False,5.0
trained,int2float,0,92,48,3,True,48,3,True,2.0
trained,int2float,0,93,48,3,True,48,3,True,1.0
trained,int2float,0,94,49,3,True,49,3,True,2.0
trained,int2float,0,95,48,3,True,50,3,True,3.0
trained,int2float,0,96,48,3,True,48,3,True,2.0
trained,int2float,0,97,48,3,True,49,3,True,1.0
trained,int2float,0,98,48,3,True,55,3,True,0.0
trained,int2float,0,99,46,3,True,46,3,True,6.0
trained,int2float,0,100,48,3,True,48,3,True,5.0
trained,int2float,0,101,47,3,True,47,3,True,-2.0
trained,int2float,0,102,49,3,True,53,3,True,1.0
trained,int2float,0,103,49,3,True,50,3,True,1.0
trained,int2float,0,104,47,3,True,47,3,True,4.0
trained,int2float,0,105,49,3,True,50,3,True,1.0
trained,int2float,0,106,48,3,True,48,3,True,2.0
trained,int2float,0,107,49,3,True,47,4,False,-2.0
trained,int2float,0,108,48,3,True,48,3,True,3.0
trained,int2float,0,109,47,3,True,47,3,True,5.0
trained,int2float,0,110,48,3,True,51,3,True,4.0
trained,int2float,0,111,47,3,True,48,3,True,-1.0
trained,int2float,0,112,48,3,True,45,4,False,1.0
trained,int2float,0,113,46,3,True,46,3,True,-2.0
trained,int2float,0,114,47,3,True,47,3,True,5.0
trained,int2float,0,115,48,3,True,47,4,False,-3.0
trained,int2float,0,116,47,3,True,47,3,True,4.0
trained,int2float,0,117,47,3,True,47,3,True,6.0
trained,int2float,0,118,45,3,True,45,3,True,1.0
trained,int2float,0,119,48,3,True,48,3,True,3.0
trained,int2float,0,120,47,3,True,47,3,True,0.0
trained,int2float,0,121,48,3,True,48,4,False,3.0
trained,int2float,0,122,49,3,True,54,3,True,-2.0
trained,int2float,0,123,48,3,True,48,3,True,3.0
trained,int2float,0,124,49,3,True,49,3,True,0.0
trained,int2float,0,125,47,3,True,47,3,True,5.0
trained,int2float,0,126,48,3,True,48,3,True,5.0
trained,int2float,0,127,47,3,True,47,3,True,3.0
trained,int2float,0,128,48,3,True,48,3,True,2.0
trained,int2float,0,129,47,3,True,47,3,True,8.0
trained,int2float,0,130,49,3,True,49,3,True,0.0
trained,int2float,0,131,49,3,True,48,4,False,-5.0
trained,int2float,0,132,49,3,True,50,3,True,-1.0
trained,int2float,0,133,47,3,True,47,3,True,3.0
trained,int2float,0,134,49,3,True,51,3,True,0.0
trained,int2float,0,135,49,3,True,53,3,True,0.0
trained,int2float,0,136,47,3,True,46,4,False,4.0
trained,int2float,0,137,45,3,True,45,3,True,6.0
trained,int2float,0,138,48,3,True,49,3,True,-3.0
trained,int2float,0,139,47,3,True,49,3,True,1.0
trained,int2float,0,140,49,3,True,46,4,False,-1.0
trained,int2float,0,141,48,3,True,48,3,True,7.0
trained,int2float,0,142,47,3,True,47,3,True,5.0
trained,int2float,0,143,49,3,True,44,4,False,3.0
trained,int2float,0,144,48,3,True,48,3,True,1.0
trained,int2float,0,145,49,3,True,44,4,False,0.0
trained,int2float,0,146,47,3,True,49,3,True,4.0
trained,int2float,0,147,48,3,True,48,3,True,2.0
trained,int2float,0,148,48,3,True,48,3,True,5.0
trained,int2float,0,149,49,3,True,50,3,True,-1.0
trained,int2float,0,150,49,3,True,49,3,True,0.0
trained,int2float,0,151,49,3,True,46,4,False,0.0
trained,int2float,0,152,48,3,True,48,3,True,5.0
trained,int2float,0,153,49,3,True,49,3,True,0.0
trained,int2float,0,154,49,3,True,47,4,False,-1.0
trained,int2float,0,155,49,3,True,45,4,False,-2.0
trained,int2float,0,156,48,3,True,48,3,True,3.0
trained,int2float,0,157,49,3,True,51,3,True,-3.0
trained,int2float,0,158,49,3,True,51,3,True,0.0
trained,int2float,0,159,46,3,True,48,4,False,2.0
trained,int2float,0,160,48,3,True,50,3,True,3.0
trained,int2float,0,161,48,3,True,49,3,True,1.0
trained,int2float,0,162,47,3,True,47,3,True,5.0
trained,int2float,0,163,48,3,True,48,3,True,5.0
trained,int2float,0,164,48,3,True,48,3,True,5.0
trained,int2float,0,165,47,3,True,47,3,True,3.0
trained,int2float,0,166,49,3,True,49,3,True,0.0
trained,int2float,0,167,47,3,True,47,3,True,5.0
trained,int2float,0,168,48,3,True,48,3,True,2.0
trained,int2float,0,169,48,3,True,48,3,True,3.0
trained,int2float,0,170,48,3,True,48,3,True,1.0
trained,int2float,0,171,47,3,True,47,3,True,0.0
trained,int2float,0,172,45,3,True,45,3,True,6.0
trained,int2float,0,173,48,3,True,51,3,True,-1.0
trained,int2float,0,174,49,3,True,51,3,True,0.0
trained,int2float,0,175,47,3,True,47,3,True,5.0
trained,int2float,0,176,47,3,True,47,3,True,5.0
trained,int2float,0,177,47,3,True,52,3,True,1.0
trained,int2float,0,178,46,3,True,46,3,True,5.0
trained,int2float,0,179,49,3,True,50,3,True,1.0
trained,int2float,0,180,47,3,True,45,4,False,2.0
trained,int2float,0,181,46,3,True,46,3,True,4.0
trained,int2float,0,182,46,3,True,45,4,False,2.0
trained,int2float,0,183,49,3,True,45,4,False,-2.0
trained,int2float,0,184,49,3,True,46,4,False,-3.0
trained,int2float,0,185,49,3,True,50,3,True,-1.0
trained,int2float,0,186,49,3,True,44,4,False,1.0
trained,int2float,0,187,49,3,True,46,4,False,-1.0
trained,int2float,0,188,48,3,True,48,3,True,5.0
trained,int2float,0,189,47,3,True,47,3,True,5.0
trained,int2float,0,190,48,3,True,48,4,False,-1.0
trained,int2float,0,191,48,3,True,48,3,True,4.0
trained,int2float,0,192,46,3,True,46,3,True,6.0
trained,int2float,0,193,47,3,True,47,3,True,1.0
trained,int2float,0,194,49,3,True,50,3,True,1.0
trained,int2float,0,195,47,3,True,47,3,True,5.0
trained,int2float,0,196,49,3,True,51,3,True,0.0
trained,int2float,0,197,48,3,True,48,3,True,2.0
trained,int2float,0,198,47,3,True,47,3,True,5.0
trained,int2float,0,199,46,3,True,47,3,True,4.0
trained,int2float,0,200,49,3,True,46,4,False,0.0
trained,int2float,1,1,49,3,True,49,3,True,2.0
trained,int2float,1,2,48,3,True,48,3,True,2.0
trained,int2float,1,3,47,3,True,47,3,True,5.0
trained,int2float,1,4,46,3,True,46,3,True,5.0
trained,int2float,1,5,49,3,True,47,4,False,-1.0
trained,int2float,1,6,47,3,True,48,3,True,4.0
trained,int2float,1,7,48,3,True,48,3,True,2.0
trained,int2float,1,8,49,3,True,44,4,False,3.0
trained,int2float,1,9,49,3,True,50,3,True,2.0
trained,int2float,1,10,48,3,True,50,3,True,4.0
trained,int2float,1,11,47,3,True,47,3,True,3.0
trained,int2float,1,12,47,3,True,47,3,True,4.0
trained,int2float,1,13,49,3,True,45,4,False,-3.0
trained,int2float,1,14,47,3,True,47,3,True,5.0
trained,int2float,1,15,47,3,True,47,3,True,5.0
trained,int2float,1,16,49,3,True,49,3,True,2.0
trained,int2float,1,17,49,3,True,49,3,True,2.0
trained,int2float,1,18,49,3,True,50,3,True,-1.0
trained,int2float,1,19,47,3,True,47,3,True,5.0
trained,int2float,1,20,49,3,True,50,3,True,-1.0
trained,int2float,1,21,47,3,True,48,3,True,4.0
trained,int2float,1,22,47,3,True,47,3,True,5.0
trained,int2float,1,23,49,3,True,49,3,True,0.0
trained,int2float,1,24,49,3,True,47,4,False,-4.0
trained,int2float,1,25,48,3,True,48,3,True,2.0
trained,int2float,1,26,49,3,True,51,3,True,-2.0
trained,int2float,1,27,49,3,True,45,4,False,-1.0
trained,int2float,1,28,49,3,True,51,3,True,-2.0
trained,int2float,1,29,46,3,True,46,3,True,5.0
trained,int2float,1,30,48,3,True,49,3,True,3.0
trained,int2float,1,31,49,3,True,52,3,True,-4.0
trained,int2float,1,32,47,3,True,47,3,True,3.0
trained,int2float,1,33,48,3,True,48,3,True,2.0
trained,int2float,1,34,46,3,True,46,3,True,6.0
trained,int2float,1,35,49,3,True,50,3,True,2.0
trained,int2float,1,36,47,3,True,49,3,True,4.0
trained,int2float,1,37,49,3,True,51,3,True,-2.0
trained,int2float,1,38,47,3,True,47,3,True,0.0
trained,int2float,1,39,47,3,True,47,3,True,5.0
trained,int2float,1,40,48,3,True,45,4,False,1.0
trained,int2float,1,41,47,3,True,47,3,True,5.0
trained,int2float,1,42,49,3,True,50,3,True,0.0
trained,int2float,1,43,47,3,True,47,3,True,5.0
trained,int2float,1,44,48,3,True,45,4,False,1.0
trained,int2float,1,45,47,3,True,48,3,True,4.0
trained,int2float,1,46,48,3,True,51,3,True,0.0
trained,int2float,1,47,49,3,True,52,3,True,-3.0
trained,int2float,1,48,46,3,True,46,3,True,9.0
trained,int2float,1,49,49,3,True,50,3,True,2.0
trained,int2float,1,50,44,3,True,44,3,True,6.0
trained,int2float,1,51,46,3,True,46,3,True,5.0
trained,int2float,1,52,49,3,True,50,3,True,4.0
trained,int2float,1,53,49,3,True,49,3,True,0.0
trained,int2float,1,54,48,3,True,48,3,True,5.0
trained,int2float,1,55,49,3,True,49,3,True,2.0
trained,int2float,1,56,49,3,True,48,4,False,-2.0
trained,int2float,1,57,47,3,True,48,3,True,4.0
trained,int2float,1,58,45,3,True,45,3,True,8.0
trained,int2float,1,59,48,3,True,48,3,True,5.0
trained,int2float,1,60,48,3,True,49,3,True,1.0
trained,int2float,1,61,49,3,True,49,3,True,2.0
trained,int2float,1,62,47,3,True,47,3,True,5.0
trained,int2float,1,63,46,3,True,46,3,True,3.0
trained,int2float,1,64,48,3,True,48,3,True,3.0
trained,int2float,1,65,49,3,True,50,3,True,-1.0
trained,int2float,1,66,48,3,True,49,3,True,1.0
trained,int2float,1,67,47,3,True,48,3,True,4.0
trained,int2float,1,68,49,3,True,49,3,True,2.0
trained,int2float,1,69,49,3,True,50,3,True,-1.0
trained,int2float,1,70,49,3,True,50,3,True,1.0
trained,int2float,1,71,49,3,True,49,3,True,0.0
trained,int2float,1,72,47,3,True,47,3,True,5.0
trained,int2float,1,73,48,3,True,48,3,True,4.0
trained,int2float,1,74,47,3,True,47,3,True,6.0
trained,int2float,1,75,47,3,True,47,3,True,2.0
trained,int2float,1,76,48,3,True,48,3,True,2.0
trained,int2float,1,77,47,3,True,50,3,True,3.0
trained,int2float,1,78,46,3,True,46,3,True,6.0
trained,int2float,1,79,49,3,True,49,3,True,2.0
trained,int2float,1,80,49,3,True,45,4,False,3.0
trained,int2float,1,81,47,3,True,47,3,True,5.0
trained,int2float,1,82,48,3,True,49,3,True,1.0
trained,int2float,1,83,48,3,True,44,4,False,2.0
trained,int2float,1,84,49,3,True,51,3,True,-2.0
trained,int2float,1,85,49,3,True,49,3,True,4.0
trained,int2float,1,86,47,3,True,48,3,True,4.0
trained,int2float,1,87,48,3,True,48,3,True,3.0
trained,int2float,1,88,48,3,True,48,3,True,0.0
trained,int2float,1,89,47,3,True,48,3,True,2.0
trained,int2float,1,90,49,3,True,50,3,True,1.0
trained,int2float,1,91,48,3,True,48,3,True,4.0
trained,int2float,1,92,49,3,True,46,4,False,-1.0
trained,int2float,1,93,48,3,True,48,3,True,3.0
trained,int2float,1,94,47,3,True,48,3,True,2.0
trained,int2float,1,95,47,3,True,47,3,True,5.0
trained,int2float,1,96,49,3,True,48,4,False,1.0
trained,int2float,1,97,49,3,True,49,3,True,0.0
trained,int2float,1,98,48,3,True,48,3,True,4.0
trained,int2float,1,99,49,3,True,49,3,True,2.0
trained,int2float,1,100,47,3,True,47,3,True,4.0
trained,int2float,1,101,48,3,True,49,3,True,4.0
trained,int2float,1,102,47,3,True,47,3,True,6.0
trained,int2float,1,103,49,3,True,47,4,False,-2.0
trained,int2float,1,104,46,3,True,46,3,True,6.0
trained,int2float,1,105,49,3,True,49,3,True,0.0
trained,int2float,1,106,48,3,True,46,4,False,4.0
trained,int2float,1,107,48,3,True,48,3,True,3.0
trained,int2float,1,108,49,3,True,52,3,True,0.0
trained,int2float,1,109,49,3,True,49,3,True,0.0
trained,int2float,1,110,49,3,True,50,3,True,1.0
trained,int2float,1,111,47,3,True,48,3,True,2.0
trained,int2float,1,112,47,3,True,47,3,True,5.0
trained,int2float,1,113,47,3,True,48,3,True,2.0
trained,int2float,1,114,49,3,True,49,3,True,2.0
trained,int2float,1,115,47,3,True,47,3,True,3.0
trained,int2float,1,116,46,3,True,46,3,True,8.0
trained,int2float,1,117,46,3,True,46,3,True,6.0
trained,int2float,1,118,48,3,True,48,3,True,5.0
trained,int2float,1,119,47,3,True,49,3,True,4.0
trained,int2float,1,120,48,3,True,48,3,True,3.0
trained,int2float,1,121,47,3,True,48,3,True,3.0
trained,int2float,1,122,49,3,True,46,4,False,0.0
trained,int2float,1,123,49,3,True,51,3,True,1.0
trained,int2float,1,124,47,3,True,47,3,True,1.0
trained,int2float,1,125,49,3,True,51,3,True,-1.0
trained,int2float,1,126,49,3,True,49,3,True,0.0
trained,int2float,1,127,49,3,True,52,3,True,0.0
trained,int2float,1,128,49,3,True,41,4,False,1.0
trained,int2float,1,129,48,3,True,48,3,True,5.0
trained,int2float,1,130,49,3,True,50,3,True,1.0
trained,int2float,1,131,47,3,True,47,3,True,6.0
trained,int2float,1,132,49,3,True,49,3,True,0.0
trained,int2float,1,133,46,3,True,47,3,True,5.0
trained,int2float,1,134,49,3,True,49,3,True,0.0
trained,int2float,1,135,49,3,True,49,3,True,2.0
trained,int2float,1,136,47,3,True,47,3,True,3.0
trained,int2float,1,137,46,3,True,46,3,True,6.0
trained,int2float,1,138,49,3,True,49,3,True,4.0
trained,int2float,1,139,47,3,True,47,3,True,7.0
trained,int2float,1,140,48,3,True,48,3,True,2.0
trained,int2float,1,141,49,3,True,49,3,True,4.0
trained,int2float,1,142,46,3,True,46,3,True,5.0
trained,int2float,1,143,47,3,True,47,3,True,5.0
trained,int2float,1,144,48,3,True,48,3,True,2.0
trained,int2float,1,145,46,3,True,46,3,True,6.0
trained,int2float,1,146,48,3,True,49,3,True,1.0
trained,int2float,1,147,47,3,True,49,3,True,2.0
trained,int2float,1,148,48,3,True,48,3,True,3.0
trained,int2float,1,149,47,3,True,47,3,True,1.0
trained,int2float,1,150,48,3,True,48,3,True,2.0
trained,int2float,1,151,49,3,True,49,3,True,4.0
trained,int2float,1,152,47,3,True,47,3,True,1.0
trained,int2float,1,153,49,3,True,46,4,False,1.0
trained,int2float,1,154,46,3,True,46,3,True,6.0
trained,int2float,1,155,49,3,True,49,3,True,0.0
trained,int2float,1,156,48,3,True,48,3,True,4.0
trained,int2float,1,157,45,3,True,45,3,True,6.0
trained,int2float,1,158,47,3,True,48,3,True,1.0
trained,int2float,1,159,48,3,True,51,3,True,2.0
trained,int2float,1,160,47,3,True,47,3,True,5.0
trained,int2float,1,161,47,3,True,47,3,True,6.0
trained,int2float,1,162,47,3,True,47,3,True,5.0
trained,int2float,1,163,48,3,True,48,3,True,5.0
trained,int2float,1,164,49,3,True,52,3,True,-2.0
trained,int2float,1,165,46,3,True,47,3,True,2.0
trained,int2float,1,166,49,3,True,46,4,False,1.0
trained,int2float,1,167,48,3,True,48,3,True,2.0
trained,int2float,1,168,47,3,True,49,3,True,4.0
trained,int2float,1,169,49,3,True,51,3,True,-1.0
trained,int2float,1,170,47,3,True,45,4,False,4.0
trained,int2float,1,171,46,3,True,46,3,True,6.0
trained,int2float,1,172,48,3,True,48,3,True,2.0
trained,int2float,1,173,49,3,True,49,3,True,0.0
trained,int2float,1,174,47,3,True,47,3,True,5.0
trained,int2float,1,175,47,3,True,50,3,True,1.0
trained,int2float,1,176,48,3,True,49,3,True,1.0
trained,int2float,1,177,47,3,True,47,3,True,6.0
trained,int2float,1,178,49,3,True,50,3,True,-1.0
trained,int2float,1,179,46,3,True,43,4,False,5.0
trained,int2float,1,180,47,3,True,47,3,True,0.0
trained,int2float,1,181,46,3,True,47,3,True,0.0
trained,int2float,1,182,47,3,True,47,3,True,1.0
trained,int2float,1,183,47,3,True,47,3,True,6.0
trained,int2float,1,184,47,3,True,47,3,True,5.0
trained,int2float,1,185,49,3,True,49,3,True,4.0
trained,int2float,1,186,45,3,True,45,3,True,5.0
trained,int2float,1,187,48,3,True,52,3,True,4.0
trained,int2float,1,188,48,3,True,49,3,True,-3.0
trained,int2float,1,189,49,3,True,49,3,True,0.0
trained,int2float,1,190,47,3,True,47,3,True,5.0
trained,int2float,1,191,44,3,True,44,3,True,8.0
trained,int2float,1,192,49,3,True,51,3,True,1.0
trained,int2float,1,193,48,3,True,49,3,True,4.0
trained,int2float,1,194,49,3,True,49,3,True,2.0
trained,int2float,1,195,47,3,True,47,3,True,3.0
trained,int2float,1,196,48,3,True,48,3,True,2.0
trained,int2float,1,197,49,3,True,52,3,True,-3.0
trained,int2float,1,198,47,3,True,47,3,True,3.0
trained,int2float,1,199,47,3,True,47,3,True,6.0
trained,int2float,1,200,49,3,True,49,3,True,0.0
trained,int2float,2,1,48,3,True,48,3,True,5.0
trained,int2float,2,2,48,3,True,45,4,False,1.0
trained,int2float,2,3,49,3,True,52,3,True,1.0
trained,int2float,2,4,49,3,True,49,3,True,0.0
trained,int2float,2,5,48,3,True,48,3,True,-2.0
trained,int2float,2,6,48,3,True,48,3,True,4.0
trained,int2float,2,7,49,3,True,49,3,True,2.0
trained,int2float,2,8,48,3,True,49,3,True,4.0
trained,int2float,2,9,47,3,True,48,3,True,2.0
trained,int2float,2,10,49,3,True,50,3,True,-3.0
trained,int2float,2,11,48,3,True,49,3,True,1.0
trained,int2float,2,12,49,3,True,45,4,False,-1.0
trained,int2float,2,13,47,3,True,47,3,True,5.0
trained,int2float,2,14,47,3,True,48,3,True,1.0
trained,int2float,2,15,47,3,True,47,3,True,4.0
trained,int2float,2,16,49,3,True,50,3,True,2.0
trained,int2float,2,17,48,3,True,50,3,True,-1.0
trained,int2float,2,18,48,3,True,49,3,True,1.0
trained,int2float,2,19,48,3,True,48,3,True,5.0
trained,int2float,2,20,49,3,True,54,3,True,0.0
trained,int2float,2,21,49,3,True,45,4,False,-1.0
trained,int2float,2,22,47,3,True,46,4,False,-1.0
trained,int2float,2,23,49,3,True,49,3,True,2.0
trained,int2float,2,24,49,3,True,51,3,True,-1.0
trained,int2float,2,25,46,3,True,43,4,False,4.0
trained,int2float,2,26,46,3,True,46,3,True,6.0
trained,int2float,2,27,49,3,True,51,3,True,1.0
trained,int2float,2,28,48,3,True,48,3,True,2.0
trained,int2float,2,29,47,3,True,47,3,True,6.0
trained,int2float,2,30,49,3,True,50,3,True,1.0
trained,int2float,2,31,48,3,True,49,3,True,1.0
trained,int2float,2,32,48,3,True,48,3,True,2.0
trained,int2float,2,33,46,3,True,46,3,True,6.0
trained,int2float,2,34,49,3,True,49,3,True,2.0
trained,int2float,2,35,49,3,True,49,3,True,2.0
trained,int2float,2,36,48,3,True,48,3,True,1.0
trained,int2float,2,37,48,3,True,49,3,True,2.0
trained,int2float,2,38,46,3,True,46,3,True,4.0
trained,int2float,2,39,47,3,True,47,3,True,3.0
trained,int2float,2,40,48,3,True,48,3,True,5.0
trained,int2float,2,41,48,3,True,51,3,True,3.0
trained,int2float,2,42,48,3,True,48,3,True,2.0
trained,int2float,2,43,47,3,True,47,3,True,6.0
trained,int2float,2,44,49,3,True,46,4,False,1.0
trained,int2float,2,45,49,3,True,54,3,True,-2.0
trained,int2float,2,46,47,3,True,47,3,True,6.0
trained,int2float,2,47,49,3,True,43,4,False,5.0
trained,int2float,2,48,45,3,True,45,3,True,1.0
trained,int2float,2,49,49,3,True,45,4,False,-1.0
trained,int2float,2,50,49,3,True,49,3,True,0.0
trained,int2float,2,51,49,3,True,49,3,True,0.0
trained,int2float,2,52,48,3,True,51,3,True,1.0
trained,int2float,2,53,46,3,True,47,3,True,5.0
trained,int2float,2,54,49,3,True,51,3,True,1.0
trained,int2float,2,55,49,3,True,50,3,True,-1.0
trained,int2float,2,56,47,3,True,47,3,True,6.0
trained,int2float,2,57,49,3,True,51,3,True,-2.0
trained,int2float,2,58,47,3,True,47,3,True,1.0
trained,int2float,2,59,48,3,True,49,3,True,1.0
trained,int2float,2,60,47,3,True,43,4,False,1.0
trained,int2float,2,61,47,3,True,47,3,True,6.0
trained,int2float,2,62,49,3,True,46,4,False,-1.0
trained,int2float,2,63,49,3,True,50,3,True,3.0
trained,int2float,2,64,48,3,True,48,3,True,5.0
trained,int2float,2,65,48,3,True,48,3,True,5.0
trained,int2float,2,66,47,3,True,47,3,True,6.0
trained,int2float,2,67,47,3,True,47,3,True,5.0
trained,int2float,2,68,47,3,True,47,3,True,6.0
trained,int2float,2,69,47,3,True,47,3,True,5.0
trained,int2float,2,70,49,3,True,54,3,True,-3.0
trained,int2float,2,71,46,3,True,47,3,True,5.0
trained,int2float,2,72,49,3,True,50,3,True,-3.0
trained,int2float,2,73,47,3,True,47,3,True,3.0
trained,int2float,2,74,46,3,True,46,3,True,9.0
trained,int2float,2,75,47,3,True,48,3,True,3.0
trained,int2float,2,76,49,3,True,49,3,True,2.0
trained,int2float,2,77,49,3,True,52,4,False,-2.0
trained,int2float,2,78,49,3,True,49,3,True,2.0
trained,int2float,2,79,49,3,True,49,3,True,0.0
trained,int2float,2,80,49,3,True,51,3,True,4.0
trained,int2float,2,81,48,3,True,48,3,True,5.0
trained,int2float,2,82,49,3,True,45,4,False,1.0
trained,int2float,2,83,49,3,True,50,3,True,-1.0
trained,int2float,2,84,48,3,True,48,3,True,2.0
trained,int2float,2,85,47,3,True,47,3,True,-1.0
trained,int2float,2,86,49,3,True,49,3,True,2.0
trained,int2float,2,87,49,3,True,46,4,False,1.0
trained,int2float,2,88,49,3,True,50,3,True,-1.0
trained,int2float,2,89,47,3,True,46,4,False,4.0
trained,int2float,2,90,49,3,True,49,3,True,0.0
trained,int2float,2,91,45,3,True,45,3,True,5.0
trained,int2float,2,92,49,3,True,49,3,True,2.0
trained,int2float,2,93,49,3,True,49,3,True,0.0
trained,int2float,2,94,49,3,True,50,3,True,-1.0
trained,int2float,2,95,45,3,True,46,3,True,5.0
trained,int2float,2,96,47,3,True,46,4,False,0.0
trained,int2float,2,97,47,3,True,47,3,True,5.0
trained,int2float,2,98,48,3,True,48,3,True,0.0
trained,int2float,2,99,49,3,True,51,3,True,1.0
trained,int2float,2,100,49,3,True,46,4,False,-1.0
trained,int2float,2,101,49,3,True,46,4,False,-1.0
trained,int2float,2,102,48,3,True,48,3,True,5.0
trained,int2float,2,103,49,3,True,49,3,True,2.0
trained,int2float,2,104,49,3,True,42,4,False,-1.0
trained,int2float,2,105,49,3,True,51,3,True,0.0
trained,int2float,2,106,47,3,True,47,3,True,5.0
trained,int2float,2,107,49,3,True,45,4,False,-2.0
trained,int2float,2,108,49,3,True,51,3,True,-2.0
trained,int2float,2,109,48,3,True,48,3,True,3.0
trained,int2float,2,110,47,3,True,47,3,True,6.0
trained,int2float,2,111,49,3,True,51,3,True,1.0
trained,int2float,2,112,49,3,True,45,4,False,3.0
trained,int2float,2,113,49,3,True,47,4,False,-2.0
trained,int2float,2,114,48,3,True,48,3,True,2.0
trained,int2float,2,115,48,3,True,48,3,True,3.0
trained,int2float,2,116,48,3,True,49,3,True,4.0
trained,int2float,2,117,48,3,True,48,3,True,5.0
trained,int2float,2,118,48,3,True,48,3,True,2.0
trained,int2float,2,119,49,3,True,49,3,True,0.0
trained,int2float,2,120,48,3,True,48,3,True,2.0
trained,int2float,2,121,49,3,True,49,3,True,2.0
trained,int2float,2,122,47,3,True,47,3,True,5.0
trained,int2float,2,123,48,3,True,48,3,True,0.0
trained,int2float,2,124,47,3,True,48,3,True,0.0
trained,int2float,2,125,47,3,True,47,3,True,3.0
trained,int2float,2,126,49,3,True,51,3,True,-1.0
trained,int2float,2,127,48,3,True,48,3,True,2.0
trained,int2float,2,128,47,3,True,47,3,True,3.0
trained,int2float,2,129,48,3,True,48,3,True,4.0
trained,int2float,2,130,47,3,True,47,3,True,6.0
trained,int2float,2,131,48,3,True,48,3,True,4.0
trained,int2float,2,132,49,3,True,44,4,False,1.0
trained,int2float,2,133,49,3,True,45,4,False,3.0
trained,int2float,2,134,49,3,True,49,3,True,2.0
trained,int2float,2,135,48,3,True,48,3,True,0.0
trained,int2float,2,136,48,3,True,48,3,True,5.0
trained,int2float,2,137,47,3,True,47,3,True,0.0
trained,int2float,2,138,49,3,True,53,3,True,-3.0
trained,int2float,2,139,48,3,True,48,3,True,5.0
trained,int2float,2,140,49,3,True,45,4,False,1.0
trained,int2float,2,141,49,3,True,50,3,True,0.0
trained,int2float,2,142,47,3,True,47,3,True,4.0
trained,int2float,2,143,49,3,True,49,3,True,2.0
trained,int2float,2,144,46,3,True,46,3,True,6.0
trained,int2float,2,145,49,3,True,49,3,True,0.0
trained,int2float,2,146,46,3,True,46,3,True,8.0
trained,int2float,2,147,48,3,True,48,3,True,5.0
trained,int2float,2,148,49,3,True,49,3,True,0.0
trained,int2float,2,149,48,3,True,48,3,True,2.0
trained,int2float,2,150,49,3,True,47,4,False,0.0
trained,int2float,2,151,49,3,True,49,3,True,2.0
trained,int2float,2,152,46,3,True,47,3,True,5.0
trained,int2float,2,153,49,3,True,49,3,True,0.0
trained,int2float,2,154,49,3,True,49,3,True,2.0
trained,int2float,2,155,48,3,True,49,3,True,1.0
trained,int2float,2,156,47,3,True,48,3,True,2.0
trained,int2float,2,157,48,3,True,47,4,False,4.0
trained,int2float,2,158,49,3,True,52,3,True,0.0
trained,int2float,2,159,48,3,True,49,3,True,4.0
trained,int2float,2,160,47,3,True,48,3,True,2.0
trained,int2float,2,161,45,3,True,44,4,False,4.0
trained,int2float,2,162,49,3,True,52,3,True,1.0
trained,int2float,2,163,48,3,True,48,3,True,4.0
trained,int2float,2,164,48,3,True,46,4,False,2.0
trained,int2float,2,165,48,3,True,48,3,True,4.0
trained,int2float,2,166,49,3,True,49,3,True,0.0
trained,int2float,2,167,48,3,True,48,3,True,4.0
trained,int2float,2,168,48,3,True,48,3,True,3.0
trained,int2float,2,169,48,3,True,48,3,True,3.0
trained,int2float,2,170,49,3,True,50,3,True,4.0
trained,int2float,2,171,46,3,True,46,3,True,9.0
trained,int2float,2,172,49,3,True,49,3,True,0.0
trained,int2float,2,173,45,3,True,45,3,True,8.0
trained,int2float,2,174,49,3,True,50,3,True,1.0
trained,int2float,2,175,49,3,True,49,3,True,2.0
trained,int2float,2,176,49,3,True,49,3,True,2.0
trained,int2float,2,177,47,3,True,47,3,True,0.0
trained,int2float,2,178,49,3,True,49,3,True,2.0
trained,int2float,2,179,49,3,True,49,3,True,4.0
trained,int2float,2,180,46,3,True,46,3,True,6.0
trained,int2float,2,181,48,3,True,49,3,True,4.0
trained,int2float,2,182,46,3,True,46,3,True,5.0
trained,int2float,2,183,46,3,True,47,3,True,5.0
trained,int2float,2,184,48,3,True,48,3,True,5.0
trained,int2float,2,185,48,3,True,48,3,True,2.0
trained,int2float,2,186,47,3,True,48,3,True,4.0
trained,int2float,2,187,46,3,True,46,3,True,9.0
trained,int2float,2,188,48,3,True,48,3,True,3.0
trained,int2float,2,189,47,3,True,49,3,True,4.0
trained,int2float,2,190,47,3,True,48,3,True,5.0
trained,int2float,2,191,48,3,True,49,3,True,2.0
trained,int2float,2,192,48,3,True,48,3,True,4.0
trained,int2float,2,193,49,3,True,51,3,True,-3.0
trained,int2float,2,194,47,3,True,47,3,True,6.0
trained,int2float,2,195,46,3,True,46,3,True,8.0
trained,int2float,2,196,46,3,True,46,3,True,5.0
trained,int2float,2,197,48,3,True,50,3,True,1.0
trained,int2float,2,198,47,3,True,47,3,True,5.0
trained,int2float,2,199,49,3,True,49,3,True,2.0
trained,int2float,2,200,47,3,True,47,3,True,5.0
trained,i2c,0,1,321,4,True,321,4,True,15.0
trained,i2c,0,2,330,4,True,330,4,True,6.0
trained,i2c,0,3,335,4,True,335,4,True,9.0
trained,i2c,0,4,337,4,True,340,4,True,4.0
trained,i2c,0,5,329,4,True,329,4,True,11.0
trained,i2c,0,6,320,4,True,321,4,True,5.0
trained,i2c,0,7,328,4,True,328,4,True,11.0
trained,i2c,0,8,322,4,True,322,4,True,15.0
trained,i2c,0,9,339,4,True,339,4,True,8.0
trained,i2c,0,10,328,4,True,328,4,True,11.0
trained,i2c,0,11,312,4,True,312,4,True,15.0
trained,i2c,0,12,331,4,True,331,4,True,8.0
trained,i2c,0,13,319,4,True,319,4,True,8.0
trained,i2c,0,14,324,4,True,324,4,True,15.0
trained,i2c,0,15,325,4,True,325,4,True,11.0
trained,i2c,0,16,337,4,True,337,4,True,12.0
trained,i2c,0,17,342,4,True,342,4,True,8.0
trained,i2c,0,18,334,4,True,334,4,True,8.0
trained,i2c,0,19,354,4,True,354,4,True,8.0
trained,i2c,0,20,325,4,True,325,4,True,8.0
trained,i2c,0,21,347,4,True,348,4,True,7.0
trained,i2c,0,22,322,4,True,322,4,True,15.0
trained,i2c,0,23,323,4,True,323,4,True,15.0
trained,i2c,0,24,335,4,True,335,4,True,8.0
trained,i2c,0,25,323,4,True,323,4,True,12.0
trained,i2c,0,26,323,4,True,323,4,True,11.0
trained,i2c,0,27,325,4,True,325,4,True,12.0
trained,i2c,0,28,320,4,True,320,4,True,15.0
trained,i2c,0,29,331,4,True,331,4,True,8.0
trained,i2c,0,30,328,4,True,328,4,True,11.0
trained,i2c,0,31,328,4,True,332,4,True,11.0
trained,i2c,0,32,323,4,True,326,4,True,11.0
trained,i2c,0,33,325,4,True,325,4,True,11.0
trained,i2c,0,34,333,4,True,333,4,True,11.0
trained,i2c,0,35,322,4,True,323,4,True,8.0
trained,i2c,0,36,351,4,True,352,4,True,7.0
trained,i2c,0,37,323,4,True,323,4,True,15.0
trained,i2c,0,38,323,4,True,323,4,True,12.0
trained,i2c,0,39,322,4,True,322,4,True,12.0
trained,i2c,0,40,329,4,True,334,4,True,7.0
trained,i2c,0,41,326,4,True,326,4,True,12.0
trained,i2c,0,42,333,4,True,333,4,True,15.0
trained,i2c,0,43,326,4,True,326,4,True,15.0
trained,i2c,0,44,327,4,True,327,4,True,11.0
trained,i2c,0,45,318,4,True,319,4,True,8.0
trained,i2c,0,46,325,4,True,325,4,True,11.0
trained,i2c,0,47,329,4,True,329,4,True,11.0
trained,i2c,0,48,316,4,True,316,4,True,15.0
trained,i2c,0,49,323,4,True,323,4,True,9.0
trained,i2c,0,50,322,4,True,322,4,True,12.0
trained,i2c,0,51,335,4,True,336,4,True,11.0
trained,i2c,0,52,333,4,True,335,4,True,11.0
trained,i2c,0,53,341,4,True,341,4,True,15.0
trained,i2c,0,54,320,4,True,320,4,True,12.0
trained,i2c,0,55,330,4,True,330,4,True,8.0
trained,i2c,0,56,316,4,True,316,4,True,7.0
trained,i2c,0,57,338,4,True,338,4,True,15.0
trained,i2c,0,58,315,4,True,315,4,True,15.0
trained,i2c,0,59,336,4,True,339,4,True,11.0
trained,i2c,0,60,345,4,True,345,4,True,11.0
trained,i2c,0,61,335,4,True,335,4,True,8.0
trained,i2c,0,62,327,4,True,331,4,True,11.0
trained,i2c,0,63,314,4,True,314,4,True,15.0
trained,i2c,0,64,340,4,True,340,4,True,5.0
trained,i2c,0,65,342,4,True,343,4,True,5.0
trained,i2c,0,66,326,4,True,326,4,True,7.0
trained,i2c,0,67,321,4,True,321,4,True,11.0
trained,i2c,0,68,329,4,True,329,4,True,12.0
trained,i2c,0,69,327,4,True,327,4,True,15.0
trained,i2c,0,70,326,4,True,326,4,True,15.0
trained,i2c,0,71,344,4,True,344,4,True,8.0
trained,i2c,0,72,324,4,True,324,4,True,11.0
trained,i2c,0,73,324,4,True,324,4,True,9.0
trained,i2c,0,74,314,4,True,314,4,True,15.0
trained,i2c,0,75,330,4,True,330,4,True,12.0
trained,i2c,0,76,335,4,True,335,4,True,8.0
trained,i2c,0,77,330,4,True,330,4,True,8.0
trained,i2c,0,78,331,4,True,331,4,True,9.0
trained,i2c,0,79,321,4,True,330,4,True,11.0
trained,i2c,0,80,321,4,True,323,4,True,11.0
trained,i2c,0,81,314,4,True,314,4,True,12.0
trained,i2c,0,82,325,4,True,325,4,True,15.0
trained,i2c,0,83,336,4,True,336,4,True,11.0
trained,i2c,0,84,333,4,True,335,4,True,11.0
trained,i2c,0,85,320,4,True,320,4,True,12.0
trained,i2c,0,86,327,4,True,329,4,True,8.0
trained,i2c,0,87,320,4,True,320,4,True,12.0
trained,i2c,0,88,340,4,True,340,4,True,12.0
trained,i2c,0,89,317,4,True,317,4,True,11.0
trained,i2c,0,90,324,4,True,324,4,True,6.0
trained,i2c,0,91,330,4,True,330,4,True,12.0
trained,i2c,0,92,329,4,True,329,4,True,15.0
trained,i2c,0,93,328,4,True,328,4,True,12.0
trained,i2c,0,94,335,4,True,335,4,True,12.0
trained,i2c,0,95,318,4,True,318,4,True,11.0
trained,i2c,0,96,328,4,True,332,4,True,8.0
trained,i2c,0,97,323,4,True,325,4,True,11.0
trained,i2c,0,98,325,4,True,325,4,True,15.0
trained,i2c,0,99,329,4,True,329,4,True,12.0
trained,i2c,0,100,342,4,True,343,4,True,11.0
trained,i2c,0,101,329,4,True,334,4,True,5.0
trained,i2c,0,102,333,4,True,338,4,True,8.0
trained,i2c,0,103,311,4,True,311,4,True,15.0
trained,i2c,0,104,331,4,True,335,4,True,11.0
trained,i2c,0,105,333,4,True,333,4,True,12.0
trained,i2c,0,106,331,4,True,331,4,True,8.0
trained,i2c,0,107,325,4,True,325,4,True,8.0
trained,i2c,0,108,323,4,True,323,4,True,12.0
trained,i2c,0,109,338,4,True,338,4,True,11.0
trained,i2c,0,110,323,4,True,323,4,True,12.0
trained,i2c,0,111,332,4,True,338,4,True,11.0
trained,i2c,0,112,344,4,True,347,4,True,7.0
trained,i2c,0,113,335,4,True,338,4,True,7.0
trained,i2c,0,114,325,4,True,325,4,True,7.0
trained,i2c,0,115,324,4,True,325,4,True,11.0
trained,i2c,0,116,326,4,True,326,4,True,11.0
trained,i2c,0,117,330,4,True,330,4,True,12.0
trained,i2c,0,118,323,4,True,323,4,True,15.0
trained,i2c,0,119,331,4,True,331,4,True,8.0
trained,i2c,0,120,319,4,True,323,4,True,11.0
trained,i2c,0,121,325,4,True,325,4,True,12.0
trained,i2c,0,122,323,4,True,325,4,True,11.0
trained,i2c,0,123,322,4,True,322,4,True,8.0
trained,i2c,0,124,316,4,True,316,4,True,8.0
trained,i2c,0,125,341,4,True,341,4,True,9.0
trained,i2c,0,126,321,4,True,321,4,True,11.0
trained,i2c,0,127,325,4,True,325,4,True,15.0
trained,i2c,0,128,331,4,True,331,4,True,12.0
trained,i2c,0,129,326,4,True,326,4,True,8.0
trained,i2c,0,130,321,4,True,321,4,True,12.0
trained,i2c,0,131,315,4,True,315,4,True,8.0
trained,i2c,0,132,326,4,True,327,4,True,8.0
trained,i2c,0,133,325,4,True,326,4,True,8.0
trained,i2c,0,134,320,4,True,323,4,True,11.0
trained,i2c,0,135,312,4,True,312,4,True,11.0
trained,i2c,0,136,335,4,True,335,4,True,11.0
trained,i2c,0,137,337,4,True,337,4,True,12.0
trained,i2c,0,138,338,4,True,338,4,True,9.0
trained,i2c,0,139,336,4,True,336,4,True,12.0
trained,i2c,0,140,320,4,True,323,4,True,4.0
trained,i2c,0,141,334,4,True,334,4,True,11.0
trained,i2c,0,142,330,4,True,330,4,True,7.0
trained,i2c,0,143,320,4,True,323,4,True,5.0
trained,i2c,0,144,319,4,True,319,4,True,8.0
trained,i2c,0,145,325,4,True,325,4,True,8.0
trained,i2c,0,146,322,4,True,327,4,True,7.0
trained,i2c,0,147,330,4,True,333,4,True,11.0
trained,i2c,0,148,329,4,True,329,4,True,7.0
trained,i2c,0,149,327,4,True,327,4,True,8.0
trained,i2c,0,150,335,4,True,335,4,True,6.0
trained,i2c,0,151,328,4,True,328,4,True,12.0
trained,i2c,0,152,334,4,True,334,4,True,12.0
trained,i2c,0,153,319,4,True,319,4,True,15.0
trained,i2c,0,154,330,4,True,330,4,True,11.0
trained,i2c,0,155,321,4,True,323,4,True,11.0
trained,i2c,0,156,328,4,True,331,4,True,7.0
trained,i2c,0,157,321,4,True,323,4,True,11.0
trained,i2c,0,158,321,4,True,321,4,True,15.0
trained,i2c,0,159,333,4,True,333,4,True,11.0
trained,i2c,0,160,332,4,True,332,4,True,11.0
trained,i2c,0,161,329,4,True,329,4,True,12.0
trained,i2c,0,162,330,4,True,330,4,True,12.0
trained,i2c,0,163,330,4,True,333,4,True,11.0
trained,i2c,0,164,316,4,True,316,4,True,15.0
trained,i2c,0,165,317,4,True,318,4,True,11.0
trained,i2c,0,166,325,4,True,325,4,True,12.0
trained,i2c,0,167,340,4,True,340,4,True,8.0
trained,i2c,0,168,324,4,True,333,4,True,7.0
trained,i2c,0,169,326,4,True,326,4,True,15.0
trained,i2c,0,170,333,4,True,333,4,True,9.0
trained,i2c,0,171,313,4,True,313,4,True,8.0
trained,i2c,0,172,319,4,True,319,4,True,15.0
trained,i2c,0,173,331,4,True,331,4,True,12.0
trained,i2c,0,174,316,4,True,316,4,True,12.0
trained,i2c,0,175,319,4,True,319,4,True,7.0
trained,i2c,0,176,327,4,True,327,4,True,15.0
trained,i2c,0,177,322,4,True,322,4,True,11.0
trained,i2c,0,178,326,4,True,326,4,True,11.0
trained,i2c,0,179,330,4,True,330,4,True,11.0
trained,i2c,0,180,319,4,True,319,4,True,15.0
trained,i2c,0,181,321,4,True,321,4,True,15.0
trained,i2c,0,182,329,4,True,333,4,True,8.0
trained,i2c,0,183,323,4,True,323,4,True,12.0
trained,i2c,0,184,319,4,True,320,4,True,11.0
trained,i2c,0,185,336,4,True,336,4,True,15.0
trained,i2c,0,186,321,4,True,321,4,True,12.0
trained,i2c,0,187,324,4,True,325,4,True,11.0
trained,i2c,0,188,316,4,True,316,4,True,8.0
trained,i2c,0,189,333,4,True,333,4,True,12.0
trained,i2c,0,190,315,4,True,315,4,True,11.0
trained,i2c,0,191,332,4,True,340,4,True,7.0
trained,i2c,0,192,326,4,True,328,4,True,8.0
trained,i2c,0,193,318,4,True,318,4,True,8.0
trained,i2c,0,194,338,4,True,338,4,True,8.0
trained,i2c,0,195,331,4,True,331,4,True,11.0
trained,i2c,0,196,329,4,True,329,4,True,11.0
trained,i2c,0,197,328,4,True,328,4,True,11.0
trained,i2c,0,198,338,4,True,338,4,True,12.0
trained,i2c,0,199,341,4,True,345,4,True,3.0
trained,i2c,0,200,322,4,True,325,4,True,7.0
trained,i2c,1,1,338,4,True,338,4,True,8.0
trained,i2c,1,2,344,4,True,347,4,True,11.0
trained,i2c,1,3,339,4,True,339,4,True,8.0
trained,i2c,1,4,326,4,True,327,4,True,5.0
trained,i2c,1,5,327,4,True,327,4,True,7.0
trained,i2c,1,6,331,4,True,333,4,True,11.0
trained,i2c,1,7,323,4,True,323,4,True,11.0
trained,i2c,1,8,323,4,True,323,4,True,9.0
trained,i2c,1,9,318,4,True,320,4,True,11.0
trained,i2c,1,10,321,4,True,321,4,True,11.0
trained,i2c,1,11,325,4,True,327,4,True,7.0
trained,i2c,1,12,332,4,True,332,4,True,11.0
trained,i2c,1,13,321,4,True,321,4,True,12.0
trained,i2c,1,14,337,4,True,337,4,True,8.0
trained,i2c,1,15,347,4,True,349,4,True,4.0
trained,i2c,1,16,349,4,True,349,4,True,6.0
trained,i2c,1,17,333,4,True,333,4,True,8.0
trained,i2c,1,18,337,4,True,337,4,True,5.0
trained,i2c,1,19,344,4,True,344,4,True,8.0
trained,i2c,1,20,364,4,True,366,4,True,5.0
trained,i2c,1,21,327,4,True,328,4,True,8.0
trained,i2c,1,22,327,4,True,327,4,True,9.0
trained,i2c,1,23,337,4,True,337,4,True,8.0
trained,i2c,1,24,322,4,True,323,4,True,11.0
trained,i2c,1,25,330,4,True,330,4,True,8.0
trained,i2c,1,26,322,4,True,322,4,True,12.0
trained,i2c,1,27,331,4,True,331,4,True,9.0
trained,i2c,1,28,340,4,True,340,4,True,7.0
trained,i2c,1,29,331,4,True,331,4,True,11.0
trained,i2c,1,30,332,4,True,336,4,True,7.0
trained,i2c,1,31,326,4,True,326,4,True,15.0
trained,i2c,1,32,327,4,True,328,4,True,8.0
trained,i2c,1,33,333,4,True,335,4,True,8.0
trained,i2c,1,34,324,4,True,324,4,True,12.0
trained,i2c,1,35,327,4,True,328,4,True,8.0
trained,i2c,1,36,339,4,True,339,4,True,11.0
trained,i2c,1,37,336,4,True,336,4,True,15.0
trained,i2c,1,38,326,4,True,326,4,True,9.0
trained,i2c,1,39,336,4,True,336,4,True,15.0
trained,i2c,1,40,327,4,True,327,4,True,12.0
trained,i2c,1,41,330,4,True,330,4,True,15.0
trained,i2c,1,42,319,4,True,321,4,True,11.0
trained,i2c,1,43,337,4,True,342,4,True,11.0
trained,i2c,1,44,342,4,True,342,4,True,8.0
trained,i2c,1,45,328,4,True,328,4,True,15.0
trained,i2c,1,46,330,4,True,333,4,True,11.0
trained,i2c,1,47,320,4,True,323,4,True,7.0
trained,i2c,1,48,333,4,True,333,4,True,12.0
trained,i2c,1,49,324,4,True,324,4,True,9.0
trained,i2c,1,50,324,4,True,324,4,True,9.0
trained,i2c,1,51,323,4,True,323,4,True,8.0
trained,i2c,1,52,323,4,True,323,4,True,9.0
trained,i2c,1,53,325,4,True,334,4,True,7.0
trained,i2c,1,54,337,4,True,338,4,True,11.0
trained,i2c,1,55,349,4,True,349,4,True,9.0
trained,i2c,1,56,331,4,True,331,4,True,15.0
trained,i2c,1,57,330,4,True,330,4,True,15.0
trained,i2c,1,58,322,4,True,322,4,True,15.0
trained,i2c,1,59,330,4,True,333,4,True,7.0
trained,i2c,1,60,334,4,True,334,4,True,11.0
trained,i2c,1,61,321,4,True,321,4,True,12.0
trained,i2c,1,62,342,4,True,342,4,True,6.0
trained,i2c,1,63,328,4,True,332,4,True,5.0
trained,i2c,1,64,330,4,True,330,4,True,11.0
trained,i2c,1,65,337,4,True,337,4,True,5.0
trained,i2c,1,66,326,4,True,327,4,True,8.0
trained,i2c,1,67,327,4,True,330,4,True,8.0
trained,i2c,1,68,321,4,True,330,4,True,11.0
trained,i2c,1,69,321,4,True,321,4,True,12.0
trained,i2c,1,70,329,4,True,338,4,True,7.0
trained,i2c,1,71,329,4,True,334,4,True,4.0
trained,i2c,1,72,331,4,True,331,4,True,12.0
trained,i2c,1,73,324,4,True,324,4,True,11.0
trained,i2c,1,74,336,4,True,336,4,True,8.0
trained,i2c,1,75,331,4,True,335,4,True,11.0
trained,i2c,1,76,343,4,True,343,4,True,8.0
trained,i2c,1,77,336,4,True,338,4,True,4.0
trained,i2c,1,78,332,4,True,332,4,True,12.0
trained,i2c,1,79,338,4,True,338,4,True,12.0
trained,i2c,1,80,322,4,True,322,4,True,12.0
trained,i2c,1,81,344,4,True,344,4,True,12.0
trained,i2c,1,82,329,4,True,329,4,True,15.0
trained,i2c,1,83,327,4,True,327,4,True,12.0
trained,i2c,1,84,336,4,True,336,4,True,4.0
trained,i2c,1,85,348,4,True,348,4,True,9.0
trained,i2c,1,86,327,4,True,330,4,True,8.0
trained,i2c,1,87,343,4,True,344,4,True,11.0
trained,i2c,1,88,338,4,True,339,4,True,8.0
trained,i2c,1,89,348,4,True,348,4,True,12.0
trained,i2c,1,90,330,4,True,331,4,True,11.0
trained,i2c,1,91,328,4,True,331,4,True,7.0
trained,i2c,1,92,324,4,True,324,4,True,8.0
trained,i2c,1,93,328,4,True,335,4,True,5.0
trained,i2c,1,94,355,4,True,355,4,True,11.0
trained,i2c,1,95,326,4,True,326,4,True,8.0
trained,i2c,1,96,325,4,True,325,4,True,9.0
trained,i2c,1,97,326,4,True,331,4,True,8.0
trained,i2c,1,98,321,4,True,321,4,True,7.0
trained,i2c,1,99,328,4,True,328,4,True,15.0
trained,i2c,1,100,329,4,True,333,4,True,7.0
trained,i2c,1,101,323,4,True,323,4,True,11.0
trained,i2c,1,102,338,4,True,338,4,True,12.0
trained,i2c,1,103,336,4,True,336,4,True,15.0
trained,i2c,1,104,330,4,True,330,4,True,11.0
trained,i2c,1,105,329,4,True,333,4,True,7.0
trained,i2c,1,106,330,4,True,333,4,True,11.0
trained,i2c,1,107,338,4,True,338,4,True,12.0
trained,i2c,1,108,331,4,True,331,4,True,11.0
trained,i2c,1,109,354,4,True,354,4,True,8.0
trained,i2c,1,110,342,4,True,343,4,True,5.0
trained,i2c,1,111,322,4,True,328,4,True,7.0
trained,i2c,1,112,336,4,True,338,4,True,7.0
trained,i2c,1,113,330,4,True,330,4,True,11.0
trained,i2c,1,114,326,4,True,326,4,True,9.0
trained,i2c,1,115,352,4,True,353,4,True,4.0
trained,i2c,1,116,338,4,True,338,4,True,9.0
trained,i2c,1,117,335,4,True,335,4,True,8.0
trained,i2c,1,118,336,4,True,342,4,True,11.0
trained,i2c,1,119,328,4,True,328,4,True,9.0
trained,i2c,1,120,328,4,True,328,4,True,11.0
trained,i2c,1,121,332,4,True,332,4,True,8.0
trained,i2c,1,122,325,4,True,325,4,True,8.0
trained,i2c,1,123,331,4,True,331,4,True,8.0
trained,i2c,1,124,336,4,True,340,4,True,8.0
trained,i2c,1,125,320,4,True,320,4,True,12.0
trained,i2c,1,126,328,4,True,330,4,True,5.0
trained,i2c,1,127,333,4,True,333,4,True,11.0
trained,i2c,1,128,337,4,True,358,3,True,7.0
trained,i2c,1,129,330,4,True,330,4,True,12.0
trained,i2c,1,130,335,4,True,335,4,True,8.0
trained,i2c,1,131,341,4,True,341,4,True,9.0
trained,i2c,1,132,333,4,True,334,4,True,8.0
trained,i2c,1,133,333,4,True,333,4,True,11.0
trained,i2c,1,134,327,4,True,327,4,True,8.0
trained,i2c,1,135,333,4,True,333,4,True,8.0
trained,i2c,1,136,348,4,True,349,4,True,8.0
trained,i2c,1,137,330,4,True,330,4,True,11.0
trained,i2c,1,138,326,4,True,327,4,True,5.0
trained,i2c,1,139,326,4,True,326,4,True,11.0
trained,i2c,1,140,321,4,True,321,4,True,11.0
trained,i2c,1,141,344,4,True,344,4,True,11.0
trained,i2c,1,142,333,4,True,333,4,True,7.0
trained,i2c,1,143,327,4,True,327,4,True,8.0
trained,i2c,1,144,329,4,True,335,4,True,11.0
trained,i2c,1,145,336,4,True,336,4,True,8.0
trained,i2c,1,146,353,4,True,356,4,True,5.0
trained,i2c,1,147,329,4,True,329,4,True,8.0
trained,i2c,1,148,333,4,True,333,4,True,7.0
trained,i2c,1,149,325,4,True,325,4,True,12.0
trained,i2c,1,150,321,4,True,321,4,True,12.0
trained,i2c,1,151,329,4,True,329,4,True,8.0
trained,i2c,1,152,326,4,True,326,4,True,9.0
trained,i2c,1,153,323,4,True,323,4,True,12.0
trained,i2c,1,154,319,4,True,320,4,True,11.0
trained,i2c,1,155,327,4,True,327,4,True,8.0
trained,i2c,1,156,324,4,True,324,4,True,11.0
trained,i2c,1,157,337,4,True,337,4,True,12.0
trained,i2c,1,158,335,4,True,337,4,True,7.0
trained,i2c,1,159,342,4,True,342,4,True,11.0
trained,i2c,1,160,326,4,True,326,4,True,8.0
trained,i2c,1,161,327,4,True,327,4,True,12.0
trained,i2c,1,162,328,4,True,328,4,True,15.0
trained,i2c,1,163,347,4,True,347,4,True,8.0
trained,i2c,1,164,326,4,True,332,4,True,4.0
trained,i2c,1,165,328,4,True,328,4,True,8.0
trained,i2c,1,166,327,4,True,327,4,True,15.0
trained,i2c,1,167,326,4,True,326,4,True,15.0
trained,i2c,1,168,325,4,True,325,4,True,12.0
trained,i2c,1,169,351,4,True,351,4,True,8.0
trained,i2c,1,170,330,4,True,330,4,True,15.0
trained,i2c,1,171,335,4,True,335,4,True,8.0
trained,i2c,1,172,336,4,True,336,4,True,7.0
trained,i2c,1,173,324,4,True,324,4,True,9.0
trained,i2c,1,174,348,4,True,354,4,True,7.0
trained,i2c,1,175,352,4,True,352,4,True,7.0
trained,i2c,1,176,321,4,True,321,4,True,11.0
trained,i2c,1,177,326,4,True,328,4,True,5.0
trained,i2c,1,178,343,4,True,343,4,True,8.0
trained,i2c,1,179,331,4,True,331,4,True,11.0
trained,i2c,1,180,327,4,True,327,4,True,15.0
trained,i2c,1,181,320,4,True,322,4,True,11.0
trained,i2c,1,182,337,4,True,337,4,True,5.0
trained,i2c,1,183,335,4,True,336,4,True,7.0
trained,i2c,1,184,336,4,True,336,4,True,11.0
trained,i2c,1,185,333,4,True,333,4,True,9.0
trained,i2c,1,186,318,4,True,318,4,True,7.0
trained,i2c,1,187,336,4,True,336,4,True,12.0
trained,i2c,1,188,336,4,True,337,4,True,8.0
trained,i2c,1,189,329,4,True,334,4,True,4.0
trained,i2c,1,190,324,4,True,324,4,True,15.0
trained,i2c,1,191,328,4,True,328,4,True,12.0
trained,i2c,1,192,326,4,True,326,4,True,6.0
trained,i2c,1,193,328,4,True,329,4,True,11.0
trained,i2c,1,194,341,4,True,341,4,True,9.0
trained,i2c,1,195,321,4,True,321,4,True,9.0
trained,i2c,1,196,317,4,True,319,4,True,11.0
trained,i2c,1,197,330,4,True,330,4,True,11.0
trained,i2c,1,198,325,4,True,326,4,True,8.0
trained,i2c,1,199,320,4,True,320,4,True,12.0
trained,i2c,1,200,329,4,True,330,4,True,7.0
trained,i2c,2,1,331,4,True,331,4,True,8.0
trained,i2c,2,2,324,4,True,326,4,True,7.0
trained,i2c,2,3,331,4,True,331,4,True,11.0
trained,i2c,2,4,336,4,True,336,4,True,9.0
trained,i2c,2,5,352,4,True,353,4,True,8.0
trained,i2c,2,6,326,4,True,326,4,True,15.0
trained,i2c,2,7,337,4,True,338,4,True,7.0
trained,i2c,2,8,331,4,True,332,4,True,7.0
trained,i2c,2,9,322,4,True,326,4,True,7.0
trained,i2c,2,10,318,4,True,324,4,True,4.0
trained,i2c,2,11,326,4,True,326,4,True,11.0
trained,i2c,2,12,330,4,True,330,4,True,15.0
trained,i2c,2,13,333,4,True,333,4,True,15.0
trained,i2c,2,14,323,4,True,323,4,True,15.0
trained,i2c,2,15,332,4,True,332,4,True,8.0
trained,i2c,2,16,327,4,True,328,4,True,8.0
trained,i2c,2,17,322,4,True,325,4,True,11.0
trained,i2c,2,18,325,4,True,325,4,True,15.0
trained,i2c,2,19,349,4,True,357,4,True,7.0
trained,i2c,2,20,316,4,True,316,4,True,12.0
trained,i2c,2,21,326,4,True,326,4,True,9.0
trained,i2c,2,22,340,4,True,340,4,True,12.0
trained,i2c,2,23,325,4,True,325,4,True,15.0
trained,i2c,2,24,326,4,True,326,4,True,6.0
trained,i2c,2,25,330,4,True,330,4,True,11.0
trained,i2c,2,26,325,4,True,325,4,True,15.0
trained,i2c,2,27,337,4,True,337,4,True,5.0
trained,i2c,2,28,327,4,True,327,4,True,9.0
trained,i2c,2,29,334,4,True,334,4,True,12.0
trained,i2c,2,30,322,4,True,322,4,True,12.0
trained,i2c,2,31,331,4,True,331,4,True,11.0
trained,i2c,2,32,333,4,True,333,4,True,11.0
trained,i2c,2,33,331,4,True,331,4,True,12.0
trained,i2c,2,34,349,4,True,354,4,True,5.0
trained,i2c,2,35,335,4,True,335,4,True,6.0
trained,i2c,2,36,320,4,True,322,4,True,4.0
trained,i2c,2,37,332,4,True,332,4,True,11.0
trained,i2c,2,38,339,4,True,341,4,True,8.0
trained,i2c,2,39,329,4,True,333,4,True,7.0
trained,i2c,2,40,333,4,True,333,4,True,7.0
trained,i2c,2,41,326,4,True,326,4,True,15.0
trained,i2c,2,42,324,4,True,324,4,True,8.0
trained,i2c,2,43,342,4,True,342,4,True,9.0
trained,i2c,2,44,325,4,True,325,4,True,11.0
trained,i2c,2,45,321,4,True,321,4,True,15.0
trained,i2c,2,46,326,4,True,326,4,True,15.0
trained,i2c,2,47,320,4,True,321,4,True,5.0
trained,i2c,2,48,320,4,True,322,4,True,11.0
trained,i2c,2,49,326,4,True,326,4,True,9.0
trained,i2c,2,50,352,4,True,352,4,True,8.0
trained,i2c,2,51,336,4,True,336,4,True,9.0
trained,i2c,2,52,337,4,True,337,4,True,11.0
trained,i2c,2,53,333,4,True,333,4,True,11.0
trained,i2c,2,54,314,4,True,314,4,True,11.0
trained,i2c,2,55,335,4,True,335,4,True,9.0
trained,i2c,2,56,325,4,True,325,4,True,11.0
trained,i2c,2,57,335,4,True,335,4,True,5.0
trained,i2c,2,58,324,4,True,324,4,True,15.0
trained,i2c,2,59,349,4,True,351,4,True,7.0
trained,i2c,2,60,337,4,True,337,4,True,11.0
trained,i2c,2,61,325,4,True,325,4,True,15.0
trained,i2c,2,62,321,4,True,322,4,True,8.0
trained,i2c,2,63,326,4,True,327,4,True,8.0
trained,i2c,2,64,335,4,True,339,4,True,4.0
trained,i2c,2,65,331,4,True,331,4,True,15.0
trained,i2c,2,66,336,4,True,336,4,True,12.0
trained,i2c,2,67,324,4,True,324,4,True,11.0
trained,i2c,2,68,340,4,True,340,4,True,8.0
trained,i2c,2,69,342,4,True,342,4,True,8.0
trained,i2c,2,70,330,4,True,330,4,True,15.0
trained,i2c,2,71,336,4,True,336,4,True,8.0
trained,i2c,2,72,335,4,True,344,4,True,11.0
trained,i2c,2,73,329,4,True,333,4,True,7.0
trained,i2c,2,74,328,4,True,328,4,True,15.0
trained,i2c,2,75,318,4,True,318,4,True,11.0
trained,i2c,2,76,342,4,True,342,4,True,6.0
trained,i2c,2,77,331,4,True,331,4,True,15.0
trained,i2c,2,78,335,4,True,335,4,True,5.0
trained,i2c,2,79,327,4,True,327,4,True,8.0
trained,i2c,2,80,315,4,True,315,4,True,11.0
trained,i2c,2,81,327,4,True,327,4,True,15.0
trained,i2c,2,82,324,4,True,324,4,True,15.0
trained,i2c,2,83,325,4,True,326,4,True,11.0
trained,i2c,2,84,331,4,True,332,4,True,8.0
trained,i2c,2,85,326,4,True,326,4,True,11.0
trained,i2c,2,86,348,4,True,348,4,True,12.0
trained,i2c,2,87,326,4,True,326,4,True,12.0
trained,i2c,2,88,323,4,True,327,4,True,11.0
trained,i2c,2,89,328,4,True,328,4,True,11.0
trained,i2c,2,90,321,4,True,321,4,True,15.0
trained,i2c,2,91,326,4,True,332,4,True,4.0
trained,i2c,2,92,321,4,True,321,4,True,11.0
trained,i2c,2,93,314,4,True,314,4,True,11.0
trained,i2c,2,94,333,4,True,334,4,True,11.0
trained,i2c,2,95,330,4,True,330,4,True,15.0
trained,i2c,2,96,332,4,True,332,4,True,8.0
trained,i2c,2,97,330,4,True,330,4,True,11.0
trained,i2c,2,98,314,4,True,314,4,True,11.0
trained,i2c,2,99,320,4,True,325,4,True,5.0
trained,i2c,2,100,329,4,True,337,4,True,4.0
trained,i2c,2,101,321,4,True,321,4,True,9.0
trained,i2c,2,102,337,4,True,337,4,True,9.0
trained,i2c,2,103,329,4,True,329,4,True,15.0
trained,i2c,2,104,323,4,True,323,4,True,11.0
trained,i2c,2,105,322,4,True,326,4,True,7.0
trained,i2c,2,106,338,4,True,339,4,True,11.0
trained,i2c,2,107,322,4,True,322,4,True,11.0
trained,i2c,2,108,328,4,True,328,4,True,5.0
trained,i2c,2,109,324,4,True,324,4,True,15.0
trained,i2c,2,110,341,4,True,341,4,True,8.0
trained,i2c,2,111,321,4,True,321,4,True,12.0
trained,i2c,2,112,318,4,True,319,4,True,8.0
trained,i2c,2,113,325,4,True,325,4,True,8.0
trained,i2c,2,114,326,4,True,328,4,True,5.0
trained,i2c,2,115,333,4,True,334,4,True,8.0
trained,i2c,2,116,323,4,True,324,4,True,11.0
trained,i2c,2,117,326,4,True,326,4,True,12.0
trained,i2c,2,118,327,4,True,327,4,True,11.0
trained,i2c,2,119,323,4,True,327,4,True,11.0
trained,i2c,2,120,310,4,True,310,4,True,11.0
trained,i2c,2,121,325,4,True,326,4,True,8.0
trained,i2c,2,122,333,4,True,333,4,True,8.0
trained,i2c,2,123,319,4,True,320,4,True,7.0
trained,i2c,2,124,319,4,True,324,4,True,11.0
trained,i2c,2,125,325,4,True,328,4,True,7.0
trained,i2c,2,126,322,4,True,322,4,True,11.0
trained,i2c,2,127,328,4,True,328,4,True,15.0
trained,i2c,2,128,325,4,True,328,4,True,7.0
trained,i2c,2,129,337,4,True,337,4,True,7.0
trained,i2c,2,130,325,4,True,326,4,True,8.0
trained,i2c,2,131,328,4,True,333,4,True,8.0
trained,i2c,2,132,320,4,True,320,4,True,11.0
trained,i2c,2,133,322,4,True,325,4,True,7.0
trained,i2c,2,134,321,4,True,322,4,True,11.0
trained,i2c,2,135,326,4,True,326,4,True,12.0
trained,i2c,2,136,321,4,True,321,4,True,12.0
trained,i2c,2,137,331,4,True,331,4,True,11.0
trained,i2c,2,138,335,4,True,335,4,True,15.0
trained,i2c,2,139,327,4,True,327,4,True,15.0
trained,i2c,2,140,324,4,True,324,4,True,6.0
trained,i2c,2,141,314,4,True,314,4,True,15.0
trained,i2c,2,142,338,4,True,338,4,True,8.0
trained,i2c,2,143,334,4,True,334,4,True,11.0
trained,i2c,2,144,335,4,True,335,4,True,12.0
trained,i2c,2,145,322,4,True,322,4,True,12.0
trained,i2c,2,146,335,4,True,335,4,True,11.0
trained,i2c,2,147,324,4,True,324,4,True,8.0
trained,i2c,2,148,323,4,True,323,4,True,11.0
trained,i2c,2,149,329,4,True,329,4,True,11.0
trained,i2c,2,150,327,4,True,327,4,True,15.0
trained,i2c,2,151,324,4,True,324,4,True,12.0
trained,i2c,2,152,341,4,True,343,4,True,11.0
trained,i2c,2,153,329,4,True,331,4,True,7.0
trained,i2c,2,154,322,4,True,322,4,True,5.0
trained,i2c,2,155,316,4,True,316,4,True,15.0
trained,i2c,2,156,329,4,True,329,4,True,15.0
trained,i2c,2,157,330,4,True,330,4,True,15.0
trained,i2c,2,158,322,4,True,322,4,True,11.0
trained,i2c,2,159,324,4,True,324,4,True,12.0
trained,i2c,2,160,322,4,True,322,4,True,11.0
trained,i2c,2,161,326,4,True,327,4,True,8.0
trained,i2c,2,162,320,4,True,320,4,True,11.0
trained,i2c,2,163,339,4,True,340,4,True,11.0
trained,i2c,2,164,326,4,True,326,4,True,8.0
trained,i2c,2,165,334,4,True,334,4,True,11.0
trained,i2c,2,166,327,4,True,327,4,True,8.0
trained,i2c,2,167,321,4,True,321,4,True,15.0
trained,i2c,2,168,324,4,True,324,4,True,8.0
trained,i2c,2,169,320,4,True,320,4,True,12.0
trained,i2c,2,170,323,4,True,323,4,True,11.0
trained,i2c,2,171,330,4,True,330,4,True,12.0
trained,i2c,2,172,322,4,True,322,4,True,8.0
trained,i2c,2,173,327,4,True,327,4,True,8.0
trained,i2c,2,174,318,4,True,318,4,True,8.0
trained,i2c,2,175,322,4,True,323,4,True,11.0
trained,i2c,2,176,334,4,True,334,4,True,15.0
trained,i2c,2,177,317,4,True,317,4,True,11.0
trained,i2c,2,178,341,4,True,341,4,True,8.0
trained,i2c,2,179,325,4,True,325,4,True,12.0
trained,i2c,2,180,335,4,True,335,4,True,11.0
trained,i2c,2,181,332,4,True,332,4,True,7.0
trained,i2c,2,182,326,4,True,327,4,True,11.0
trained,i2c,2,183,327,4,True,327,4,True,15.0
trained,i2c,2,184,326,4,True,329,4,True,4.0
trained,i2c,2,185,330,4,True,330,4,True,11.0
trained,i2c,2,186,325,4,True,325,4,True,11.0
trained,i2c,2,187,336,4,True,342,4,True,11.0
trained,i2c,2,188,333,4,True,339,4,True,11.0
trained,i2c,2,189,332,4,True,342,4,True,7.0
trained,i2c,2,190,351,4,True,351,4,True,7.0
trained,i2c,2,191,325,4,True,325,4,True,12.0
trained,i2c,2,192,329,4,True,332,4,True,7.0
trained,i2c,2,193,329,4,True,329,4,True,11.0
trained,i2c,2,194,328,4,True,331,4,True,7.0
trained,i2c,2,195,332,4,True,332,4,True,12.0
trained,i2c,2,196,331,4,True,331,4,True,11.0
trained,i2c,2,197,338,4,True,338,4,True,8.0
trained,i2c,2,198,343,4,True,343,4,True,5.0
trained,i2c,2,199,329,4,True,329,4,True,15.0
trained,i2c,2,200,312,4,True,312,4,True,11.0
trained,max,0,1,782,42,False,779,43,False,3.0
trained,max,0,2,782,42,False,782,42,False,4.0
trained,max,0,3,842,56,False,842,56,False,0.0
trained,max,0,4,826,46,False,826,46,False,5.0
trained,max,0,5,791,42,False,791,42,False,6.0
trained,max,0,6,842,56,False,842,56,False,0.0
trained,max,0,7,797,41,True,797,41,True,3.0
trained,max,0,8,769,44,False,784,45,False,0.0
trained,max,0,9,827,46,False,827,46,False,5.0
trained,max,0,10,800,49,False,800,49,False,0.0
trained,max,0,11,842,56,False,842,57,False,-1.0
trained,max,0,12,792,50,False,794,50,False,0.0
trained,max,0,13,842,56,False,842,57,False,-1.0
trained,max,0,14,769,44,False,769,44,False,3.0
trained,max,0,15,769,44,False,769,44,False,3.0
trained,max,0,16,769,44,False,769,44,False,3.0
trained,max,0,17,769,44,False,784,45,False,0.0
trained,max,0,18,791,42,False,791,42,False,6.0
trained,max,0,19,826,46,False,828,46,False,5.0
trained,max,0,20,790,41,True,790,41,True,1.0
trained,max,0,21,791,42,False,791,42,False,6.0
trained,max,0,22,769,44,False,784,45,False,0.0
trained,max,0,23,822,44,False,822,44,False,1.0
trained,max,0,24,827,46,False,827,46,False,5.0
trained,max,0,25,772,45,False,772,45,False,2.0
trained,max,0,26,769,44,False,769,44,False,3.0
trained,max,0,27,800,49,False,800,49,False,0.0
trained,max,0,28,842,56,False,842,56,False,0.0
trained,max,0,29,786,42,False,792,42,False,-3.0
trained,max,0,30,828,46,False,842,47,False,0.0
trained,max,0,31,769,44,False,769,44,False,3.0
trained,max,0,32,769,44,False,784,45,False,0.0
trained,max,0,33,779,43,False,769,44,False,2.0
trained,max,0,34,791,42,False,791,42,False,6.0
trained,max,0,35,842,56,False,842,56,False,0.0
trained,max,0,36,791,42,False,802,42,False,8.0
trained,max,0,37,768,43,False,768,43,False,0.0
trained,max,0,38,842,56,False,842,56,False,0.0
trained,max,0,39,782,42,False,782,42,False,4.0
trained,max,0,40,782,42,False,782,42,False,4.0
trained,max,0,41,769,44,False,788,45,False,0.0
trained,max,0,42,782,42,False,792,43,False,1.0
trained,max,0,43,769,44,False,784,45,False,0.0
trained,max,0,44,791,42,False,791,42,False,6.0
trained,max,0,45,842,56,False,849,57,False,-3.0
trained,max,0,46,812,49,False,812,49,False,2.0
trained,max,0,47,791,42,False,791,42,False,6.0
trained,max,0,48,768,43,False,768,43,False,0.0
trained,max,0,49,781,41,True,781,41,True,5.0
trained,max,0,50,827,46,False,838,47,False,2.0
trained,max,0,51,792,41,True,792,41,True,1.0
trained,max,0,52,842,56,False,838,57,False,-1.0
trained,max,0,53,782,42,False,796,43,False,1.0
trained,max,0,54,842,56,False,838,57,False,-1.0
trained,max,0,55,764,42,False,764,42,False,3.0
trained,max,0,56,812,49,False,812,49,False,2.0
trained,max,0,57,782,42,False,788,44,False,0.0
trained,max,0,58,842,56,False,838,57,False,-1.0
trained,max,0,59,782,42,False,791,42,False,2.0
trained,max,0,60,826,46,False,828,46,False,5.0
trained,max,0,61,826,46,False,826,46,False,5.0
trained,max,0,62,767,42,False,767,42,False,3.0
trained,max,0,63,842,56,False,834,57,False,1.0
trained,max,0,64,828,46,False,828,46,False,3.0
trained,max,0,65,842,56,False,842,56,False,0.0
trained,max,0,66,768,44,False,768,44,False,5.0
trained,max,0,67,768,44,False,786,45,False,2.0
trained,max,0,68,826,46,False,826,46,False,7.0
trained,max,0,69,842,56,False,842,57,False,-1.0
trained,max,0,70,791,42,False,791,42,False,6.0
trained,max,0,71,826,46,False,826,46,False,7.0
trained,max,0,72,768,44,False,769,44,False,3.0
trained,max,0,73,782,42,False,782,42,False,4.0
trained,max,0,74,769,42,False,769,42,False,2.0
trained,max,0,75,782,42,False,791,42,False,2.0
trained,max,0,76,768,44,False,768,44,False,5.0
trained,max,0,77,828,46,False,842,47,False,0.0
trained,max,0,78,768,44,False,786,45,False,2.0
trained,max,0,79,782,42,False,791,42,False,2.0
trained,max,0,80,769,44,False,767,46,False,-1.0
trained,max,0,81,821,51,False,821,51,False,2.0
trained,max,0,82,826,46,False,826,46,False,5.0
trained,max,0,83,826,46,False,826,46,False,7.0
trained,max,0,84,779,43,False,779,43,False,3.0
trained,max,0,85,842,56,False,842,56,False,0.0
trained,max,0,86,769,44,False,784,45,False,0.0
trained,max,0,87,828,46,False,828,46,False,3.0
trained,max,0,88,791,42,False,794,42,False,4.0
trained,max,0,89,767,43,False,782,43,False,0.0
trained,max,0,90,842,56,False,842,56,False,0.0
trained,max,0,91,769,44,False,784,45,False,0.0
trained,max,0,92,768,44,False,768,44,False,5.0
trained,max,0,93,790,42,False,792,42,False,1.0
trained,max,0,94,769,44,False,769,44,False,3.0
trained,max,0,95,790,42,False,775,43,False,2.0
trained,max,0,96,782,42,False,782,42,False,6.0
trained,max,0,97,769,42,False,769,42,False,2.0
trained,max,0,98,842,56,False,838,57,False,-1.0
trained,max,0,99,791,42,False,802,42,False,4.0
trained,max,0,100,782,42,False,782,42,False,4.0
trained,max,0,101,792,41,True,792,41,True,0.0
trained,max,0,102,782,42,False,778,43,False,3.0
trained,max,0,103,812,49,False,812,49,False,2.0
trained,max,0,104,767,42,False,767,42,False,4.0
trained,max,0,105,768,44,False,768,44,False,5.0
trained,max,0,106,769,44,False,769,44,False,3.0
trained,max,0,107,842,56,False,849,57,False,-3.0
trained,max,0,108,778,43,False,778,43,False,5.0
trained,max,0,109,827,46,False,827,46,False,5.0
trained,max,0,110,767,43,False,783,43,False,-2.0
trained,max,0,111,768,44,False,769,44,False,3.0
trained,max,0,112,828,46,False,840,47,False,-2.0
trained,max,0,113,776,42,False,776,42,False,4.0
trained,max,0,114,791,42,False,791,42,False,6.0
trained,max,0,115,767,43,False,782,43,False,1.0
trained,max,0,116,791,42,False,791,42,False,6.0
trained,max,0,117,842,56,False,842,56,False,0.0
trained,max,0,118,790,42,False,790,42,False,3.0
trained,max,0,119,828,46,False,828,46,False,3.0
trained,max,0,120,767,43,False,767,43,False,0.0
trained,max,0,121,782,42,False,791,42,False,2.0
trained,max,0,122,771,42,False,771,42,False,2.0
trained,max,0,123,768,44,False,768,44,False,5.0
trained,max,0,124,827,46,False,827,46,False,5.0
trained,max,0,125,842,56,False,842,56,False,0.0
trained,max,0,126,769,44,False,769,44,False,3.0
trained,max,0,127,784,41,True,784,41,True,2.0
trained,max,0,128,769,44,False,769,44,False,3.0
trained,max,0,129,782,42,False,782,42,False,6.0
trained,max,0,130,782,42,False,782,42,False,4.0
trained,max,0,131,769,44,False,784,45,False,0.0
trained,max,0,132,768,44,False,768,44,False,5.0
trained,max,0,133,782,42,False,791,42,False,2.0
trained,max,0,134,791,42,False,791,42,False,8.0
trained,max,0,135,842,56,False,849,57,False,-3.0
trained,max,0,136,782,42,False,794,42,False,0.0
trained,max,0,137,793,42,False,793,42,False,8.0
trained,max,0,138,779,46,False,779,46,False,2.0
trained,max,0,139,791,42,False,791,42,False,6.0
trained,max,0,140,769,44,False,784,45,False,0.0
trained,max,0,141,782,42,False,791,42,False,2.0
trained,max,0,142,782,42,False,791,42,False,4.0
trained,max,0,143,842,56,False,842,57,False,-1.0
trained,max,0,144,767,42,False,767,42,False,3.0
trained,max,0,145,842,56,False,849,57,False,-3.0
trained,max,0,146,791,42,False,791,42,False,6.0
trained,max,0,147,768,44,False,768,44,False,5.0
trained,max,0,148,791,42,False,791,42,False,6.0
trained,max,0,149,768,44,False,768,44,False,5.0
trained,max,0,150,842,56,False,842,56,False,0.0
trained,max,0,151,767,43,False,767,43,False,3.0
trained,max,0,152,782,42,False,791,42,False,2.0
trained,max,0,153,779,43,False,779,43,False,3.0
trained,max,0,154,828,46,False,823,48,False,-3.0
trained,max,0,155,842,56,False,842,56,False,0.0
trained,max,0,156,768,44,False,769,44,False,3.0
trained,max,0,157,768,43,False,768,43,False,0.0
trained,max,0,158,769,44,False,773,46,False,-1.0
trained,max,0,159,791,42,False,794,42,False,6.0
trained,max,0,160,767,42,False,778,42,False,-1.0
trained,max,0,161,769,44,False,769,44,False,3.0
trained,max,0,162,782,42,False,791,42,False,2.0
trained,max,0,163,769,44,False,784,45,False,0.0
trained,max,0,164,766,43,False,766,43,False,3.0
trained,max,0,165,782,42,False,782,42,False,4.0
trained,max,0,166,842,56,False,842,56,False,0.0
trained,max,0,167,782,42,False,782,42,False,4.0
trained,max,0,168,782,42,False,799,42,False,2.0
trained,max,0,169,771,42,False,771,42,False,2.0
trained,max,0,170,800,49,False,818,49,False,-2.0
trained,max,0,171,769,44,False,769,44,False,3.0
trained,max,0,172,793,42,False,793,42,False,8.0
trained,max,0,173,768,44,False,786,45,False,2.0
trained,max,0,174,801,49,False,801,49,False,0.0
trained,max,0,175,768,43,False,772,43,False,-2.0
trained,max,0,176,791,42,False,791,42,False,6.0
trained,max,0,177,791,42,False,791,42,False,6.0
trained,max,0,178,791,42,False,803,42,False,6.0
trained,max,0,179,782,42,False,789,42,False,2.0
trained,max,0,180,769,44,False,784,45,False,0.0
trained,max,0,181,767,42,False,767,42,False,8.0
trained,max,0,182,782,42,False,794,42,False,0.0
trained,max,0,183,842,56,False,849,57,False,-3.0
trained,max,0,184,828,46,False,842,47,False,0.0
trained,max,0,185,781,41,True,797,41,True,1.0
trained,max,0,186,842,56,False,838,57,False,-1.0
trained,max,0,187,769,44,False,788,45,False,0.0
trained,max,0,188,768,43,False,768,43,False,0.0
trained,max,0,189,782,42,False,782,42,False,4.0
trained,max,0,190,767,42,False,768,42,False,1.0
trained,max,0,191,782,42,False,791,42,False,4.0
trained,max,0,192,842,56,False,842,56,False,0.0
trained,max,0,193,767,43,False,771,43,False,0.0
trained,max,0,194,782,42,False,782,42,False,4.0
trained,max,0,195,791,42,False,791,42,False,6.0
trained,max,0,196,791,42,False,791,42,False,6.0
trained,max,0,197,826,46,False,811,47,False,4.0
trained,max,0,198,782,42,False,791,42,False,2.0
trained,max,0,199,793,42,False,793,42,False,8.0
trained,max,0,200,768,43,False,768,43,False,0.0
trained,max,1,1,842,56,False,842,56,False,0.0
trained,max,1,2,791,42,False,791,42,False,6.0
trained,max,1,3,828,46,False,828,46,False,3.0
trained,max,1,4,769,42,False,769,42,False,2.0
trained,max,1,5,768,44,False,786,45,False,2.0
trained,max,1,6,769,44,False,769,44,False,3.0
trained,max,1,7,782,42,False,782,42,False,4.0
trained,max,1,8,842,56,False,842,57,False,-1.0
trained,max,1,9,790,42,False,790,42,False,3.0
trained,max,1,10,768,43,False,779,43,False,0.0
trained,max,1,11,842,56,False,842,57,False,-1.0
trained,max,1,12,826,46,False,826,46,False,5.0
trained,max,1,13,800,49,False,816,49,False,-2.0
trained,max,1,14,828,46,False,828,46,False,3.0
trained,max,1,15,791,42,False,805,42,False,4.0
trained,max,1,16,769,44,False,769,44,False,3.0
trained,max,1,17,782,42,False,782,42,False,4.0
trained,max,1,18,842,56,False,842,56,False,0.0
trained,max,1,19,826,46,False,826,46,False,5.0
trained,max,1,20,826,46,False,826,46,False,5.0
trained,max,1,21,769,44,False,769,44,False,3.0
trained,max,1,22,769,44,False,769,44,False,3.0
trained,max,1,23,842,56,False,842,56,False,0.0
trained,max,1,24,768,43,False,783,43,False,-2.0
trained,max,1,25,842,56,False,842,56,False,0.0
trained,max,1,26,842,56,False,838,57,False,-1.0
trained,max,1,27,842,56,False,842,57,False,-1.0
trained,max,1,28,781,41,True,781,41,True,3.0
trained,max,1,29,791,42,False,791,42,False,8.0
trained,max,1,30,768,43,False,768,43,False,0.0
trained,max,1,31,842,56,False,838,57,False,-1.0
trained,max,1,32,791,42,False,791,42,False,6.0
trained,max,1,33,842,56,False,842,56,False,0.0
trained,max,1,34,769,44,False,769,44,False,3.0
trained,max,1,35,767,43,False,767,43,False,0.0
trained,max,1,36,791,42,False,795,42,False,4.0
trained,max,1,37,768,44,False,767,46,False,1.0
trained,max,1,38,842,56,False,842,56,False,0.0
trained,max,1,39,791,42,False,791,42,False,6.0
trained,max,1,40,769,44,False,784,45,False,0.0
trained,max,1,41,791,42,False,795,42,False,4.0
trained,max,1,42,782,41,True,782,41,True,2.0
trained,max,1,43,828,46,False,828,46,False,3.0
trained,max,1,44,828,46,False,837,47,False,0.0
trained,max,1,45,782,42,False,782,42,False,4.0
trained,max,1,46,824,46,False,824,46,False,3.0
trained,max,1,47,778,43,False,778,43,False,5.0
trained,max,1,48,791,42,False,791,42,False,6.0
trained,max,1,49,812,49,False,812,49,False,2.0
trained,max,1,50,769,44,False,769,44,False,3.0
trained,max,1,51,769,44,False,769,44,False,3.0
trained,max,1,52,812,49,False,812,49,False,2.0
trained,max,1,53,782,42,False,789,42,False,2.0
trained,max,1,54,778,43,False,778,43,False,3.0
trained,max,1,55,768,44,False,769,44,False,3.0
trained,max,1,56,824,46,False,824,46,False,3.0
trained,max,1,57,768,44,False,768,44,False,5.0
trained,max,1,58,767,42,False,767,42,False,3.0
trained,max,1,59,768,44,False,768,44,False,5.0
trained,max,1,60,826,46,False,813,47,False,2.0
trained,max,1,61,842,56,False,849,57,False,-3.0
trained,max,1,62,842,56,False,842,56,False,0.0
trained,max,1,63,842,56,False,842,56,False,0.0
trained,max,1,64,827,46,False,827,46,False,5.0
trained,max,1,65,842,56,False,842,56,False,0.0
trained,max,1,66,767,42,False,785,42,False,1.0
trained,max,1,67,782,42,False,782,42,False,4.0
trained,max,1,68,767,43,False,767,43,False,0.0
trained,max,1,69,842,56,False,842,57,False,-1.0
trained,max,1,70,826,46,False,829,46,False,3.0
trained,max,1,71,768,43,False,768,43,False,0.0
trained,max,1,72,828,46,False,828,46,False,3.0
trained,max,1,73,766,43,False,766,43,False,2.0
trained,max,1,74,826,46,False,826,46,False,5.0
trained,max,1,75,828,46,False,828,46,False,3.0
trained,max,1,76,827,46,False,835,46,False,5.0
trained,max,1,77,790,42,False,790,42,False,3.0
trained,max,1,78,827,46,False,827,46,False,5.0
trained,max,1,79,842,56,False,842,56,False,0.0
trained,max,1,80,768,44,False,786,45,False,2.0
trained,max,1,81,791,42,False,791,42,False,6.0
trained,max,1,82,769,44,False,769,44,False,3.0
trained,max,1,83,828,46,False,844,47,False,-2.0
trained,max,1,84,791,42,False,791,42,False,6.0
trained,max,1,85,782,42,False,791,42,False,2.0
trained,max,1,86,782,42,False,782,42,False,4.0
trained,max,1,87,827,46,False,827,46,False,5.0
trained,max,1,88,770,42,False,770,42,False,6.0
trained,max,1,89,791,42,False,791,42,False,6.0
trained,max,1,90,800,49,False,800,49,False,0.0
trained,max,1,91,782,42,False,782,42,False,6.0
trained,max,1,92,842,56,False,849,57,False,-3.0
trained,max,1,93,782,42,False,789,42,False,2.0
trained,max,1,94,797,41,True,797,41,True,3.0
trained,max,1,95,768,43,False,772,43,False,-2.0
trained,max,1,96,769,44,False,784,45,False,0.0
trained,max,1,97,768,43,False,768,43,False,0.0
trained,max,1,98,782,42,False,782,42,False,4.0
trained,max,1,99,769,44,False,769,44,False,3.0
trained,max,1,100,791,42,False,791,42,False,8.0
trained,max,1,101,790,42,False,790,42,False,3.0
trained,max,1,102,826,46,False,826,46,False,7.0
trained,max,1,103,768,44,False,786,45,False,2.0
trained,max,1,104,781,41,True,781,41,True,3.0
trained,max,1,105,782,42,False,782,42,False,6.0
trained,max,1,106,768,43,False,780,43,False,-2.0
trained,max,1,107,768,44,False,784,45,False,0.0
trained,max,1,108,791,42,False,791,42,False,6.0
trained,max,1,109,826,46,False,826,46,False,7.0
trained,max,1,110,842,56,False,842,56,False,0.0
trained,max,1,111,812,49,False,812,49,False,2.0
trained,max,1,112,826,46,False,826,46,False,5.0
trained,max,1,113,793,42,False,793,42,False,8.0
trained,max,1,114,782,42,False,782,42,False,6.0
trained,max,1,115,791,42,False,795,42,False,4.0
trained,max,1,116,782,42,False,791,42,False,2.0
trained,max,1,117,827,46,False,827,46,False,5.0
trained,max,1,118,768,43,False,768,43,False,0.0
trained,max,1,119,766,43,False,766,43,False,3.0
trained,max,1,120,782,42,False,782,42,False,4.0
trained,max,1,121,778,42,False,778,42,False,1.0
trained,max,1,122,828,46,False,842,47,False,0.0
trained,max,1,123,827,46,False,827,46,False,5.0
trained,max,1,124,767,43,False,767,43,False,3.0
trained,max,1,125,842,56,False,838,57,False,-1.0
trained,max,1,126,769,44,False,769,44,False,3.0
trained,max,1,127,793,42,False,793,42,False,8.0
trained,max,1,128,783,41,True,783,41,True,1.0
trained,max,1,129,769,44,False,769,44,False,3.0
trained,max,1,130,828,46,False,828,46,False,3.0
trained,max,1,131,782,42,False,782,42,False,4.0
trained,max,1,132,800,49,False,800,49,False,0.0
trained,max,1,133,791,42,False,791,42,False,6.0
trained,max,1,134,768,44,False,769,44,False,3.0
trained,max,1,135,842,56,False,842,56,False,0.0
trained,max,1,136,842,56,False,842,56,False,0.0
trained,max,1,137,791,42,False,791,42,False,6.0
trained,max,1,138,779,46,False,779,46,False,2.0
trained,max,1,139,767,42,False,767,42,False,4.0
trained,max,1,140,768,43,False,772,43,False,-2.0
trained,max,1,141,782,42,False,792,42,False,0.0
trained,max,1,142,793,42,False,793,42,False,10.0
trained,max,1,143,769,44,False,769,44,False,3.0
trained,max,1,144,782,42,False,782,42,False,4.0
trained,max,1,145,791,42,False,791,42,False,6.0
trained,max,1,146,782,42,False,789,42,False,4.0
trained,max,1,147,782,42,False,782,42,False,4.0
trained,max,1,148,827,46,False,838,47,False,2.0
trained,max,1,149,767,43,False,767,43,False,0.0
trained,max,1,150,769,44,False,769,44,False,3.0
trained,max,1,151,782,42,False,791,42,False,4.0
trained,max,1,152,768,43,False,768,43,False,0.0
trained,max,1,153,768,44,False,786,45,False,2.0
trained,max,1,154,769,44,False,769,44,False,3.0
trained,max,1,155,782,42,False,782,42,False,4.0
trained,max,1,156,767,43,False,767,43,False,2.0
trained,max,1,157,827,46,False,838,47,False,2.0
trained,max,1,158,827,46,False,838,47,False,2.0
trained,max,1,159,826,46,False,826,46,False,7.0
trained,max,1,160,768,43,False,768,43,False,0.0
trained,max,1,161,768,44,False,768,44,False,5.0
trained,max,1,162,769,44,False,788,45,False,0.0
trained,max,1,163,782,42,False,791,42,False,4.0
trained,max,1,164,842,56,False,834,57,False,1.0
trained,max,1,165,782,42,False,791,42,False,2.0
trained,max,1,166,769,44,False,788,45,False,0.0
trained,max,1,167,768,44,False,768,44,False,5.0
trained,max,1,168,791,42,False,791,42,False,6.0
trained,max,1,169,768,44,False,768,44,False,5.0
trained,max,1,170,769,44,False,773,46,False,-1.0
trained,max,1,171,791,42,False,791,42,False,6.0
trained,max,1,172,826,46,False,826,46,False,5.0
trained,max,1,173,769,44,False,769,44,False,3.0
trained,max,1,174,782,42,False,782,42,False,6.0
trained,max,1,175,791,42,False,791,42,False,6.0
trained,max,1,176,768,44,False,768,44,False,5.0
trained,max,1,177,791,42,False,791,42,False,6.0
trained,max,1,178,828,46,False,833,46,False,3.0
trained,max,1,179,791,42,False,795,42,False,4.0
trained,max,1,180,767,42,False,769,42,False,1.0
trained,max,1,181,791,42,False,791,42,False,8.0
trained,max,1,182,791,42,False,791,42,False,6.0
trained,max,1,183,791,42,False,791,42,False,6.0
trained,max,1,184,826,46,False,826,46,False,5.0
trained,max,1,185,769,44,False,769,44,False,4.0
trained,max,1,186,767,42,False,769,42,False,1.0
trained,max,1,187,782,42,False,790,43,False,3.0
trained,max,1,188,767,43,False,767,43,False,2.0
trained,max,1,189,768,44,False,768,44,False,5.0
trained,max,1,190,767,43,False,771,43,False,0.0
trained,max,1,191,769,42,False,769,42,False,2.0
trained,max,1,192,769,44,False,769,44,False,3.0
trained,max,1,193,769,44,False,769,44,False,3.0
trained,max,1,194,769,44,False,784,45,False,0.0
trained,max,1,195,768,44,False,768,44,False,5.0
trained,max,1,196,769,44,False,769,44,False,4.0
trained,max,1,197,791,42,False,791,42,False,6.0
trained,max,1,198,768,44,False,768,44,False,5.0
trained,max,1,199,782,42,False,782,42,False,6.0
trained,max,1,200,768,44,False,768,44,False,5.0
trained,max,2,1,790,42,False,790,42,False,3.0
trained,max,2,2,769,44,False,784,45,False,0.0
trained,max,2,3,842,56,False,838,57,False,-1.0
trained,max,2,4,842,56,False,842,56,False,0.0
trained,max,2,5,768,43,False,768,43,False,0.0
trained,max,2,6,792,41,True,792,41,True,0.0
trained,max,2,7,828,46,False,828,46,False,3.0
trained,max,2,8,800,49,False,818,49,False,-2.0
trained,max,2,9,782,42,False,789,42,False,2.0
trained,max,2,10,801,49,False,801,49,False,0.0
trained,max,2,11,768,44,False,768,44,False,5.0
trained,max,2,12,827,46,False,828,47,False,4.0
trained,max,2,13,791,42,False,791,42,False,6.0
trained,max,2,14,767,43,False,767,43,False,3.0
trained,max,2,15,773,41,True,773,41,True,2.0
trained,max,2,16,842,56,False,842,57,False,-1.0
trained,max,2,17,779,43,False,779,43,False,5.0
trained,max,2,18,768,44,False,768,44,False,5.0
trained,max,2,19,782,42,False,798,42,False,0.0
trained,max,2,20,842,56,False,834,57,False,1.0
trained,max,2,21,842,56,False,842,57,False,-1.0
trained,max,2,22,791,42,False,799,42,False,2.0
trained,max,2,23,842,56,False,842,57,False,-1.0
trained,max,2,24,842,56,False,842,57,False,-1.0
trained,max,2,25,791,42,False,795,42,False,4.0
trained,max,2,26,791,42,False,791,42,False,6.0
trained,max,2,27,791,42,False,791,42,False,6.0
trained,max,2,28,782,42,False,782,42,False,4.0
trained,max,2,29,826,46,False,826,46,False,5.0
trained,max,2,30,790,45,False,790,45,False,1.0
trained,max,2,31,791,42,False,791,42,False,8.0
trained,max,2,32,826,46,False,826,46,False,5.0
trained,max,2,33,791,42,False,791,42,False,6.0
trained,max,2,34,782,42,False,782,42,False,4.0
trained,max,2,35,842,56,False,842,56,False,0.0
trained,max,2,36,767,42,False,768,42,False,1.0
trained,max,2,37,791,42,False,791,42,False,6.0
trained,max,2,38,767,42,False,767,42,False,8.0
trained,max,2,39,782,42,False,791,42,False,2.0
trained,max,2,40,842,56,False,842,56,False,0.0
trained,max,2,41,769,44,False,788,45,False,0.0
trained,max,2,42,769,44,False,769,44,False,3.0
trained,max,2,43,842,56,False,842,56,False,0.0
trained,max,2,44,768,44,False,786,45,False,2.0
trained,max,2,45,842,56,False,838,57,False,-1.0
trained,max,2,46,842,56,False,842,56,False,0.0
trained,max,2,47,842,56,False,842,57,False,-1.0
trained,max,2,48,790,42,False,790,42,False,3.0
trained,max,2,49,842,56,False,842,56,False,0.0
trained,max,2,50,826,46,False,833,46,False,3.0
trained,max,2,51,842,56,False,842,56,False,0.0
trained,max,2,52,811,46,False,811,46,False,5.0
trained,max,2,53,791,42,False,791,42,False,6.0
trained,max,2,54,800,49,False,806,49,False,-4.0
trained,max,2,55,842,56,False,842,56,False,0.0
trained,max,2,56,791,42,False,791,42,False,6.0
trained,max,2,57,791,42,False,791,42,False,6.0
trained,max,2,58,768,43,False,772,43,False,-2.0
trained,max,2,59,791,42,False,791,42,False,8.0
trained,max,2,60,791,42,False,794,42,False,6.0
trained,max,2,61,826,46,False,829,46,False,3.0
trained,max,2,62,828,46,False,837,47,False,0.0
trained,max,2,63,779,46,False,791,46,False,0.0
trained,max,2,64,828,46,False,828,46,False,3.0
trained,max,2,65,782,42,False,782,42,False,4.0
trained,max,2,66,768,44,False,786,45,False,2.0
trained,max,2,67,791,42,False,793,42,False,4.0
trained,max,2,68,826,46,False,826,46,False,5.0
trained,max,2,69,828,46,False,828,46,False,3.0
trained,max,2,70,768,44,False,767,46,False,1.0
trained,max,2,71,791,42,False,791,42,False,6.0
trained,max,2,72,766,43,False,766,43,False,3.0
trained,max,2,73,782,42,False,791,42,False,4.0
trained,max,2,74,791,42,False,791,42,False,6.0
trained,max,2,75,782,42,False,792,43,False,1.0
trained,max,2,76,842,56,False,842,56,False,0.0
trained,max,2,77,828,46,False,844,47,False,-2.0
trained,max,2,78,842,56,False,842,56,False,0.0
trained,max,2,79,782,42,False,782,42,False,4.0
trained,max,2,80,800,49,False,807,49,False,-2.0
trained,max,2,81,782,42,False,782,42,False,4.0
trained,max,2,82,828,46,False,837,47,False,0.0
trained,max,2,83,767,43,False,767,43,False,2.0
trained,max,2,84,769,44,False,769,44,False,3.0
trained,max,2,85,826,46,False,830,46,False,3.0
trained,max,2,86,842,56,False,842,56,False,0.0
trained,max,2,87,828,46,False,842,47,False,0.0
trained,max,2,88,782,42,False,782,42,False,6.0
trained,max,2,89,828,46,False,837,47,False,0.0
trained,max,2,90,782,42,False,782,42,False,4.0
trained,max,2,91,767,42,False,772,42,False,1.0
trained,max,2,92,842,56,False,842,56,False,0.0
trained,max,2,93,768,44,False,769,44,False,3.0
trained,max,2,94,781,41,True,781,41,True,3.0
trained,max,2,95,793,42,False,793,42,False,8.0
trained,max,2,96,791,42,False,794,42,False,4.0
trained,max,2,97,782,42,False,789,42,False,2.0
trained,max,2,98,767,43,False,767,43,False,0.0
trained,max,2,99,791,42,False,791,42,False,6.0
trained,max,2,100,782,42,False,794,42,False,0.0
trained,max,2,101,842,56,False,849,57,False,-3.0
trained,max,2,102,768,44,False,768,44,False,5.0
trained,max,2,103,842,56,False,849,57,False,-3.0
trained,max,2,104,800,49,False,806,49,False,-4.0
trained,max,2,105,768,43,False,768,43,False,0.0
trained,max,2,106,782,42,False,789,42,False,4.0
trained,max,2,107,842,56,False,849,57,False,-3.0
trained,max,2,108,791,42,False,791,42,False,6.0
trained,max,2,109,791,42,False,791,42,False,6.0
trained,max,2,110,791,42,False,791,42,False,6.0
trained,max,2,111,800,49,False,805,49,False,-2.0
trained,max,2,112,842,56,False,838,57,False,-1.0
trained,max,2,113,842,56,False,849,57,False,-3.0
trained,max,2,114,768,43,False,768,43,False,0.0
trained,max,2,115,791,42,False,791,42,False,6.0
trained,max,2,116,766,43,False,766,43,False,2.0
trained,max,2,117,768,44,False,768,44,False,5.0
trained,max,2,118,769,42,False,769,42,False,2.0
trained,max,2,119,782,42,False,782,42,False,4.0
trained,max,2,120,769,42,False,769,42,False,2.0
trained,max,2,121,768,44,False,768,44,False,5.0
trained,max,2,122,826,46,False,826,46,False,7.0
trained,max,2,123,791,42,False,793,42,False,4.0
trained,max,2,124,767,42,False,767,42,False,3.0
trained,max,2,125,782,42,False,791,42,False,2.0
trained,max,2,126,800,49,False,800,49,False,0.0
trained,max,2,127,768,44,False,768,44,False,5.0
trained,max,2,128,782,42,False,791,42,False,2.0
trained,max,2,129,791,42,False,791,42,False,8.0
trained,max,2,130,768,44,False,769,44,False,3.0
trained,max,2,131,782,42,False,789,42,False,4.0
trained,max,2,132,842,56,False,842,56,False,0.0
trained,max,2,133,827,46,False,838,47,False,2.0
trained,max,2,134,769,44,False,769,44,False,3.0
trained,max,2,135,800,49,False,800,49,False,0.0
trained,max,2,136,782,42,False,791,42,False,2.0
trained,max,2,137,766,43,False,766,43,False,3.0
trained,max,2,138,782,42,False,782,42,False,4.0
trained,max,2,139,768,44,False,768,44,False,5.0
trained,max,2,140,842,56,False,842,57,False,-1.0
trained,max,2,141,790,42,False,790,42,False,3.0
trained,max,2,142,791,42,False,791,42,False,8.0
trained,max,2,143,791,42,False,791,42,False,6.0
trained,max,2,144,768,44,False,769,44,False,3.0
trained,max,2,145,782,42,False,782,42,False,6.0
trained,max,2,146,791,42,False,791,42,False,6.0
trained,max,2,147,782,42,False,782,42,False,4.0
trained,max,2,148,791,42,False,791,42,False,6.0
trained,max,2,149,767,42,False,767,42,False,1.0
trained,max,2,150,781,41,True,794,41,True,5.0
trained,max,2,151,769,44,False,769,44,False,3.0
trained,max,2,152,791,42,False,791,42,False,8.0
trained,max,2,153,791,42,False,791,42,False,6.0
trained,max,2,154,828,46,False,828,46,False,3.0
trained,max,2,155,769,42,False,769,42,False,2.0
trained,max,2,156,791,42,False,791,42,False,6.0
trained,max,2,157,797,41,True,820,40,True,2.0
trained,max,2,158,791,42,False,791,42,False,6.0
trained,max,2,159,782,42,False,782,42,False,4.0
trained,max,2,160,782,42,False,782,42,False,6.0
trained,max,2,161,782,42,False,790,43,False,3.0
trained,max,2,162,842,56,False,838,57,False,-1.0
trained,max,2,163,811,46,False,829,46,False,3.0
trained,max,2,164,828,46,False,842,47,False,0.0
trained,max,2,165,782,42,False,789,42,False,2.0
trained,max,2,166,782,42,False,782,42,False,6.0
trained,max,2,167,768,44,False,769,44,False,3.0
trained,max,2,168,826,46,False,826,46,False,5.0
trained,max,2,169,782,42,False,782,42,False,4.0
trained,max,2,170,767,43,False,767,43,False,0.0
trained,max,2,171,768,44,False,769,44,False,3.0
trained,max,2,172,768,44,False,769,44,False,3.0
trained,max,2,173,791,42,False,803,42,False,6.0
trained,max,2,174,826,46,False,826,46,False,5.0
trained,max,2,175,768,44,False,769,44,False,3.0
trained,max,2,176,790,40,True,790,40,True,6.0
trained,max,2,177,768,43,False,772,43,False,-2.0
trained,max,2,178,793,42,False,793,42,False,8.0
trained,max,2,179,784,42,False,784,42,False,3.0
trained,max,2,180,782,42,False,782,42,False,4.0
trained,max,2,181,782,42,False,791,42,False,2.0
trained,max,2,182,769,42,False,769,42,False,2.0
trained,max,2,183,791,42,False,791,42,False,6.0
trained,max,2,184,800,49,False,805,49,False,-2.0
trained,max,2,185,782,42,False,782,42,False,4.0
trained,max,2,186,791,42,False,791,42,False,6.0
trained,max,2,187,782,42,False,782,42,False,4.0
trained,max,2,188,768,44,False,768,44,False,5.0
trained,max,2,189,768,44,False,768,44,False,5.0
trained,max,2,190,827,46,False,827,46,False,5.0
trained,max,2,191,782,42,False,782,42,False,4.0
trained,max,2,192,768,44,False,769,44,False,3.0
trained,max,2,193,771,42,False,771,42,False,2.0
trained,max,2,194,826,46,False,829,46,False,3.0
trained,max,2,195,768,44,False,769,44,False,3.0
trained,max,2,196,791,42,False,791,42,False,8.0
trained,max,2,197,811,46,False,829,46,False,3.0
trained,max,2,198,828,46,False,828,46,False,3.0
trained,max,2,199,790,42,False,790,42,False,3.0
trained,max,2,200,782,42,False,791,42,False,4.0
frozen,int2float,0,1,48,3,True,51,3,True,-1.0
frozen,int2float,0,2,48,3,True,48,3,True,2.0
frozen,int2float,0,3,49,3,True,46,4,False,0.0
frozen,int2float,0,4,49,3,True,51,3,True,-2.0
frozen,int2float,0,5,49,3,True,51,3,True,0.0
frozen,int2float,0,6,49,3,True,46,4,False,1.0
frozen,int2float,0,7,49,3,True,51,3,True,-4.0
frozen,int2float,0,8,48,3,True,45,4,False,1.0
frozen,int2float,0,9,47,3,True,47,3,True,5.0
frozen,int2float,0,10,48,3,True,48,3,True,5.0
frozen,int2float,0,11,49,3,True,45,4,False,1.0
frozen,int2float,0,12,49,3,True,49,3,True,1.0
frozen,int2float,0,13,49,3,True,52,3,True,2.0
frozen,int2float,0,14,48,3,True,48,3,True,2.0
frozen,int2float,0,15,48,3,True,48,3,True,5.0
frozen,int2float,0,16,48,3,True,49,3,True,1.0
frozen,int2float,0,17,47,3,True,47,3,True,5.0
frozen,int2float,0,18,49,3,True,49,3,True,2.0
frozen,int2float,0,19,48,3,True,48,3,True,2.0
frozen,int2float,0,20,49,3,True,51,3,True,-5.0
frozen,int2float,0,21,48,3,True,48,3,True,4.0
frozen,int2float,0,22,48,3,True,45,4,False,1.0
frozen,int2float,0,23,48,3,True,45,4,False,1.0
frozen,int2float,0,24,49,3,True,49,3,True,2.0
frozen,int2float,0,25,47,3,True,47,3,True,4.0
frozen,int2float,0,26,49,3,True,49,3,True,2.0
frozen,int2float,0,27,48,3,True,48,3,True,-4.0
frozen,int2float,0,28,45,3,True,45,3,True,6.0
frozen,int2float,0,29,47,3,True,49,3,True,3.0
frozen,int2float,0,30,49,3,True,46,4,False,1.0
frozen,int2float,0,31,48,3,True,48,3,True,2.0
frozen,int2float,0,32,48,3,True,45,4,False,3.0
frozen,int2float,0,33,49,3,True,51,3,True,0.0
frozen,int2float,0,34,47,3,True,47,3,True,5.0
frozen,int2float,0,35,49,3,True,44,4,False,2.0
frozen,int2float,0,36,47,3,True,47,3,True,4.0
frozen,int2float,0,37,49,3,True,51,3,True,0.0
frozen,int2float,0,38,49,3,True,51,3,True,0.0
frozen,int2float,0,39,48,3,True,48,3,True,3.0
frozen,int2float,0,40,47,3,True,47,3,True,3.0
frozen,int2float,0,41,49,3,True,44,4,False,1.0
frozen,int2float,0,42,46,3,True,49,3,True,4.0
frozen,int2float,0,43,46,3,True,45,4,False,5.0
frozen,int2float,0,44,49,3,True,50,3,True,1.0
frozen,int2float,0,45,49,3,True,45,4,False,3.0
frozen,int2float,0,46,46,3,True,46,3,True,2.0
frozen,int2float,0,47,46,3,True,47,3,True,5.0
frozen,int2float,0,48,48,3,True,49,3,True,0.0
frozen,int2float,0,49,49,3,True,49,3,True,-2.0
frozen,int2float,0,50,49,3,True,50,3,True,0.0
frozen,int2float,0,51,46,3,True,46,3,True,4.0
frozen,int2float,0,52,48,3,True,49,3,True,3.0
frozen,int2float,0,53,47,3,True,48,3,True,4.0
frozen,int2float,0,54,49,3,True,51,3,True,-1.0
frozen,int2float,0,55,48,3,True,49,3,True,7.0
frozen,int2float,0,56,49,3,True,51,3,True,-1.0
frozen,int2float,0,57,49,3,True,46,4,False,-2.0
frozen,int2float,0,58,49,3,True,51,3,True,-1.0
frozen,int2float,0,59,47,3,True,47,3,True,5.0
frozen,int2float,0,60,48,3,True,48,3,True,2.0
frozen,int2float,0,61,49,3,True,50,3,True,1.0
frozen,int2float,0,62,49,3,True,52,3,True,1.0
frozen,int2float,0,63,49,3,True,52,3,True,-2.0
frozen,int2float,0,64,48,3,True,48,3,True,3.0
frozen,int2float,0,65,49,3,True,50,3,True,1.0
frozen,int2float,0,66,46,3,True,46,3,True,5.0
frozen,int2float,0,67,49,3,True,46,4,False,-2.0
frozen,int2float,0,68,49,3,True,49,3,True,0.0
frozen,int2float,0,69,48,3,True,48,3,True,5.0
frozen,int2float,0,70,47,3,True,47,3,True,6.0
frozen,int2float,0,71,48,3,True,48,3,True,3.0
frozen,int2float,0,72,49,3,True,49,3,True,2.0
frozen,int2float,0,73,49,3,True,49,3,True,0.0
frozen,int2float,0,74,48,3,True,48,3,True,2.0
frozen,int2float,0,75,48,3,True,45,4,False,1.0
frozen,int2float,0,76,47,3,True,47,3,True,-3.0
frozen,int2float,0,77,49,3,True,48,4,False,-1.0
frozen,int2float,0,78,49,3,True,49,3,True,2.0
frozen,int2float,0,79,46,3,True,46,3,True,5.0
frozen,int2float,0,80,48,3,True,50,3,True,0.0
frozen,int2float,0,81,49,3,True,49,3,True,3.0
frozen,int2float,0,82,47,3,True,47,3,True,6.0
frozen,int2float,0,83,48,3,True,48,3,True,3.0
frozen,int2float,0,84,48,3,True,49,3,True,3.0
frozen,int2float,0,85,49,3,True,47,4,False,1.0
frozen,int2float,0,86,47,3,True,45,4,False,4.0
frozen,int2float,0,87,49,3,True,51,3,True,0.0
frozen,int2float,0,88,46,3,True,44,4,False,4.0
frozen,int2float,0,89,49,3,True,47,4,False,-4.0
frozen,int2float,0,90,49,3,True,45,4,False,1.0
frozen,int2float,0,91,46,3,True,45,4,False,5.0
frozen,int2float,0,92,48,3,True,48,3,True,2.0
frozen,int2float,0,93,48,3,True,48,3,True,4.0
frozen,int2float,0,94,49,3,True,47,4,False,-2.0
frozen,int2float,0,95,49,3,True,41,4,False,1.0
frozen,int2float,0,96,48,3,True,48,3,True,4.0
frozen,int2float,0,97,48,3,True,48,3,True,1.0
frozen,int2float,0,98,48,3,True,55,3,True,0.0
frozen,int2float,0,99,46,3,True,46,3,True,6.0
frozen,int2float,0,100,49,3,True,53,3,True,1.0
frozen,int2float,0,101,49,3,True,46,4,False,-1.0
frozen,int2float,0,102,49,3,True,53,3,True,1.0
frozen,int2float,0,103,49,3,True,50,3,True,1.0
frozen,int2float,0,104,47,3,True,47,3,True,5.0
frozen,int2float,0,105,49,3,True,51,3,True,-5.0
frozen,int2float,0,106,48,3,True,48,3,True,2.0
frozen,int2float,0,107,49,3,True,47,4,False,-2.0
frozen,int2float,0,108,47,3,True,48,3,True,-3.0
frozen,int2float,0,109,47,3,True,47,3,True,5.0
frozen,int2float,0,110,48,3,True,51,3,True,4.0
frozen,int2float,0,111,47,3,True,48,3,True,-1.0
frozen,int2float,0,112,48,3,True,45,4,False,1.0
frozen,int2float,0,113,46,3,True,46,3,True,-2.0
frozen,int2float,0,114,47,3,True,47,3,True,5.0
frozen,int2float,0,115,48,3,True,47,4,False,-3.0
frozen,int2float,0,116,47,3,True,47,3,True,4.0
frozen,int2float,0,117,49,3,True,44,4,False,1.0
frozen,int2float,0,118,45,3,True,45,3,True,1.0
frozen,int2float,0,119,48,3,True,48,3,True,3.0
frozen,int2float,0,120,47,3,True,47,3,True,0.0
frozen,int2float,0,121,48,3,True,50,3,True,-1.0
frozen,int2float,0,122,49,3,True,54,3,True,-2.0
frozen,int2float,0,123,48,3,True,48,3,True,3.0
frozen,int2float,0,124,49,3,True,52,3,True,-1.0
frozen,int2float,0,125,47,3,True,47,3,True,5.0
frozen,int2float,0,126,48,3,True,48,3,True,5.0
frozen,int2float,0,127,49,3,True,51,3,True,0.0
frozen,int2float,0,128,48,3,True,48,3,True,2.0
frozen,int2float,0,129,46,3,True,46,3,True,0.0
frozen,int2float,0,130,48,3,True,48,3,True,1.0
frozen,int2float,0,131,49,3,True,45,4,False,3.0
frozen,int2float,0,132,49,3,True,50,3,True,-1.0
frozen,int2float,0,133,47,3,True,47,3,True,3.0
frozen,int2float,0,134,49,3,True,51,3,True,0.0
frozen,int2float,0,135,49,3,True,53,3,True,0.0
frozen,int2float,0,136,47,3,True,46,4,False,4.0
frozen,int2float,0,137,48,3,True,48,3,True,3.0
frozen,int2float,0,138,48,3,True,48,3,True,-2.0
frozen,int2float,0,139,47,3,True,43,4,False,2.0
frozen,int2float,0,140,49,3,True,45,4,False,3.0
frozen,int2float,0,141,46,3,True,46,3,True,11.0
frozen,int2float,0,142,46,3,True,51,3,True,-1.0
frozen,int2float,0,143,49,3,True,51,3,True,2.0
frozen,int2float,0,144,48,3,True,48,3,True,1.0
frozen,int2float,0,145,49,3,True,44,4,False,0.0
frozen,int2float,0,146,49,3,True,49,3,True,2.0
frozen,int2float,0,147,48,3,True,48,3,True,2.0
frozen,int2float,0,148,47,3,True,47,3,True,3.0
frozen,int2float,0,149,49,3,True,50,3,True,-1.0
frozen,int2float,0,150,49,3,True,49,3,True,0.0
frozen,int2float,0,151,49,3,True,44,4,False,1.0
frozen,int2float,0,152,48,3,True,48,3,True,5.0
frozen,int2float,0,153,47,3,True,47,3,True,-2.0
frozen,int2float,0,154,49,3,True,47,4,False,-1.0
frozen,int2float,0,155,49,3,True,50,3,True,-3.0
frozen,int2float,0,156,48,3,True,48,3,True,3.0
frozen,int2float,0,157,49,3,True,51,3,True,-3.0
frozen,int2float,0,158,49,3,True,51,3,True,0.0
frozen,int2float,0,159,46,3,True,48,4,False,2.0
frozen,int2float,0,160,48,3,True,50,3,True,3.0
frozen,int2float,0,161,48,3,True,49,3,True,1.0
frozen,int2float,0,162,47,3,True,47,3,True,5.0
frozen,int2float,0,163,48,3,True,46,4,False,4.0
frozen,int2float,0,164,49,3,True,53,3,True,-1.0
frozen,int2float,0,165,47,3,True,47,3,True,1.0
frozen,int2float,0,166,49,3,True,45,4,False,-1.0
frozen,int2float,0,167,47,3,True,47,3,True,5.0
frozen,int2float,0,168,48,3,True,48,3,True,2.0
frozen,int2float,0,169,49,3,True,50,3,True,-1.0
frozen,int2float,0,170,48,3,True,48,3,True,1.0
frozen,int2float,0,171,47,3,True,47,4,False,-2.0
frozen,int2float,0,172,49,3,True,50,3,True,2.0
frozen,int2float,0,173,45,3,True,45,3,True,6.0
frozen,int2float,0,174,49,3,True,44,4,False,5.0
frozen,int2float,0,175,49,3,True,52,3,True,-2.0
frozen,int2float,0,176,47,3,True,43,4,False,2.0
frozen,int2float,0,177,47,3,True,47,4,False,0.0
frozen,int2float,0,178,49,3,True,51,3,True,-4.0
frozen,int2float,0,179,49,3,True,50,3,True,1.0
frozen,int2float,0,180,49,3,True,50,3,True,-2.0
frozen,int2float,0,181,47,3,True,47,3,True,-2.0
frozen,int2float,0,182,46,3,True,45,4,False,2.0
frozen,int2float,0,183,49,3,True,45,4,False,-2.0
frozen,int2float,0,184,49,3,True,46,4,False,-3.0
frozen,int2float,0,185,49,3,True,50,3,True,-1.0
frozen,int2float,0,186,49,3,True,45,4,False,3.0
frozen,int2float,0,187,49,3,True,48,4,False,-1.0
frozen,int2float,0,188,47,3,True,47,3,True,0.0
frozen,int2float,0,189,48,3,True,49,3,True,3.0
frozen,int2float,0,190,49,3,True,45,4,False,-1.0
frozen,int2float,0,191,46,3,True,46,3,True,0.0
frozen,int2float,0,192,49,3,True,45,4,False,-1.0
frozen,int2float,0,193,47,3,True,47,3,True,1.0
frozen,int2float,0,194,47,3,True,47,3,True,5.0
frozen,int2float,0,195,47,3,True,47,3,True,5.0
frozen,int2float,0,196,49,3,True,48,4,False,-4.0
frozen,int2float,0,197,48,3,True,48,3,True,2.0
frozen,int2float,0,198,47,3,True,47,3,True,5.0
frozen,int2float,0,199,46,3,True,46,3,True,5.0
frozen,int2float,0,200,49,3,True,46,4,False,0.0
frozen,int2float,1,1,49,3,True,49,3,True,2.0
frozen,int2float,1,2,48,3,True,48,3,True,2.0
frozen,int2float,1,3,47,3,True,47,3,True,5.0
frozen,int2float,1,4,46,3,True,46,3,True,5.0
frozen,int2float,1,5,49,3,True,47,4,False,-1.0
frozen,int2float,1,6,47,3,True,48,3,True,4.0
frozen,int2float,1,7,48,3,True,48,3,True,2.0
frozen,int2float,1,8,49,3,True,44,4,False,3.0
frozen,int2float,1,9,49,3,True,50,3,True,2.0
frozen,int2float,1,10,48,3,True,50,3,True,4.0
frozen,int2float,1,11,47,3,True,47,3,True,3.0
frozen,int2float,1,12,47,3,True,47,3,True,4.0
frozen,int2float,1,13,49,3,True,45,4,False,-3.0
frozen,int2float,1,14,47,3,True,47,3,True,5.0
frozen,int2float,1,15,47,3,True,47,3,True,5.0
frozen,int2float,1,16,49,3,True,49,3,True,2.0
frozen,int2float,1,17,49,3,True,49,3,True,2.0
frozen,int2float,1,18,49,3,True,50,3,True,-1.0
frozen,int2float,1,19,47,3,True,47,3,True,5.0
frozen,int2float,1,20,49,3,True,50,3,True,-1.0
frozen,int2float,1,21,47,3,True,48,3,True,4.0
frozen,int2float,1,22,47,3,True,47,3,True,5.0
frozen,int2float,1,23,49,3,True,49,3,True,0.0
frozen,int2float,1,24,49,3,True,47,4,False,-4.0
frozen,int2float,1,25,48,3,True,48,3,True,2.0
frozen,int2float,1,26,49,3,True,51,3,True,-2.0
frozen,int2float,1,27,49,3,True,45,4,False,-1.0
frozen,int2float,1,28,49,3,True,51,3,True,-2.0
frozen,int2float,1,29,47,3,True,47,3,True,4.0
frozen,int2float,1,30,48,3,True,49,3,True,3.0
frozen,int2float,1,31,49,3,True,52,3,True,-4.0
frozen,int2float,1,32,47,3,True,47,3,True,3.0
frozen,int2float,1,33,48,3,True,48,3,True,2.0
frozen,int2float,1,34,46,3,True,46,3,True,6.0
frozen,int2float,1,35,48,3,True,48,3,True,5.0
frozen,int2float,1,36,47,3,True,49,3,True,4.0
frozen,int2float,1,37,49,3,True,51,3,True,-2.0
frozen,int2float,1,38,47,3,True,47,3,True,0.0
frozen,int2float,1,39,47,3,True,47,3,True,5.0
frozen,int2float,1,40,48,3,True,45,4,False,1.0
frozen,int2float,1,41,47,3,True,47,3,True,5.0
frozen,int2float,1,42,49,3,True,50,3,True,0.0
frozen,int2float,1,43,47,3,True,47,3,True,5.0
frozen,int2float,1,44,48,3,True,45,4,False,1.0
frozen,int2float,1,45,47,3,True,48,3,True,4.0
frozen,int2float,1,46,48,3,True,51,3,True,0.0
frozen,int2float,1,47,49,3,True,52,3,True,-3.0
frozen,int2float,1,48,46,3,True,46,3,True,9.0
frozen,int2float,1,49,49,3,True,50,3,True,2.0
frozen,int2float,1,50,44,3,True,44,3,True,6.0
frozen,int2float,1,51,46,3,True,46,3,True,5.0
frozen,int2float,1,52,49,3,True,50,3,True,4.0
frozen,int2float,1,53,49,3,True,49,3,True,0.0
frozen,int2float,1,54,48,3,True,48,3,True,5.0
frozen,int2float,1,55,49,3,True,49,3,True,2.0
frozen,int2float,1,56,49,3,True,48,4,False,-2.0
frozen,int2float,1,57,47,3,True,48,3,True,4.0
frozen,int2float,1,58,45,3,True,45,3,True,8.0
frozen,int2float,1,59,48,3,True,48,3,True,5.0
frozen,int2float,1,60,48,3,True,49,3,True,1.0
frozen,int2float,1,61,49,3,True,44,4,False,1.0
frozen,int2float,1,62,47,3,True,47,3,True,5.0
frozen,int2float,1,63,46,3,True,46,3,True,3.0
frozen,int2float,1,64,46,3,True,46,3,True,6.0
frozen,int2float,1,65,49,3,True,50,3,True,-1.0
frozen,int2float,1,66,48,3,True,49,3,True,1.0
frozen,int2float,1,67,47,3,True,48,3,True,4.0
frozen,int2float,1,68,49,3,True,49,3,True,2.0
frozen,int2float,1,69,48,3,True,48,3,True,5.0
frozen,int2float,1,70,49,3,True,50,3,True,1.0
frozen,int2float,1,71,49,3,True,49,3,True,0.0
frozen,int2float,1,72,47,3,True,47,3,True,5.0
frozen,int2float,1,73,48,3,True,48,3,True,4.0
frozen,int2float,1,74,47,3,True,47,3,True,6.0
frozen,int2float,1,75,47,3,True,47,3,True,2.0
frozen,int2float,1,76,48,3,True,48,3,True,2.0
frozen,int2float,1,77,47,3,True,50,3,True,3.0
frozen,int2float,1,78,46,3,True,46,3,True,6.0
frozen,int2float,1,79,49,3,True,49,3,True,2.0
frozen,int2float,1,80,49,3,True,45,4,False,3.0
frozen,int2float,1,81,48,3,True,51,3,True,0.0
frozen,int2float,1,82,48,3,True,49,3,True,1.0
frozen,int2float,1,83,49,3,True,49,4,False,-3.0
frozen,int2float,1,84,49,3,True,51,3,True,-2.0
frozen,int2float,1,85,48,3,True,49,3,True,4.0
frozen,int2float,1,86,47,3,True,48,3,True,4.0
frozen,int2float,1,87,48,3,True,48,3,True,3.0
frozen,int2float,1,88,48,3,True,48,3,True,0.0
frozen,int2float,1,89,47,3,True,48,3,True,2.0
frozen,int2float,1,90,49,3,True,50,3,True,1.0
frozen,int2float,1,91,48,3,True,48,3,True,4.0
frozen,int2float,1,92,49,3,True,46,4,False,-1.0
frozen,int2float,1,93,48,3,True,48,3,True,3.0
frozen,int2float,1,94,47,3,True,48,3,True,2.0
frozen,int2float,1,95,47,3,True,47,3,True,5.0
frozen,int2float,1,96,49,3,True,45,4,False,1.0
frozen,int2float,1,97,49,3,True,49,3,True,0.0
frozen,int2float,1,98,48,3,True,48,3,True,4.0
frozen,int2float,1,99,49,3,True,49,3,True,2.0
frozen,int2float,1,100,47,3,True,47,3,True,4.0
frozen,int2float,1,101,48,3,True,49,3,True,4.0
frozen,int2float,1,102,48,3,True,49,3,True,5.0
frozen,int2float,1,103,49,3,True,47,4,False,-2.0
frozen,int2float,1,104,48,3,True,50,3,True,5.0
frozen,int2float,1,105,49,3,True,49,3,True,0.0
frozen,int2float,1,106,48,3,True,46,4,False,4.0
frozen,int2float,1,107,48,3,True,48,3,True,3.0
frozen,int2float,1,108,49,3,True,52,3,True,0.0
frozen,int2float,1,109,49,3,True,49,3,True,0.0
frozen,int2float,1,110,49,3,True,50,3,True,1.0
frozen,int2float,1,111,46,3,True,46,3,True,2.0
frozen,int2float,1,112,47,3,True,47,3,True,5.0
frozen,int2float,1,113,47,3,True,48,3,True,2.0
frozen,int2float,1,114,49,3,True,49,3,True,2.0
frozen,int2float,1,115,47,3,True,47,3,True,3.0
frozen,int2float,1,116,46,3,True,46,3,True,8.0
frozen,int2float,1,117,46,3,True,46,3,True,6.0
frozen,int2float,1,118,49,3,True,51,3,True,0.0
frozen,int2float,1,119,47,3,True,47,3,True,0.0
frozen,int2float,1,120,48,3,True,48,3,True,3.0
frozen,int2float,1,121,49,3,True,52,3,True,0.0
frozen,int2float,1,122,49,3,True,46,4,False,0.0
frozen,int2float,1,123,49,3,True,49,3,True,2.0
frozen,int2float,1,124,48,3,True,46,4,False,2.0
frozen,int2float,1,125,49,3,True,51,3,True,-1.0
frozen,int2float,1,126,49,3,True,49,3,True,0.0
frozen,int2float,1,127,49,3,True,52,3,True,0.0
frozen,int2float,1,128,49,3,True,41,4,False,1.0
frozen,int2float,1,129,48,3,True,48,3,True,5.0
frozen,int2float,1,130,49,3,True,50,3,True,1.0
frozen,int2float,1,131,47,3,True,47,3,True,6.0
frozen,int2float,1,132,48,3,True,48,3,True,1.0
frozen,int2float,1,133,46,3,True,47,3,True,5.0
frozen,int2float,1,134,48,3,True,48,3,True,2.0
frozen,int2float,1,135,49,3,True,49,3,True,2.0
frozen,int2float,1,136,47,3,True,47,3,True,3.0
frozen,int2float,1,137,46,3,True,46,3,True,6.0
frozen,int2float,1,138,49,3,True,49,3,True,4.0
frozen,int2float,1,139,48,3,True,49,3,True,7.0
frozen,int2float,1,140,47,3,True,47,3,True,0.0
frozen,int2float,1,141,49,3,True,49,3,True,4.0
frozen,int2float,1,142,46,3,True,46,3,True,5.0
frozen,int2float,1,143,47,3,True,47,3,True,5.0
frozen,int2float,1,144,47,3,True,47,3,True,0.0
frozen,int2float,1,145,48,3,True,51,3,True,2.0
frozen,int2float,1,146,48,3,True,49,3,True,1.0
frozen,int2float,1,147,47,3,True,49,3,True,2.0
frozen,int2float,1,148,48,3,True,48,3,True,3.0
frozen,int2float,1,149,47,3,True,47,3,True,1.0
frozen,int2float,1,150,48,3,True,48,3,True,2.0
frozen,int2float,1,151,49,3,True,49,3,True,4.0
frozen,int2float,1,152,49,3,True,44,4,False,1.0
frozen,int2float,1,153,49,3,True,46,4,False,1.0
frozen,int2float,1,154,46,3,True,46,3,True,6.0
frozen,int2float,1,155,47,3,True,47,3,True,1.0
frozen,int2float,1,156,48,3,True,48,3,True,4.0
frozen,int2float,1,157,45,3,True,45,3,True,6.0
frozen,int2float,1,158,47,3,True,43,4,False,2.0
frozen,int2float,1,159,48,3,True,51,3,True,2.0
frozen,int2float,1,160,47,3,True,47,3,True,5.0
frozen,int2float,1,161,46,3,True,47,3,True,5.0
frozen,int2float,1,162,49,3,True,46,4,False,0.0
frozen,int2float,1,163,48,3,True,48,3,True,5.0
frozen,int2float,1,164,49,3,True,52,3,True,-2.0
frozen,int2float,1,165,46,3,True,47,3,True,2.0
frozen,int2float,1,166,49,3,True,46,4,False,1.0
frozen,int2float,1,167,48,3,True,48,3,True,2.0
frozen,int2float,1,168,47,3,True,49,3,True,4.0
frozen,int2float,1,169,49,3,True,49,3,True,2.0
frozen,int2float,1,170,48,3,True,48,3,True,-3.0
frozen,int2float,1,171,46,3,True,46,3,True,6.0
frozen,int2float,1,172,48,3,True,48,3,True,2.0
frozen,int2float,1,173,49,3,True,49,3,True,0.0
frozen,int2float,1,174,47,3,True,47,3,True,5.0
frozen,int2float,1,175,47,3,True,50,3,True,1.0
frozen,int2float,1,176,47,3,True,48,3,True,4.0
frozen,int2float,1,177,48,3,True,48,3,True,4.0
frozen,int2float,1,178,49,3,True,50,3,True,-1.0
frozen,int2float,1,179,47,3,True,43,4,False,2.0
frozen,int2float,1,180,47,3,True,47,3,True,0.0
frozen,int2float,1,181,46,3,True,47,3,True,0.0
frozen,int2float,1,182,47,3,True,47,3,True,1.0
frozen,int2float,1,183,47,3,True,47,3,True,6.0
frozen,int2float,1,184,47,3,True,47,3,True,5.0
frozen,int2float,1,185,47,3,True,47,3,True,4.0
frozen,int2float,1,186,49,3,True,50,3,True,2.0
frozen,int2float,1,187,48,3,True,52,3,True,4.0
frozen,int2float,1,188,48,3,True,49,3,True,-3.0
frozen,int2float,1,189,49,3,True,49,3,True,0.0
frozen,int2float,1,190,47,3,True,47,3,True,5.0
frozen,int2float,1,191,49,3,True,51,3,True,1.0
frozen,int2float,1,192,49,3,True,51,3,True,1.0
frozen,int2float,1,193,47,3,True,47,3,True,0.0
frozen,int2float,1,194,49,3,True,49,3,True,2.0
frozen,int2float,1,195,47,3,True,47,3,True,3.0
frozen,int2float,1,196,48,3,True,49,3,True,1.0
frozen,int2float,1,197,49,3,True,52,3,True,-3.0
frozen,int2float,1,198,47,3,True,47,3,True,3.0
frozen,int2float,1,199,48,3,True,48,3,True,3.0
frozen,int2float,1,200,48,3,True,48,3,True,3.0
frozen,int2float,2,1,48,3,True,48,3,True,5.0
frozen,int2float,2,2,48,3,True,45,4,False,1.0
frozen,int2float,2,3,49,3,True,52,3,True,1.0
frozen,int2float,2,4,49,3,True,49,3,True,0.0
frozen,int2float,2,5,48,3,True,48,3,True,-2.0
frozen,int2float,2,6,48,3,True,48,3,True,4.0
frozen,int2float,2,7,49,3,True,49,3,True,2.0
frozen,int2float,2,8,48,3,True,49,3,True,4.0
frozen,int2float,2,9,47,3,True,48,3,True,2.0
frozen,int2float,2,10,49,3,True,50,3,True,-3.0
frozen,int2float,2,11,48,3,True,49,3,True,1.0
frozen,int2float,2,12,49,3,True,45,4,False,-1.0
frozen,int2float,2,13,47,3,True,47,3,True,5.0
frozen,int2float,2,14,47,3,True,48,3,True,1.0
frozen,int2float,2,15,47,3,True,47,3,True,4.0
frozen,int2float,2,16,49,3,True,50,3,True,2.0
frozen,int2float,2,17,48,3,True,50,3,True,-1.0
frozen,int2float,2,18,48,3,True,49,3,True,1.0
frozen,int2float,2,19,48,3,True,48,3,True,5.0
frozen,int2float,2,20,49,3,True,54,3,True,0.0
frozen,int2float,2,21,49,3,True,45,4,False,-1.0
frozen,int2float,2,22,47,3,True,46,4,False,-1.0
frozen,int2float,2,23,49,3,True,49,3,True,2.0
frozen,int2float,2,24,49,3,True,51,3,True,-1.0
frozen,int2float,2,25,46,3,True,43,4,False,4.0
frozen,int2float,2,26,46,3,True,46,3,True,6.0
frozen,int2float,2,27,49,3,True,51,3,True,1.0
frozen,int2float,2,28,48,3,True,48,3,True,2.0
frozen,int2float,2,29,47,3,True,47,3,True,6.0
frozen,int2float,2,30,49,3,True,50,3,True,1.0
frozen,int2float,2,31,48,3,True,49,3,True,1.0
frozen,int2float,2,32,48,3,True,48,3,True,2.0
frozen,int2float,2,33,46,3,True,46,3,True,6.0
frozen,int2float,2,34,49,3,True,49,3,True,2.0
frozen,int2float,2,35,49,3,True,49,3,True,2.0
frozen,int2float,2,36,48,3,True,48,3,True,1.0
frozen,int2float,2,37,48,3,True,49,3,True,2.0
frozen,int2float,2,38,46,3,True,46,3,True,4.0
frozen,int2float,2,39,47,3,True,47,3,True,3.0
frozen,int2float,2,40,47,3,True,47,3,True,5.0
frozen,int2float,2,41,48,3,True,51,3,True,3.0
frozen,int2float,2,42,48,3,True,48,3,True,2.0
frozen,int2float,2,43,47,3,True,47,3,True,6.0
frozen,int2float,2,44,49,3,True,46,4,False,1.0
frozen,int2float,2,45,49,3,True,54,3,True,-2.0
frozen,int2float,2,46,47,3,True,47,3,True,6.0
frozen,int2float,2,47,49,3,True,43,4,False,5.0
frozen,int2float,2,48,45,3,True,45,3,True,1.0
frozen,int2float,2,49,49,3,True,45,4,False,-1.0
frozen,int2float,2,50,49,3,True,49,3,True,0.0
frozen,int2float,2,51,49,3,True,49,3,True,0.0
frozen,int2float,2,52,48,3,True,51,3,True,1.0
frozen,int2float,2,53,47,3,True,49,3,True,1.0
frozen,int2float,2,54,49,3,True,51,3,True,1.0
frozen,int2float,2,55,49,3,True,50,3,True,-1.0
frozen,int2float,2,56,47,3,True,47,3,True,6.0
frozen,int2float,2,57,49,3,True,51,3,True,-2.0
frozen,int2float,2,58,47,3,True,47,3,True,1.0
frozen,int2float,2,59,48,3,True,49,3,True,1.0
frozen,int2float,2,60,48,3,True,48,3,True,2.0
frozen,int2float,2,61,47,3,True,47,3,True,6.0
frozen,int2float,2,62,49,3,True,46,4,False,-1.0
frozen,int2float,2,63,49,3,True,50,3,True,3.0
frozen,int2float,2,64,48,3,True,48,3,True,5.0
frozen,int2float,2,65,48,3,True,48,3,True,5.0
frozen,int2float,2,66,47,3,True,47,3,True,6.0
frozen,int2float,2,67,47,3,True,47,3,True,5.0
frozen,int2float,2,68,47,3,True,47,3,True,6.0
frozen,int2float,2,69,47,3,True,47,3,True,5.0
frozen,int2float,2,70,49,3,True,54,3,True,-3.0
frozen,int2float,2,71,46,3,True,47,3,True,5.0
frozen,int2float,2,72,49,3,True,50,3,True,-3.0
frozen,int2float,2,73,47,3,True,47,3,True,3.0
frozen,int2float,2,74,46,3,True,46,3,True,9.0
frozen,int2float,2,75,47,3,True,48,3,True,3.0
frozen,int2float,2,76,49,3,True,49,3,True,2.0
frozen,int2float,2,77,49,3,True,52,4,False,-2.0
frozen,int2float,2,78,49,3,True,49,3,True,2.0
frozen,int2float,2,79,49,3,True,49,3,True,0.0
frozen,int2float,2,80,49,3,True,51,3,True,4.0
frozen,int2float,2,81,48,3,True,48,3,True,5.0
frozen,int2float,2,82,49,3,True,45,4,False,1.0
frozen,int2float,2,83,49,3,True,50,3,True,-1.0
frozen,int2float,2,84,48,3,True,48,3,True,2.0
frozen,int2float,2,85,47,3,True,47,3,True,-1.0
frozen,int2float,2,86,49,3,True,49,3,True,2.0
frozen,int2float,2,87,49,3,True,44,4,False,1.0
frozen,int2float,2,88,49,3,True,44,4,False,1.0
frozen,int2float,2,89,47,3,True,46,4,False,4.0
frozen,int2float,2,90,49,3,True,49,3,True,0.0
frozen,int2float,2,91,45,3,True,45,3,True,5.0
frozen,int2float,2,92,49,3,True,49,3,True,2.0
frozen,int2float,2,93,48,3,True,48,3,True,0.0
frozen,int2float,2,94,49,3,True,50,3,True,-1.0
frozen,int2float,2,95,45,3,True,46,3,True,5.0
frozen,int2float,2,96,47,3,True,46,4,False,0.0
frozen,int2float,2,97,48,3,True,48,3,True,2.0
frozen,int2float,2,98,48,3,True,48,3,True,0.0
frozen,int2float,2,99,46,3,True,46,3,True,2.0
frozen,int2float,2,100,49,3,True,46,4,False,-1.0
frozen,int2float,2,101,49,3,True,46,4,False,-1.0
frozen,int2float,2,102,48,3,True,48,3,True,5.0
frozen,int2float,2,103,49,3,True,49,3,True,2.0
frozen,int2float,2,104,49,3,True,42,4,False,-1.0
frozen,int2float,2,105,49,3,True,51,4,False,-1.0
frozen,int2float,2,106,47,3,True,47,3,True,5.0
frozen,int2float,2,107,49,3,True,45,4,False,-2.0
frozen,int2float,2,108,49,3,True,51,3,True,-2.0
frozen,int2float,2,109,48,3,True,48,3,True,3.0
frozen,int2float,2,110,47,3,True,47,3,True,6.0
frozen,int2float,2,111,49,3,True,51,3,True,1.0
frozen,int2float,2,112,49,3,True,45,4,False,3.0
frozen,int2float,2,113,49,3,True,47,4,False,-2.0
frozen,int2float,2,114,48,3,True,48,3,True,2.0
frozen,int2float,2,115,48,3,True,48,3,True,3.0
frozen,int2float,2,116,48,3,True,49,3,True,4.0
frozen,int2float,2,117,48,3,True,48,3,True,5.0
frozen,int2float,2,118,47,3,True,47,3,True,2.0
frozen,int2float,2,119,49,3,True,49,3,True,0.0
frozen,int2float,2,120,48,3,True,48,3,True,1.0
frozen,int2float,2,121,49,3,True,49,3,True,2.0
frozen,int2float,2,122,47,3,True,47,3,True,5.0
frozen,int2float,2,123,49,3,True,49,3,True,0.0
frozen,int2float,2,124,49,3,True,47,4,False,-3.0
frozen,int2float,2,125,47,3,True,47,3,True,3.0
frozen,int2float,2,126,49,3,True,51,3,True,-1.0
frozen,int2float,2,127,48,3,True,48,3,True,2.0
frozen,int2float,2,128,47,3,True,47,3,True,3.0
frozen,int2float,2,129,48,3,True,48,3,True,4.0
frozen,int2float,2,130,47,3,True,47,3,True,6.0
frozen,int2float,2,131,48,3,True,48,3,True,4.0
frozen,int2float,2,132,49,3,True,44,4,False,1.0
frozen,int2float,2,133,49,3,True,45,4,False,3.0
frozen,int2float,2,134,49,3,True,49,3,True,2.0
frozen,int2float,2,135,48,3,True,48,3,True,0.0
frozen,int2float,2,136,48,3,True,48,3,True,5.0
frozen,int2float,2,137,47,3,True,47,3,True,0.0
frozen,int2float,2,138,49,3,True,53,3,True,-3.0
frozen,int2float,2,139,48,3,True,45,4,False,4.0
frozen,int2float,2,140,49,3,True,45,4,False,1.0
frozen,int2float,2,141,49,3,True,50,3,True,0.0
frozen,int2float,2,142,48,3,True,48,3,True,4.0
frozen,int2float,2,143,49,3,True,49,3,True,2.0
frozen,int2float,2,144,46,3,True,46,3,True,6.0
frozen,int2float,2,145,47,3,True,47,3,True,-2.0
frozen,int2float,2,146,46,3,True,46,3,True,8.0
frozen,int2float,2,147,48,3,True,48,3,True,5.0
frozen,int2float,2,148,49,3,True,49,3,True,0.0
frozen,int2float,2,149,48,3,True,48,3,True,2.0
frozen,int2float,2,150,49,3,True,47,4,False,0.0
frozen,int2float,2,151,49,3,True,49,3,True,2.0
frozen,int2float,2,152,46,3,True,47,3,True,5.0
frozen,int2float,2,153,47,3,True,47,3,True,1.0
frozen,int2float,2,154,49,3,True,49,3,True,2.0
frozen,int2float,2,155,48,3,True,48,3,True,2.0
frozen,int2float,2,156,46,3,True,46,3,True,6.0
frozen,int2float,2,157,48,3,True,47,4,False,4.0
frozen,int2float,2,158,49,3,True,50,3,True,0.0
frozen,int2float,2,159,46,3,True,48,3,True,4.0
frozen,int2float,2,160,47,3,True,48,3,True,2.0
frozen,int2float,2,161,45,3,True,44,4,False,4.0
frozen,int2float,2,162,49,3,True,52,3,True,1.0
frozen,int2float,2,163,48,3,True,48,3,True,4.0
frozen,int2float,2,164,48,3,True,46,4,False,2.0
frozen,int2float,2,165,48,3,True,48,3,True,4.0
frozen,int2float,2,166,49,3,True,50,3,True,-1.0
frozen,int2float,2,167,48,3,True,48,3,True,4.0
frozen,int2float,2,168,49,3,True,46,4,False,-1.0
frozen,int2float,2,169,48,3,True,48,3,True,3.0
frozen,int2float,2,170,49,3,True,50,3,True,4.0
frozen,int2float,2,171,47,3,True,48,3,True,5.0
frozen,int2float,2,172,49,3,True,47,4,False,-1.0
frozen,int2float,2,173,45,3,True,45,3,True,8.0
frozen,int2float,2,174,49,3,True,51,3,True,1.0
frozen,int2float,2,175,49,3,True,50,3,True,-4.0
frozen,int2float,2,176,49,3,True,49,3,True,2.0
frozen,int2float,2,177,48,3,True,48,3,True,0.0
frozen,int2float,2,178,49,3,True,49,3,True,2.0
frozen,int2float,2,179,49,3,True,49,3,True,4.0
frozen,int2float,2,180,47,3,True,47,3,True,5.0
frozen,int2float,2,181,48,3,True,48,3,True,4.0
frozen,int2float,2,182,46,3,True,46,3,True,5.0
frozen,int2float,2,183,46,3,True,47,3,True,5.0
frozen,int2float,2,184,49,3,True,50,3,True,2.0
frozen,int2float,2,185,48,3,True,48,3,True,2.0
frozen,int2float,2,186,47,3,True,48,3,True,4.0
frozen,int2float,2,187,46,3,True,46,3,True,9.0
frozen,int2float,2,188,48,3,True,48,3,True,3.0
frozen,int2float,2,189,46,3,True,46,3,True,3.0
frozen,int2float,2,190,47,3,True,48,3,True,5.0
frozen,int2float,2,191,47,3,True,47,3,True,6.0
frozen,int2float,2,192,47,3,True,47,3,True,3.0
frozen,int2float,2,193,49,3,True,51,3,True,-3.0
frozen,int2float,2,194,47,3,True,47,3,True,6.0
frozen,int2float,2,195,48,3,True,49,3,True,-1.0
frozen,int2float,2,196,49,3,True,49,3,True,2.0
frozen,int2float,2,197,48,3,True,50,3,True,1.0
frozen,int2float,2,198,47,3,True,47,3,True,5.0
frozen,int2float,2,199,49,3,True,49,3,True,2.0
frozen,int2float,2,200,45,3,True,45,3,True,1.0
frozen,i2c,0,1,321,4,True,321,4,True,15.0
frozen,i2c,0,2,330,4,True,330,4,True,6.0
frozen,i2c,0,3,335,4,True,335,4,True,9.0
frozen,i2c,0,4,337,4,True,340,4,True,4.0
frozen,i2c,0,5,329,4,True,329,4,True,11.0
frozen,i2c,0,6,320,4,True,321,4,True,5.0
frozen,i2c,0,7,328,4,True,328,4,True,11.0
frozen,i2c,0,8,325,4,True,325,4,True,15.0
frozen,i2c,0,9,339,4,True,339,4,True,8.0
frozen,i2c,0,10,328,4,True,328,4,True,11.0
frozen,i2c,0,11,312,4,True,312,4,True,15.0
frozen,i2c,0,12,331,4,True,331,4,True,8.0
frozen,i2c,0,13,319,4,True,319,4,True,8.0
frozen,i2c,0,14,324,4,True,324,4,True,15.0
frozen,i2c,0,15,325,4,True,325,4,True,11.0
frozen,i2c,0,16,337,4,True,337,4,True,12.0
frozen,i2c,0,17,342,4,True,342,4,True,8.0
frozen,i2c,0,18,335,4,True,335,4,True,7.0
frozen,i2c,0,19,354,4,True,354,4,True,8.0
frozen,i2c,0,20,325,4,True,325,4,True,8.0
frozen,i2c,0,21,347,4,True,348,4,True,7.0
frozen,i2c,0,22,322,4,True,322,4,True,15.0
frozen,i2c,0,23,323,4,True,323,4,True,15.0
frozen,i2c,0,24,335,4,True,335,4,True,8.0
frozen,i2c,0,25,323,4,True,323,4,True,12.0
frozen,i2c,0,26,322,4,True,322,4,True,12.0
frozen,i2c,0,27,325,4,True,325,4,True,12.0
frozen,i2c,0,28,320,4,True,320,4,True,15.0
frozen,i2c,0,29,331,4,True,331,4,True,8.0
frozen,i2c,0,30,328,4,True,328,4,True,11.0
frozen,i2c,0,31,328,4,True,332,4,True,11.0
frozen,i2c,0,32,324,4,True,324,4,True,15.0
frozen,i2c,0,33,325,4,True,325,4,True,11.0
frozen,i2c,0,34,333,4,True,333,4,True,11.0
frozen,i2c,0,35,335,4,True,335,4,True,9.0
frozen,i2c,0,36,351,4,True,352,4,True,7.0
frozen,i2c,0,37,323,4,True,323,4,True,15.0
frozen,i2c,0,38,323,4,True,323,4,True,12.0
frozen,i2c,0,39,321,4,True,321,4,True,12.0
frozen,i2c,0,40,329,4,True,334,4,True,7.0
frozen,i2c,0,41,326,4,True,326,4,True,12.0
frozen,i2c,0,42,333,4,True,333,4,True,15.0
frozen,i2c,0,43,334,4,True,335,4,True,11.0
frozen,i2c,0,44,327,4,True,327,4,True,11.0
frozen,i2c,0,45,318,4,True,319,4,True,8.0
frozen,i2c,0,46,325,4,True,325,4,True,11.0
frozen,i2c,0,47,333,4,True,338,4,True,7.0
frozen,i2c,0,48,316,4,True,316,4,True,15.0
frozen,i2c,0,49,323,4,True,323,4,True,9.0
frozen,i2c,0,50,322,4,True,322,4,True,12.0
frozen,i2c,0,51,335,4,True,336,4,True,11.0
frozen,i2c,0,52,333,4,True,335,4,True,11.0
frozen,i2c,0,53,341,4,True,341,4,True,15.0
frozen,i2c,0,54,320,4,True,320,4,True,12.0
frozen,i2c,0,55,330,4,True,330,4,True,8.0
frozen,i2c,0,56,316,4,True,316,4,True,7.0
frozen,i2c,0,57,338,4,True,338,4,True,15.0
frozen,i2c,0,58,318,4,True,318,4,True,12.0
frozen,i2c,0,59,351,4,True,351,4,True,8.0
frozen,i2c,0,60,333,4,True,333,4,True,11.0
frozen,i2c,0,61,335,4,True,335,4,True,8.0
frozen,i2c,0,62,327,4,True,331,4,True,11.0
frozen,i2c,0,63,314,4,True,314,4,True,15.0
frozen,i2c,0,64,340,4,True,340,4,True,5.0
frozen,i2c,0,65,342,4,True,343,4,True,5.0
frozen,i2c,0,66,322,4,True,322,4,True,8.0
frozen,i2c,0,67,321,4,True,321,4,True,11.0
frozen,i2c,0,68,328,4,True,328,4,True,15.0
frozen,i2c,0,69,330,4,True,330,4,True,12.0
frozen,i2c,0,70,330,4,True,330,4,True,11.0
frozen,i2c,0,71,344,4,True,344,4,True,8.0
frozen,i2c,0,72,324,4,True,324,4,True,11.0
frozen,i2c,0,73,324,4,True,324,4,True,9.0
frozen,i2c,0,74,314,4,True,314,4,True,15.0
frozen,i2c,0,75,330,4,True,330,4,True,12.0
frozen,i2c,0,76,335,4,True,335,4,True,8.0
frozen,i2c,0,77,330,4,True,330,4,True,8.0
frozen,i2c,0,78,331,4,True,331,4,True,9.0
frozen,i2c,0,79,321,4,True,330,4,True,11.0
frozen,i2c,0,80,321,4,True,323,4,True,11.0
frozen,i2c,0,81,314,4,True,314,4,True,12.0
frozen,i2c,0,82,325,4,True,325,4,True,15.0
frozen,i2c,0,83,336,4,True,336,4,True,11.0
frozen,i2c,0,84,329,4,True,332,4,True,11.0
frozen,i2c,0,85,320,4,True,320,4,True,12.0
frozen,i2c,0,86,327,4,True,329,4,True,8.0
frozen,i2c,0,87,320,4,True,320,4,True,12.0
frozen,i2c,0,88,340,4,True,340,4,True,12.0
frozen,i2c,0,89,317,4,True,317,4,True,11.0
frozen,i2c,0,90,324,4,True,324,4,True,6.0
frozen,i2c,0,91,330,4,True,330,4,True,12.0
frozen,i2c,0,92,329,4,True,329,4,True,15.0
frozen,i2c,0,93,332,4,True,334,4,True,8.0
frozen,i2c,0,94,335,4,True,335,4,True,12.0
frozen,i2c,0,95,318,4,True,318,4,True,11.0
frozen,i2c,0,96,321,4,True,326,4,True,11.0
frozen,i2c,0,97,323,4,True,325,4,True,11.0
frozen,i2c,0,98,325,4,True,325,4,True,15.0
frozen,i2c,0,99,329,4,True,329,4,True,12.0
frozen,i2c,0,100,342,4,True,343,4,True,11.0
frozen,i2c,0,101,329,4,True,334,4,True,5.0
frozen,i2c,0,102,333,4,True,338,4,True,8.0
frozen,i2c,0,103,312,4,True,320,4,True,11.0
frozen,i2c,0,104,332,4,True,334,4,True,8.0
frozen,i2c,0,105,333,4,True,333,4,True,12.0
frozen,i2c,0,106,331,4,True,331,4,True,8.0
frozen,i2c,0,107,325,4,True,325,4,True,8.0
frozen,i2c,0,108,323,4,True,323,4,True,12.0
frozen,i2c,0,109,338,4,True,338,4,True,11.0
frozen,i2c,0,110,323,4,True,323,4,True,12.0
frozen,i2c,0,111,332,4,True,338,4,True,11.0
frozen,i2c,0,112,344,4,True,347,4,True,7.0
frozen,i2c,0,113,335,4,True,338,4,True,7.0
frozen,i2c,0,114,320,4,True,320,4,True,11.0
frozen,i2c,0,115,324,4,True,325,4,True,11.0
frozen,i2c,0,116,326,4,True,326,4,True,11.0
frozen,i2c,0,117,329,4,True,329,4,True,12.0
frozen,i2c,0,118,317,4,True,323,4,True,11.0
frozen,i2c,0,119,338,4,True,338,4,True,4.0
frozen,i2c,0,120,319,4,True,323,4,True,11.0
frozen,i2c,0,121,325,4,True,325,4,True,12.0
frozen,i2c,0,122,323,4,True,323,4,True,12.0
frozen,i2c,0,123,322,4,True,322,4,True,8.0
frozen,i2c,0,124,316,4,True,316,4,True,8.0
frozen,i2c,0,125,341,4,True,341,4,True,9.0
frozen,i2c,0,126,321,4,True,321,4,True,11.0
frozen,i2c,0,127,318,4,True,318,4,True,8.0
frozen,i2c,0,128,323,4,True,323,4,True,12.0
frozen,i2c,0,129,326,4,True,326,4,True,8.0
frozen,i2c,0,130,321,4,True,321,4,True,12.0
frozen,i2c,0,131,319,4,True,319,4,True,8.0
frozen,i2c,0,132,326,4,True,327,4,True,8.0
frozen,i2c,0,133,329,4,True,334,4,True,7.0
frozen,i2c,0,134,322,4,True,322,4,True,11.0
frozen,i2c,0,135,312,4,True,312,4,True,11.0
frozen,i2c,0,136,337,4,True,337,4,True,15.0
frozen,i2c,0,137,342,4,True,343,4,True,8.0
frozen,i2c,0,138,331,4,True,331,4,True,9.0
frozen,i2c,0,139,338,4,True,338,4,True,7.0
frozen,i2c,0,140,320,4,True,323,4,True,4.0
frozen,i2c,0,141,346,4,True,346,4,True,8.0
frozen,i2c,0,142,330,4,True,330,4,True,7.0
frozen,i2c,0,143,320,4,True,323,4,True,5.0
frozen,i2c,0,144,320,4,True,321,4,True,5.0
frozen,i2c,0,145,325,4,True,325,4,True,8.0
frozen,i2c,0,146,322,4,True,326,4,True,7.0
frozen,i2c,0,147,330,4,True,333,4,True,11.0
frozen,i2c,0,148,325,4,True,327,4,True,7.0
frozen,i2c,0,149,327,4,True,327,4,True,8.0
frozen,i2c,0,150,335,4,True,335,4,True,6.0
frozen,i2c,0,151,325,4,True,325,4,True,11.0
frozen,i2c,0,152,323,4,True,323,4,True,9.0
frozen,i2c,0,153,322,4,True,322,4,True,15.0
frozen,i2c,0,154,330,4,True,330,4,True,11.0
frozen,i2c,0,155,321,4,True,323,4,True,11.0
frozen,i2c,0,156,329,4,True,329,4,True,7.0
frozen,i2c,0,157,321,4,True,323,4,True,11.0
frozen,i2c,0,158,321,4,True,321,4,True,15.0
frozen,i2c,0,159,333,4,True,333,4,True,11.0
frozen,i2c,0,160,332,4,True,332,4,True,11.0
frozen,i2c,0,161,329,4,True,329,4,True,15.0
frozen,i2c,0,162,330,4,True,330,4,True,12.0
frozen,i2c,0,163,330,4,True,333,4,True,11.0
frozen,i2c,0,164,316,4,True,316,4,True,15.0
frozen,i2c,0,165,317,4,True,317,4,True,11.0
frozen,i2c,0,166,325,4,True,325,4,True,12.0
frozen,i2c,0,167,340,4,True,340,4,True,8.0
frozen,i2c,0,168,324,4,True,333,4,True,7.0
frozen,i2c,0,169,326,4,True,326,4,True,15.0
frozen,i2c,0,170,333,4,True,333,4,True,9.0
frozen,i2c,0,171,313,4,True,313,4,True,8.0
frozen,i2c,0,172,319,4,True,319,4,True,15.0
frozen,i2c,0,173,338,4,True,338,4,True,15.0
frozen,i2c,0,174,316,4,True,316,4,True,12.0
frozen,i2c,0,175,319,4,True,319,4,True,7.0
frozen,i2c,0,176,327,4,True,327,4,True,15.0
frozen,i2c,0,177,343,4,True,343,4,True,15.0
frozen,i2c,0,178,326,4,True,326,4,True,11.0
frozen,i2c,0,179,333,4,True,336,4,True,7.0
frozen,i2c,0,180,319,4,True,319,4,True,15.0
frozen,i2c,0,181,321,4,True,321,4,True,15.0
frozen,i2c,0,182,329,4,True,333,4,True,8.0
frozen,i2c,0,183,323,4,True,323,4,True,12.0
frozen,i2c,0,184,327,4,True,327,4,True,15.0
frozen,i2c,0,185,336,4,True,336,4,True,15.0
frozen,i2c,0,186,321,4,True,321,4,True,12.0
frozen,i2c,0,187,324,4,True,324,4,True,6.0
frozen,i2c,0,188,316,4,True,316,4,True,8.0
frozen,i2c,0,189,334,4,True,334,4,True,12.0
frozen,i2c,0,190,315,4,True,315,4,True,11.0
frozen,i2c,0,191,332,4,True,340,4,True,7.0
frozen,i2c,0,192,326,4,True,328,4,True,8.0
frozen,i2c,0,193,318,4,True,318,4,True,8.0
frozen,i2c,0,194,340,4,True,340,4,True,8.0
frozen,i2c,0,195,338,4,True,338,4,True,15.0
frozen,i2c,0,196,327,4,True,327,4,True,11.0
frozen,i2c,0,197,328,4,True,328,4,True,11.0
frozen,i2c,0,198,345,4,True,345,4,True,11.0
frozen,i2c,0,199,341,4,True,344,4,True,3.0
frozen,i2c,0,200,322,4,True,325,4,True,7.0
frozen,i2c,1,1,338,4,True,338,4,True,8.0
frozen,i2c,1,2,344,4,True,347,4,True,11.0
frozen,i2c,1,3,339,4,True,339,4,True,8.0
frozen,i2c,1,4,326,4,True,327,4,True,5.0
frozen,i2c,1,5,327,4,True,327,4,True,7.0
frozen,i2c,1,6,331,4,True,333,4,True,11.0
frozen,i2c,1,7,323,4,True,323,4,True,11.0
frozen,i2c,1,8,323,4,True,323,4,True,9.0
frozen,i2c,1,9,323,4,True,323,4,True,9.0
frozen,i2c,1,10,321,4,True,321,4,True,11.0
frozen,i2c,1,11,325,4,True,326,4,True,8.0
frozen,i2c,1,12,332,4,True,332,4,True,11.0
frozen,i2c,1,13,321,4,True,321,4,True,12.0
frozen,i2c,1,14,337,4,True,337,4,True,8.0
frozen,i2c,1,15,347,4,True,349,4,True,4.0
frozen,i2c,1,16,349,4,True,349,4,True,6.0
frozen,i2c,1,17,333,4,True,333,4,True,8.0
frozen,i2c,1,18,337,4,True,337,4,True,5.0
frozen,i2c,1,19,344,4,True,344,4,True,8.0
frozen,i2c,1,20,364,4,True,366,4,True,5.0
frozen,i2c,1,21,327,4,True,328,4,True,8.0
frozen,i2c,1,22,327,4,True,327,4,True,9.0
frozen,i2c,1,23,337,4,True,337,4,True,8.0
frozen,i2c,1,24,322,4,True,323,4,True,11.0
frozen,i2c,1,25,330,4,True,330,4,True,8.0
frozen,i2c,1,26,322,4,True,322,4,True,12.0
frozen,i2c,1,27,331,4,True,331,4,True,9.0
frozen,i2c,1,28,340,4,True,340,4,True,7.0
frozen,i2c,1,29,331,4,True,331,4,True,11.0
frozen,i2c,1,30,332,4,True,336,4,True,7.0
frozen,i2c,1,31,326,4,True,326,4,True,15.0
frozen,i2c,1,32,327,4,True,328,4,True,8.0
frozen,i2c,1,33,333,4,True,335,4,True,8.0
frozen,i2c,1,34,324,4,True,324,4,True,12.0
frozen,i2c,1,35,324,4,True,324,4,True,11.0
frozen,i2c,1,36,346,4,True,346,4,True,7.0
frozen,i2c,1,37,336,4,True,336,4,True,15.0
frozen,i2c,1,38,326,4,True,326,4,True,9.0
frozen,i2c,1,39,336,4,True,336,4,True,15.0
frozen,i2c,1,40,327,4,True,327,4,True,12.0
frozen,i2c,1,41,330,4,True,330,4,True,15.0
frozen,i2c,1,42,319,4,True,321,4,True,11.0
frozen,i2c,1,43,337,4,True,342,4,True,11.0
frozen,i2c,1,44,344,4,True,344,4,True,8.0
frozen,i2c,1,45,330,4,True,330,4,True,12.0
frozen,i2c,1,46,330,4,True,333,4,True,11.0
frozen,i2c,1,47,320,4,True,323,4,True,7.0
frozen,i2c,1,48,333,4,True,333,4,True,12.0
frozen,i2c,1,49,324,4,True,324,4,True,9.0
frozen,i2c,1,50,330,4,True,330,4,True,8.0
frozen,i2c,1,51,329,4,True,329,4,True,5.0
frozen,i2c,1,52,323,4,True,323,4,True,9.0
frozen,i2c,1,53,325,4,True,334,4,True,7.0
frozen,i2c,1,54,337,4,True,338,4,True,11.0
frozen,i2c,1,55,349,4,True,349,4,True,9.0
frozen,i2c,1,56,340,4,True,340,4,True,12.0
frozen,i2c,1,57,330,4,True,330,4,True,15.0
frozen,i2c,1,58,322,4,True,322,4,True,15.0
frozen,i2c,1,59,326,4,True,326,4,True,11.0
frozen,i2c,1,60,334,4,True,334,4,True,11.0
frozen,i2c,1,61,321,4,True,321,4,True,12.0
frozen,i2c,1,62,342,4,True,342,4,True,6.0
frozen,i2c,1,63,328,4,True,332,4,True,5.0
frozen,i2c,1,64,330,4,True,330,4,True,11.0
frozen,i2c,1,65,337,4,True,337,4,True,5.0
frozen,i2c,1,66,325,4,True,325,4,True,11.0
frozen,i2c,1,67,327,4,True,330,4,True,8.0
frozen,i2c,1,68,322,4,True,325,4,True,11.0
frozen,i2c,1,69,321,4,True,321,4,True,12.0
frozen,i2c,1,70,336,4,True,340,4,True,3.0
frozen,i2c,1,71,329,4,True,334,4,True,4.0
frozen,i2c,1,72,343,4,True,343,4,True,5.0
frozen,i2c,1,73,334,4,True,334,4,True,8.0
frozen,i2c,1,74,339,4,True,339,4,True,8.0
frozen,i2c,1,75,341,4,True,341,4,True,11.0
frozen,i2c,1,76,343,4,True,343,4,True,8.0
frozen,i2c,1,77,336,4,True,338,4,True,4.0
frozen,i2c,1,78,333,4,True,334,4,True,8.0
frozen,i2c,1,79,338,4,True,338,4,True,12.0
frozen,i2c,1,80,322,4,True,322,4,True,12.0
frozen,i2c,1,81,344,4,True,344,4,True,12.0
frozen,i2c,1,82,330,4,True,330,4,True,12.0
frozen,i2c,1,83,326,4,True,326,4,True,7.0
frozen,i2c,1,84,336,4,True,336,4,True,4.0
frozen,i2c,1,85,348,4,True,348,4,True,9.0
frozen,i2c,1,86,327,4,True,330,4,True,8.0
frozen,i2c,1,87,343,4,True,344,4,True,11.0
frozen,i2c,1,88,338,4,True,339,4,True,8.0
frozen,i2c,1,89,348,4,True,348,4,True,12.0
frozen,i2c,1,90,330,4,True,331,4,True,11.0
frozen,i2c,1,91,328,4,True,331,4,True,7.0
frozen,i2c,1,92,324,4,True,324,4,True,8.0
frozen,i2c,1,93,328,4,True,335,4,True,5.0
frozen,i2c,1,94,351,4,True,353,4,True,8.0
frozen,i2c,1,95,326,4,True,326,4,True,8.0
frozen,i2c,1,96,325,4,True,325,4,True,9.0
frozen,i2c,1,97,326,4,True,331,4,True,8.0
frozen,i2c,1,98,321,4,True,321,4,True,7.0
frozen,i2c,1,99,328,4,True,328,4,True,15.0
frozen,i2c,1,100,337,4,True,344,4,True,3.0
frozen,i2c,1,101,319,4,True,321,4,True,11.0
frozen,i2c,1,102,339,4,True,339,4,True,8.0
frozen,i2c,1,103,336,4,True,336,4,True,15.0
frozen,i2c,1,104,326,4,True,326,4,True,15.0
frozen,i2c,1,105,329,4,True,333,4,True,7.0
frozen,i2c,1,106,330,4,True,333,4,True,11.0
frozen,i2c,1,107,338,4,True,338,4,True,12.0
frozen,i2c,1,108,331,4,True,331,4,True,11.0
frozen,i2c,1,109,354,4,True,354,4,True,8.0
frozen,i2c,1,110,342,4,True,343,4,True,5.0
frozen,i2c,1,111,322,4,True,328,4,True,7.0
frozen,i2c,1,112,336,4,True,338,4,True,7.0
frozen,i2c,1,113,352,4,True,353,4,True,4.0
frozen,i2c,1,114,329,4,True,329,4,True,6.0
frozen,i2c,1,115,347,4,True,347,4,True,5.0
frozen,i2c,1,116,338,4,True,338,4,True,9.0
frozen,i2c,1,117,340,4,True,340,4,True,5.0
frozen,i2c,1,118,343,4,True,343,4,True,12.0
frozen,i2c,1,119,327,4,True,327,4,True,9.0
frozen,i2c,1,120,328,4,True,328,4,True,11.0
frozen,i2c,1,121,332,4,True,332,4,True,8.0
frozen,i2c,1,122,326,4,True,326,4,True,8.0
frozen,i2c,1,123,337,4,True,341,4,True,4.0
frozen,i2c,1,124,335,4,True,335,4,True,12.0
frozen,i2c,1,125,320,4,True,320,4,True,12.0
frozen,i2c,1,126,328,4,True,328,4,True,6.0
frozen,i2c,1,127,333,4,True,333,4,True,11.0
frozen,i2c,1,128,325,4,True,325,4,True,8.0
frozen,i2c,1,129,330,4,True,330,4,True,12.0
frozen,i2c,1,130,335,4,True,335,4,True,8.0
frozen,i2c,1,131,341,4,True,342,4,True,8.0
frozen,i2c,1,132,333,4,True,334,4,True,8.0
frozen,i2c,1,133,333,4,True,333,4,True,11.0
frozen,i2c,1,134,328,4,True,330,4,True,4.0
frozen,i2c,1,135,333,4,True,333,4,True,8.0
frozen,i2c,1,136,329,4,True,329,4,True,8.0
frozen,i2c,1,137,330,4,True,330,4,True,11.0
frozen,i2c,1,138,326,4,True,327,4,True,5.0
frozen,i2c,1,139,326,4,True,326,4,True,11.0
frozen,i2c,1,140,320,4,True,323,4,True,8.0
frozen,i2c,1,141,344,4,True,344,4,True,11.0
frozen,i2c,1,142,333,4,True,333,4,True,7.0
frozen,i2c,1,143,325,4,True,325,4,True,8.0
frozen,i2c,1,144,329,4,True,335,4,True,11.0
frozen,i2c,1,145,336,4,True,336,4,True,8.0
frozen,i2c,1,146,353,4,True,356,4,True,5.0
frozen,i2c,1,147,329,4,True,329,4,True,8.0
frozen,i2c,1,148,333,4,True,333,4,True,7.0
frozen,i2c,1,149,336,4,True,336,4,True,9.0
frozen,i2c,1,150,324,4,True,324,4,True,12.0
frozen,i2c,1,151,329,4,True,329,4,True,11.0
frozen,i2c,1,152,326,4,True,326,4,True,9.0
frozen,i2c,1,153,323,4,True,323,4,True,12.0
frozen,i2c,1,154,319,4,True,320,4,True,11.0
frozen,i2c,1,155,336,4,True,336,4,True,7.0
frozen,i2c,1,156,324,4,True,324,4,True,11.0
frozen,i2c,1,157,337,4,True,337,4,True,12.0
frozen,i2c,1,158,346,4,True,346,4,True,7.0
frozen,i2c,1,159,342,4,True,342,4,True,11.0
frozen,i2c,1,160,326,4,True,326,4,True,8.0
frozen,i2c,1,161,325,4,True,325,4,True,15.0
frozen,i2c,1,162,328,4,True,328,4,True,15.0
frozen,i2c,1,163,347,4,True,347,4,True,8.0
frozen,i2c,1,164,326,4,True,332,4,True,4.0
frozen,i2c,1,165,328,4,True,328,4,True,8.0
frozen,i2c,1,166,336,4,True,336,4,True,12.0
frozen,i2c,1,167,326,4,True,326,4,True,15.0
frozen,i2c,1,168,324,4,True,327,4,True,7.0
frozen,i2c,1,169,349,4,True,350,4,True,8.0
frozen,i2c,1,170,330,4,True,330,4,True,15.0
frozen,i2c,1,171,335,4,True,335,4,True,7.0
frozen,i2c,1,172,336,4,True,336,4,True,7.0
frozen,i2c,1,173,324,4,True,324,4,True,9.0
frozen,i2c,1,174,348,4,True,354,4,True,7.0
frozen,i2c,1,175,352,4,True,355,4,True,4.0
frozen,i2c,1,176,321,4,True,321,4,True,15.0
frozen,i2c,1,177,327,4,True,327,4,True,5.0
frozen,i2c,1,178,364,4,True,371,4,True,3.0
frozen,i2c,1,179,335,4,True,335,4,True,12.0
frozen,i2c,1,180,327,4,True,327,4,True,15.0
frozen,i2c,1,181,336,4,True,336,4,True,11.0
frozen,i2c,1,182,337,4,True,337,4,True,5.0
frozen,i2c,1,183,335,4,True,336,4,True,7.0
frozen,i2c,1,184,336,4,True,336,4,True,11.0
frozen,i2c,1,185,333,4,True,333,4,True,9.0
frozen,i2c,1,186,332,4,True,332,4,True,5.0
frozen,i2c,1,187,342,4,True,342,4,True,8.0
frozen,i2c,1,188,337,4,True,337,4,True,9.0
frozen,i2c,1,189,328,4,True,329,4,True,5.0
frozen,i2c,1,190,330,4,True,330,4,True,11.0
frozen,i2c,1,191,322,4,True,322,4,True,15.0
frozen,i2c,1,192,326,4,True,326,4,True,6.0
frozen,i2c,1,193,328,4,True,329,4,True,11.0
frozen,i2c,1,194,341,4,True,341,4,True,9.0
frozen,i2c,1,195,321,4,True,321,4,True,9.0
frozen,i2c,1,196,314,4,True,314,4,True,12.0
frozen,i2c,1,197,330,4,True,330,4,True,11.0
frozen,i2c,1,198,325,4,True,326,4,True,8.0
frozen,i2c,1,199,320,4,True,320,4,True,12.0
frozen,i2c,1,200,329,4,True,330,4,True,7.0
frozen,i2c,2,1,331,4,True,331,4,True,8.0
frozen,i2c,2,2,324,4,True,326,4,True,7.0
frozen,i2c,2,3,331,4,True,331,4,True,11.0
frozen,i2c,2,4,336,4,True,336,4,True,9.0
frozen,i2c,2,5,352,4,True,353,4,True,8.0
frozen,i2c,2,6,326,4,True,326,4,True,15.0
frozen,i2c,2,7,337,4,True,338,4,True,7.0
frozen,i2c,2,8,331,4,True,332,4,True,7.0
frozen,i2c,2,9,322,4,True,326,4,True,7.0
frozen,i2c,2,10,318,4,True,324,4,True,4.0
frozen,i2c,2,11,326,4,True,326,4,True,11.0
frozen,i2c,2,12,330,4,True,330,4,True,15.0
frozen,i2c,2,13,342,4,True,345,4,True,11.0
frozen,i2c,2,14,323,4,True,323,4,True,15.0
frozen,i2c,2,15,332,4,True,332,4,True,8.0
frozen,i2c,2,16,327,4,True,328,4,True,8.0
frozen,i2c,2,17,322,4,True,325,4,True,11.0
frozen,i2c,2,18,325,4,True,325,4,True,15.0
frozen,i2c,2,19,349,4,True,357,4,True,7.0
frozen,i2c,2,20,316,4,True,316,4,True,12.0
frozen,i2c,2,21,326,4,True,326,4,True,9.0
frozen,i2c,2,22,340,4,True,340,4,True,12.0
frozen,i2c,2,23,325,4,True,325,4,True,15.0
frozen,i2c,2,24,326,4,True,326,4,True,6.0
frozen,i2c,2,25,330,4,True,330,4,True,11.0
frozen,i2c,2,26,325,4,True,325,4,True,15.0
frozen,i2c,2,27,337,4,True,337,4,True,5.0
frozen,i2c,2,28,327,4,True,327,4,True,9.0
frozen,i2c,2,29,334,4,True,334,4,True,12.0
frozen,i2c,2,30,322,4,True,322,4,True,12.0
frozen,i2c,2,31,334,4,True,334,4,True,11.0
frozen,i2c,2,32,333,4,True,333,4,True,11.0
frozen,i2c,2,33,331,4,True,331,4,True,12.0
frozen,i2c,2,34,349,4,True,354,4,True,5.0
frozen,i2c,2,35,341,4,True,341,4,True,9.0
frozen,i2c,2,36,320,4,True,322,4,True,4.0
frozen,i2c,2,37,332,4,True,332,4,True,11.0
frozen,i2c,2,38,339,4,True,341,4,True,8.0
frozen,i2c,2,39,329,4,True,333,4,True,7.0
frozen,i2c,2,40,333,4,True,333,4,True,7.0
frozen,i2c,2,41,326,4,True,326,4,True,15.0
frozen,i2c,2,42,324,4,True,324,4,True,8.0
frozen,i2c,2,43,342,4,True,342,4,True,9.0
frozen,i2c,2,44,325,4,True,325,4,True,11.0
frozen,i2c,2,45,321,4,True,321,4,True,15.0
frozen,i2c,2,46,326,4,True,326,4,True,15.0
frozen,i2c,2,47,320,4,True,321,4,True,5.0
frozen,i2c,2,48,320,4,True,322,4,True,11.0
frozen,i2c,2,49,325,4,True,325,4,True,12.0
frozen,i2c,2,50,352,4,True,352,4,True,8.0
frozen,i2c,2,51,336,4,True,336,4,True,9.0
frozen,i2c,2,52,337,4,True,337,4,True,11.0
frozen,i2c,2,53,333,4,True,333,4,True,11.0
frozen,i2c,2,54,314,4,True,314,4,True,11.0
frozen,i2c,2,55,335,4,True,335,4,True,9.0
frozen,i2c,2,56,333,4,True,333,4,True,11.0
frozen,i2c,2,57,335,4,True,335,4,True,5.0
frozen,i2c,2,58,324,4,True,324,4,True,15.0
frozen,i2c,2,59,349,4,True,351,4,True,7.0
frozen,i2c,2,60,337,4,True,337,4,True,11.0
frozen,i2c,2,61,334,4,True,340,4,True,11.0
frozen,i2c,2,62,321,4,True,322,4,True,8.0
frozen,i2c,2,63,326,4,True,327,4,True,8.0
frozen,i2c,2,64,335,4,True,339,4,True,4.0
frozen,i2c,2,65,331,4,True,331,4,True,15.0
frozen,i2c,2,66,336,4,True,336,4,True,12.0
frozen,i2c,2,67,324,4,True,324,4,True,11.0
frozen,i2c,2,68,338,4,True,338,4,True,11.0
frozen,i2c,2,69,342,4,True,342,4,True,8.0
frozen,i2c,2,70,330,4,True,330,4,True,15.0
frozen,i2c,2,71,336,4,True,336,4,True,8.0
frozen,i2c,2,72,335,4,True,344,4,True,11.0
frozen,i2c,2,73,329,4,True,333,4,True,7.0
frozen,i2c,2,74,330,4,True,330,4,True,11.0
frozen,i2c,2,75,318,4,True,318,4,True,11.0
frozen,i2c,2,76,342,4,True,342,4,True,6.0
frozen,i2c,2,77,331,4,True,331,4,True,15.0
frozen,i2c,2,78,335,4,True,335,4,True,5.0
frozen,i2c,2,79,324,4,True,324,4,True,9.0
frozen,i2c,2,80,315,4,True,315,4,True,11.0
frozen,i2c,2,81,331,4,True,332,4,True,11.0
frozen,i2c,2,82,337,4,True,337,4,True,11.0
frozen,i2c,2,83,325,4,True,326,4,True,11.0
frozen,i2c,2,84,331,4,True,332,4,True,8.0
frozen,i2c,2,85,326,4,True,326,4,True,11.0
frozen,i2c,2,86,348,4,True,348,4,True,12.0
frozen,i2c,2,87,326,4,True,326,4,True,12.0
frozen,i2c,2,88,323,4,True,327,4,True,11.0
frozen,i2c,2,89,328,4,True,328,4,True,11.0
frozen,i2c,2,90,325,4,True,326,4,True,8.0
frozen,i2c,2,91,325,4,True,325,4,True,7.0
frozen,i2c,2,92,329,4,True,329,4,True,15.0
frozen,i2c,2,93,314,4,True,314,4,True,11.0
frozen,i2c,2,94,334,4,True,334,4,True,15.0
frozen,i2c,2,95,330,4,True,330,4,True,15.0
frozen,i2c,2,96,332,4,True,332,4,True,8.0
frozen,i2c,2,97,330,4,True,330,4,True,11.0
frozen,i2c,2,98,314,4,True,314,4,True,11.0
frozen,i2c,2,99,320,4,True,325,4,True,5.0
frozen,i2c,2,100,329,4,True,337,4,True,4.0
frozen,i2c,2,101,321,4,True,321,4,True,9.0
frozen,i2c,2,102,337,4,True,337,4,True,9.0
frozen,i2c,2,103,329,4,True,329,4,True,15.0
frozen,i2c,2,104,323,4,True,323,4,True,11.0
frozen,i2c,2,105,322,4,True,330,4,True,7.0
frozen,i2c,2,106,338,4,True,339,4,True,11.0
frozen,i2c,2,107,322,4,True,322,4,True,11.0
frozen,i2c,2,108,334,4,True,334,4,True,5.0
frozen,i2c,2,109,344,4,True,345,4,True,7.0
frozen,i2c,2,110,341,4,True,341,4,True,8.0
frozen,i2c,2,111,321,4,True,321,4,True,12.0
frozen,i2c,2,112,318,4,True,319,4,True,8.0
frozen,i2c,2,113,325,4,True,325,4,True,8.0
frozen,i2c,2,114,326,4,True,328,4,True,5.0
frozen,i2c,2,115,344,4,True,345,4,True,8.0
frozen,i2c,2,116,323,4,True,324,4,True,11.0
frozen,i2c,2,117,326,4,True,326,4,True,12.0
frozen,i2c,2,118,327,4,True,327,4,True,11.0
frozen,i2c,2,119,325,4,True,325,4,True,11.0
frozen,i2c,2,120,310,4,True,310,4,True,11.0
frozen,i2c,2,121,325,4,True,326,4,True,8.0
frozen,i2c,2,122,333,4,True,333,4,True,8.0
frozen,i2c,2,123,319,4,True,320,4,True,7.0
frozen,i2c,2,124,319,4,True,324,4,True,11.0
frozen,i2c,2,125,325,4,True,328,4,True,7.0
frozen,i2c,2,126,322,4,True,322,4,True,11.0
frozen,i2c,2,127,328,4,True,328,4,True,15.0
frozen,i2c,2,128,325,4,True,328,4,True,7.0
frozen,i2c,2,129,338,4,True,338,4,True,11.0
frozen,i2c,2,130,325,4,True,326,4,True,8.0
frozen,i2c,2,131,328,4,True,333,4,True,8.0
frozen,i2c,2,132,321,4,True,321,4,True,12.0
frozen,i2c,2,133,322,4,True,325,4,True,7.0
frozen,i2c,2,134,321,4,True,322,4,True,11.0
frozen,i2c,2,135,326,4,True,326,4,True,12.0
frozen,i2c,2,136,321,4,True,321,4,True,12.0
frozen,i2c,2,137,331,4,True,331,4,True,11.0
frozen,i2c,2,138,335,4,True,335,4,True,15.0
frozen,i2c,2,139,327,4,True,327,4,True,15.0
frozen,i2c,2,140,324,4,True,324,4,True,6.0
frozen,i2c,2,141,314,4,True,314,4,True,15.0
frozen,i2c,2,142,340,4,True,340,4,True,11.0
frozen,i2c,2,143,334,4,True,334,4,True,11.0
frozen,i2c,2,144,329,4,True,332,4,True,8.0
frozen,i2c,2,145,322,4,True,322,4,True,12.0
frozen,i2c,2,146,335,4,True,335,4,True,11.0
frozen,i2c,2,147,330,4,True,331,4,True,11.0
frozen,i2c,2,148,322,4,True,322,4,True,12.0
frozen,i2c,2,149,329,4,True,329,4,True,11.0
frozen,i2c,2,150,338,4,True,342,4,True,11.0
frozen,i2c,2,151,324,4,True,324,4,True,12.0
frozen,i2c,2,152,334,4,True,335,4,True,11.0
frozen,i2c,2,153,334,4,True,334,4,True,8.0
frozen,i2c,2,154,337,4,True,340,4,True,1.0
frozen,i2c,2,155,316,4,True,316,4,True,15.0
frozen,i2c,2,156,329,4,True,329,4,True,15.0
frozen,i2c,2,157,330,4,True,330,4,True,15.0
frozen,i2c,2,158,322,4,True,322,4,True,11.0
frozen,i2c,2,159,331,4,True,331,4,True,11.0
frozen,i2c,2,160,322,4,True,322,4,True,11.0
frozen,i2c,2,161,320,4,True,320,4,True,15.0
frozen,i2c,2,162,320,4,True,320,4,True,11.0
frozen,i2c,2,163,339,4,True,339,4,True,11.0
frozen,i2c,2,164,326,4,True,326,4,True,8.0
frozen,i2c,2,165,334,4,True,334,4,True,11.0
frozen,i2c,2,166,326,4,True,326,4,True,9.0
frozen,i2c,2,167,321,4,True,321,4,True,15.0
frozen,i2c,2,168,330,4,True,330,4,True,8.0
frozen,i2c,2,169,320,4,True,320,4,True,12.0
frozen,i2c,2,170,323,4,True,323,4,True,11.0
frozen,i2c,2,171,330,4,True,330,4,True,12.0
frozen,i2c,2,172,322,4,True,322,4,True,8.0
frozen,i2c,2,173,325,4,True,325,4,True,11.0
frozen,i2c,2,174,337,4,True,338,4,True,4.0
frozen,i2c,2,175,322,4,True,325,4,True,11.0
frozen,i2c,2,176,334,4,True,334,4,True,15.0
frozen,i2c,2,177,317,4,True,317,4,True,11.0
frozen,i2c,2,178,337,4,True,337,4,True,7.0
frozen,i2c,2,179,325,4,True,325,4,True,12.0
frozen,i2c,2,180,329,4,True,332,4,True,7.0
frozen,i2c,2,181,332,4,True,332,4,True,7.0
frozen,i2c,2,182,326,4,True,332,4,True,7.0
frozen,i2c,2,183,327,4,True,327,4,True,15.0
frozen,i2c,2,184,318,4,True,318,4,True,12.0
frozen,i2c,2,185,330,4,True,330,4,True,11.0
frozen,i2c,2,186,326,4,True,326,4,True,8.0
frozen,i2c,2,187,330,4,True,333,4,True,11.0
frozen,i2c,2,188,350,4,True,352,4,True,8.0
frozen,i2c,2,189,323,4,True,323,4,True,11.0
frozen,i2c,2,190,351,4,True,351,4,True,7.0
frozen,i2c,2,191,342,4,True,342,4,True,9.0
frozen,i2c,2,192,329,4,True,332,4,True,7.0
frozen,i2c,2,193,329,4,True,329,4,True,11.0
frozen,i2c,2,194,338,4,True,338,4,True,4.0
frozen,i2c,2,195,331,4,True,332,4,True,11.0
frozen,i2c,2,196,336,4,True,336,4,True,11.0
frozen,i2c,2,197,333,4,True,333,4,True,8.0
frozen,i2c,2,198,343,4,True,343,4,True,5.0
frozen,i2c,2,199,317,4,True,317,4,True,15.0
frozen,i2c,2,200,314,4,True,314,4,True,11.0
frozen,max,0,1,782,42,False,779,43,False,3.0
frozen,max,0,2,782,42,False,782,42,False,4.0
frozen,max,0,3,842,56,False,842,56,False,0.0
frozen,max,0,4,826,46,False,826,46,False,5.0
frozen,max,0,5,791,42,False,791,42,False,6.0
frozen,max,0,6,842,56,False,842,56,False,0.0
frozen,max,0,7,797,41,True,797,41,True,3.0
frozen,max,0,8,769,44,False,784,45,False,0.0
frozen,max,0,9,827,46,False,827,46,False,5.0
frozen,max,0,10,800,49,False,800,49,False,0.0
frozen,max,0,11,842,56,False,842,57,False,-1.0
frozen,max,0,12,792,50,False,794,50,False,0.0
frozen,max,0,13,842,56,False,842,57,False,-1.0
frozen,max,0,14,769,44,False,769,44,False,3.0
frozen,max,0,15,769,44,False,769,44,False,3.0
frozen,max,0,16,769,44,False,769,44,False,3.0
frozen,max,0,17,828,46,False,837,47,False,0.0
frozen,max,0,18,827,46,False,827,46,False,5.0
frozen,max,0,19,826,46,False,828,46,False,5.0
frozen,max,0,20,790,41,True,790,41,True,1.0
frozen,max,0,21,791,42,False,791,42,False,6.0
frozen,max,0,22,769,44,False,784,45,False,0.0
frozen,max,0,23,822,44,False,822,44,False,1.0
frozen,max,0,24,827,46,False,827,46,False,5.0
frozen,max,0,25,772,45,False,772,45,False,2.0
frozen,max,0,26,769,44,False,769,44,False,3.0
frozen,max,0,27,800,49,False,800,49,False,0.0
frozen,max,0,28,842,56,False,842,56,False,0.0
frozen,max,0,29,786,42,False,792,42,False,-3.0
frozen,max,0,30,828,46,False,842,47,False,0.0
frozen,max,0,31,769,44,False,769,44,False,3.0
frozen,max,0,32,769,44,False,784,45,False,0.0
frozen,max,0,33,779,43,False,769,44,False,2.0
frozen,max,0,34,791,42,False,791,42,False,6.0
frozen,max,0,35,842,56,False,842,56,False,0.0
frozen,max,0,36,826,46,False,833,46,False,1.0
frozen,max,0,37,768,43,False,768,43,False,0.0
frozen,max,0,38,779,46,False,779,46,False,2.0
frozen,max,0,39,782,42,False,782,42,False,4.0
frozen,max,0,40,782,42,False,782,42,False,4.0
frozen,max,0,41,769,44,False,788,45,False,0.0
frozen,max,0,42,828,46,False,842,47,False,0.0
frozen,max,0,43,769,44,False,784,45,False,0.0
frozen,max,0,44,791,42,False,791,42,False,6.0
frozen,max,0,45,842,56,False,849,57,False,-3.0
frozen,max,0,46,812,49,False,812,49,False,2.0
frozen,max,0,47,791,42,False,791,42,False,6.0
frozen,max,0,48,768,43,False,768,43,False,0.0
frozen,max,0,49,768,43,False,768,43,False,0.0
frozen,max,0,50,842,56,False,838,57,False,-1.0
frozen,max,0,51,792,41,True,792,41,True,1.0
frozen,max,0,52,842,56,False,838,57,False,-1.0
frozen,max,0,53,782,42,False,796,43,False,1.0
frozen,max,0,54,842,56,False,838,57,False,-1.0
frozen,max,0,55,764,42,False,764,42,False,3.0
frozen,max,0,56,812,49,False,812,49,False,2.0
frozen,max,0,57,782,42,False,788,44,False,0.0
frozen,max,0,58,842,56,False,838,57,False,-1.0
frozen,max,0,59,791,42,False,791,42,False,6.0
frozen,max,0,60,793,42,False,793,42,False,10.0
frozen,max,0,61,826,46,False,826,46,False,5.0
frozen,max,0,62,767,42,False,767,42,False,3.0
frozen,max,0,63,842,56,False,834,57,False,1.0
frozen,max,0,64,828,46,False,828,46,False,3.0
frozen,max,0,65,842,56,False,842,56,False,0.0
frozen,max,0,66,842,56,False,842,56,False,0.0
frozen,max,0,67,768,44,False,786,45,False,2.0
frozen,max,0,68,826,46,False,826,46,False,7.0
frozen,max,0,69,842,56,False,842,57,False,-1.0
frozen,max,0,70,791,42,False,791,42,False,6.0
frozen,max,0,71,826,46,False,826,46,False,7.0
frozen,max,0,72,768,44,False,769,44,False,3.0
frozen,max,0,73,782,42,False,782,42,False,4.0
frozen,max,0,74,769,42,False,769,42,False,2.0
frozen,max,0,75,782,42,False,791,42,False,2.0
frozen,max,0,76,768,44,False,768,44,False,5.0
frozen,max,0,77,828,46,False,842,47,False,0.0
frozen,max,0,78,768,44,False,786,45,False,2.0
frozen,max,0,79,782,42,False,791,42,False,2.0
frozen,max,0,80,769,44,False,767,46,False,-1.0
frozen,max,0,81,842,56,False,842,57,False,-1.0
frozen,max,0,82,826,46,False,826,46,False,5.0
frozen,max,0,83,826,46,False,826,46,False,7.0
frozen,max,0,84,779,43,False,779,43,False,3.0
frozen,max,0,85,842,56,False,842,56,False,0.0
frozen,max,0,86,769,44,False,784,45,False,0.0
frozen,max,0,87,800,49,False,800,49,False,0.0
frozen,max,0,88,791,42,False,794,42,False,4.0
frozen,max,0,89,767,43,False,782,43,False,0.0
frozen,max,0,90,842,56,False,842,56,False,0.0
frozen,max,0,91,769,44,False,784,45,False,0.0
frozen,max,0,92,768,44,False,768,44,False,5.0
frozen,max,0,93,800,49,False,800,49,False,0.0
frozen,max,0,94,769,44,False,769,44,False,3.0
frozen,max,0,95,790,42,False,775,43,False,2.0
frozen,max,0,96,782,42,False,782,42,False,6.0
frozen,max,0,97,769,42,False,769,42,False,2.0
frozen,max,0,98,842,56,False,838,57,False,-1.0
frozen,max,0,99,791,42,False,802,42,False,4.0
frozen,max,0,100,782,42,False,782,42,False,4.0
frozen,max,0,101,782,42,False,790,43,False,1.0
frozen,max,0,102,782,42,False,778,43,False,3.0
frozen,max,0,103,812,49,False,812,49,False,2.0
frozen,max,0,104,767,42,False,767,42,False,4.0
frozen,max,0,105,768,44,False,768,44,False,5.0
frozen,max,0,106,769,44,False,769,44,False,3.0
frozen,max,0,107,842,56,False,849,57,False,-3.0
frozen,max,0,108,800,49,False,800,49,False,0.0
frozen,max,0,109,827,46,False,827,46,False,5.0
frozen,max,0,110,767,43,False,783,43,False,-2.0
frozen,max,0,111,768,44,False,769,44,False,3.0
frozen,max,0,112,828,46,False,840,47,False,-2.0
frozen,max,0,113,776,42,False,776,42,False,4.0
frozen,max,0,114,768,44,False,768,44,False,5.0
frozen,max,0,115,767,43,False,782,43,False,1.0
frozen,max,0,116,791,42,False,791,42,False,6.0
frozen,max,0,117,842,56,False,842,56,False,0.0
frozen,max,0,118,790,42,False,790,42,False,3.0
frozen,max,0,119,828,46,False,828,46,False,3.0
frozen,max,0,120,767,43,False,767,43,False,0.0
frozen,max,0,121,782,42,False,791,42,False,2.0
frozen,max,0,122,842,56,False,838,57,False,-1.0
frozen,max,0,123,769,44,False,769,44,False,3.0
frozen,max,0,124,827,46,False,827,46,False,5.0
frozen,max,0,125,842,56,False,842,56,False,0.0
frozen,max,0,126,769,44,False,769,44,False,3.0
frozen,max,0,127,790,42,False,786,43,False,0.0
frozen,max,0,128,769,44,False,769,44,False,3.0
frozen,max,0,129,782,42,False,782,42,False,4.0
frozen,max,0,130,782,42,False,782,42,False,4.0
frozen,max,0,131,842,56,False,849,57,False,-3.0
frozen,max,0,132,768,44,False,768,44,False,5.0
frozen,max,0,133,782,42,False,791,42,False,2.0
frozen,max,0,134,791,42,False,791,42,False,8.0
frozen,max,0,135,842,56,False,838,57,False,-1.0
frozen,max,0,136,782,42,False,794,42,False,0.0
frozen,max,0,137,827,46,False,827,46,False,5.0
frozen,max,0,138,779,46,False,781,46,False,0.0
frozen,max,0,139,791,42,False,791,42,False,6.0
frozen,max,0,140,769,44,False,784,45,False,0.0
frozen,max,0,141,782,42,False,782,42,False,6.0
frozen,max,0,142,770,42,False,770,42,False,6.0
frozen,max,0,143,842,56,False,842,57,False,-1.0
frozen,max,0,144,767,42,False,769,42,False,1.0
frozen,max,0,145,842,56,False,849,57,False,-3.0
frozen,max,0,146,791,42,False,791,42,False,6.0
frozen,max,0,147,768,44,False,768,44,False,5.0
frozen,max,0,148,828,46,False,828,46,False,3.0
frozen,max,0,149,768,44,False,768,44,False,5.0
frozen,max,0,150,842,56,False,842,56,False,0.0
frozen,max,0,151,769,44,False,788,45,False,0.0
frozen,max,0,152,782,42,False,791,42,False,2.0
frozen,max,0,153,800,49,False,800,49,False,0.0
frozen,max,0,154,828,46,False,823,48,False,-3.0
frozen,max,0,155,842,56,False,849,57,False,-3.0
frozen,max,0,156,768,44,False,769,44,False,3.0
frozen,max,0,157,768,43,False,768,43,False,0.0
frozen,max,0,158,842,56,False,838,57,False,-1.0
frozen,max,0,159,791,42,False,794,42,False,6.0
frozen,max,0,160,790,42,False,783,43,False,2.0
frozen,max,0,161,769,44,False,769,44,False,3.0
frozen,max,0,162,782,42,False,791,42,False,2.0
frozen,max,0,163,769,44,False,784,45,False,0.0
frozen,max,0,164,768,43,False,768,43,False,0.0
frozen,max,0,165,842,56,False,842,56,False,0.0
frozen,max,0,166,842,56,False,842,56,False,0.0
frozen,max,0,167,782,42,False,782,42,False,4.0
frozen,max,0,168,782,42,False,782,42,False,4.0
frozen,max,0,169,782,41,True,782,41,True,2.0
frozen,max,0,170,800,49,False,800,49,False,0.0
frozen,max,0,171,768,43,False,772,43,False,-2.0
frozen,max,0,172,842,56,False,849,57,False,-3.0
frozen,max,0,173,792,42,False,792,42,False,10.0
frozen,max,0,174,801,49,False,801,49,False,0.0
frozen,max,0,175,842,56,False,834,57,False,1.0
frozen,max,0,176,791,42,False,791,42,False,6.0
frozen,max,0,177,791,42,False,791,42,False,6.0
frozen,max,0,178,791,42,False,791,42,False,6.0
frozen,max,0,179,782,42,False,782,42,False,4.0
frozen,max,0,180,769,44,False,784,45,False,0.0
frozen,max,0,181,770,42,False,770,42,False,6.0
frozen,max,0,182,782,42,False,794,42,False,0.0
frozen,max,0,183,842,56,False,849,57,False,-3.0
frozen,max,0,184,842,56,False,834,57,False,1.0
frozen,max,0,185,781,41,True,781,41,True,3.0
frozen,max,0,186,842,56,False,838,57,False,-1.0
frozen,max,0,187,842,56,False,849,57,False,-3.0
frozen,max,0,188,768,43,False,768,43,False,0.0
frozen,max,0,189,768,44,False,786,45,False,2.0
frozen,max,0,190,768,43,False,779,43,False,0.0
frozen,max,0,191,769,43,False,769,43,False,3.0
frozen,max,0,192,842,56,False,842,56,False,0.0
frozen,max,0,193,768,43,False,772,43,False,-2.0
frozen,max,0,194,826,46,False,828,46,False,5.0
frozen,max,0,195,791,42,False,791,42,False,6.0
frozen,max,0,196,769,44,False,769,44,False,3.0
frozen,max,0,197,826,46,False,811,47,False,4.0
frozen,max,0,198,791,42,False,791,42,False,6.0
frozen,max,0,199,793,42,False,793,42,False,8.0
frozen,max,0,200,842,56,False,849,57,False,-3.0
frozen,max,1,1,842,56,False,842,56,False,0.0
frozen,max,1,2,791,42,False,791,42,False,6.0
frozen,max,1,3,828,46,False,828,46,False,3.0
frozen,max,1,4,769,42,False,769,42,False,2.0
frozen,max,1,5,768,44,False,786,45,False,2.0
frozen,max,1,6,769,44,False,769,44,False,3.0
frozen,max,1,7,782,42,False,782,42,False,4.0
frozen,max,1,8,842,56,False,842,57,False,-1.0
frozen,max,1,9,790,42,False,790,42,False,3.0
frozen,max,1,10,768,43,False,779,43,False,0.0
frozen,max,1,11,842,56,False,842,57,False,-1.0
frozen,max,1,12,791,42,False,791,42,False,8.0
frozen,max,1,13,800,49,False,816,49,False,-2.0
frozen,max,1,14,828,46,False,828,46,False,3.0
frozen,max,1,15,791,42,False,805,42,False,4.0
frozen,max,1,16,769,44,False,769,44,False,3.0
frozen,max,1,17,782,42,False,782,42,False,4.0
frozen,max,1,18,842,56,False,842,56,False,0.0
frozen,max,1,19,826,46,False,826,46,False,5.0
frozen,max,1,20,826,46,False,826,46,False,5.0
frozen,max,1,21,769,44,False,769,44,False,3.0
frozen,max,1,22,769,44,False,769,44,False,3.0
frozen,max,1,23,842,56,False,842,56,False,0.0
frozen,max,1,24,768,43,False,783,43,False,-2.0
frozen,max,1,25,842,56,False,842,56,False,0.0
frozen,max,1,26,842,56,False,838,57,False,-1.0
frozen,max,1,27,842,56,False,842,57,False,-1.0
frozen,max,1,28,781,41,True,781,41,True,3.0
frozen,max,1,29,791,42,False,791,42,False,8.0
frozen,max,1,30,768,43,False,768,43,False,0.0
frozen,max,1,31,842,56,False,838,57,False,-1.0
frozen,max,1,32,791,42,False,791,42,False,6.0
frozen,max,1,33,842,56,False,842,56,False,0.0
frozen,max,1,34,769,44,False,769,44,False,3.0
frozen,max,1,35,767,43,False,767,43,False,0.0
frozen,max,1,36,791,42,False,795,42,False,4.0
frozen,max,1,37,768,44,False,767,46,False,1.0
frozen,max,1,38,842,56,False,842,57,False,-1.0
frozen,max,1,39,791,42,False,791,42,False,6.0
frozen,max,1,40,769,44,False,784,45,False,0.0
frozen,max,1,41,791,42,False,795,42,False,4.0
frozen,max,1,42,782,41,True,782,41,True,2.0
frozen,max,1,43,828,46,False,828,46,False,3.0
frozen,max,1,44,828,46,False,837,47,False,0.0
frozen,max,1,45,782,42,False,782,42,False,4.0
frozen,max,1,46,824,46,False,824,46,False,3.0
frozen,max,1,47,778,43,False,778,43,False,5.0
frozen,max,1,48,791,42,False,791,42,False,6.0
frozen,max,1,49,812,49,False,812,49,False,2.0
frozen,max,1,50,769,44,False,769,44,False,3.0
frozen,max,1,51,769,44,False,769,44,False,3.0
frozen,max,1,52,812,49,False,812,49,False,2.0
frozen,max,1,53,782,42,False,789,42,False,2.0
frozen,max,1,54,778,43,False,778,43,False,3.0
frozen,max,1,55,768,44,False,769,44,False,3.0
frozen,max,1,56,824,46,False,824,46,False,3.0
frozen,max,1,57,768,44,False,768,44,False,5.0
frozen,max,1,58,767,42,False,767,42,False,3.0
frozen,max,1,59,769,44,False,769,44,False,3.0
frozen,max,1,60,826,46,False,813,47,False,2.0
frozen,max,1,61,842,56,False,849,57,False,-3.0
frozen,max,1,62,842,56,False,842,56,False,0.0
frozen,max,1,63,842,56,False,842,56,False,0.0
frozen,max,1,64,827,46,False,827,46,False,5.0
frozen,max,1,65,842,56,False,842,56,False,0.0
frozen,max,1,66,767,42,False,785,42,False,1.0
frozen,max,1,67,782,42,False,782,42,False,4.0
frozen,max,1,68,767,43,False,767,43,False,0.0
frozen,max,1,69,842,56,False,842,57,False,-1.0
frozen,max,1,70,826,46,False,829,46,False,3.0
frozen,max,1,71,768,43,False,768,43,False,0.0
frozen,max,1,72,828,46,False,828,46,False,3.0
frozen,max,1,73,766,43,False,766,43,False,2.0
frozen,max,1,74,826,46,False,826,46,False,5.0
frozen,max,1,75,828,46,False,828,46,False,3.0
frozen,max,1,76,827,46,False,835,46,False,5.0
frozen,max,1,77,790,42,False,790,42,False,3.0
frozen,max,1,78,827,46,False,827,46,False,5.0
frozen,max,1,79,842,56,False,842,56,False,0.0
frozen,max,1,80,768,44,False,786,45,False,2.0
frozen,max,1,81,791,42,False,791,42,False,6.0
frozen,max,1,82,769,44,False,769,44,False,3.0
frozen,max,1,83,828,46,False,844,47,False,-2.0
frozen,max,1,84,791,42,False,791,42,False,6.0
frozen,max,1,85,782,42,False,791,42,False,2.0
frozen,max,1,86,782,42,False,782,42,False,4.0
frozen,max,1,87,827,46,False,827,46,False,5.0
frozen,max,1,88,767,43,False,767,43,False,3.0
frozen,max,1,89,791,42,False,791,42,False,6.0
frozen,max,1,90,800,49,False,800,49,False,0.0
frozen,max,1,91,782,42,False,782,42,False,6.0
frozen,max,1,92,842,56,False,849,57,False,-3.0
frozen,max,1,93,782,42,False,789,42,False,2.0
frozen,max,1,94,797,41,True,797,41,True,3.0
frozen,max,1,95,768,43,False,768,43,False,0.0
frozen,max,1,96,769,44,False,784,45,False,0.0
frozen,max,1,97,768,43,False,768,43,False,0.0
frozen,max,1,98,782,42,False,782,42,False,4.0
frozen,max,1,99,769,44,False,769,44,False,3.0
frozen,max,1,100,826,46,False,826,46,False,5.0
frozen,max,1,101,790,42,False,790,42,False,3.0
frozen,max,1,102,827,46,False,827,46,False,5.0
frozen,max,1,103,768,44,False,786,45,False,2.0
frozen,max,1,104,781,41,True,781,41,True,3.0
frozen,max,1,105,782,42,False,782,42,False,4.0
frozen,max,1,106,768,43,False,780,43,False,-2.0
frozen,max,1,107,768,44,False,786,45,False,2.0
frozen,max,1,108,791,42,False,791,42,False,6.0
frozen,max,1,109,826,46,False,826,46,False,7.0
frozen,max,1,110,842,56,False,842,56,False,0.0
frozen,max,1,111,812,49,False,812,49,False,2.0
frozen,max,1,112,826,46,False,826,46,False,5.0
frozen,max,1,113,793,42,False,793,42,False,8.0
frozen,max,1,114,782,42,False,782,42,False,6.0
frozen,max,1,115,791,42,False,795,42,False,4.0
frozen,max,1,116,782,42,False,791,42,False,2.0
frozen,max,1,117,827,46,False,827,46,False,5.0
frozen,max,1,118,768,43,False,768,43,False,0.0
frozen,max,1,119,766,43,False,766,43,False,3.0
frozen,max,1,120,782,42,False,782,42,False,4.0
frozen,max,1,121,778,42,False,778,42,False,1.0
frozen,max,1,122,828,46,False,842,47,False,0.0
frozen,max,1,123,827,46,False,827,46,False,5.0
frozen,max,1,124,767,43,False,767,43,False,3.0
frozen,max,1,125,842,56,False,838,57,False,-1.0
frozen,max,1,126,769,44,False,769,44,False,3.0
frozen,max,1,127,793,42,False,793,42,False,8.0
frozen,max,1,128,800,49,False,818,49,False,-4.0
frozen,max,1,129,842,56,False,842,56,False,0.0
frozen,max,1,130,828,46,False,828,46,False,3.0
frozen,max,1,131,782,42,False,782,42,False,4.0
frozen,max,1,132,800,49,False,800,49,False,0.0
frozen,max,1,133,793,42,False,793,42,False,8.0
frozen,max,1,134,768,44,False,768,44,False,5.0
frozen,max,1,135,842,56,False,842,56,False,0.0
frozen,max,1,136,842,56,False,842,56,False,0.0
frozen,max,1,137,791,42,False,791,42,False,6.0
frozen,max,1,138,779,46,False,779,46,False,2.0
frozen,max,1,139,812,49,False,812,49,False,2.0
frozen,max,1,140,768,43,False,772,43,False,-2.0
frozen,max,1,141,782,42,False,792,42,False,0.0
frozen,max,1,142,793,42,False,793,42,False,10.0
frozen,max,1,143,769,44,False,769,44,False,3.0
frozen,max,1,144,769,44,False,784,44,False,0.0
frozen,max,1,145,827,46,False,827,46,False,5.0
frozen,max,1,146,782,42,False,789,42,False,4.0
frozen,max,1,147,782,42,False,782,42,False,4.0
frozen,max,1,148,827,46,False,838,47,False,2.0
frozen,max,1,149,767,43,False,767,43,False,0.0
frozen,max,1,150,769,44,False,769,44,False,3.0
frozen,max,1,151,782,42,False,789,43,False,1.0
frozen,max,1,152,768,43,False,768,43,False,0.0
frozen,max,1,153,768,44,False,786,45,False,2.0
frozen,max,1,154,769,44,False,769,44,False,3.0
frozen,max,1,155,826,46,False,826,46,False,5.0
frozen,max,1,156,767,43,False,767,43,False,2.0
frozen,max,1,157,827,46,False,838,47,False,2.0
frozen,max,1,158,827,46,False,838,47,False,2.0
frozen,max,1,159,826,46,False,826,46,False,7.0
frozen,max,1,160,768,43,False,768,43,False,0.0
frozen,max,1,161,769,44,False,784,45,False,0.0
frozen,max,1,162,769,44,False,788,45,False,0.0
frozen,max,1,163,782,42,False,791,42,False,4.0
frozen,max,1,164,842,56,False,834,57,False,1.0
frozen,max,1,165,791,42,False,791,42,False,8.0
frozen,max,1,166,769,44,False,788,45,False,0.0
frozen,max,1,167,768,44,False,768,44,False,5.0
frozen,max,1,168,828,46,False,828,46,False,3.0
frozen,max,1,169,768,44,False,768,44,False,5.0
frozen,max,1,170,769,44,False,773,46,False,-1.0
frozen,max,1,171,791,42,False,791,42,False,6.0
frozen,max,1,172,827,46,False,827,46,False,5.0
frozen,max,1,173,769,44,False,769,44,False,3.0
frozen,max,1,174,782,42,False,782,42,False,4.0
frozen,max,1,175,791,42,False,795,42,False,4.0
frozen,max,1,176,768,44,False,768,44,False,5.0
frozen,max,1,177,768,43,False,768,43,False,0.0
frozen,max,1,178,828,46,False,833,46,False,3.0
frozen,max,1,179,791,42,False,795,42,False,4.0
frozen,max,1,180,767,42,False,769,42,False,1.0
frozen,max,1,181,790,42,False,790,42,False,3.0
frozen,max,1,182,828,46,False,828,46,False,3.0
frozen,max,1,183,791,42,False,791,42,False,6.0
frozen,max,1,184,826,46,False,826,46,False,5.0
frozen,max,1,185,769,44,False,769,44,False,4.0
frozen,max,1,186,792,50,False,792,50,False,2.0
frozen,max,1,187,779,43,False,762,44,False,4.0
frozen,max,1,188,767,43,False,767,43,False,2.0
frozen,max,1,189,842,56,False,842,56,False,0.0
frozen,max,1,190,768,43,False,772,43,False,-2.0
frozen,max,1,191,783,44,False,783,44,False,5.0
frozen,max,1,192,842,56,False,842,57,False,-1.0
frozen,max,1,193,842,56,False,842,57,False,-1.0
frozen,max,1,194,769,44,False,784,45,False,0.0
frozen,max,1,195,842,56,False,849,57,False,-3.0
frozen,max,1,196,842,56,False,833,57,False,3.0
frozen,max,1,197,791,42,False,795,42,False,4.0
frozen,max,1,198,769,44,False,769,44,False,3.0
frozen,max,1,199,782,42,False,782,42,False,4.0
frozen,max,1,200,768,44,False,769,44,False,3.0
frozen,max,2,1,790,42,False,790,42,False,3.0
frozen,max,2,2,769,44,False,784,45,False,0.0
frozen,max,2,3,842,56,False,838,57,False,-1.0
frozen,max,2,4,842,56,False,842,56,False,0.0
frozen,max,2,5,768,43,False,768,43,False,0.0
frozen,max,2,6,792,41,True,792,41,True,0.0
frozen,max,2,7,828,46,False,828,46,False,3.0
frozen,max,2,8,800,49,False,818,49,False,-2.0
frozen,max,2,9,782,42,False,789,42,False,2.0
frozen,max,2,10,801,49,False,801,49,False,0.0
frozen,max,2,11,768,44,False,768,44,False,5.0
frozen,max,2,12,827,46,False,828,47,False,4.0
frozen,max,2,13,791,42,False,791,42,False,6.0
frozen,max,2,14,767,43,False,767,43,False,3.0
frozen,max,2,15,773,43,False,773,43,False,5.0
frozen,max,2,16,842,56,False,842,57,False,-1.0
frozen,max,2,17,768,44,False,786,45,False,2.0
frozen,max,2,18,768,44,False,768,44,False,5.0
frozen,max,2,19,782,42,False,798,42,False,0.0
frozen,max,2,20,842,56,False,834,57,False,1.0
frozen,max,2,21,842,56,False,842,57,False,-1.0
frozen,max,2,22,791,42,False,799,42,False,2.0
frozen,max,2,23,842,56,False,842,57,False,-1.0
frozen,max,2,24,842,56,False,842,57,False,-1.0
frozen,max,2,25,791,42,False,795,42,False,4.0
frozen,max,2,26,791,42,False,791,42,False,6.0
frozen,max,2,27,791,42,False,791,42,False,6.0
frozen,max,2,28,782,42,False,782,42,False,4.0
frozen,max,2,29,826,46,False,826,46,False,5.0
frozen,max,2,30,790,45,False,790,45,False,1.0
frozen,max,2,31,791,42,False,791,42,False,8.0
frozen,max,2,32,826,46,False,826,46,False,5.0
frozen,max,2,33,791,42,False,791,42,False,6.0
frozen,max,2,34,782,42,False,782,42,False,4.0
frozen,max,2,35,842,56,False,842,56,False,0.0
frozen,max,2,36,767,42,False,768,42,False,1.0
frozen,max,2,37,791,42,False,791,42,False,6.0
frozen,max,2,38,767,42,False,767,42,False,8.0
frozen,max,2,39,782,42,False,791,42,False,2.0
frozen,max,2,40,842,56,False,842,56,False,0.0
frozen,max,2,41,769,44,False,788,45,False,0.0
frozen,max,2,42,769,44,False,769,44,False,3.0
frozen,max,2,43,842,56,False,842,56,False,0.0
frozen,max,2,44,768,44,False,786,45,False,2.0
frozen,max,2,45,842,56,False,838,57,False,-1.0
frozen,max,2,46,842,56,False,842,56,False,0.0
frozen,max,2,47,842,56,False,842,57,False,-1.0
frozen,max,2,48,790,42,False,790,42,False,3.0
frozen,max,2,49,842,56,False,842,56,False,0.0
frozen,max,2,50,826,46,False,833,46,False,3.0
frozen,max,2,51,842,56,False,842,56,False,0.0
frozen,max,2,52,826,46,False,835,46,False,3.0
frozen,max,2,53,791,42,False,791,42,False,6.0
frozen,max,2,54,800,49,False,806,49,False,-4.0
frozen,max,2,55,842,56,False,842,56,False,0.0
frozen,max,2,56,768,44,False,768,44,False,5.0
frozen,max,2,57,791,42,False,791,42,False,6.0
frozen,max,2,58,768,43,False,772,43,False,-2.0
frozen,max,2,59,791,42,False,791,42,False,8.0
frozen,max,2,60,791,42,False,794,42,False,6.0
frozen,max,2,61,826,46,False,829,46,False,3.0
frozen,max,2,62,842,56,False,849,57,False,-3.0
frozen,max,2,63,779,46,False,791,46,False,0.0
frozen,max,2,64,828,46,False,828,46,False,3.0
frozen,max,2,65,782,42,False,782,42,False,4.0
frozen,max,2,66,768,44,False,786,45,False,2.0
frozen,max,2,67,800,49,False,800,49,False,0.0
frozen,max,2,68,826,46,False,826,46,False,5.0
frozen,max,2,69,828,46,False,828,46,False,3.0
frozen,max,2,70,768,44,False,767,46,False,1.0
frozen,max,2,71,791,42,False,791,42,False,6.0
frozen,max,2,72,766,43,False,766,43,False,3.0
frozen,max,2,73,782,42,False,791,42,False,2.0
frozen,max,2,74,791,42,False,791,42,False,6.0
frozen,max,2,75,769,44,False,767,46,False,-1.0
frozen,max,2,76,842,56,False,842,56,False,0.0
frozen,max,2,77,828,46,False,844,47,False,-2.0
frozen,max,2,78,842,56,False,842,56,False,0.0
frozen,max,2,79,782,42,False,782,42,False,4.0
frozen,max,2,80,800,49,False,807,49,False,-2.0
frozen,max,2,81,782,42,False,782,42,False,4.0
frozen,max,2,82,828,46,False,837,47,False,0.0
frozen,max,2,83,767,43,False,767,43,False,2.0
frozen,max,2,84,769,44,False,769,44,False,3.0
frozen,max,2,85,824,46,False,824,46,False,3.0
frozen,max,2,86,842,56,False,842,56,False,0.0
frozen,max,2,87,842,56,False,849,57,False,-3.0
frozen,max,2,88,842,56,False,849,57,False,-3.0
frozen,max,2,89,842,56,False,849,57,False,-3.0
frozen,max,2,90,778,43,False,778,43,False,3.0
frozen,max,2,91,767,42,False,767,42,False,3.0
frozen,max,2,92,842,56,False,842,56,False,0.0
frozen,max,2,93,767,43,False,767,43,False,2.0
frozen,max,2,94,781,41,True,781,41,True,3.0
frozen,max,2,95,793,42,False,793,42,False,8.0
frozen,max,2,96,791,42,False,794,42,False,4.0
frozen,max,2,97,782,42,False,789,42,False,2.0
frozen,max,2,98,767,43,False,767,43,False,0.0
frozen,max,2,99,779,46,False,779,46,False,2.0
frozen,max,2,100,782,42,False,789,43,False,1.0
frozen,max,2,101,842,56,False,849,57,False,-3.0
frozen,max,2,102,768,44,False,768,44,False,5.0
frozen,max,2,103,842,56,False,849,57,False,-3.0
frozen,max,2,104,800,49,False,816,49,False,-2.0
frozen,max,2,105,842,56,False,838,57,False,-1.0
frozen,max,2,106,782,42,False,789,42,False,2.0
frozen,max,2,107,842,56,False,849,57,False,-3.0
frozen,max,2,108,828,46,False,828,46,False,3.0
frozen,max,2,109,827,46,False,827,46,False,5.0
frozen,max,2,110,842,56,False,842,56,False,0.0
frozen,max,2,111,800,49,False,805,49,False,-2.0
frozen,max,2,112,842,56,False,838,57,False,-1.0
frozen,max,2,113,842,56,False,849,57,False,-3.0
frozen,max,2,114,768,43,False,768,43,False,0.0
frozen,max,2,115,791,42,False,791,42,False,6.0
frozen,max,2,116,766,43,False,766,43,False,2.0
frozen,max,2,117,768,44,False,768,44,False,5.0
frozen,max,2,118,769,42,False,769,42,False,2.0
frozen,max,2,119,782,42,False,782,42,False,4.0
frozen,max,2,120,782,41,True,782,41,True,2.0
frozen,max,2,121,768,44,False,768,44,False,5.0
frozen,max,2,122,826,46,False,826,46,False,7.0
frozen,max,2,123,767,42,False,767,42,False,4.0
frozen,max,2,124,812,49,False,812,49,False,2.0
frozen,max,2,125,791,42,False,791,42,False,6.0
frozen,max,2,126,800,49,False,800,49,False,0.0
frozen,max,2,127,842,56,False,849,57,False,-3.0
frozen,max,2,128,782,42,False,791,42,False,2.0
frozen,max,2,129,769,44,False,769,44,False,3.0
frozen,max,2,130,768,44,False,768,44,False,5.0
frozen,max,2,131,782,42,False,782,42,False,6.0
frozen,max,2,132,842,56,False,849,57,False,-3.0
frozen,max,2,133,827,46,False,838,47,False,2.0
frozen,max,2,134,769,44,False,769,44,False,3.0
frozen,max,2,135,800,49,False,800,49,False,0.0
frozen,max,2,136,769,44,False,769,44,False,3.0
frozen,max,2,137,771,42,False,771,42,False,2.0
frozen,max,2,138,779,43,False,779,43,False,3.0
frozen,max,2,139,842,56,False,842,57,False,-1.0
frozen,max,2,140,842,56,False,842,57,False,-1.0
frozen,max,2,141,800,49,False,805,49,False,-2.0
frozen,max,2,142,826,46,False,835,46,False,3.0
frozen,max,2,143,827,46,False,827,46,False,5.0
frozen,max,2,144,768,44,False,768,44,False,5.0
frozen,max,2,145,779,43,False,779,43,False,3.0
frozen,max,2,146,791,42,False,791,42,False,6.0
frozen,max,2,147,828,46,False,828,46,False,3.0
frozen,max,2,148,768,43,False,768,43,False,0.0
frozen,max,2,149,767,42,False,769,42,False,1.0
frozen,max,2,150,781,41,True,794,41,True,5.0
frozen,max,2,151,769,44,False,769,44,False,3.0
frozen,max,2,152,793,42,False,793,42,False,8.0
frozen,max,2,153,791,42,False,791,42,False,6.0
frozen,max,2,154,842,56,False,849,57,False,-3.0
frozen,max,2,155,769,42,False,769,42,False,2.0
frozen,max,2,156,791,42,False,791,42,False,6.0
frozen,max,2,157,781,41,True,788,41,True,2.0
frozen,max,2,158,781,41,True,781,41,True,3.0
frozen,max,2,159,791,42,False,793,42,False,4.0
frozen,max,2,160,782,42,False,782,42,False,6.0
frozen,max,2,161,767,42,False,785,42,False,1.0
frozen,max,2,162,842,56,False,838,57,False,-1.0
frozen,max,2,163,811,46,False,829,46,False,3.0
frozen,max,2,164,842,56,False,849,57,False,-3.0
frozen,max,2,165,826,46,False,826,46,False,5.0
frozen,max,2,166,769,44,False,769,44,False,3.0
frozen,max,2,167,768,43,False,771,43,False,0.0
frozen,max,2,168,842,56,False,849,57,False,-3.0
frozen,max,2,169,782,42,False,782,42,False,4.0
frozen,max,2,170,769,42,False,769,42,False,2.0
frozen,max,2,171,842,56,False,849,57,False,-3.0
frozen,max,2,172,842,56,False,849,57,False,-3.0
frozen,max,2,173,791,42,False,803,42,False,6.0
frozen,max,2,174,826,46,False,826,46,False,5.0
frozen,max,2,175,767,43,False,767,43,False,2.0
frozen,max,2,176,804,46,False,804,46,False,3.0
frozen,max,2,177,769,42,False,769,42,False,2.0
frozen,max,2,178,826,46,False,826,46,False,5.0
frozen,max,2,179,765,42,False,765,42,False,5.0
frozen,max,2,180,782,42,False,782,42,False,4.0
frozen,max,2,181,791,42,False,791,42,False,6.0
frozen,max,2,182,760,42,False,760,42,False,4.0
frozen,max,2,183,782,42,False,782,42,False,4.0
frozen,max,2,184,800,49,False,805,49,False,-2.0
frozen,max,2,185,769,44,False,769,44,False,3.0
frozen,max,2,186,842,56,False,849,57,False,-3.0
frozen,max,2,187,782,42,False,782,42,False,4.0
frozen,max,2,188,768,44,False,768,44,False,5.0
frozen,max,2,189,766,43,False,766,43,False,3.0
frozen,max,2,190,842,56,False,842,56,False,0.0
frozen,max,2,191,828,46,False,828,46,False,3.0
frozen,max,2,192,768,44,False,768,44,False,5.0
frozen,max,2,193,769,44,False,773,46,False,-1.0
frozen,max,2,194,826,46,False,826,46,False,5.0
frozen,max,2,195,766,43,False,766,43,False,2.0
frozen,max,2,196,826,46,False,826,46,False,5.0
frozen,max,2,197,811,46,False,811,46,False,5.0
frozen,max,2,198,828,46,False,828,46,False,3.0
frozen,max,2,199,800,49,False,800,49,False,0.0
frozen,max,2,200,790,42,False,790,42,False,3.0
uniform,int2float,0,1,48,3,True,44,4,False,3.0
uniform,int2float,0,2,48,3,True,48,3,True,2.0
uniform,int2float,0,3,49,3,True,50,3,True,-1.0
uniform,int2float,0,4,49,3,True,49,3,True,2.0
uniform,int2float,0,5,49,3,True,51,3,True,0.0
uniform,int2float,0,6,49,3,True,49,3,True,0.0
uniform,int2float,0,7,49,3,True,51,3,True,-4.0
uniform,int2float,0,8,48,3,True,45,4,False,1.0
uniform,int2float,0,9,47,3,True,47,3,True,5.0
uniform,int2float,0,10,48,3,True,48,3,True,5.0
uniform,int2float,0,11,49,3,True,43,4,False,3.0
uniform,int2float,0,12,49,3,True,49,3,True,1.0
uniform,int2float,0,13,49,3,True,51,3,True,2.0
uniform,int2float,0,14,48,3,True,48,3,True,2.0
uniform,int2float,0,15,48,3,True,48,3,True,5.0
uniform,int2float,0,16,48,3,True,49,3,True,1.0
uniform,int2float,0,17,48,3,True,47,4,False,2.0
uniform,int2float,0,18,49,3,True,49,3,True,2.0
uniform,int2float,0,19,48,3,True,48,3,True,2.0
uniform,int2float,0,20,49,3,True,51,3,True,-5.0
uniform,int2float,0,21,48,3,True,48,3,True,4.0
uniform,int2float,0,22,48,3,True,45,4,False,1.0
uniform,int2float,0,23,48,3,True,49,3,True,5.0
uniform,int2float,0,24,49,3,True,49,3,True,2.0
uniform,int2float,0,25,47,3,True,47,3,True,4.0
uniform,int2float,0,26,49,3,True,49,3,True,0.0
uniform,int2float,0,27,48,3,True,48,3,True,1.0
uniform,int2float,0,28,48,3,True,48,3,True,3.0
uniform,int2float,0,29,47,3,True,48,3,True,3.0
uniform,int2float,0,30,49,3,True,46,4,False,1.0
uniform,int2float,0,31,48,3,True,48,3,True,2.0
uniform,int2float,0,32,48,3,True,45,4,False,3.0
uniform,int2float,0,33,48,3,True,44,4,False,3.0
uniform,int2float,0,34,47,3,True,47,3,True,5.0
uniform,int2float,0,35,49,3,True,50,3,True,-1.0
uniform,int2float,0,36,47,3,True,47,3,True,4.0
uniform,int2float,0,37,49,3,True,51,3,True,0.0
uniform,int2float,0,38,49,3,True,44,4,False,1.0
uniform,int2float,0,39,48,3,True,48,3,True,3.0
uniform,int2float,0,40,47,3,True,47,3,True,3.0
uniform,int2float,0,41,49,3,True,44,4,False,1.0
uniform,int2float,0,42,47,3,True,48,4,False,3.0
uniform,int2float,0,43,46,3,True,45,4,False,5.0
uniform,int2float,0,44,49,3,True,49,3,True,2.0
uniform,int2float,0,45,49,3,True,47,4,False,1.0
uniform,int2float,0,46,46,3,True,46,3,True,2.0
uniform,int2float,0,47,46,3,True,47,3,True,5.0
uniform,int2float,0,48,48,3,True,48,3,True,0.0
uniform,int2float,0,49,49,3,True,49,3,True,-2.0
uniform,int2float,0,50,49,3,True,50,3,True,0.0
uniform,int2float,0,51,48,3,True,50,3,True,0.0
uniform,int2float,0,52,49,3,True,53,3,True,0.0
uniform,int2float,0,53,47,3,True,48,3,True,4.0
uniform,int2float,0,54,49,3,True,51,3,True,-1.0
uniform,int2float,0,55,48,3,True,49,3,True,7.0
uniform,int2float,0,56,49,3,True,51,3,True,-1.0
uniform,int2float,0,57,49,3,True,45,4,False,0.0
uniform,int2float,0,58,49,3,True,51,3,True,-1.0
uniform,int2float,0,59,49,3,True,49,3,True,0.0
uniform,int2float,0,60,47,3,True,47,3,True,5.0
uniform,int2float,0,61,49,3,True,50,3,True,1.0
uniform,int2float,0,62,48,3,True,48,3,True,4.0
uniform,int2float,0,63,49,3,True,45,4,False,-1.0
uniform,int2float,0,64,48,3,True,48,3,True,3.0
uniform,int2float,0,65,49,3,True,50,3,True,1.0
uniform,int2float,0,66,49,3,True,49,3,True,2.0
uniform,int2float,0,67,49,3,True,46,4,False,-2.0
uniform,int2float,0,68,47,3,True,47,3,True,6.0
uniform,int2float,0,69,48,3,True,48,3,True,5.0
uniform,int2float,0,70,47,3,True,47,3,True,6.0
uniform,int2float,0,71,48,3,True,48,3,True,3.0
uniform,int2float,0,72,49,3,True,49,3,True,2.0
uniform,int2float,0,73,49,3,True,49,3,True,0.0
uniform,int2float,0,74,48,3,True,48,3,True,2.0
uniform,int2float,0,75,48,3,True,45,4,False,1.0
uniform,int2float,0,76,48,3,True,48,3,True,5.0
uniform,int2float,0,77,49,3,True,48,4,False,-1.0
uniform,int2float,0,78,49,3,True,49,3,True,2.0
uniform,int2float,0,79,46,3,True,46,3,True,3.0
uniform,int2float,0,80,48,3,True,50,3,True,0.0
uniform,int2float,0,81,49,3,True,51,3,True,0.0
uniform,int2float,0,82,47,3,True,47,3,True,6.0
uniform,int2float,0,83,48,3,True,48,3,True,3.0
uniform,int2float,0,84,48,3,True,49,3,True,3.0
uniform,int2float,0,85,49,3,True,49,3,True,2.0
uniform,int2float,0,86,47,3,True,45,4,False,4.0
uniform,int2float,0,87,49,3,True,53,3,True,0.0
uniform,int2float,0,88,46,3,True,44,4,False,4.0
uniform,int2float,0,89,48,3,True,48,3,True,0.0
uniform,int2float,0,90,49,3,True,50,3,True,-1.0
uniform,int2float,0,91,46,3,True,45,4,False,5.0
uniform,int2float,0,92,48,3,True,48,3,True,2.0
uniform,int2float,0,93,48,3,True,48,3,True,1.0
uniform,int2float,0,94,49,3,True,49,3,True,2.0
uniform,int2float,0,95,48,3,True,41,4,False,4.0
uniform,int2float,0,96,48,3,True,48,3,True,4.0
uniform,int2float,0,97,48,3,True,49,3,True,1.0
uniform,int2float,0,98,48,3,True,55,3,True,0.0
uniform,int2float,0,99,46,3,True,46,3,True,6.0
uniform,int2float,0,100,49,3,True,49,3,True,2.0
uniform,int2float,0,101,49,3,True,46,4,False,-1.0
uniform,int2float,0,102,49,3,True,50,3,True,1.0
uniform,int2float,0,103,45,3,True,45,3,True,2.0
uniform,int2float,0,104,47,3,True,47,3,True,5.0
uniform,int2float,0,105,49,3,True,50,3,True,1.0
uniform,int2float,0,106,48,3,True,48,3,True,2.0
uniform,int2float,0,107,49,3,True,47,4,False,-2.0
uniform,int2float,0,108,49,3,True,52,3,True,1.0
uniform,int2float,0,109,47,3,True,47,3,True,5.0
uniform,int2float,0,110,48,3,True,48,3,True,5.0
uniform,int2float,0,111,48,3,True,48,3,True,4.0
uniform,int2float,0,112,48,3,True,45,4,False,1.0
uniform,int2float,0,113,46,3,True,46,3,True,-2.0
uniform,int2float,0,114,47,3,True,47,3,True,5.0
uniform,int2float,0,115,48,3,True,47,4,False,-3.0
uniform,int2float,0,116,47,3,True,47,3,True,4.0
uniform,int2float,0,117,47,3,True,47,3,True,6.0
uniform,int2float,0,118,45,3,True,45,3,True,1.0
uniform,int2float,0,119,48,3,True,48,3,True,3.0
uniform,int2float,0,120,47,3,True,47,3,True,0.0
uniform,int2float,0,121,48,3,True,48,4,False,3.0
uniform,int2float,0,122,49,3,True,54,3,True,-2.0
uniform,int2float,0,123,46,3,True,46,3,True,3.0
uniform,int2float,0,124,48,3,True,48,3,True,2.0
uniform,int2float,0,125,49,3,True,50,3,True,-1.0
uniform,int2float,0,126,48,3,True,48,3,True,5.0
uniform,int2float,0,127,49,3,True,51,3,True,0.0
uniform,int2float,0,128,48,3,True,48,3,True,2.0
uniform,int2float,0,129,47,3,True,48,3,True,4.0
uniform,int2float,0,130,49,3,True,49,3,True,0.0
uniform,int2float,0,131,49,3,True,49,4,False,-4.0
uniform,int2float,0,132,49,3,True,50,3,True,-1.0
uniform,int2float,0,133,47,3,True,47,3,True,3.0
uniform,int2float,0,134,46,3,True,46,3,True,4.0
uniform,int2float,0,135,49,3,True,44,4,False,1.0
uniform,int2float,0,136,47,3,True,46,4,False,4.0
uniform,int2float,0,137,48,3,True,48,3,True,3.0
uniform,int2float,0,138,48,3,True,48,3,True,-2.0
uniform,int2float,0,139,47,3,True,43,4,False,2.0
uniform,int2float,0,140,49,3,True,46,4,False,-1.0
uniform,int2float,0,141,48,3,True,48,3,True,4.0
uniform,int2float,0,142,47,3,True,47,3,True,5.0
uniform,int2float,0,143,49,3,True,44,4,False,3.0
uniform,int2float,0,144,48,3,True,48,3,True,1.0
uniform,int2float,0,145,49,3,True,44,4,False,0.0
uniform,int2float,0,146,48,3,True,48,3,True,5.0
uniform,int2float,0,147,48,3,True,48,3,True,2.0
uniform,int2float,0,148,49,3,True,49,3,True,2.0
uniform,int2float,0,149,49,3,True,50,3,True,-1.0
uniform,int2float,0,150,49,3,True,49,3,True,0.0
uniform,int2float,0,151,49,3,True,44,4,False,1.0
uniform,int2float,0,152,48,3,True,48,3,True,5.0
uniform,int2float,0,153,49,3,True,45,4,False,1.0
uniform,int2float,0,154,49,3,True,47,4,False,-1.0
uniform,int2float,0,155,49,3,True,45,4,False,-2.0
uniform,int2float,0,156,47,3,True,47,3,True,3.0
uniform,int2float,0,157,49,3,True,51,3,True,-3.0
uniform,int2float,0,158,49,3,True,45,4,False,-2.0
uniform,int2float,0,159,46,3,True,48,4,False,2.0
uniform,int2float,0,160,48,3,True,50,3,True,3.0
uniform,int2float,0,161,48,3,True,49,3,True,1.0
uniform,int2float,0,162,47,3,True,47,3,True,5.0
uniform,int2float,0,163,48,3,True,46,4,False,4.0
uniform,int2float,0,164,49,3,True,49,3,True,-3.0
uniform,int2float,0,165,49,3,True,49,3,True,0.0
uniform,int2float,0,166,49,3,True,49,3,True,0.0
uniform,int2float,0,167,47,3,True,47,3,True,5.0
uniform,int2float,0,168,48,3,True,48,3,True,2.0
uniform,int2float,0,169,48,3,True,48,3,True,1.0
uniform,int2float,0,170,48,3,True,48,3,True,1.0
uniform,int2float,0,171,47,3,True,47,3,True,0.0
uniform,int2float,0,172,49,3,True,50,3,True,2.0
uniform,int2float,0,173,47,3,True,48,3,True,2.0
uniform,int2float,0,174,49,3,True,45,4,False,3.0
uniform,int2float,0,175,49,3,True,52,3,True,-2.0
uniform,int2float,0,176,47,3,True,47,3,True,5.0
uniform,int2float,0,177,48,3,True,52,4,False,-1.0
uniform,int2float,0,178,45,3,True,45,3,True,4.0
uniform,int2float,0,179,49,3,True,49,3,True,2.0
uniform,int2float,0,180,47,3,True,45,4,False,2.0
uniform,int2float,0,181,47,3,True,47,3,True,-2.0
uniform,int2float,0,182,46,3,True,45,4,False,2.0
uniform,int2float,0,183,49,3,True,45,4,False,-2.0
uniform,int2float,0,184,49,3,True,46,4,False,-3.0
uniform,int2float,0,185,49,3,True,50,3,True,-1.0
uniform,int2float,0,186,49,3,True,45,4,False,3.0
uniform,int2float,0,187,49,3,True,48,4,False,-1.0
uniform,int2float,0,188,47,3,True,47,3,True,0.0
uniform,int2float,0,189,48,3,True,48,3,True,5.0
uniform,int2float,0,190,47,3,True,47,4,False,-1.0
uniform,int2float,0,191,48,3,True,48,3,True,2.0
uniform,int2float,0,192,49,3,True,49,3,True,0.0
uniform,int2float,0,193,47,3,True,47,3,True,1.0
uniform,int2float,0,194,47,3,True,47,3,True,5.0
uniform,int2float,0,195,46,3,True,46,3,True,6.0
uniform,int2float,0,196,48,3,True,48,3,True,3.0
uniform,int2float,0,197,48,3,True,48,3,True,2.0
uniform,int2float,0,198,47,3,True,47,3,True,5.0
uniform,int2float,0,199,46,3,True,46,3,True,5.0
uniform,int2float,0,200,49,3,True,46,4,False,0.0
uniform,int2float,1,1,49,3,True,50,3,True,1.0
uniform,int2float,1,2,47,3,True,47,3,True,5.0
uniform,int2float,1,3,47,3,True,47,3,True,5.0
uniform,int2float,1,4,48,3,True,48,3,True,2.0
uniform,int2float,1,5,49,3,True,48,4,False,1.0
uniform,int2float,1,6,47,3,True,48,3,True,4.0
uniform,int2float,1,7,48,3,True,48,3,True,2.0
uniform,int2float,1,8,49,3,True,44,4,False,3.0
uniform,int2float,1,9,49,3,True,50,3,True,2.0
uniform,int2float,1,10,48,3,True,50,3,True,4.0
uniform,int2float,1,11,49,3,True,43,4,False,5.0
uniform,int2float,1,12,49,3,True,50,3,True,1.0
uniform,int2float,1,13,49,3,True,45,4,False,-3.0
uniform,int2float,1,14,47,3,True,47,3,True,6.0
uniform,int2float,1,15,47,3,True,47,3,True,5.0
uniform,int2float,1,16,49,3,True,49,3,True,2.0
uniform,int2float,1,17,49,3,True,49,3,True,2.0
uniform,int2float,1,18,49,3,True,50,3,True,-1.0
uniform,int2float,1,19,47,3,True,47,3,True,5.0
uniform,int2float,1,20,49,3,True,49,3,True,2.0
uniform,int2float,1,21,48,3,True,48,3,True,2.0
uniform,int2float,1,22,47,3,True,47,3,True,5.0
uniform,int2float,1,23,49,3,True,49,3,True,0.0
uniform,int2float,1,24,49,3,True,47,4,False,-4.0
uniform,int2float,1,25,49,3,True,50,3,True,-1.0
uniform,int2float,1,26,49,3,True,51,3,True,-2.0
uniform,int2float,1,27,48,3,True,48,3,True,5.0
uniform,int2float,1,28,49,3,True,51,3,True,-2.0
uniform,int2float,1,29,46,3,True,46,3,True,5.0
uniform,int2float,1,30,49,3,True,49,3,True,0.0
uniform,int2float,1,31,49,3,True,52,3,True,-4.0
uniform,int2float,1,32,48,3,True,48,3,True,3.0
uniform,int2float,1,33,49,3,True,50,3,True,1.0
uniform,int2float,1,34,46,3,True,46,3,True,6.0
uniform,int2float,1,35,49,3,True,50,3,True,2.0
uniform,int2float,1,36,47,3,True,48,3,True,4.0
uniform,int2float,1,37,49,3,True,54,3,True,-3.0
uniform,int2float,1,38,47,3,True,47,3,True,0.0
uniform,int2float,1,39,45,3,True,45,3,True,6.0
uniform,int2float,1,40,48,3,True,45,4,False,1.0
uniform,int2float,1,41,47,3,True,43,4,False,2.0
uniform,int2float,1,42,49,3,True,50,3,True,3.0
uniform,int2float,1,43,47,3,True,47,3,True,5.0
uniform,int2float,1,44,48,3,True,45,4,False,1.0
uniform,int2float,1,45,48,3,True,48,3,True,2.0
uniform,int2float,1,46,48,3,True,45,4,False,1.0
uniform,int2float,1,47,49,3,True,52,3,True,-3.0
uniform,int2float,1,48,46,3,True,46,3,True,6.0
uniform,int2float,1,49,45,3,True,45,3,True,2.0
uniform,int2float,1,50,49,3,True,49,3,True,0.0
uniform,int2float,1,51,46,3,True,46,3,True,5.0
uniform,int2float,1,52,45,3,True,45,3,True,2.0
uniform,int2float,1,53,49,3,True,49,3,True,0.0
uniform,int2float,1,54,48,3,True,48,3,True,5.0
uniform,int2float,1,55,49,3,True,49,3,True,2.0
uniform,int2float,1,56,49,3,True,48,4,False,-2.0
uniform,int2float,1,57,47,3,True,46,4,False,4.0
uniform,int2float,1,58,45,3,True,45,3,True,8.0
uniform,int2float,1,59,48,3,True,48,3,True,5.0
uniform,int2float,1,60,48,3,True,50,4,False,-1.0
uniform,int2float,1,61,49,3,True,44,4,False,1.0
uniform,int2float,1,62,49,3,True,50,3,True,1.0
uniform,int2float,1,63,49,3,True,49,3,True,0.0
uniform,int2float,1,64,48,3,True,48,3,True,3.0
uniform,int2float,1,65,49,3,True,49,3,True,2.0
uniform,int2float,1,66,45,3,True,44,4,False,4.0
uniform,int2float,1,67,47,3,True,48,3,True,4.0
uniform,int2float,1,68,47,3,True,47,3,True,0.0
uniform,int2float,1,69,48,3,True,48,3,True,5.0
uniform,int2float,1,70,49,3,True,50,3,True,1.0
uniform,int2float,1,71,49,3,True,49,3,True,-2.0
uniform,int2float,1,72,47,3,True,47,3,True,5.0
uniform,int2float,1,73,48,3,True,49,3,True,7.0
uniform,int2float,1,74,47,3,True,47,3,True,5.0
uniform,int2float,1,75,47,3,True,47,3,True,2.0
uniform,int2float,1,76,49,3,True,50,3,True,-1.0
uniform,int2float,1,77,49,3,True,50,3,True,0.0
uniform,int2float,1,78,47,3,True,47,3,True,6.0
uniform,int2float,1,79,49,3,True,49,3,True,2.0
uniform,int2float,1,80,49,3,True,45,4,False,3.0
uniform,int2float,1,81,47,3,True,45,4,False,4.0
uniform,int2float,1,82,48,3,True,49,3,True,1.0
uniform,int2float,1,83,49,3,True,49,4,False,-3.0
uniform,int2float,1,84,47,3,True,47,3,True,5.0
uniform,int2float,1,85,48,3,True,48,3,True,4.0
uniform,int2float,1,86,47,3,True,48,3,True,4.0
uniform,int2float,1,87,48,3,True,48,3,True,3.0
uniform,int2float,1,88,49,3,True,49,3,True,-1.0
uniform,int2float,1,89,47,3,True,48,3,True,2.0
uniform,int2float,1,90,49,3,True,50,3,True,1.0
uniform,int2float,1,91,48,3,True,48,3,True,4.0
uniform,int2float,1,92,48,3,True,44,4,False,4.0
uniform,int2float,1,93,48,3,True,48,3,True,3.0
uniform,int2float,1,94,49,3,True,50,3,True,-1.0
uniform,int2float,1,95,47,3,True,47,3,True,5.0
uniform,int2float,1,96,49,3,True,48,4,False,1.0
uniform,int2float,1,97,49,3,True,49,3,True,0.0
uniform,int2float,1,98,48,3,True,48,3,True,4.0
uniform,int2float,1,99,49,3,True,49,3,True,2.0
uniform,int2float,1,100,49,3,True,50,3,True,1.0
uniform,int2float,1,101,48,3,True,49,3,True,4.0
uniform,int2float,1,102,47,3,True,47,3,True,6.0
uniform,int2float,1,103,48,3,True,46,4,False,1.0
uniform,int2float,1,104,48,3,True,50,3,True,5.0
uniform,int2float,1,105,48,3,True,48,3,True,3.0
uniform,int2float,1,106,48,3,True,48,3,True,4.0
uniform,int2float,1,107,48,3,True,45,4,False,2.0
uniform,int2float,1,108,49,3,True,46,4,False,-1.0
uniform,int2float,1,109,49,3,True,49,3,True,0.0
uniform,int2float,1,110,49,3,True,50,3,True,1.0
uniform,int2float,1,111,49,3,True,45,4,False,3.0
uniform,int2float,1,112,47,3,True,47,3,True,5.0
uniform,int2float,1,113,47,3,True,48,3,True,2.0
uniform,int2float,1,114,49,3,True,49,3,True,2.0
uniform,int2float,1,115,47,3,True,43,4,False,2.0
uniform,int2float,1,116,46,3,True,46,3,True,8.0
uniform,int2float,1,117,48,3,True,48,3,True,3.0
uniform,int2float,1,118,49,3,True,51,3,True,-3.0
uniform,int2float,1,119,48,3,True,46,4,False,3.0
uniform,int2float,1,120,49,3,True,50,3,True,1.0
uniform,int2float,1,121,48,3,True,50,3,True,1.0
uniform,int2float,1,122,49,3,True,46,4,False,0.0
uniform,int2float,1,123,48,3,True,48,3,True,5.0
uniform,int2float,1,124,47,3,True,47,3,True,1.0
uniform,int2float,1,125,49,3,True,51,3,True,-1.0
uniform,int2float,1,126,49,3,True,49,3,True,0.0
uniform,int2float,1,127,49,3,True,51,3,True,1.0
uniform,int2float,1,128,49,3,True,41,4,False,1.0
uniform,int2float,1,129,48,3,True,48,3,True,5.0
uniform,int2float,1,130,49,3,True,50,3,True,1.0
uniform,int2float,1,131,47,3,True,47,3,True,6.0
uniform,int2float,1,132,48,3,True,48,3,True,1.0
uniform,int2float,1,133,45,3,True,45,3,True,9.0
uniform,int2float,1,134,48,3,True,48,3,True,2.0
uniform,int2float,1,135,49,3,True,49,3,True,2.0
uniform,int2float,1,136,49,3,True,49,3,True,0.0
uniform,int2float,1,137,46,3,True,46,3,True,6.0
uniform,int2float,1,138,49,3,True,49,3,True,4.0
uniform,int2float,1,139,46,3,True,46,3,True,4.0
uniform,int2float,1,140,47,3,True,47,3,True,0.0
uniform,int2float,1,141,49,3,True,49,3,True,4.0
uniform,int2float,1,142,48,3,True,48,3,True,3.0
uniform,int2float,1,143,47,3,True,47,3,True,5.0
uniform,int2float,1,144,47,3,True,47,3,True,0.0
uniform,int2float,1,145,47,3,True,47,3,True,6.0
uniform,int2float,1,146,48,3,True,49,3,True,1.0
uniform,int2float,1,147,47,3,True,49,3,True,2.0
uniform,int2float,1,148,48,3,True,44,4,False,2.0
uniform,int2float,1,149,48,3,True,48,3,True,-2.0
uniform,int2float,1,150,48,3,True,48,3,True,2.0
uniform,int2float,1,151,47,3,True,47,3,True,4.0
uniform,int2float,1,152,49,3,True,44,4,False,1.0
uniform,int2float,1,153,49,3,True,47,4,False,1.0
uniform,int2float,1,154,46,3,True,46,3,True,6.0
uniform,int2float,1,155,49,3,True,51,3,True,-2.0
uniform,int2float,1,156,48,3,True,48,3,True,4.0
uniform,int2float,1,157,45,3,True,45,3,True,6.0
uniform,int2float,1,158,45,3,True,45,3,True,5.0
uniform,int2float,1,159,48,3,True,51,3,True,2.0
uniform,int2float,1,160,49,3,True,50,3,True,2.0
uniform,int2float,1,161,46,3,True,44,4,False,5.0
uniform,int2float,1,162,49,3,True,46,4,False,0.0
uniform,int2float,1,163,47,3,True,47,3,True,8.0
uniform,int2float,1,164,49,3,True,52,3,True,-2.0
uniform,int2float,1,165,49,3,True,50,3,True,1.0
uniform,int2float,1,166,48,3,True,46,4,False,4.0
uniform,int2float,1,167,48,3,True,48,3,True,2.0
uniform,int2float,1,168,49,3,True,50,3,True,-1.0
uniform,int2float,1,169,49,3,True,51,3,True,-1.0
uniform,int2float,1,170,49,3,True,44,4,False,-2.0
uniform,int2float,1,171,48,3,True,48,3,True,3.0
uniform,int2float,1,172,48,3,True,48,3,True,3.0
uniform,int2float,1,173,49,3,True,49,3,True,0.0
uniform,int2float,1,174,46,3,True,46,3,True,6.0
uniform,int2float,1,175,46,3,True,46,4,False,4.0
uniform,int2float,1,176,48,3,True,49,3,True,1.0
uniform,int2float,1,177,48,3,True,48,3,True,4.0
uniform,int2float,1,178,49,3,True,49,3,True,2.0
uniform,int2float,1,179,46,3,True,43,4,False,5.0
uniform,int2float,1,180,47,3,True,47,3,True,0.0
uniform,int2float,1,181,45,3,True,45,3,True,1.0
uniform,int2float,1,182,48,3,True,48,3,True,3.0
uniform,int2float,1,183,47,3,True,46,4,False,5.0
uniform,int2float,1,184,47,3,True,47,3,True,5.0
uniform,int2float,1,185,47,3,True,47,3,True,5.0
uniform,int2float,1,186,49,3,True,50,3,True,2.0
uniform,int2float,1,187,49,3,True,51,3,True,1.0
uniform,int2float,1,188,48,3,True,48,3,True,1.0
uniform,int2float,1,189,49,3,True,49,3,True,0.0
uniform,int2float,1,190,49,3,True,50,3,True,2.0
uniform,int2float,1,191,49,3,True,53,3,True,1.0
uniform,int2float,1,192,49,3,True,51,3,True,1.0
uniform,int2float,1,193,48,3,True,48,3,True,5.0
uniform,int2float,1,194,49,3,True,49,3,True,2.0
uniform,int2float,1,195,49,3,True,47,4,False,1.0
uniform,int2float,1,196,49,3,True,54,3,True,-2.0
uniform,int2float,1,197,49,3,True,45,4,False,-3.0
uniform,int2float,1,198,47,3,True,47,3,True,3.0
uniform,int2float,1,199,48,3,True,48,3,True,3.0
uniform,int2float,1,200,48,3,True,48,3,True,3.0
uniform,int2float,2,1,48,3,True,48,3,True,5.0
uniform,int2float,2,2,48,3,True,45,4,False,1.0
uniform,int2float,2,3,49,3,True,52,3,True,1.0
uniform,int2float,2,4,49,3,True,49,3,True,0.0
uniform,int2float,2,5,48,3,True,48,3,True,-2.0
uniform,int2float,2,6,48,3,True,48,3,True,4.0
uniform,int2float,2,7,49,3,True,49,3,True,2.0
uniform,int2float,2,8,48,3,True,49,3,True,4.0
uniform,int2float,2,9,47,3,True,48,3,True,2.0
uniform,int2float,2,10,49,3,True,50,3,True,-3.0
uniform,int2float,2,11,47,3,True,48,3,True,4.0
uniform,int2float,2,12,49,3,True,45,4,False,-1.0
uniform,int2float,2,13,46,3,True,46,3,True,6.0
uniform,int2float,2,14,47,3,True,48,3,True,1.0
uniform,int2float,2,15,49,3,True,49,3,True,4.0
uniform,int2float,2,16,49,3,True,50,3,True,2.0
uniform,int2float,2,17,47,3,True,45,4,False,4.0
uniform,int2float,2,18,48,3,True,49,3,True,1.0
uniform,int2float,2,19,48,3,True,48,3,True,5.0
uniform,int2float,2,20,49,3,True,54,3,True,0.0
uniform,int2float,2,21,49,3,True,45,4,False,-1.0
uniform,int2float,2,22,47,3,True,46,4,False,-1.0
uniform,int2float,2,23,49,3,True,49,3,True,2.0
uniform,int2float,2,24,49,3,True,51,3,True,-1.0
uniform,int2float,2,25,46,3,True,46,4,False,4.0
uniform,int2float,2,26,46,3,True,46,3,True,6.0
uniform,int2float,2,27,49,3,True,49,3,True,2.0
uniform,int2float,2,28,48,3,True,48,3,True,2.0
uniform,int2float,2,29,47,3,True,47,3,True,6.0
uniform,int2float,2,30,49,3,True,50,3,True,1.0
uniform,int2float,2,31,46,3,True,46,3,True,6.0
uniform,int2float,2,32,48,3,True,48,3,True,2.0
uniform,int2float,2,33,46,3,True,46,3,True,6.0
uniform,int2float,2,34,49,3,True,49,3,True,2.0
uniform,int2float,2,35,49,3,True,49,3,True,2.0
uniform,int2float,2,36,46,3,True,46,3,True,1.0
uniform,int2float,2,37,48,3,True,49,3,True,2.0
uniform,int2float,2,38,46,3,True,46,3,True,4.0
uniform,int2float,2,39,46,3,True,46,3,True,3.0
uniform,int2float,2,40,49,3,True,50,3,True,-1.0
uniform,int2float,2,41,48,3,True,51,3,True,3.0
uniform,int2float,2,42,47,3,True,47,3,True,5.0
uniform,int2float,2,43,47,3,True,47,3,True,6.0
uniform,int2float,2,44,49,3,True,46,4,False,1.0
uniform,int2float,2,45,49,3,True,54,3,True,-2.0
uniform,int2float,2,46,47,3,True,47,3,True,6.0
uniform,int2float,2,47,49,3,True,43,4,False,5.0
uniform,int2float,2,48,45,3,True,45,3,True,1.0
uniform,int2float,2,49,48,3,True,48,3,True,3.0
uniform,int2float,2,50,49,3,True,49,3,True,0.0
uniform,int2float,2,51,49,3,True,49,3,True,0.0
uniform,int2float,2,52,48,3,True,48,3,True,2.0
uniform,int2float,2,53,46,3,True,47,3,True,5.0
uniform,int2float,2,54,49,3,True,51,3,True,1.0
uniform,int2float,2,55,49,3,True,50,3,True,-1.0
uniform,int2float,2,56,47,3,True,47,3,True,3.0
uniform,int2float,2,57,49,3,True,51,3,True,-2.0
uniform,int2float,2,58,47,3,True,47,3,True,1.0
uniform,int2float,2,59,48,3,True,49,3,True,1.0
uniform,int2float,2,60,48,3,True,48,3,True,5.0
uniform,int2float,2,61,47,3,True,47,3,True,6.0
uniform,int2float,2,62,49,3,True,46,4,False,-1.0
uniform,int2float,2,63,49,3,True,50,3,True,3.0
uniform,int2float,2,64,48,3,True,48,3,True,5.0
uniform,int2float,2,65,48,3,True,48,3,True,5.0
uniform,int2float,2,66,47,3,True,47,3,True,6.0
uniform,int2float,2,67,49,3,True,51,3,True,0.0
uniform,int2float,2,68,47,3,True,47,3,True,6.0
uniform,int2float,2,69,47,3,True,47,3,True,5.0
uniform,int2float,2,70,48,3,True,47,4,False,-1.0
uniform,int2float,2,71,46,3,True,47,3,True,5.0
uniform,int2float,2,72,49,3,True,50,3,True,-3.0
uniform,int2float,2,73,48,3,True,49,3,True,1.0
uniform,int2float,2,74,46,3,True,46,3,True,6.0
uniform,int2float,2,75,47,3,True,48,3,True,3.0
uniform,int2float,2,76,49,3,True,49,3,True,2.0
uniform,int2float,2,77,49,3,True,52,4,False,-2.0
uniform,int2float,2,78,49,3,True,49,3,True,2.0
uniform,int2float,2,79,49,3,True,49,3,True,0.0
uniform,int2float,2,80,49,3,True,51,3,True,4.0
uniform,int2float,2,81,48,3,True,48,3,True,5.0
uniform,int2float,2,82,47,3,True,49,3,True,4.0
uniform,int2float,2,83,49,3,True,50,3,True,-1.0
uniform,int2float,2,84,48,3,True,48,3,True,2.0
uniform,int2float,2,85,47,3,True,47,3,True,-1.0
uniform,int2float,2,86,49,3,True,49,3,True,2.0
uniform,int2float,2,87,49,3,True,46,4,False,1.0
uniform,int2float,2,88,49,3,True,46,4,False,1.0
uniform,int2float,2,89,49,3,True,44,4,False,1.0
uniform,int2float,2,90,47,3,True,47,3,True,-2.0
uniform,int2float,2,91,45,3,True,45,3,True,5.0
uniform,int2float,2,92,49,3,True,50,3,True,-1.0
uniform,int2float,2,93,47,3,True,47,3,True,1.0
uniform,int2float,2,94,49,3,True,50,3,True,-1.0
uniform,int2float,2,95,45,3,True,46,3,True,5.0
uniform,int2float,2,96,48,3,True,46,4,False,-4.0
uniform,int2float,2,97,48,3,True,48,3,True,2.0
uniform,int2float,2,98,48,3,True,48,3,True,0.0
uniform,int2float,2,99,49,3,True,51,3,True,2.0
uniform,int2float,2,100,49,3,True,46,4,False,-1.0
uniform,int2float,2,101,49,3,True,46,4,False,-1.0
uniform,int2float,2,102,48,3,True,48,3,True,5.0
uniform,int2float,2,103,49,3,True,49,3,True,2.0
uniform,int2float,2,104,49,3,True,42,4,False,-1.0
uniform,int2float,2,105,49,3,True,45,4,False,3.0
uniform,int2float,2,106,47,3,True,47,3,True,5.0
uniform,int2float,2,107,49,3,True,45,4,False,-2.0
uniform,int2float,2,108,49,3,True,49,3,True,2.0
uniform,int2float,2,109,48,3,True,48,3,True,3.0
uniform,int2float,2,110,47,3,True,47,3,True,6.0
uniform,int2float,2,111,49,3,True,51,3,True,1.0
uniform,int2float,2,112,49,3,True,45,4,False,3.0
uniform,int2float,2,113,49,3,True,47,4,False,-2.0
uniform,int2float,2,114,48,3,True,48,3,True,2.0
uniform,int2float,2,115,48,3,True,48,3,True,3.0
uniform,int2float,2,116,48,3,True,48,3,True,5.0
uniform,int2float,2,117,48,3,True,48,3,True,5.0
uniform,int2float,2,118,49,3,True,51,3,True,-1.0
uniform,int2float,2,119,49,3,True,44,4,False,1.0
uniform,int2float,2,120,48,3,True,48,3,True,1.0
uniform,int2float,2,121,49,3,True,49,3,True,2.0
uniform,int2float,2,122,47,3,True,47,3,True,5.0
uniform,int2float,2,123,47,3,True,47,3,True,1.0
uniform,int2float,2,124,49,3,True,47,4,False,-3.0
uniform,int2float,2,125,48,3,True,48,3,True,5.0
uniform,int2float,2,126,49,3,True,51,3,True,-1.0
uniform,int2float,2,127,48,3,True,48,3,True,5.0
uniform,int2float,2,128,49,3,True,49,3,True,0.0
uniform,int2float,2,129,48,3,True,48,3,True,4.0
uniform,int2float,2,130,47,3,True,48,3,True,2.0
uniform,int2float,2,131,48,3,True,48,3,True,4.0
uniform,int2float,2,132,49,3,True,52,3,True,1.0
uniform,int2float,2,133,49,3,True,49,3,True,2.0
uniform,int2float,2,134,49,3,True,49,3,True,2.0
uniform,int2float,2,135,48,3,True,48,3,True,0.0
uniform,int2float,2,136,48,3,True,48,3,True,5.0
uniform,int2float,2,137,47,3,True,47,3,True,0.0
uniform,int2float,2,138,48,3,True,50,3,True,3.0
uniform,int2float,2,139,49,3,True,45,4,False,-1.0
uniform,int2float,2,140,49,3,True,45,4,False,1.0
uniform,int2float,2,141,49,3,True,50,3,True,0.0
uniform,int2float,2,142,48,3,True,48,3,True,2.0
uniform,int2float,2,143,49,3,True,49,3,True,2.0
uniform,int2float,2,144,46,3,True,46,3,True,6.0
uniform,int2float,2,145,47,3,True,47,3,True,-2.0
uniform,int2float,2,146,46,3,True,46,3,True,8.0
uniform,int2float,2,147,47,3,True,47,3,True,2.0
uniform,int2float,2,148,49,3,True,49,3,True,0.0
uniform,int2float,2,149,49,3,True,49,3,True,1.0
uniform,int2float,2,150,49,3,True,48,4,False,0.0
uniform,int2float,2,151,49,3,True,49,3,True,2.0
uniform,int2float,2,152,46,3,True,46,3,True,6.0
uniform,int2float,2,153,47,3,True,47,3,True,1.0
uniform,int2float,2,154,49,3,True,47,4,False,-2.0
uniform,int2float,2,155,47,3,True,47,3,True,2.0
uniform,int2float,2,156,46,3,True,46,3,True,6.0
uniform,int2float,2,157,48,3,True,47,4,False,4.0
uniform,int2float,2,158,49,3,True,50,3,True,0.0
uniform,int2float,2,159,46,3,True,47,3,True,5.0
uniform,int2float,2,160,47,3,True,48,3,True,2.0
uniform,int2float,2,161,48,3,True,49,3,True,1.0
uniform,int2float,2,162,49,3,True,52,3,True,1.0
uniform,int2float,2,163,48,3,True,48,3,True,4.0
uniform,int2float,2,164,49,3,True,48,4,False,-1.0
uniform,int2float,2,165,48,3,True,48,3,True,4.0
uniform,int2float,2,166,49,3,True,49,3,True,0.0
uniform,int2float,2,167,48,3,True,48,3,True,4.0
uniform,int2float,2,168,49,3,True,46,4,False,-1.0
uniform,int2float,2,169,48,3,True,48,3,True,3.0
uniform,int2float,2,170,49,3,True,50,3,True,4.0
uniform,int2float,2,171,49,3,True,46,4,False,-1.0
uniform,int2float,2,172,49,3,True,47,4,False,-2.0
uniform,int2float,2,173,47,3,True,47,3,True,5.0
uniform,int2float,2,174,49,3,True,51,3,True,1.0
uniform,int2float,2,175,49,3,True,47,4,False,-4.0
uniform,int2float,2,176,49,3,True,50,3,True,-1.0
uniform,int2float,2,177,48,3,True,48,3,True,0.0
uniform,int2float,2,178,49,3,True,49,3,True,2.0
uniform,int2float,2,179,49,3,True,49,3,True,4.0
uniform,int2float,2,180,47,3,True,47,3,True,3.0
uniform,int2float,2,181,48,3,True,48,3,True,4.0
uniform,int2float,2,182,46,3,True,46,3,True,5.0
uniform,int2float,2,183,46,3,True,47,3,True,5.0
uniform,int2float,2,184,49,3,True,50,3,True,2.0
uniform,int2float,2,185,48,3,True,48,3,True,2.0
uniform,int2float,2,186,49,3,True,51,3,True,1.0
uniform,int2float,2,187,46,3,True,46,3,True,9.0
uniform,int2float,2,188,47,3,True,48,3,True,0.0
uniform,int2float,2,189,46,3,True,46,3,True,3.0
uniform,int2float,2,190,47,3,True,48,3,True,5.0
uniform,int2float,2,191,47,3,True,47,3,True,6.0
uniform,int2float,2,192,47,3,True,47,3,True,3.0
uniform,int2float,2,193,49,3,True,51,3,True,-3.0
uniform,int2float,2,194,48,3,True,48,3,True,3.0
uniform,int2float,2,195,48,3,True,49,3,True,-1.0
uniform,int2float,2,196,49,3,True,49,3,True,2.0
uniform,int2float,2,197,48,3,True,50,3,True,1.0
uniform,int2float,2,198,47,3,True,47,3,True,5.0
uniform,int2float,2,199,49,3,True,49,3,True,2.0
uniform,int2float,2,200,48,3,True,48,3,True,0.0
uniform,i2c,0,1,325,4,True,325,4,True,8.0
uniform,i2c,0,2,327,4,True,327,4,True,9.0
uniform,i2c,0,3,337,4,True,337,4,True,5.0
uniform,i2c,0,4,337,4,True,338,4,True,7.0
uniform,i2c,0,5,329,4,True,329,4,True,11.0
uniform,i2c,0,6,337,4,True,337,4,True,3.0
uniform,i2c,0,7,328,4,True,328,4,True,11.0
uniform,i2c,0,8,327,4,True,327,4,True,12.0
uniform,i2c,0,9,339,4,True,339,4,True,8.0
uniform,i2c,0,10,328,4,True,328,4,True,11.0
uniform,i2c,0,11,320,4,True,321,4,True,5.0
uniform,i2c,0,12,331,4,True,331,4,True,8.0
uniform,i2c,0,13,320,4,True,321,4,True,5.0
uniform,i2c,0,14,324,4,True,324,4,True,15.0
uniform,i2c,0,15,325,4,True,325,4,True,11.0
uniform,i2c,0,16,338,4,True,338,4,True,9.0
uniform,i2c,0,17,334,4,True,334,4,True,8.0
uniform,i2c,0,18,335,4,True,335,4,True,7.0
uniform,i2c,0,19,354,4,True,354,4,True,8.0
uniform,i2c,0,20,325,4,True,325,4,True,8.0
uniform,i2c,0,21,347,4,True,348,4,True,7.0
uniform,i2c,0,22,322,4,True,322,4,True,15.0
uniform,i2c,0,23,325,4,True,325,4,True,15.0
uniform,i2c,0,24,335,4,True,335,4,True,8.0
uniform,i2c,0,25,325,4,True,325,4,True,12.0
uniform,i2c,0,26,326,4,True,326,4,True,9.0
uniform,i2c,0,27,323,4,True,323,4,True,12.0
uniform,i2c,0,28,336,4,True,336,4,True,9.0
uniform,i2c,0,29,333,4,True,333,4,True,8.0
uniform,i2c,0,30,328,4,True,328,4,True,11.0
uniform,i2c,0,31,331,4,True,331,4,True,12.0
uniform,i2c,0,32,324,4,True,324,4,True,15.0
uniform,i2c,0,33,325,4,True,325,4,True,8.0
uniform,i2c,0,34,333,4,True,333,4,True,11.0
uniform,i2c,0,35,337,4,True,337,4,True,5.0
uniform,i2c,0,36,351,4,True,352,4,True,7.0
uniform,i2c,0,37,323,4,True,323,4,True,15.0
uniform,i2c,0,38,326,4,True,326,4,True,9.0
uniform,i2c,0,39,321,4,True,321,4,True,12.0
uniform,i2c,0,40,329,4,True,334,4,True,7.0
uniform,i2c,0,41,326,4,True,326,4,True,12.0
uniform,i2c,0,42,345,4,True,345,4,True,11.0
uniform,i2c,0,43,334,4,True,335,4,True,11.0
uniform,i2c,0,44,337,4,True,338,4,True,5.0
uniform,i2c,0,45,317,4,True,317,4,True,12.0
uniform,i2c,0,46,325,4,True,325,4,True,11.0
uniform,i2c,0,47,333,4,True,338,4,True,7.0
uniform,i2c,0,48,326,4,True,326,4,True,12.0
uniform,i2c,0,49,323,4,True,323,4,True,9.0
uniform,i2c,0,50,322,4,True,322,4,True,12.0
uniform,i2c,0,51,322,4,True,322,4,True,8.0
uniform,i2c,0,52,312,4,True,312,4,True,11.0
uniform,i2c,0,53,341,4,True,341,4,True,15.0
uniform,i2c,0,54,320,4,True,320,4,True,12.0
uniform,i2c,0,55,330,4,True,330,4,True,8.0
uniform,i2c,0,56,316,4,True,316,4,True,7.0
uniform,i2c,0,57,322,4,True,322,4,True,15.0
uniform,i2c,0,58,318,4,True,318,4,True,12.0
uniform,i2c,0,59,339,4,True,339,4,True,8.0
uniform,i2c,0,60,340,4,True,340,4,True,8.0
uniform,i2c,0,61,335,4,True,335,4,True,8.0
uniform,i2c,0,62,324,4,True,324,4,True,8.0
uniform,i2c,0,63,319,4,True,320,4,True,11.0
uniform,i2c,0,64,340,4,True,340,4,True,5.0
uniform,i2c,0,65,342,4,True,343,4,True,5.0
uniform,i2c,0,66,335,4,True,335,4,True,5.0
uniform,i2c,0,67,321,4,True,321,4,True,11.0
uniform,i2c,0,68,341,4,True,341,4,True,7.0
uniform,i2c,0,69,330,4,True,330,4,True,12.0
uniform,i2c,0,70,330,4,True,330,4,True,11.0
uniform,i2c,0,71,344,4,True,344,4,True,8.0
uniform,i2c,0,72,324,4,True,324,4,True,11.0
uniform,i2c,0,73,324,4,True,324,4,True,9.0
uniform,i2c,0,74,314,4,True,314,4,True,15.0
uniform,i2c,0,75,329,4,True,331,4,True,7.0
uniform,i2c,0,76,337,4,True,337,4,True,9.0
uniform,i2c,0,77,330,4,True,330,4,True,8.0
uniform,i2c,0,78,331,4,True,331,4,True,9.0
uniform,i2c,0,79,328,4,True,332,4,True,5.0
uniform,i2c,0,80,321,4,True,323,4,True,11.0
uniform,i2c,0,81,315,4,True,315,4,True,12.0
uniform,i2c,0,82,334,4,True,334,4,True,12.0
uniform,i2c,0,83,336,4,True,336,4,True,11.0
uniform,i2c,0,84,329,4,True,332,4,True,11.0
uniform,i2c,0,85,335,4,True,335,4,True,9.0
uniform,i2c,0,86,327,4,True,329,4,True,8.0
uniform,i2c,0,87,322,4,True,322,4,True,9.0
uniform,i2c,0,88,340,4,True,340,4,True,12.0
uniform,i2c,0,89,314,4,True,314,4,True,11.0
uniform,i2c,0,90,337,4,True,337,4,True,5.0
uniform,i2c,0,91,329,4,True,329,4,True,12.0
uniform,i2c,0,92,329,4,True,329,4,True,15.0
uniform,i2c,0,93,332,4,True,334,4,True,8.0
uniform,i2c,0,94,338,4,True,338,4,True,12.0
uniform,i2c,0,95,327,4,True,327,4,True,8.0
uniform,i2c,0,96,321,4,True,326,4,True,11.0
uniform,i2c,0,97,328,4,True,328,4,True,12.0
uniform,i2c,0,98,325,4,True,325,4,True,15.0
uniform,i2c,0,99,329,4,True,329,4,True,12.0
uniform,i2c,0,100,331,4,True,331,4,True,12.0
uniform,i2c,0,101,329,4,True,334,4,True,5.0
uniform,i2c,0,102,333,4,True,333,4,True,11.0
uniform,i2c,0,103,326,4,True,328,4,True,8.0
uniform,i2c,0,104,332,4,True,334,4,True,8.0
uniform,i2c,0,105,330,4,True,330,4,True,9.0
uniform,i2c,0,106,331,4,True,331,4,True,8.0
uniform,i2c,0,107,325,4,True,325,4,True,8.0
uniform,i2c,0,108,317,4,True,317,4,True,12.0
uniform,i2c,0,109,338,4,True,338,4,True,11.0
uniform,i2c,0,110,322,4,True,322,4,True,15.0
uniform,i2c,0,111,328,4,True,328,4,True,8.0
uniform,i2c,0,112,344,4,True,347,4,True,7.0
uniform,i2c,0,113,335,4,True,338,4,True,7.0
uniform,i2c,0,114,325,4,True,325,4,True,7.0
uniform,i2c,0,115,324,4,True,325,4,True,11.0
uniform,i2c,0,116,326,4,True,326,4,True,11.0
uniform,i2c,0,117,350,4,True,352,4,True,5.0
uniform,i2c,0,118,317,4,True,323,4,True,11.0
uniform,i2c,0,119,338,4,True,338,4,True,4.0
uniform,i2c,0,120,319,4,True,323,4,True,11.0
uniform,i2c,0,121,332,4,True,337,4,True,7.0
uniform,i2c,0,122,323,4,True,323,4,True,12.0
uniform,i2c,0,123,322,4,True,322,4,True,8.0
uniform,i2c,0,124,337,4,True,337,4,True,5.0
uniform,i2c,0,125,341,4,True,341,4,True,9.0
uniform,i2c,0,126,321,4,True,321,4,True,11.0
uniform,i2c,0,127,324,4,True,324,4,True,8.0
uniform,i2c,0,128,331,4,True,331,4,True,12.0
uniform,i2c,0,129,326,4,True,326,4,True,11.0
uniform,i2c,0,130,326,4,True,326,4,True,9.0
uniform,i2c,0,131,324,4,True,327,4,True,4.0
uniform,i2c,0,132,326,4,True,327,4,True,8.0
uniform,i2c,0,133,329,4,True,334,4,True,7.0
uniform,i2c,0,134,335,4,True,335,4,True,7.0
uniform,i2c,0,135,320,4,True,320,4,True,12.0
uniform,i2c,0,136,337,4,True,337,4,True,15.0
uniform,i2c,0,137,342,4,True,343,4,True,8.0
uniform,i2c,0,138,331,4,True,331,4,True,9.0
uniform,i2c,0,139,327,4,True,327,4,True,15.0
uniform,i2c,0,140,323,4,True,323,4,True,11.0
uniform,i2c,0,141,328,4,True,328,4,True,11.0
uniform,i2c,0,142,329,4,True,329,4,True,8.0
uniform,i2c,0,143,320,4,True,320,4,True,6.0
uniform,i2c,0,144,320,4,True,321,4,True,5.0
uniform,i2c,0,145,325,4,True,325,4,True,8.0
uniform,i2c,0,146,332,4,True,332,4,True,11.0
uniform,i2c,0,147,329,4,True,329,4,True,15.0
uniform,i2c,0,148,337,4,True,341,4,True,4.0
uniform,i2c,0,149,327,4,True,327,4,True,8.0
uniform,i2c,0,150,335,4,True,335,4,True,6.0
uniform,i2c,0,151,326,4,True,326,4,True,12.0
uniform,i2c,0,152,323,4,True,323,4,True,9.0
uniform,i2c,0,153,324,4,True,324,4,True,6.0
uniform,i2c,0,154,330,4,True,330,4,True,11.0
uniform,i2c,0,155,322,4,True,322,4,True,11.0
uniform,i2c,0,156,326,4,True,327,4,True,7.0
uniform,i2c,0,157,321,4,True,323,4,True,11.0
uniform,i2c,0,158,318,4,True,323,4,True,7.0
uniform,i2c,0,159,333,4,True,333,4,True,11.0
uniform,i2c,0,160,332,4,True,332,4,True,11.0
uniform,i2c,0,161,329,4,True,329,4,True,15.0
uniform,i2c,0,162,330,4,True,330,4,True,12.0
uniform,i2c,0,163,330,4,True,333,4,True,11.0
uniform,i2c,0,164,322,4,True,324,4,True,11.0
uniform,i2c,0,165,337,4,True,337,4,True,8.0
uniform,i2c,0,166,337,4,True,337,4,True,9.0
uniform,i2c,0,167,340,4,True,340,4,True,8.0
uniform,i2c,0,168,324,4,True,324,4,True,11.0
uniform,i2c,0,169,323,4,True,327,4,True,11.0
uniform,i2c,0,170,333,4,True,333,4,True,9.0
uniform,i2c,0,171,320,4,True,320,4,True,8.0
uniform,i2c,0,172,320,4,True,320,4,True,12.0
uniform,i2c,0,173,338,4,True,338,4,True,15.0
uniform,i2c,0,174,318,4,True,318,4,True,9.0
uniform,i2c,0,175,319,4,True,319,4,True,7.0
uniform,i2c,0,176,331,4,True,331,4,True,11.0
uniform,i2c,0,177,329,4,True,329,4,True,12.0
uniform,i2c,0,178,328,4,True,328,4,True,11.0
uniform,i2c,0,179,333,4,True,334,4,True,8.0
uniform,i2c,0,180,324,4,True,324,4,True,11.0
uniform,i2c,0,181,321,4,True,321,4,True,15.0
uniform,i2c,0,182,329,4,True,333,4,True,8.0
uniform,i2c,0,183,323,4,True,323,4,True,12.0
uniform,i2c,0,184,327,4,True,327,4,True,15.0
uniform,i2c,0,185,336,4,True,336,4,True,15.0
uniform,i2c,0,186,321,4,True,321,4,True,12.0
uniform,i2c,0,187,324,4,True,324,4,True,6.0
uniform,i2c,0,188,316,4,True,316,4,True,8.0
uniform,i2c,0,189,337,4,True,337,4,True,9.0
uniform,i2c,0,190,315,4,True,315,4,True,11.0
uniform,i2c,0,191,331,4,True,347,3,True,8.0
uniform,i2c,0,192,337,4,True,337,4,True,6.0
uniform,i2c,0,193,318,4,True,318,4,True,8.0
uniform,i2c,0,194,340,4,True,340,4,True,8.0
uniform,i2c,0,195,326,4,True,326,4,True,15.0
uniform,i2c,0,196,326,4,True,327,4,True,8.0
uniform,i2c,0,197,328,4,True,328,4,True,11.0
uniform,i2c,0,198,345,4,True,345,4,True,11.0
uniform,i2c,0,199,341,4,True,344,4,True,3.0
uniform,i2c,0,200,322,4,True,325,4,True,7.0
uniform,i2c,1,1,342,4,True,342,4,True,6.0
uniform,i2c,1,2,344,4,True,344,4,True,11.0
uniform,i2c,1,3,343,4,True,343,4,True,5.0
uniform,i2c,1,4,316,4,True,316,4,True,15.0
uniform,i2c,1,5,325,4,True,326,4,True,8.0
uniform,i2c,1,6,331,4,True,333,4,True,11.0
uniform,i2c,1,7,323,4,True,323,4,True,11.0
uniform,i2c,1,8,323,4,True,323,4,True,9.0
uniform,i2c,1,9,318,4,True,318,4,True,12.0
uniform,i2c,1,10,321,4,True,321,4,True,11.0
uniform,i2c,1,11,320,4,True,321,4,True,5.0
uniform,i2c,1,12,327,4,True,327,4,True,11.0
uniform,i2c,1,13,321,4,True,321,4,True,12.0
uniform,i2c,1,14,335,4,True,337,4,True,8.0
uniform,i2c,1,15,347,4,True,349,4,True,4.0
uniform,i2c,1,16,349,4,True,349,4,True,6.0
uniform,i2c,1,17,333,4,True,333,4,True,8.0
uniform,i2c,1,18,337,4,True,337,4,True,5.0
uniform,i2c,1,19,344,4,True,344,4,True,8.0
uniform,i2c,1,20,343,4,True,343,4,True,8.0
uniform,i2c,1,21,331,4,True,331,4,True,11.0
uniform,i2c,1,22,327,4,True,327,4,True,9.0
uniform,i2c,1,23,336,4,True,336,4,True,8.0
uniform,i2c,1,24,322,4,True,323,4,True,11.0
uniform,i2c,1,25,337,4,True,337,4,True,5.0
uniform,i2c,1,26,322,4,True,322,4,True,15.0
uniform,i2c,1,27,330,4,True,330,4,True,12.0
uniform,i2c,1,28,340,4,True,340,4,True,7.0
uniform,i2c,1,29,331,4,True,331,4,True,11.0
uniform,i2c,1,30,322,4,True,322,4,True,12.0
uniform,i2c,1,31,325,4,True,325,4,True,15.0
uniform,i2c,1,32,335,4,True,335,4,True,8.0
uniform,i2c,1,33,342,4,True,343,4,True,5.0
uniform,i2c,1,34,324,4,True,324,4,True,12.0
uniform,i2c,1,35,327,4,True,328,4,True,8.0
uniform,i2c,1,36,337,4,True,337,4,True,11.0
uniform,i2c,1,37,330,4,True,330,4,True,15.0
uniform,i2c,1,38,326,4,True,326,4,True,9.0
uniform,i2c,1,39,338,4,True,338,4,True,15.0
uniform,i2c,1,40,327,4,True,327,4,True,12.0
uniform,i2c,1,41,327,4,True,327,4,True,15.0
uniform,i2c,1,42,322,4,True,322,4,True,15.0
uniform,i2c,1,43,338,4,True,343,4,True,8.0
uniform,i2c,1,44,335,4,True,335,4,True,11.0
uniform,i2c,1,45,335,4,True,335,4,True,11.0
uniform,i2c,1,46,334,4,True,335,4,True,7.0
uniform,i2c,1,47,320,4,True,323,4,True,7.0
uniform,i2c,1,48,338,4,True,338,4,True,8.0
uniform,i2c,1,49,321,4,True,325,4,True,11.0
uniform,i2c,1,50,324,4,True,324,4,True,9.0
uniform,i2c,1,51,323,4,True,323,4,True,8.0
uniform,i2c,1,52,323,4,True,325,4,True,8.0
uniform,i2c,1,53,325,4,True,334,4,True,7.0
uniform,i2c,1,54,337,4,True,338,4,True,11.0
uniform,i2c,1,55,349,4,True,349,4,True,9.0
uniform,i2c,1,56,331,4,True,331,4,True,15.0
uniform,i2c,1,57,327,4,True,327,4,True,15.0
uniform,i2c,1,58,322,4,True,322,4,True,15.0
uniform,i2c,1,59,326,4,True,326,4,True,11.0
uniform,i2c,1,60,337,4,True,337,4,True,11.0
uniform,i2c,1,61,321,4,True,321,4,True,12.0
uniform,i2c,1,62,342,4,True,342,4,True,6.0
uniform,i2c,1,63,335,4,True,335,4,True,6.0
uniform,i2c,1,64,342,4,True,342,4,True,11.0
uniform,i2c,1,65,335,4,True,335,4,True,5.0
uniform,i2c,1,66,320,4,True,320,4,True,15.0
uniform,i2c,1,67,331,4,True,331,4,True,12.0
uniform,i2c,1,68,319,4,True,323,4,True,11.0
uniform,i2c,1,69,321,4,True,321,4,True,12.0
uniform,i2c,1,70,336,4,True,340,4,True,3.0
uniform,i2c,1,71,319,4,True,319,4,True,8.0
uniform,i2c,1,72,343,4,True,343,4,True,5.0
uniform,i2c,1,73,329,4,True,339,4,True,7.0
uniform,i2c,1,74,336,4,True,339,4,True,3.0
uniform,i2c,1,75,341,4,True,342,4,True,8.0
uniform,i2c,1,76,340,4,True,340,4,True,12.0
uniform,i2c,1,77,337,4,True,337,4,True,7.0
uniform,i2c,1,78,341,4,True,341,4,True,8.0
uniform,i2c,1,79,338,4,True,338,4,True,12.0
uniform,i2c,1,80,322,4,True,322,4,True,12.0
uniform,i2c,1,81,335,4,True,335,4,True,11.0
uniform,i2c,1,82,329,4,True,329,4,True,15.0
uniform,i2c,1,83,329,4,True,329,4,True,11.0
uniform,i2c,1,84,337,4,True,337,4,True,4.0
uniform,i2c,1,85,337,4,True,337,4,True,15.0
uniform,i2c,1,86,324,4,True,328,4,True,8.0
uniform,i2c,1,87,343,4,True,344,4,True,11.0
uniform,i2c,1,88,329,4,True,329,4,True,15.0
uniform,i2c,1,89,339,4,True,339,4,True,12.0
uniform,i2c,1,90,325,4,True,325,4,True,15.0
uniform,i2c,1,91,328,4,True,331,4,True,7.0
uniform,i2c,1,92,323,4,True,323,4,True,11.0
uniform,i2c,1,93,328,4,True,335,4,True,5.0
uniform,i2c,1,94,339,4,True,339,4,True,15.0
uniform,i2c,1,95,325,4,True,325,4,True,8.0
uniform,i2c,1,96,321,4,True,326,4,True,11.0
uniform,i2c,1,97,326,4,True,331,4,True,8.0
uniform,i2c,1,98,321,4,True,321,4,True,7.0
uniform,i2c,1,99,328,4,True,328,4,True,15.0
uniform,i2c,1,100,330,4,True,330,4,True,7.0
uniform,i2c,1,101,319,4,True,319,4,True,12.0
uniform,i2c,1,102,339,4,True,339,4,True,8.0
uniform,i2c,1,103,337,4,True,337,4,True,12.0
uniform,i2c,1,104,326,4,True,326,4,True,15.0
uniform,i2c,1,105,328,4,True,335,4,True,5.0
uniform,i2c,1,106,322,4,True,322,4,True,11.0
uniform,i2c,1,107,328,4,True,328,4,True,12.0
uniform,i2c,1,108,331,4,True,331,4,True,8.0
uniform,i2c,1,109,354,4,True,354,4,True,8.0
uniform,i2c,1,110,342,4,True,343,4,True,5.0
uniform,i2c,1,111,313,4,True,313,4,True,12.0
uniform,i2c,1,112,339,4,True,339,4,True,8.0
uniform,i2c,1,113,338,4,True,338,4,True,15.0
uniform,i2c,1,114,326,4,True,326,4,True,9.0
uniform,i2c,1,115,345,4,True,345,4,True,8.0
uniform,i2c,1,116,338,4,True,338,4,True,9.0
uniform,i2c,1,117,343,4,True,343,4,True,8.0
uniform,i2c,1,118,321,4,True,323,4,True,11.0
uniform,i2c,1,119,330,4,True,330,4,True,11.0
uniform,i2c,1,120,317,4,True,317,4,True,15.0
uniform,i2c,1,121,325,4,True,325,4,True,11.0
uniform,i2c,1,122,325,4,True,325,4,True,8.0
uniform,i2c,1,123,334,4,True,334,4,True,8.0
uniform,i2c,1,124,336,4,True,340,4,True,8.0
uniform,i2c,1,125,320,4,True,320,4,True,12.0
uniform,i2c,1,126,326,4,True,326,4,True,9.0
uniform,i2c,1,127,330,4,True,330,4,True,11.0
uniform,i2c,1,128,328,4,True,328,4,True,8.0
uniform,i2c,1,129,340,4,True,340,4,True,11.0
uniform,i2c,1,130,335,4,True,335,4,True,8.0
uniform,i2c,1,131,341,4,True,342,4,True,8.0
uniform,i2c,1,132,333,4,True,333,4,True,9.0
uniform,i2c,1,133,333,4,True,333,4,True,11.0
uniform,i2c,1,134,328,4,True,330,4,True,4.0
uniform,i2c,1,135,333,4,True,333,4,True,8.0
uniform,i2c,1,136,337,4,True,337,4,True,8.0
uniform,i2c,1,137,330,4,True,330,4,True,11.0
uniform,i2c,1,138,326,4,True,327,4,True,5.0
uniform,i2c,1,139,328,4,True,328,4,True,11.0
uniform,i2c,1,140,320,4,True,323,4,True,8.0
uniform,i2c,1,141,344,4,True,344,4,True,11.0
uniform,i2c,1,142,336,4,True,336,4,True,11.0
uniform,i2c,1,143,325,4,True,325,4,True,8.0
uniform,i2c,1,144,329,4,True,335,4,True,11.0
uniform,i2c,1,145,340,4,True,341,4,True,4.0
uniform,i2c,1,146,353,4,True,356,4,True,5.0
uniform,i2c,1,147,325,4,True,327,4,True,7.0
uniform,i2c,1,148,333,4,True,333,4,True,11.0
uniform,i2c,1,149,325,4,True,325,4,True,12.0
uniform,i2c,1,150,324,4,True,324,4,True,8.0
uniform,i2c,1,151,334,4,True,337,4,True,7.0
uniform,i2c,1,152,326,4,True,326,4,True,9.0
uniform,i2c,1,153,324,4,True,324,4,True,9.0
uniform,i2c,1,154,319,4,True,320,4,True,11.0
uniform,i2c,1,155,337,4,True,338,4,True,5.0
uniform,i2c,1,156,326,4,True,328,4,True,7.0
uniform,i2c,1,157,338,4,True,338,4,True,11.0
uniform,i2c,1,158,330,4,True,330,4,True,11.0
uniform,i2c,1,159,342,4,True,342,4,True,11.0
uniform,i2c,1,160,322,4,True,322,4,True,9.0
uniform,i2c,1,161,329,4,True,330,4,True,11.0
uniform,i2c,1,162,329,4,True,329,4,True,15.0
uniform,i2c,1,163,332,4,True,332,4,True,8.0
uniform,i2c,1,164,326,4,True,332,4,True,4.0
uniform,i2c,1,165,337,4,True,337,4,True,8.0
uniform,i2c,1,166,327,4,True,327,4,True,15.0
uniform,i2c,1,167,326,4,True,326,4,True,15.0
uniform,i2c,1,168,337,4,True,344,4,True,2.0
uniform,i2c,1,169,351,4,True,351,4,True,8.0
uniform,i2c,1,170,327,4,True,327,4,True,15.0
uniform,i2c,1,171,343,4,True,343,4,True,8.0
uniform,i2c,1,172,342,4,True,342,4,True,11.0
uniform,i2c,1,173,324,4,True,324,4,True,9.0
uniform,i2c,1,174,324,4,True,324,4,True,11.0
uniform,i2c,1,175,324,4,True,324,4,True,11.0
uniform,i2c,1,176,321,4,True,321,4,True,11.0
uniform,i2c,1,177,327,4,True,327,4,True,5.0
uniform,i2c,1,178,339,4,True,339,4,True,8.0
uniform,i2c,1,179,323,4,True,323,4,True,15.0
uniform,i2c,1,180,327,4,True,327,4,True,15.0
uniform,i2c,1,181,320,4,True,322,4,True,11.0
uniform,i2c,1,182,335,4,True,338,4,True,5.0
uniform,i2c,1,183,327,4,True,327,4,True,11.0
uniform,i2c,1,184,343,4,True,343,4,True,11.0
uniform,i2c,1,185,325,4,True,325,4,True,8.0
uniform,i2c,1,186,319,4,True,319,4,True,12.0
uniform,i2c,1,187,336,4,True,336,4,True,12.0
uniform,i2c,1,188,337,4,True,337,4,True,9.0
uniform,i2c,1,189,335,4,True,335,4,True,6.0
uniform,i2c,1,190,320,4,True,320,4,True,12.0
uniform,i2c,1,191,325,4,True,326,4,True,11.0
uniform,i2c,1,192,327,4,True,327,4,True,9.0
uniform,i2c,1,193,329,4,True,329,4,True,12.0
uniform,i2c,1,194,341,4,True,341,4,True,9.0
uniform,i2c,1,195,323,4,True,323,4,True,9.0
uniform,i2c,1,196,315,4,True,315,4,True,15.0
uniform,i2c,1,197,326,4,True,326,4,True,11.0
uniform,i2c,1,198,325,4,True,326,4,True,8.0
uniform,i2c,1,199,320,4,True,320,4,True,12.0
uniform,i2c,1,200,329,4,True,330,4,True,7.0
uniform,i2c,2,1,331,4,True,331,4,True,8.0
uniform,i2c,2,2,324,4,True,326,4,True,7.0
uniform,i2c,2,3,331,4,True,331,4,True,11.0
uniform,i2c,2,4,336,4,True,336,4,True,9.0
uniform,i2c,2,5,336,4,True,336,4,True,12.0
uniform,i2c,2,6,326,4,True,326,4,True,15.0
uniform,i2c,2,7,337,4,True,338,4,True,7.0
uniform,i2c,2,8,331,4,True,332,4,True,7.0
uniform,i2c,2,9,322,4,True,326,4,True,7.0
uniform,i2c,2,10,318,4,True,324,4,True,4.0
uniform,i2c,2,11,325,4,True,325,4,True,11.0
uniform,i2c,2,12,330,4,True,330,4,True,15.0
uniform,i2c,2,13,335,4,True,335,4,True,7.0
uniform,i2c,2,14,323,4,True,323,4,True,15.0
uniform,i2c,2,15,330,4,True,330,4,True,9.0
uniform,i2c,2,16,327,4,True,328,4,True,8.0
uniform,i2c,2,17,326,4,True,326,4,True,11.0
uniform,i2c,2,18,325,4,True,325,4,True,15.0
uniform,i2c,2,19,349,4,True,357,4,True,7.0
uniform,i2c,2,20,316,4,True,316,4,True,12.0
uniform,i2c,2,21,326,4,True,326,4,True,9.0
uniform,i2c,2,22,340,4,True,340,4,True,12.0
uniform,i2c,2,23,325,4,True,325,4,True,15.0
uniform,i2c,2,24,326,4,True,326,4,True,6.0
uniform,i2c,2,25,331,4,True,331,4,True,12.0
uniform,i2c,2,26,325,4,True,325,4,True,15.0
uniform,i2c,2,27,334,4,True,334,4,True,11.0
uniform,i2c,2,28,327,4,True,327,4,True,9.0
uniform,i2c,2,29,334,4,True,334,4,True,12.0
uniform,i2c,2,30,322,4,True,322,4,True,12.0
uniform,i2c,2,31,330,4,True,330,4,True,11.0
uniform,i2c,2,32,334,4,True,334,4,True,8.0
uniform,i2c,2,33,331,4,True,331,4,True,12.0
uniform,i2c,2,34,349,4,True,354,4,True,5.0
uniform,i2c,2,35,341,4,True,341,4,True,9.0
uniform,i2c,2,36,317,4,True,317,4,True,11.0
uniform,i2c,2,37,332,4,True,332,4,True,11.0
uniform,i2c,2,38,339,4,True,341,4,True,8.0
uniform,i2c,2,39,328,4,True,332,4,True,5.0
uniform,i2c,2,40,337,4,True,337,4,True,5.0
uniform,i2c,2,41,326,4,True,326,4,True,15.0
uniform,i2c,2,42,324,4,True,324,4,True,8.0
uniform,i2c,2,43,342,4,True,342,4,True,9.0
uniform,i2c,2,44,325,4,True,325,4,True,11.0
uniform,i2c,2,45,321,4,True,321,4,True,15.0
uniform,i2c,2,46,342,4,True,343,4,True,8.0
uniform,i2c,2,47,320,4,True,321,4,True,5.0
uniform,i2c,2,48,320,4,True,322,4,True,11.0
uniform,i2c,2,49,336,4,True,336,4,True,9.0
uniform,i2c,2,50,352,4,True,352,4,True,8.0
uniform,i2c,2,51,336,4,True,336,4,True,9.0
uniform,i2c,2,52,338,4,True,338,4,True,11.0
uniform,i2c,2,53,332,4,True,332,4,True,11.0
uniform,i2c,2,54,314,4,True,314,4,True,11.0
uniform,i2c,2,55,335,4,True,335,4,True,9.0
uniform,i2c,2,56,329,4,True,332,4,True,8.0
uniform,i2c,2,57,335,4,True,335,4,True,5.0
uniform,i2c,2,58,324,4,True,324,4,True,15.0
uniform,i2c,2,59,349,4,True,351,4,True,7.0
uniform,i2c,2,60,338,4,True,338,4,True,7.0
uniform,i2c,2,61,334,4,True,340,4,True,11.0
uniform,i2c,2,62,321,4,True,322,4,True,8.0
uniform,i2c,2,63,326,4,True,327,4,True,8.0
uniform,i2c,2,64,335,4,True,339,4,True,4.0
uniform,i2c,2,65,331,4,True,331,4,True,15.0
uniform,i2c,2,66,336,4,True,336,4,True,12.0
uniform,i2c,2,67,322,4,True,326,4,True,8.0
uniform,i2c,2,68,338,4,True,338,4,True,11.0
uniform,i2c,2,69,342,4,True,342,4,True,8.0
uniform,i2c,2,70,323,4,True,323,4,True,15.0
uniform,i2c,2,71,336,4,True,336,4,True,8.0
uniform,i2c,2,72,335,4,True,344,4,True,11.0
uniform,i2c,2,73,329,4,True,332,4,True,3.0
uniform,i2c,2,74,330,4,True,330,4,True,11.0
uniform,i2c,2,75,318,4,True,318,4,True,11.0
uniform,i2c,2,76,342,4,True,342,4,True,6.0
uniform,i2c,2,77,331,4,True,331,4,True,15.0
uniform,i2c,2,78,335,4,True,335,4,True,5.0
uniform,i2c,2,79,324,4,True,324,4,True,9.0
uniform,i2c,2,80,315,4,True,315,4,True,11.0
uniform,i2c,2,81,331,4,True,332,4,True,11.0
uniform,i2c,2,82,337,4,True,337,4,True,11.0
uniform,i2c,2,83,323,4,True,323,4,True,15.0
uniform,i2c,2,84,331,4,True,332,4,True,8.0
uniform,i2c,2,85,326,4,True,326,4,True,11.0
uniform,i2c,2,86,348,4,True,348,4,True,12.0
uniform,i2c,2,87,323,4,True,323,4,True,9.0
uniform,i2c,2,88,323,4,True,323,4,True,9.0
uniform,i2c,2,89,325,4,True,325,4,True,9.0
uniform,i2c,2,90,321,4,True,321,4,True,15.0
uniform,i2c,2,91,326,4,True,332,4,True,4.0
uniform,i2c,2,92,343,4,True,343,4,True,9.0
uniform,i2c,2,93,314,4,True,314,4,True,11.0
uniform,i2c,2,94,339,4,True,339,4,True,12.0
uniform,i2c,2,95,330,4,True,330,4,True,15.0
uniform,i2c,2,96,323,4,True,323,4,True,11.0
uniform,i2c,2,97,330,4,True,330,4,True,11.0
uniform,i2c,2,98,317,4,True,317,4,True,8.0
uniform,i2c,2,99,320,4,True,321,4,True,5.0
uniform,i2c,2,100,329,4,True,337,4,True,4.0
uniform,i2c,2,101,321,4,True,321,4,True,9.0
uniform,i2c,2,102,337,4,True,337,4,True,9.0
uniform,i2c,2,103,328,4,True,328,4,True,15.0
uniform,i2c,2,104,323,4,True,323,4,True,11.0
uniform,i2c,2,105,321,4,True,321,4,True,11.0
uniform,i2c,2,106,338,4,True,339,4,True,11.0
uniform,i2c,2,107,322,4,True,322,4,True,11.0
uniform,i2c,2,108,337,4,True,340,4,True,1.0
uniform,i2c,2,109,344,4,True,345,4,True,7.0
uniform,i2c,2,110,342,4,True,342,4,True,11.0
uniform,i2c,2,111,321,4,True,321,4,True,12.0
uniform,i2c,2,112,318,4,True,319,4,True,8.0
uniform,i2c,2,113,325,4,True,325,4,True,8.0
uniform,i2c,2,114,326,4,True,328,4,True,5.0
uniform,i2c,2,115,344,4,True,345,4,True,8.0
uniform,i2c,2,116,319,4,True,319,4,True,15.0
uniform,i2c,2,117,327,4,True,327,4,True,9.0
uniform,i2c,2,118,321,4,True,321,4,True,15.0
uniform,i2c,2,119,323,4,True,327,4,True,11.0
uniform,i2c,2,120,310,4,True,310,4,True,11.0
uniform,i2c,2,121,325,4,True,326,4,True,8.0
uniform,i2c,2,122,333,4,True,333,4,True,8.0
uniform,i2c,2,123,318,4,True,318,4,True,8.0
uniform,i2c,2,124,319,4,True,324,4,True,11.0
uniform,i2c,2,125,337,4,True,337,4,True,4.0
uniform,i2c,2,126,322,4,True,322,4,True,11.0
uniform,i2c,2,127,327,4,True,327,4,True,15.0
uniform,i2c,2,128,325,4,True,325,4,True,11.0
uniform,i2c,2,129,331,4,True,331,4,True,8.0
uniform,i2c,2,130,326,4,True,329,4,True,7.0
uniform,i2c,2,131,328,4,True,333,4,True,8.0
uniform,i2c,2,132,320,4,True,320,4,True,11.0
uniform,i2c,2,133,337,4,True,337,4,True,8.0
uniform,i2c,2,134,321,4,True,322,4,True,11.0
uniform,i2c,2,135,326,4,True,326,4,True,12.0
uniform,i2c,2,136,321,4,True,321,4,True,12.0
uniform,i2c,2,137,331,4,True,331,4,True,11.0
uniform,i2c,2,138,323,4,True,323,4,True,15.0
uniform,i2c,2,139,317,4,True,319,4,True,8.0
uniform,i2c,2,140,324,4,True,324,4,True,6.0
uniform,i2c,2,141,322,4,True,325,4,True,11.0
uniform,i2c,2,142,333,4,True,333,4,True,8.0
uniform,i2c,2,143,337,4,True,337,4,True,8.0
uniform,i2c,2,144,324,4,True,324,4,True,12.0
uniform,i2c,2,145,322,4,True,322,4,True,12.0
uniform,i2c,2,146,335,4,True,335,4,True,11.0
uniform,i2c,2,147,341,4,True,346,4,True,8.0
uniform,i2c,2,148,322,4,True,322,4,True,12.0
uniform,i2c,2,149,334,4,True,334,4,True,5.0
uniform,i2c,2,150,327,4,True,327,4,True,15.0
uniform,i2c,2,151,324,4,True,324,4,True,12.0
uniform,i2c,2,152,335,4,True,335,4,True,11.0
uniform,i2c,2,153,334,4,True,334,4,True,8.0
uniform,i2c,2,154,322,4,True,322,4,True,5.0
uniform,i2c,2,155,326,4,True,326,4,True,15.0
uniform,i2c,2,156,329,4,True,329,4,True,15.0
uniform,i2c,2,157,330,4,True,330,4,True,15.0
uniform,i2c,2,158,322,4,True,322,4,True,11.0
uniform,i2c,2,159,328,4,True,328,4,True,12.0
uniform,i2c,2,160,322,4,True,322,4,True,11.0
uniform,i2c,2,161,325,4,True,325,4,True,11.0
uniform,i2c,2,162,320,4,True,320,4,True,11.0
uniform,i2c,2,163,339,4,True,339,4,True,11.0
uniform,i2c,2,164,323,4,True,323,4,True,9.0
uniform,i2c,2,165,334,4,True,334,4,True,11.0
uniform,i2c,2,166,326,4,True,326,4,True,9.0
uniform,i2c,2,167,321,4,True,321,4,True,15.0
uniform,i2c,2,168,324,4,True,324,4,True,8.0
uniform,i2c,2,169,320,4,True,320,4,True,12.0
uniform,i2c,2,170,323,4,True,323,4,True,11.0
uniform,i2c,2,171,322,4,True,322,4,True,12.0
uniform,i2c,2,172,322,4,True,322,4,True,5.0
uniform,i2c,2,173,341,4,True,342,4,True,7.0
uniform,i2c,2,174,337,4,True,338,4,True,4.0
uniform,i2c,2,175,322,4,True,323,4,True,11.0
uniform,i2c,2,176,336,4,True,336,4,True,15.0
uniform,i2c,2,177,317,4,True,317,4,True,11.0
uniform,i2c,2,178,337,4,True,337,4,True,7.0
uniform,i2c,2,179,325,4,True,325,4,True,12.0
uniform,i2c,2,180,329,4,True,332,4,True,7.0
uniform,i2c,2,181,332,4,True,332,4,True,7.0
uniform,i2c,2,182,326,4,True,332,4,True,7.0
uniform,i2c,2,183,327,4,True,327,4,True,15.0
uniform,i2c,2,184,318,4,True,318,4,True,12.0
uniform,i2c,2,185,330,4,True,330,4,True,11.0
uniform,i2c,2,186,319,4,True,319,4,True,12.0
uniform,i2c,2,187,330,4,True,333,4,True,11.0
uniform,i2c,2,188,335,4,True,338,4,True,11.0
uniform,i2c,2,189,323,4,True,323,4,True,11.0
uniform,i2c,2,190,351,4,True,351,4,True,7.0
uniform,i2c,2,191,342,4,True,342,4,True,9.0
uniform,i2c,2,192,329,4,True,332,4,True,7.0
uniform,i2c,2,193,329,4,True,329,4,True,11.0
uniform,i2c,2,194,338,4,True,338,4,True,4.0
uniform,i2c,2,195,331,4,True,332,4,True,11.0
uniform,i2c,2,196,336,4,True,336,4,True,11.0
uniform,i2c,2,197,333,4,True,333,4,True,8.0
uniform,i2c,2,198,343,4,True,343,4,True,5.0
uniform,i2c,2,199,317,4,True,317,4,True,15.0
uniform,i2c,2,200,312,4,True,312,4,True,11.0
uniform,max,0,1,782,42,False,792,43,False,1.0
uniform,max,0,2,782,42,False,782,42,False,4.0
uniform,max,0,3,842,56,False,842,56,False,0.0
uniform,max,0,4,828,46,False,828,46,False,3.0
uniform,max,0,5,791,42,False,791,42,False,6.0
uniform,max,0,6,842,56,False,842,56,False,0.0
uniform,max,0,7,797,41,True,797,41,True,3.0
uniform,max,0,8,769,44,False,784,45,False,0.0
uniform,max,0,9,827,46,False,827,46,False,5.0
uniform,max,0,10,800,49,False,800,49,False,0.0
uniform,max,0,11,842,56,False,842,57,False,-1.0
uniform,max,0,12,792,50,False,794,50,False,0.0
uniform,max,0,13,842,56,False,842,57,False,-1.0
uniform,max,0,14,769,44,False,769,44,False,3.0
uniform,max,0,15,769,44,False,769,44,False,3.0
uniform,max,0,16,769,44,False,769,44,False,3.0
uniform,max,0,17,828,46,False,837,47,False,0.0
uniform,max,0,18,827,46,False,827,46,False,5.0
uniform,max,0,19,826,46,False,828,46,False,5.0
uniform,max,0,20,790,41,True,790,41,True,1.0
uniform,max,0,21,791,42,False,791,42,False,6.0
uniform,max,0,22,769,44,False,784,45,False,0.0
uniform,max,0,23,828,46,False,833,46,False,3.0
uniform,max,0,24,827,46,False,827,46,False,5.0
uniform,max,0,25,772,45,False,772,45,False,2.0
uniform,max,0,26,769,44,False,769,44,False,3.0
uniform,max,0,27,800,49,False,800,49,False,0.0
uniform,max,0,28,842,56,False,842,56,False,0.0
uniform,max,0,29,786,42,False,792,42,False,-3.0
uniform,max,0,30,828,46,False,842,47,False,0.0
uniform,max,0,31,769,44,False,769,44,False,3.0
uniform,max,0,32,769,44,False,784,45,False,0.0
uniform,max,0,33,782,42,False,792,43,False,1.0
uniform,max,0,34,791,42,False,791,42,False,6.0
uniform,max,0,35,842,56,False,842,56,False,0.0
uniform,max,0,36,791,42,False,802,42,False,8.0
uniform,max,0,37,768,43,False,768,43,False,0.0
uniform,max,0,38,842,56,False,842,57,False,-1.0
uniform,max,0,39,782,42,False,782,42,False,4.0
uniform,max,0,40,782,42,False,782,42,False,4.0
uniform,max,0,41,769,44,False,788,45,False,0.0
uniform,max,0,42,828,46,False,842,47,False,0.0
uniform,max,0,43,769,44,False,784,45,False,0.0
uniform,max,0,44,828,46,False,828,46,False,3.0
uniform,max,0,45,842,56,False,849,57,False,-3.0
uniform,max,0,46,812,49,False,812,49,False,2.0
uniform,max,0,47,791,42,False,791,42,False,6.0
uniform,max,0,48,800,49,False,800,49,False,0.0
uniform,max,0,49,768,43,False,768,43,False,0.0
uniform,max,0,50,842,56,False,838,57,False,-1.0
uniform,max,0,51,792,41,True,792,41,True,1.0
uniform,max,0,52,842,56,False,838,57,False,-1.0
uniform,max,0,53,782,42,False,796,43,False,1.0
uniform,max,0,54,842,56,False,838,57,False,-1.0
uniform,max,0,55,764,42,False,764,42,False,3.0
uniform,max,0,56,812,49,False,812,49,False,2.0
uniform,max,0,57,782,42,False,779,43,False,3.0
uniform,max,0,58,842,56,False,838,57,False,-1.0
uniform,max,0,59,828,46,False,828,46,False,3.0
uniform,max,0,60,826,46,False,828,46,False,5.0
uniform,max,0,61,826,46,False,826,46,False,5.0
uniform,max,0,62,767,42,False,767,42,False,3.0
uniform,max,0,63,842,56,False,834,57,False,1.0
uniform,max,0,64,828,46,False,828,46,False,3.0
uniform,max,0,65,842,56,False,842,56,False,0.0
uniform,max,0,66,842,56,False,842,56,False,0.0
uniform,max,0,67,768,44,False,786,45,False,2.0
uniform,max,0,68,827,46,False,827,46,False,5.0
uniform,max,0,69,842,56,False,842,57,False,-1.0
uniform,max,0,70,791,42,False,791,42,False,6.0
uniform,max,0,71,826,46,False,826,46,False,7.0
uniform,max,0,72,768,44,False,769,44,False,3.0
uniform,max,0,73,782,42,False,782,42,False,4.0
uniform,max,0,74,769,42,False,769,42,False,2.0
uniform,max,0,75,782,42,False,792,43,False,1.0
uniform,max,0,76,768,44,False,768,44,False,5.0
uniform,max,0,77,828,46,False,842,47,False,0.0
uniform,max,0,78,768,44,False,786,45,False,2.0
uniform,max,0,79,782,42,False,791,42,False,2.0
uniform,max,0,80,769,44,False,767,46,False,-1.0
uniform,max,0,81,842,56,False,842,57,False,-1.0
uniform,max,0,82,826,46,False,826,46,False,5.0
uniform,max,0,83,826,46,False,826,46,False,7.0
uniform,max,0,84,779,43,False,779,43,False,3.0
uniform,max,0,85,842,56,False,842,56,False,0.0
uniform,max,0,86,769,44,False,784,45,False,0.0
uniform,max,0,87,792,50,False,792,50,False,2.0
uniform,max,0,88,791,42,False,794,42,False,4.0
uniform,max,0,89,767,43,False,767,43,False,2.0
uniform,max,0,90,842,56,False,842,56,False,0.0
uniform,max,0,91,769,44,False,784,45,False,0.0
uniform,max,0,92,768,44,False,768,44,False,5.0
uniform,max,0,93,800,49,False,800,49,False,0.0
uniform,max,0,94,769,44,False,769,44,False,3.0
uniform,max,0,95,800,49,False,816,49,False,-2.0
uniform,max,0,96,782,42,False,782,42,False,6.0
uniform,max,0,97,769,42,False,769,42,False,2.0
uniform,max,0,98,842,56,False,838,57,False,-1.0
uniform,max,0,99,791,42,False,802,42,False,4.0
uniform,max,0,100,782,42,False,782,42,False,4.0
uniform,max,0,101,782,42,False,790,43,False,1.0
uniform,max,0,102,782,42,False,789,43,False,1.0
uniform,max,0,103,812,49,False,812,49,False,2.0
uniform,max,0,104,767,42,False,767,42,False,4.0
uniform,max,0,105,768,44,False,768,44,False,5.0
uniform,max,0,106,769,44,False,769,44,False,3.0
uniform,max,0,107,842,56,False,849,57,False,-3.0
uniform,max,0,108,800,49,False,800,49,False,0.0
uniform,max,0,109,827,46,False,827,46,False,5.0
uniform,max,0,110,767,43,False,767,43,False,0.0
uniform,max,0,111,768,44,False,769,44,False,3.0
uniform,max,0,112,828,46,False,840,47,False,-2.0
uniform,max,0,113,776,42,False,776,42,False,4.0
uniform,max,0,114,768,44,False,768,44,False,5.0
uniform,max,0,115,767,43,False,782,43,False,1.0
uniform,max,0,116,791,42,False,791,42,False,6.0
uniform,max,0,117,842,56,False,842,56,False,0.0
uniform,max,0,118,790,42,False,790,42,False,3.0
uniform,max,0,119,828,46,False,828,46,False,3.0
uniform,max,0,120,767,43,False,767,43,False,0.0
uniform,max,0,121,782,42,False,790,43,False,1.0
uniform,max,0,122,842,56,False,838,57,False,-1.0
uniform,max,0,123,769,44,False,769,44,False,3.0
uniform,max,0,124,827,46,False,827,46,False,5.0
uniform,max,0,125,842,56,False,842,56,False,0.0
uniform,max,0,126,769,44,False,769,44,False,3.0
uniform,max,0,127,790,42,False,784,43,False,2.0
uniform,max,0,128,769,44,False,769,44,False,3.0
uniform,max,0,129,782,42,False,782,42,False,4.0
uniform,max,0,130,769,44,False,769,44,False,3.0
uniform,max,0,131,842,56,False,849,57,False,-3.0
uniform,max,0,132,768,44,False,768,44,False,5.0
uniform,max,0,133,782,42,False,791,42,False,2.0
uniform,max,0,134,791,42,False,791,42,False,8.0
uniform,max,0,135,842,56,False,838,57,False,-1.0
uniform,max,0,136,782,42,False,794,42,False,0.0
uniform,max,0,137,827,46,False,827,46,False,5.0
uniform,max,0,138,779,46,False,781,46,False,0.0
uniform,max,0,139,791,42,False,795,42,False,4.0
uniform,max,0,140,769,44,False,784,45,False,0.0
uniform,max,0,141,782,42,False,782,42,False,6.0
uniform,max,0,142,782,42,False,791,42,False,4.0
uniform,max,0,143,842,56,False,842,57,False,-1.0
uniform,max,0,144,767,42,False,767,42,False,3.0
uniform,max,0,145,842,56,False,849,57,False,-3.0
uniform,max,0,146,826,46,False,826,46,False,5.0
uniform,max,0,147,768,44,False,768,44,False,5.0
uniform,max,0,148,828,46,False,828,46,False,3.0
uniform,max,0,149,768,44,False,768,44,False,5.0
uniform,max,0,150,842,56,False,842,56,False,0.0
uniform,max,0,151,769,44,False,788,45,False,0.0
uniform,max,0,152,782,42,False,791,42,False,2.0
uniform,max,0,153,842,56,False,842,57,False,-1.0
uniform,max,0,154,828,46,False,823,48,False,-3.0
uniform,max,0,155,842,56,False,849,57,False,-3.0
uniform,max,0,156,769,44,False,769,44,False,3.0
uniform,max,0,157,768,43,False,768,43,False,0.0
uniform,max,0,158,842,56,False,838,57,False,-1.0
uniform,max,0,159,791,42,False,794,42,False,6.0
uniform,max,0,160,790,42,False,783,43,False,2.0
uniform,max,0,161,769,44,False,769,44,False,3.0
uniform,max,0,162,782,42,False,791,42,False,2.0
uniform,max,0,163,769,44,False,784,45,False,0.0
uniform,max,0,164,768,43,False,768,43,False,0.0
uniform,max,0,165,842,56,False,842,56,False,0.0
uniform,max,0,166,842,56,False,842,56,False,0.0
uniform,max,0,167,782,42,False,782,42,False,4.0
uniform,max,0,168,782,42,False,782,42,False,4.0
uniform,max,0,169,769,42,False,769,42,False,2.0
uniform,max,0,170,800,49,False,800,49,False,0.0
uniform,max,0,171,768,43,False,768,43,False,0.0
uniform,max,0,172,842,56,False,849,57,False,-3.0
uniform,max,0,173,792,42,False,792,42,False,10.0
uniform,max,0,174,842,56,False,842,57,False,-1.0
uniform,max,0,175,842,56,False,834,57,False,1.0
uniform,max,0,176,791,42,False,791,42,False,6.0
uniform,max,0,177,828,46,False,840,47,False,-2.0
uniform,max,0,178,791,42,False,791,42,False,6.0
uniform,max,0,179,782,42,False,782,42,False,4.0
uniform,max,0,180,769,44,False,784,45,False,0.0
uniform,max,0,181,770,42,False,770,42,False,6.0
uniform,max,0,182,782,42,False,794,42,False,0.0
uniform,max,0,183,842,56,False,849,57,False,-3.0
uniform,max,0,184,842,56,False,834,57,False,1.0
uniform,max,0,185,781,41,True,781,41,True,3.0
uniform,max,0,186,842,56,False,838,57,False,-1.0
uniform,max,0,187,842,56,False,849,57,False,-3.0
uniform,max,0,188,768,43,False,768,43,False,0.0
uniform,max,0,189,768,44,False,768,44,False,5.0
uniform,max,0,190,768,43,False,780,43,False,-2.0
uniform,max,0,191,782,42,False,791,42,False,2.0
uniform,max,0,192,842,56,False,842,56,False,0.0
uniform,max,0,193,768,43,False,772,43,False,-2.0
uniform,max,0,194,826,46,False,828,46,False,5.0
uniform,max,0,195,791,42,False,791,42,False,6.0
uniform,max,0,196,769,44,False,769,44,False,3.0
uniform,max,0,197,826,46,False,811,47,False,4.0
uniform,max,0,198,791,42,False,791,42,False,6.0
uniform,max,0,199,793,42,False,793,42,False,8.0
uniform,max,0,200,842,56,False,849,57,False,-3.0
uniform,max,1,1,842,56,False,842,56,False,0.0
uniform,max,1,2,826,46,False,826,46,False,5.0
uniform,max,1,3,828,46,False,828,46,False,3.0
uniform,max,1,4,769,42,False,769,42,False,2.0
uniform,max,1,5,768,44,False,786,45,False,2.0
uniform,max,1,6,769,44,False,769,44,False,3.0
uniform,max,1,7,782,42,False,782,42,False,4.0
uniform,max,1,8,842,56,False,842,57,False,-1.0
uniform,max,1,9,800,49,False,800,49,False,0.0
uniform,max,1,10,768,43,False,779,43,False,0.0
uniform,max,1,11,842,56,False,842,57,False,-1.0
uniform,max,1,12,826,46,False,826,46,False,5.0
uniform,max,1,13,800,49,False,816,49,False,-2.0
uniform,max,1,14,826,46,False,826,46,False,5.0
uniform,max,1,15,791,42,False,805,42,False,4.0
uniform,max,1,16,769,44,False,769,44,False,3.0
uniform,max,1,17,782,42,False,782,42,False,4.0
uniform,max,1,18,842,56,False,842,56,False,0.0
uniform,max,1,19,826,46,False,826,46,False,5.0
uniform,max,1,20,826,46,False,826,46,False,5.0
uniform,max,1,21,769,44,False,769,44,False,3.0
uniform,max,1,22,769,44,False,769,44,False,3.0
uniform,max,1,23,842,56,False,842,56,False,0.0
uniform,max,1,24,768,43,False,783,43,False,-2.0
uniform,max,1,25,842,56,False,842,56,False,0.0
uniform,max,1,26,842,56,False,838,57,False,-1.0
uniform,max,1,27,842,56,False,842,57,False,-1.0
uniform,max,1,28,781,41,True,781,41,True,3.0
uniform,max,1,29,791,42,False,791,42,False,8.0
uniform,max,1,30,768,43,False,768,43,False,0.0
uniform,max,1,31,842,56,False,838,57,False,-1.0
uniform,max,1,32,828,46,False,828,46,False,3.0
uniform,max,1,33,842,56,False,842,56,False,0.0
uniform,max,1,34,769,44,False,769,44,False,3.0
uniform,max,1,35,842,56,False,842,57,False,-1.0
uniform,max,1,36,826,46,False,835,46,False,3.0
uniform,max,1,37,768,44,False,767,46,False,1.0
uniform,max,1,38,842,56,False,842,57,False,-1.0
uniform,max,1,39,793,42,False,793,42,False,8.0
uniform,max,1,40,769,44,False,784,45,False,0.0
uniform,max,1,41,791,42,False,795,42,False,4.0
uniform,max,1,42,782,41,True,782,41,True,2.0
uniform,max,1,43,828,46,False,828,46,False,3.0
uniform,max,1,44,828,46,False,837,47,False,0.0
uniform,max,1,45,782,42,False,782,42,False,4.0
uniform,max,1,46,828,46,False,842,47,False,0.0
uniform,max,1,47,778,43,False,778,43,False,5.0
uniform,max,1,48,791,42,False,791,42,False,6.0
uniform,max,1,49,812,49,False,812,49,False,2.0
uniform,max,1,50,769,44,False,769,44,False,3.0
uniform,max,1,51,769,44,False,769,44,False,3.0
uniform,max,1,52,812,49,False,812,49,False,2.0
uniform,max,1,53,782,42,False,789,42,False,2.0
uniform,max,1,54,778,43,False,778,43,False,3.0
uniform,max,1,55,768,44,False,769,44,False,3.0
uniform,max,1,56,781,41,True,788,41,True,2.0
uniform,max,1,57,769,44,False,784,45,False,0.0
uniform,max,1,58,767,42,False,767,42,False,3.0
uniform,max,1,59,769,44,False,769,44,False,3.0
uniform,max,1,60,826,46,False,813,47,False,2.0
uniform,max,1,61,842,56,False,849,57,False,-3.0
uniform,max,1,62,842,56,False,842,56,False,0.0
uniform,max,1,63,842,56,False,842,56,False,0.0
uniform,max,1,64,827,46,False,827,46,False,5.0
uniform,max,1,65,842,56,False,842,56,False,0.0
uniform,max,1,66,767,42,False,785,42,False,1.0
uniform,max,1,67,782,42,False,782,42,False,4.0
uniform,max,1,68,767,43,False,767,43,False,0.0
uniform,max,1,69,842,56,False,842,57,False,-1.0
uniform,max,1,70,826,46,False,829,46,False,3.0
uniform,max,1,71,768,43,False,768,43,False,0.0
uniform,max,1,72,828,46,False,828,46,False,3.0
uniform,max,1,73,767,43,False,783,43,False,-2.0
uniform,max,1,74,826,46,False,829,46,False,3.0
uniform,max,1,75,828,46,False,828,46,False,3.0
uniform,max,1,76,827,46,False,835,46,False,5.0
uniform,max,1,77,783,41,True,783,41,True,1.0
uniform,max,1,78,827,46,False,827,46,False,5.0
uniform,max,1,79,842,56,False,842,56,False,0.0
uniform,max,1,80,768,44,False,786,45,False,2.0
uniform,max,1,81,828,46,False,842,47,False,0.0
uniform,max,1,82,769,44,False,769,44,False,3.0
uniform,max,1,83,828,46,False,844,47,False,-2.0
uniform,max,1,84,826,46,False,826,46,False,7.0
uniform,max,1,85,792,41,True,792,41,True,0.0
uniform,max,1,86,782,42,False,782,42,False,4.0
uniform,max,1,87,827,46,False,827,46,False,5.0
uniform,max,1,88,767,43,False,767,43,False,3.0
uniform,max,1,89,791,42,False,791,42,False,6.0
uniform,max,1,90,800,49,False,800,49,False,0.0
uniform,max,1,91,782,42,False,782,42,False,6.0
uniform,max,1,92,842,56,False,849,57,False,-3.0
uniform,max,1,93,782,42,False,789,42,False,2.0
uniform,max,1,94,781,41,True,781,41,True,5.0
uniform,max,1,95,768,43,False,772,43,False,-2.0
uniform,max,1,96,769,44,False,784,45,False,0.0
uniform,max,1,97,768,43,False,768,43,False,0.0
uniform,max,1,98,782,42,False,782,42,False,4.0
uniform,max,1,99,769,44,False,769,44,False,3.0
uniform,max,1,100,826,46,False,826,46,False,5.0
uniform,max,1,101,800,49,False,800,49,False,0.0
uniform,max,1,102,826,46,False,826,46,False,7.0
uniform,max,1,103,769,44,False,784,45,False,0.0
uniform,max,1,104,781,41,True,781,41,True,3.0
uniform,max,1,105,782,42,False,789,42,False,2.0
uniform,max,1,106,768,43,False,780,43,False,-2.0
uniform,max,1,107,768,44,False,786,45,False,2.0
uniform,max,1,108,791,42,False,795,42,False,4.0
uniform,max,1,109,826,46,False,826,46,False,7.0
uniform,max,1,110,842,56,False,842,56,False,0.0
uniform,max,1,111,842,56,False,838,57,False,-1.0
uniform,max,1,112,826,46,False,826,46,False,5.0
uniform,max,1,113,793,42,False,795,42,False,6.0
uniform,max,1,114,782,42,False,782,42,False,6.0
uniform,max,1,115,791,42,False,795,42,False,4.0
uniform,max,1,116,782,42,False,791,42,False,2.0
uniform,max,1,117,827,46,False,827,46,False,5.0
uniform,max,1,118,768,43,False,768,43,False,0.0
uniform,max,1,119,769,44,False,784,45,False,0.0
uniform,max,1,120,782,42,False,782,42,False,4.0
uniform,max,1,121,768,43,False,783,43,False,-2.0
uniform,max,1,122,828,46,False,842,47,False,0.0
uniform,max,1,123,827,46,False,827,46,False,5.0
uniform,max,1,124,767,43,False,767,43,False,3.0
uniform,max,1,125,842,56,False,838,57,False,-1.0
uniform,max,1,126,769,44,False,769,44,False,3.0
uniform,max,1,127,793,42,False,793,42,False,8.0
uniform,max,1,128,800,49,False,816,49,False,-2.0
uniform,max,1,129,842,56,False,842,56,False,0.0
uniform,max,1,130,828,46,False,828,46,False,3.0
uniform,max,1,131,782,42,False,782,42,False,4.0
uniform,max,1,132,800,49,False,800,49,False,0.0
uniform,max,1,133,793,42,False,793,42,False,8.0
uniform,max,1,134,768,44,False,768,44,False,5.0
uniform,max,1,135,842,56,False,842,56,False,0.0
uniform,max,1,136,842,56,False,842,56,False,0.0
uniform,max,1,137,791,42,False,791,42,False,6.0
uniform,max,1,138,779,46,False,779,46,False,2.0
uniform,max,1,139,812,49,False,812,49,False,2.0
uniform,max,1,140,768,43,False,772,43,False,-2.0
uniform,max,1,141,782,42,False,792,42,False,0.0
uniform,max,1,142,826,46,False,826,46,False,7.0
uniform,max,1,143,769,44,False,769,44,False,3.0
uniform,max,1,144,769,44,False,784,44,False,0.0
uniform,max,1,145,827,46,False,827,46,False,5.0
uniform,max,1,146,782,42,False,789,42,False,4.0
uniform,max,1,147,782,42,False,782,42,False,4.0
uniform,max,1,148,827,46,False,838,47,False,2.0
uniform,max,1,149,767,43,False,767,43,False,0.0
uniform,max,1,150,769,44,False,769,44,False,3.0
uniform,max,1,151,782,42,False,773,43,False,1.0
uniform,max,1,152,842,56,False,842,57,False,-1.0
uniform,max,1,153,768,44,False,786,45,False,2.0
uniform,max,1,154,769,44,False,769,44,False,3.0
uniform,max,1,155,826,46,False,826,46,False,5.0
uniform,max,1,156,767,42,False,767,42,False,4.0
uniform,max,1,157,827,46,False,838,47,False,2.0
uniform,max,1,158,826,46,False,812,47,False,4.0
uniform,max,1,159,826,46,False,826,46,False,7.0
uniform,max,1,160,842,56,False,849,57,False,-3.0
uniform,max,1,161,769,44,False,784,45,False,0.0
uniform,max,1,162,769,44,False,788,45,False,0.0
uniform,max,1,163,782,42,False,782,42,False,6.0
uniform,max,1,164,842,56,False,834,57,False,1.0
uniform,max,1,165,826,46,False,826,46,False,5.0
uniform,max,1,166,769,44,False,788,45,False,0.0
uniform,max,1,167,768,44,False,768,44,False,5.0
uniform,max,1,168,828,46,False,828,46,False,3.0
uniform,max,1,169,768,44,False,768,44,False,5.0
uniform,max,1,170,769,44,False,773,46,False,-1.0
uniform,max,1,171,827,46,False,827,46,False,5.0
uniform,max,1,172,827,46,False,827,46,False,5.0
uniform,max,1,173,769,44,False,769,44,False,3.0
uniform,max,1,174,769,44,False,769,44,False,3.0
uniform,max,1,175,791,42,False,795,42,False,4.0
uniform,max,1,176,768,44,False,768,44,False,5.0
uniform,max,1,177,790,42,False,790,42,False,3.0
uniform,max,1,178,828,46,False,837,47,False,0.0
uniform,max,1,179,791,42,False,795,42,False,4.0
uniform,max,1,180,767,42,False,769,42,False,1.0
uniform,max,1,181,790,42,False,790,42,False,3.0
uniform,max,1,182,828,46,False,828,46,False,3.0
uniform,max,1,183,791,42,False,795,42,False,4.0
uniform,max,1,184,826,46,False,826,46,False,5.0
uniform,max,1,185,779,46,False,781,46,False,0.0
uniform,max,1,186,792,50,False,792,50,False,2.0
uniform,max,1,187,779,43,False,762,44,False,4.0
uniform,max,1,188,790,42,False,790,42,False,3.0
uniform,max,1,189,842,56,False,842,56,False,0.0
uniform,max,1,190,842,56,False,849,57,False,-3.0
uniform,max,1,191,836,56,False,836,56,False,2.0
uniform,max,1,192,842,56,False,842,57,False,-1.0
uniform,max,1,193,842,56,False,842,57,False,-1.0
uniform,max,1,194,769,44,False,784,45,False,0.0
uniform,max,1,195,842,56,False,849,57,False,-3.0
uniform,max,1,196,842,56,False,838,57,False,-1.0
uniform,max,1,197,791,42,False,795,42,False,4.0
uniform,max,1,198,769,44,False,769,44,False,3.0
uniform,max,1,199,782,42,False,782,42,False,4.0
uniform,max,1,200,768,44,False,769,44,False,3.0
uniform,max,2,1,790,42,False,790,42,False,3.0
uniform,max,2,2,769,44,False,784,45,False,0.0
uniform,max,2,3,842,56,False,838,57,False,-1.0
uniform,max,2,4,842,56,False,842,56,False,0.0
uniform,max,2,5,768,43,False,768,43,False,0.0
uniform,max,2,6,792,41,True,792,41,True,0.0
uniform,max,2,7,828,46,False,828,46,False,3.0
uniform,max,2,8,800,49,False,818,49,False,-2.0
uniform,max,2,9,782,42,False,789,42,False,2.0
uniform,max,2,10,801,49,False,801,49,False,0.0
uniform,max,2,11,768,44,False,768,44,False,5.0
uniform,max,2,12,827,46,False,828,47,False,4.0
uniform,max,2,13,791,42,False,791,42,False,6.0
uniform,max,2,14,767,43,False,767,43,False,3.0
uniform,max,2,15,784,51,False,784,51,False,4.0
uniform,max,2,16,842,56,False,842,57,False,-1.0
uniform,max,2,17,769,44,False,784,45,False,0.0
uniform,max,2,18,768,44,False,768,44,False,5.0
uniform,max,2,19,782,42,False,798,42,False,0.0
uniform,max,2,20,842,56,False,834,57,False,1.0
uniform,max,2,21,842,56,False,842,57,False,-1.0
uniform,max,2,22,791,42,False,799,42,False,2.0
uniform,max,2,23,842,56,False,842,57,False,-1.0
uniform,max,2,24,842,56,False,842,57,False,-1.0
uniform,max,2,25,791,42,False,795,42,False,4.0
uniform,max,2,26,791,42,False,791,42,False,6.0
uniform,max,2,27,827,46,False,827,46,False,5.0
uniform,max,2,28,782,42,False,782,42,False,4.0
uniform,max,2,29,826,46,False,826,46,False,5.0
uniform,max,2,30,790,45,False,790,45,False,1.0
uniform,max,2,31,791,42,False,791,42,False,6.0
uniform,max,2,32,826,46,False,826,46,False,5.0
uniform,max,2,33,791,42,False,791,42,False,6.0
uniform,max,2,34,782,42,False,782,42,False,4.0
uniform,max,2,35,842,56,False,842,56,False,0.0
uniform,max,2,36,767,43,False,767,43,False,2.0
uniform,max,2,37,791,42,False,791,42,False,6.0
uniform,max,2,38,767,42,False,767,42,False,8.0
uniform,max,2,39,782,42,False,791,42,False,2.0
uniform,max,2,40,842,56,False,842,56,False,0.0
uniform,max,2,41,769,44,False,788,45,False,0.0
uniform,max,2,42,769,44,False,769,44,False,3.0
uniform,max,2,43,842,56,False,842,56,False,0.0
uniform,max,2,44,768,44,False,786,45,False,2.0
uniform,max,2,45,842,56,False,838,57,False,-1.0
uniform,max,2,46,842,56,False,842,56,False,0.0
uniform,max,2,47,842,56,False,842,57,False,-1.0
uniform,max,2,48,790,42,False,790,42,False,3.0
uniform,max,2,49,842,56,False,842,56,False,0.0
uniform,max,2,50,826,46,False,833,46,False,3.0
uniform,max,2,51,842,56,False,842,56,False,0.0
uniform,max,2,52,826,46,False,835,46,False,3.0
uniform,max,2,53,791,42,False,791,42,False,6.0
uniform,max,2,54,800,49,False,806,49,False,-4.0
uniform,max,2,55,842,56,False,842,56,False,0.0
uniform,max,2,56,768,44,False,768,44,False,5.0
uniform,max,2,57,791,42,False,791,42,False,6.0
uniform,max,2,58,768,43,False,772,43,False,-2.0
uniform,max,2,59,791,42,False,791,42,False,8.0
uniform,max,2,60,826,46,False,812,47,False,4.0
uniform,max,2,61,826,46,False,829,46,False,3.0
uniform,max,2,62,842,56,False,849,57,False,-3.0
uniform,max,2,63,779,46,False,791,46,False,0.0
uniform,max,2,64,828,46,False,828,46,False,3.0
uniform,max,2,65,782,42,False,782,42,False,4.0
uniform,max,2,66,768,44,False,786,45,False,2.0
uniform,max,2,67,800,49,False,800,49,False,0.0
uniform,max,2,68,826,46,False,826,46,False,7.0
uniform,max,2,69,828,46,False,828,46,False,3.0
uniform,max,2,70,769,44,False,767,46,False,-1.0
uniform,max,2,71,791,42,False,791,42,False,6.0
uniform,max,2,72,766,43,False,766,43,False,3.0
uniform,max,2,73,782,42,False,782,42,False,4.0
uniform,max,2,74,791,42,False,791,42,False,6.0
uniform,max,2,75,769,44,False,767,46,False,-1.0
uniform,max,2,76,842,56,False,842,56,False,0.0
uniform,max,2,77,828,46,False,844,47,False,-2.0
uniform,max,2,78,842,56,False,842,56,False,0.0
uniform,max,2,79,782,42,False,782,42,False,4.0
uniform,max,2,80,800,49,False,807,49,False,-2.0
uniform,max,2,81,782,42,False,782,42,False,4.0
uniform,max,2,82,828,46,False,837,47,False,0.0
uniform,max,2,83,768,43,False,768,43,False,0.0
uniform,max,2,84,769,44,False,769,44,False,3.0
uniform,max,2,85,824,46,False,824,46,False,3.0
uniform,max,2,86,842,56,False,842,56,False,0.0
uniform,max,2,87,842,56,False,849,57,False,-3.0
uniform,max,2,88,842,56,False,849,57,False,-3.0
uniform,max,2,89,842,56,False,849,57,False,-3.0
uniform,max,2,90,778,43,False,778,43,False,3.0
uniform,max,2,91,767,42,False,767,42,False,3.0
uniform,max,2,92,842,56,False,842,56,False,0.0
uniform,max,2,93,768,43,False,772,43,False,-2.0
uniform,max,2,94,828,46,False,842,47,False,0.0
uniform,max,2,95,793,42,False,793,42,False,8.0
uniform,max,2,96,804,46,False,808,46,False,1.0
uniform,max,2,97,782,42,False,782,42,False,4.0
uniform,max,2,98,767,43,False,767,43,False,0.0
uniform,max,2,99,842,56,False,842,57,False,-1.0
uniform,max,2,100,782,42,False,789,43,False,1.0
uniform,max,2,101,842,56,False,849,57,False,-3.0
uniform,max,2,102,768,44,False,768,44,False,5.0
uniform,max,2,103,842,56,False,849,57,False,-3.0
uniform,max,2,104,800,49,False,816,49,False,-2.0
uniform,max,2,105,842,56,False,838,57,False,-1.0
uniform,max,2,106,782,42,False,789,42,False,2.0
uniform,max,2,107,842,56,False,849,57,False,-3.0
uniform,max,2,108,828,46,False,828,46,False,3.0
uniform,max,2,109,827,46,False,827,46,False,5.0
uniform,max,2,110,842,56,False,842,56,False,0.0
uniform,max,2,111,800,49,False,805,49,False,-2.0
uniform,max,2,112,842,56,False,838,57,False,-1.0
uniform,max,2,113,842,56,False,849,57,False,-3.0
uniform,max,2,114,768,43,False,768,43,False,0.0
uniform,max,2,115,827,46,False,827,46,False,5.0
uniform,max,2,116,767,43,False,771,43,False,-2.0
uniform,max,2,117,768,44,False,768,44,False,5.0
uniform,max,2,118,842,56,False,834,57,False,1.0
uniform,max,2,119,769,44,False,784,45,False,0.0
uniform,max,2,120,782,41,True,782,41,True,2.0
uniform,max,2,121,768,44,False,768,44,False,5.0
uniform,max,2,122,826,46,False,826,46,False,7.0
uniform,max,2,123,767,42,False,767,42,False,1.0
uniform,max,2,124,812,49,False,812,49,False,2.0
uniform,max,2,125,827,46,False,827,46,False,5.0
uniform,max,2,126,800,49,False,800,49,False,0.0
uniform,max,2,127,842,56,False,849,57,False,-3.0
uniform,max,2,128,782,42,False,782,42,False,4.0
uniform,max,2,129,769,44,False,769,44,False,3.0
uniform,max,2,130,768,44,False,768,44,False,5.0
uniform,max,2,131,782,42,False,782,42,False,6.0
uniform,max,2,132,842,56,False,838,57,False,-1.0
uniform,max,2,133,827,46,False,827,46,False,5.0
uniform,max,2,134,769,44,False,769,44,False,3.0
uniform,max,2,135,800,49,False,800,49,False,0.0
uniform,max,2,136,769,44,False,769,44,False,3.0
uniform,max,2,137,771,42,False,771,42,False,2.0
uniform,max,2,138,779,43,False,779,43,False,3.0
uniform,max,2,139,842,56,False,842,57,False,-1.0
uniform,max,2,140,842,56,False,842,57,False,-1.0
uniform,max,2,141,800,49,False,805,49,False,-2.0
uniform,max,2,142,826,46,False,835,46,False,3.0
uniform,max,2,143,827,46,False,827,46,False,5.0
uniform,max,2,144,769,44,False,769,44,False,3.0
uniform,max,2,145,779,43,False,779,43,False,3.0
uniform,max,2,146,791,42,False,791,42,False,6.0
uniform,max,2,147,828,46,False,828,46,False,3.0
uniform,max,2,148,768,43,False,768,43,False,0.0
uniform,max,2,149,792,50,False,792,50,False,2.0
uniform,max,2,150,781,41,True,796,41,True,2.0
uniform,max,2,151,769,44,False,769,44,False,3.0
uniform,max,2,152,793,42,False,793,42,False,8.0
uniform,max,2,153,791,42,False,791,42,False,6.0
uniform,max,2,154,842,56,False,849,57,False,-3.0
uniform,max,2,155,769,44,False,769,44,False,4.0
uniform,max,2,156,791,42,False,791,42,False,6.0
uniform,max,2,157,781,41,True,788,41,True,2.0
uniform,max,2,158,781,41,True,781,41,True,3.0
uniform,max,2,159,791,42,False,791,42,False,6.0
uniform,max,2,160,782,42,False,782,42,False,6.0
uniform,max,2,161,767,42,False,785,42,False,1.0
uniform,max,2,162,842,56,False,838,57,False,-1.0
uniform,max,2,163,811,46,False,829,46,False,3.0
uniform,max,2,164,842,56,False,849,57,False,-3.0
uniform,max,2,165,826,46,False,826,46,False,5.0
uniform,max,2,166,769,44,False,769,44,False,3.0
uniform,max,2,167,768,43,False,771,43,False,0.0
uniform,max,2,168,842,56,False,849,57,False,-3.0
uniform,max,2,169,782,42,False,782,42,False,4.0
uniform,max,2,170,769,42,False,769,42,False,2.0
uniform,max,2,171,842,56,False,849,57,False,-3.0
uniform,max,2,172,842,56,False,849,57,False,-3.0
uniform,max,2,173,826,46,False,829,46,False,3.0
uniform,max,2,174,826,46,False,826,46,False,5.0
uniform,max,2,175,768,43,False,783,43,False,-2.0
uniform,max,2,176,804,46,False,804,46,False,3.0
uniform,max,2,177,769,42,False,769,42,False,2.0
uniform,max,2,178,826,46,False,826,46,False,5.0
uniform,max,2,179,765,42,False,765,42,False,5.0
uniform,max,2,180,782,42,False,782,42,False,4.0
uniform,max,2,181,791,42,False,791,42,False,6.0
uniform,max,2,182,760,42,False,760,42,False,4.0
uniform,max,2,183,782,42,False,782,42,False,4.0
uniform,max,2,184,800,49,False,805,49,False,-2.0
uniform,max,2,185,769,44,False,769,44,False,3.0
uniform,max,2,186,842,56,False,842,57,False,-1.0
uniform,max,2,187,782,42,False,782,42,False,4.0
uniform,max,2,188,766,43,False,766,43,False,5.0
uniform,max,2,189,766,43,False,766,43,False,3.0
uniform,max,2,190,842,56,False,842,56,False,0.0
uniform,max,2,191,828,46,False,828,46,False,3.0
uniform,max,2,192,768,44,False,768,44,False,5.0
uniform,max,2,193,769,44,False,773,46,False,-1.0
uniform,max,2,194,828,46,False,828,46,False,3.0
uniform,max,2,195,766,43,False,766,43,False,2.0
uniform,max,2,196,826,46,False,826,46,False,5.0
uniform,max,2,197,811,46,False,811,46,False,5.0
uniform,max,2,198,828,46,False,828,46,False,3.0
uniform,max,2,199,800,49,False,800,49,False,0.0
uniform,max,2,200,769,42,False,769,42,False,2.0
