group,seed,candidate,luts,levels,feasible
old-trained,0,0,365,4,True
old-trained,0,1,353,4,True
old-trained,0,2,330,4,True
old-trained,0,3,328,4,True
old-trained,0,4,322,4,True
old-trained,0,5,321,4,True
old-trained,0,6,320,4,True
old-trained,0,7,317,4,True
old-trained,0,8,317,4,True
old-trained,0,9,317,4,True
old-trained,0,10,317,4,True
old-trained,0,11,317,4,True
old-trained,0,12,317,4,True
old-trained,0,13,317,4,True
old-trained,0,14,317,4,True
old-trained,0,15,317,4,True
old-trained,0,16,317,4,True
old-trained,0,17,317,4,True
old-trained,0,18,317,4,True
old-trained,0,19,317,4,True
old-trained,0,20,317,4,True
old-trained,0,21,317,4,True
old-trained,0,22,317,4,True
old-trained,0,23,317,4,True
old-trained,0,24,317,4,True
old-trained,0,25,317,4,True
old-trained,0,26,317,4,True
old-trained,0,27,317,4,True
old-trained,0,28,317,4,True
old-trained,0,29,317,4,True
old-trained,0,30,317,4,True
old-trained,0,31,317,4,True
old-trained,0,32,317,4,True
old-trained,0,33,317,4,True
old-trained,0,34,317,4,True
old-trained,0,35,317,4,True
old-trained,0,36,317,4,True
old-trained,0,37,317,4,True
old-trained,0,38,317,4,True
old-trained,0,39,317,4,True
old-trained,0,40,317,4,True
old-trained,0,41,317,4,True
old-trained,0,42,317,4,True
old-trained,0,43,317,4,True
old-trained,0,44,317,4,True
old-trained,0,45,317,4,True
old-trained,0,46,317,4,True
old-trained,0,47,317,4,True
old-trained,0,48,317,4,True
old-trained,0,49,317,4,True
old-trained,0,50,317,4,True
old-trained,0,51,317,4,True
old-trained,0,52,317,4,True
old-trained,0,53,317,4,True
old-trained,0,54,315,4,True
old-trained,0,55,312,4,True
old-trained,0,56,309,4,True
old-trained,0,57,309,4,True
old-trained,0,58,309,4,True
old-trained,0,59,309,4,True
old-trained,0,60,309,4,True
old-trained,0,61,309,4,True
old-trained,0,62,309,4,True
old-trained,0,63,309,4,True
old-trained,0,64,309,4,True
old-trained,0,65,309,4,True
old-trained,0,66,309,4,True
old-trained,0,67,309,4,True
old-trained,0,68,309,4,True
old-trained,0,69,307,4,True
old-trained,0,70,307,4,True
old-trained,0,71,307,4,True
old-trained,0,72,307,4,True
old-trained,0,73,307,4,True
old-trained,0,74,307,4,True
old-trained,0,75,307,4,True
old-trained,0,76,307,4,True
old-trained,0,77,307,4,True
old-trained,0,78,307,4,True
old-trained,0,79,307,4,True
old-trained,0,80,307,4,True
old-trained,0,81,307,4,True
old-trained,0,82,307,4,True
old-trained,0,83,307,4,True
old-trained,0,84,307,4,True
old-trained,0,85,307,4,True
old-trained,0,86,307,4,True
old-trained,0,87,307,4,True
old-trained,0,88,307,4,True
old-trained,0,89,307,4,True
old-trained,0,90,307,4,True
old-trained,0,91,307,4,True
old-trained,0,92,307,4,True
old-trained,0,93,307,4,True
old-trained,0,94,307,4,True
old-trained,0,95,307,4,True
old-trained,0,96,307,4,True
old-trained,0,97,307,4,True
old-trained,0,98,307,4,True
old-trained,0,99,307,4,True
old-trained,0,100,307,4,True
old-trained,0,101,307,4,True
old-trained,0,102,307,4,True
old-trained,0,103,307,4,True
old-trained,0,104,307,4,True
old-trained,0,105,307,4,True
old-trained,0,106,307,4,True
old-trained,0,107,307,4,True
old-trained,0,108,307,4,True
old-trained,0,109,307,4,True
old-trained,0,110,307,4,True
old-trained,0,111,307,4,True
old-trained,0,112,307,4,True
old-trained,0,113,307,4,True
old-trained,0,114,307,4,True
old-trained,0,115,307,4,True
old-trained,0,116,307,4,True
old-trained,0,117,307,4,True
old-trained,0,118,307,4,True
old-trained,0,119,307,4,True
old-trained,0,120,307,4,True
old-trained,0,121,307,4,True
old-trained,0,122,307,4,True
old-trained,0,123,307,4,True
old-trained,0,124,307,4,True
old-trained,0,125,307,4,True
old-trained,0,126,307,4,True
old-trained,0,127,307,4,True
old-trained,0,128,307,4,True
old-trained,0,129,307,4,True
old-trained,0,130,307,4,True
old-trained,0,131,307,4,True
old-trained,0,132,307,4,True
old-trained,0,133,307,4,True
old-trained,0,134,307,4,True
old-trained,0,135,307,4,True
old-trained,0,136,307,4,True
old-trained,0,137,307,4,True
old-trained,0,138,307,4,True
old-trained,0,139,307,4,True
old-trained,0,140,307,4,True
old-trained,0,141,307,4,True
old-trained,0,142,307,4,True
old-trained,0,143,307,4,True
old-trained,0,144,307,4,True
old-trained,0,145,307,4,True
old-trained,0,146,307,4,True
old-trained,0,147,307,4,True
old-trained,0,148,307,4,True
old-trained,0,149,307,4,True
old-trained,0,150,307,4,True
old-trained,0,151,307,4,True
old-trained,0,152,307,4,True
old-trained,0,153,307,4,True
old-trained,0,154,307,4,True
old-trained,0,155,307,4,True
old-trained,0,156,307,4,True
old-trained,0,157,307,4,True
old-trained,0,158,307,4,True
old-trained,0,159,307,4,True
old-trained,0,160,307,4,True
old-trained,0,161,307,4,True
old-trained,0,162,307,4,True
old-trained,0,163,307,4,True
old-trained,0,164,307,4,True
old-trained,0,165,307,4,True
old-trained,0,166,307,4,True
old-trained,0,167,307,4,True
old-trained,0,168,307,4,True
old-trained,0,169,307,4,True
old-trained,0,170,307,4,True
old-trained,0,171,307,4,True
old-trained,0,172,307,4,True
old-trained,0,173,307,4,True
old-trained,0,174,307,4,True
old-trained,0,175,307,4,True
old-trained,0,176,307,4,True
old-trained,0,177,307,4,True
old-trained,0,178,307,4,True
old-trained,0,179,307,4,True
old-trained,0,180,307,4,True
old-trained,0,181,307,4,True
old-trained,0,182,307,4,True
old-trained,0,183,307,4,True
old-trained,0,184,307,4,True
old-trained,0,185,307,4,True
old-trained,0,186,307,4,True
old-trained,0,187,307,4,True
old-trained,0,188,307,4,True
old-trained,0,189,307,4,True
old-trained,0,190,307,4,True
old-trained,0,191,307,4,True
old-trained,0,192,307,4,True
old-trained,0,193,307,4,True
old-trained,0,194,307,4,True
old-trained,0,195,307,4,True
old-trained,0,196,307,4,True
old-trained,0,197,307,4,True
old-trained,0,198,307,4,True
old-trained,0,199,307,4,True
old-trained,0,200,307,4,True
old-trained,0,201,307,4,True
old-trained,0,202,307,4,True
old-trained,0,203,307,4,True
old-trained,0,204,307,4,True
old-trained,0,205,307,4,True
old-trained,0,206,307,4,True
old-trained,0,207,307,4,True
old-trained,0,208,307,4,True
old-trained,0,209,307,4,True
old-trained,0,210,307,4,True
old-trained,0,211,307,4,True
old-trained,0,212,307,4,True
old-trained,0,213,307,4,True
old-trained,0,214,307,4,True
old-trained,0,215,307,4,True
old-trained,0,216,307,4,True
old-trained,0,217,307,4,True
old-trained,0,218,307,4,True
old-trained,0,219,307,4,True
old-trained,0,220,307,4,True
old-trained,0,221,307,4,True
old-trained,0,222,307,4,True
old-trained,0,223,307,4,True
old-trained,0,224,307,4,True
old-trained,0,225,307,4,True
old-trained,0,226,307,4,True
old-trained,0,227,307,4,True
old-trained,0,228,307,4,True
old-trained,0,229,303,4,True
old-trained,0,230,300,4,True
old-trained,0,231,300,4,True
old-trained,0,232,300,4,True
old-trained,0,233,300,4,True
old-trained,0,234,300,4,True
old-trained,0,235,300,4,True
old-trained,0,236,300,4,True
old-trained,0,237,300,4,True
old-trained,0,238,300,4,True
old-trained,0,239,300,4,True
old-trained,0,240,300,4,True
old-trained,0,241,300,4,True
old-trained,0,242,300,4,True
old-trained,0,243,300,4,True
old-trained,0,244,300,4,True
old-trained,0,245,300,4,True
old-trained,0,246,300,4,True
old-trained,0,247,300,4,True
old-trained,0,248,300,4,True
old-trained,0,249,300,4,True
old-trained,0,250,300,4,True
old-trained,0,251,300,4,True
old-trained,0,252,300,4,True
old-trained,0,253,300,4,True
old-trained,0,254,300,4,True
old-trained,0,255,300,4,True
old-trained,0,256,300,4,True
old-trained,0,257,300,4,True
old-trained,0,258,300,4,True
old-trained,0,259,300,4,True
old-trained,0,260,300,4,True
old-trained,0,261,300,4,True
old-trained,0,262,300,4,True
old-trained,0,263,300,4,True
old-trained,0,264,300,4,True
old-trained,0,265,300,4,True
old-trained,0,266,300,4,True
old-trained,0,267,300,4,True
old-trained,0,268,300,4,True
old-trained,0,269,300,4,True
old-trained,0,270,300,4,True
old-trained,0,271,300,4,True
old-trained,0,272,300,4,True
old-trained,0,273,300,4,True
old-trained,0,274,300,4,True
old-trained,0,275,300,4,True
old-trained,0,276,300,4,True
old-trained,0,277,300,4,True
old-trained,0,278,300,4,True
old-trained,0,279,300,4,True
old-trained,0,280,300,4,True
old-trained,0,281,300,4,True
old-trained,0,282,300,4,True
old-trained,0,283,300,4,True
old-trained,0,284,300,4,True
old-trained,0,285,300,4,True
old-trained,0,286,300,4,True
old-trained,0,287,300,4,True
old-trained,0,288,300,4,True
old-trained,0,289,300,4,True
old-trained,0,290,300,4,True
old-trained,0,291,300,4,True
old-trained,0,292,300,4,True
old-trained,0,293,300,4,True
old-trained,0,294,300,4,True
old-trained,0,295,300,4,True
old-trained,0,296,300,4,True
old-trained,0,297,300,4,True
old-trained,0,298,300,4,True
old-trained,0,299,300,4,True
old-trained,0,300,300,4,True
old-trained,0,301,300,4,True
old-trained,0,302,300,4,True
old-trained,0,303,300,4,True
old-trained,0,304,300,4,True
old-trained,0,305,300,4,True
old-trained,0,306,300,4,True
old-trained,0,307,300,4,True
old-trained,0,308,300,4,True
old-trained,0,309,300,4,True
old-trained,0,310,300,4,True
old-trained,0,311,300,4,True
old-trained,0,312,300,4,True
old-trained,0,313,300,4,True
old-trained,0,314,300,4,True
old-trained,0,315,300,4,True
old-trained,0,316,300,4,True
old-trained,0,317,300,4,True
old-trained,0,318,300,4,True
old-trained,0,319,300,4,True
old-trained,0,320,300,4,True
old-trained,0,321,300,4,True
old-trained,0,322,300,4,True
old-trained,0,323,300,4,True
old-trained,0,324,300,4,True
old-trained,0,325,300,4,True
old-trained,0,326,300,4,True
old-trained,0,327,300,4,True
old-trained,0,328,300,4,True
old-trained,0,329,300,4,True
old-trained,0,330,300,4,True
old-trained,0,331,300,4,True
old-trained,0,332,300,4,True
old-trained,0,333,300,4,True
old-trained,0,334,300,4,True
old-trained,0,335,300,4,True
old-trained,0,336,300,4,True
old-trained,0,337,300,4,True
old-trained,0,338,300,4,True
old-trained,0,339,300,4,True
old-trained,0,340,300,4,True
old-trained,0,341,300,4,True
old-trained,0,342,300,4,True
old-trained,0,343,300,4,True
old-trained,0,344,300,4,True
old-trained,0,345,300,4,True
old-trained,0,346,300,4,True
old-trained,0,347,300,4,True
old-trained,0,348,300,4,True
old-trained,0,349,300,4,True
old-trained,0,350,300,4,True
old-trained,0,351,300,4,True
old-trained,0,352,300,4,True
old-trained,0,353,300,4,True
old-trained,0,354,300,4,True
old-trained,0,355,300,4,True
old-trained,0,356,300,4,True
old-trained,0,357,300,4,True
old-trained,0,358,300,4,True
old-trained,0,359,300,4,True
old-trained,0,360,300,4,True
old-trained,0,361,300,4,True
old-trained,0,362,300,4,True
old-trained,0,363,300,4,True
old-trained,0,364,300,4,True
old-trained,0,365,300,4,True
old-trained,0,366,300,4,True
old-trained,0,367,300,4,True
old-trained,0,368,300,4,True
old-trained,0,369,300,4,True
old-trained,0,370,300,4,True
old-trained,0,371,300,4,True
old-trained,0,372,300,4,True
old-trained,0,373,300,4,True
old-trained,0,374,300,4,True
old-trained,0,375,300,4,True
old-trained,0,376,300,4,True
old-trained,0,377,300,4,True
old-trained,0,378,300,4,True
old-trained,0,379,300,4,True
old-trained,0,380,300,4,True
old-trained,0,381,300,4,True
old-trained,0,382,300,4,True
old-trained,0,383,300,4,True
old-trained,0,384,300,4,True
old-trained,0,385,300,4,True
old-trained,0,386,300,4,True
old-trained,0,387,300,4,True
old-trained,0,388,300,4,True
old-trained,0,389,300,4,True
old-trained,0,390,300,4,True
old-trained,0,391,300,4,True
old-trained,0,392,300,4,True
old-trained,0,393,300,4,True
old-trained,0,394,300,4,True
old-trained,0,395,300,4,True
old-trained,0,396,300,4,True
old-trained,0,397,300,4,True
old-trained,0,398,300,4,True
old-trained,0,399,300,4,True
old-trained,0,400,300,4,True
old-trained,0,401,300,4,True
old-trained,0,402,300,4,True
old-trained,0,403,300,4,True
old-trained,0,404,300,4,True
old-trained,0,405,300,4,True
old-trained,0,406,300,4,True
old-trained,0,407,300,4,True
old-trained,0,408,300,4,True
old-trained,0,409,300,4,True
old-trained,0,410,300,4,True
old-trained,0,411,300,4,True
old-trained,0,412,300,4,True
old-trained,0,413,300,4,True
old-trained,0,414,300,4,True
old-trained,0,415,300,4,True
old-trained,0,416,300,4,True
old-trained,0,417,300,4,True
old-trained,0,418,300,4,True
old-trained,0,419,300,4,True
old-trained,0,420,300,4,True
old-trained,0,421,300,4,True
old-trained,0,422,300,4,True
old-trained,0,423,300,4,True
old-trained,0,424,300,4,True
old-trained,0,425,300,4,True
old-trained,0,426,300,4,True
old-trained,0,427,300,4,True
old-trained,0,428,300,4,True
old-trained,0,429,300,4,True
old-trained,0,430,300,4,True
old-trained,0,431,300,4,True
old-trained,0,432,300,4,True
old-trained,0,433,300,4,True
old-trained,0,434,300,4,True
old-trained,0,435,300,4,True
old-trained,0,436,300,4,True
old-trained,0,437,300,4,True
old-trained,0,438,300,4,True
old-trained,0,439,300,4,True
old-trained,0,440,300,4,True
old-trained,0,441,300,4,True
old-trained,0,442,300,4,True
old-trained,0,443,300,4,True
old-trained,0,444,300,4,True
old-trained,0,445,300,4,True
old-trained,0,446,300,4,True
old-trained,0,447,300,4,True
old-trained,0,448,300,4,True
old-trained,0,449,300,4,True
old-trained,0,450,300,4,True
old-trained,0,451,300,4,True
old-trained,0,452,300,4,True
old-trained,0,453,300,4,True
old-trained,0,454,300,4,True
old-trained,0,455,300,4,True
old-trained,0,456,300,4,True
old-trained,0,457,300,4,True
old-trained,0,458,300,4,True
old-trained,0,459,300,4,True
old-trained,0,460,300,4,True
old-trained,0,461,300,4,True
old-trained,0,462,300,4,True
old-trained,0,463,300,4,True
old-trained,0,464,300,4,True
old-trained,0,465,300,4,True
old-trained,0,466,300,4,True
old-trained,0,467,300,4,True
old-trained,0,468,300,4,True
old-trained,0,469,300,4,True
old-trained,0,470,300,4,True
old-trained,0,471,300,4,True
old-trained,0,472,300,4,True
old-trained,0,473,300,4,True
old-trained,0,474,300,4,True
old-trained,0,475,300,4,True
old-trained,0,476,300,4,True
old-trained,0,477,300,4,True
old-trained,0,478,300,4,True
old-trained,0,479,300,4,True
old-trained,0,480,300,4,True
old-trained,0,481,300,4,True
old-trained,0,482,300,4,True
old-trained,0,483,300,4,True
old-trained,0,484,300,4,True
old-trained,0,485,300,4,True
old-trained,0,486,300,4,True
old-trained,0,487,300,4,True
old-trained,0,488,300,4,True
old-trained,0,489,300,4,True
old-trained,0,490,300,4,True
old-trained,0,491,300,4,True
old-trained,0,492,300,4,True
old-trained,0,493,300,4,True
old-trained,0,494,300,4,True
old-trained,0,495,300,4,True
old-trained,0,496,300,4,True
old-trained,0,497,300,4,True
old-trained,0,498,300,4,True
old-trained,0,499,300,4,True
old-trained,0,500,300,4,True
old-trained,0,501,300,4,True
old-trained,0,502,300,4,True
old-trained,0,503,300,4,True
old-trained,0,504,300,4,True
old-trained,0,505,300,4,True
old-trained,0,506,300,4,True
old-trained,0,507,300,4,True
old-trained,0,508,300,4,True
old-trained,0,509,300,4,True
old-trained,0,510,300,4,True
old-trained,0,511,300,4,True
old-trained,0,512,300,4,True
old-trained,0,513,300,4,True
old-trained,0,514,300,4,True
old-trained,0,515,300,4,True
old-trained,0,516,300,4,True
old-trained,0,517,300,4,True
old-trained,0,518,300,4,True
old-trained,0,519,300,4,True
old-trained,0,520,300,4,True
old-trained,0,521,300,4,True
old-trained,0,522,300,4,True
old-trained,0,523,300,4,True
old-trained,0,524,300,4,True
old-trained,0,525,300,4,True
old-trained,0,526,300,4,True
old-trained,0,527,300,4,True
old-trained,0,528,300,4,True
old-trained,0,529,300,4,True
old-trained,0,530,300,4,True
old-trained,0,531,300,4,True
old-trained,0,532,300,4,True
old-trained,0,533,300,4,True
old-trained,0,534,300,4,True
old-trained,0,535,300,4,True
old-trained,0,536,300,4,True
old-trained,0,537,300,4,True
old-trained,0,538,300,4,True
old-trained,0,539,300,4,True
old-trained,0,540,300,4,True
old-trained,0,541,300,4,True
old-trained,0,542,300,4,True
old-trained,0,543,300,4,True
old-trained,0,544,300,4,True
old-trained,0,545,300,4,True
old-trained,0,546,300,4,True
old-trained,0,547,300,4,True
old-trained,0,548,300,4,True
old-trained,0,549,300,4,True
old-trained,0,550,300,4,True
old-trained,0,551,300,4,True
old-trained,0,552,300,4,True
old-trained,0,553,300,4,True
old-trained,0,554,300,4,True
old-trained,0,555,300,4,True
old-trained,0,556,300,4,True
old-trained,0,557,300,4,True
old-trained,0,558,300,4,True
old-trained,0,559,300,4,True
old-trained,0,560,300,4,True
old-trained,0,561,300,4,True
old-trained,0,562,300,4,True
old-trained,0,563,300,4,True
old-trained,0,564,300,4,True
old-trained,0,565,300,4,True
old-trained,0,566,300,4,True
old-trained,0,567,300,4,True
old-trained,0,568,300,4,True
old-trained,0,569,300,4,True
old-trained,0,570,300,4,True
old-trained,0,571,300,4,True
old-trained,0,572,300,4,True
old-trained,0,573,300,4,True
old-trained,0,574,300,4,True
old-trained,0,575,300,4,True
old-trained,0,576,300,4,True
old-trained,0,577,300,4,True
old-trained,0,578,300,4,True
old-trained,0,579,300,4,True
old-trained,0,580,300,4,True
old-trained,0,581,300,4,True
old-trained,0,582,300,4,True
old-trained,0,583,300,4,True
old-trained,0,584,300,4,True
old-trained,0,585,300,4,True
old-trained,0,586,300,4,True
old-trained,0,587,300,4,True
old-trained,0,588,300,4,True
old-trained,0,589,300,4,True
old-trained,0,590,300,4,True
old-trained,0,591,300,4,True
old-trained,0,592,300,4,True
old-trained,0,593,300,4,True
old-trained,0,594,300,4,True
old-trained,0,595,300,4,True
old-trained,0,596,300,4,True
old-trained,0,597,300,4,True
old-trained,0,598,300,4,True
old-trained,0,599,300,4,True
old-trained,0,600,300,4,True
old-trained,0,601,300,4,True
old-trained,0,602,300,4,True
old-trained,0,603,300,4,True
old-trained,0,604,300,4,True
old-trained,0,605,300,4,True
old-trained,0,606,300,4,True
old-trained,0,607,300,4,True
old-trained,0,608,300,4,True
old-trained,0,609,300,4,True
old-trained,0,610,300,4,True
old-trained,0,611,300,4,True
old-trained,0,612,300,4,True
old-trained,0,613,300,4,True
old-trained,0,614,300,4,True
old-trained,0,615,300,4,True
old-trained,0,616,300,4,True
old-trained,0,617,300,4,True
old-trained,0,618,300,4,True
old-trained,0,619,300,4,True
old-trained,0,620,300,4,True
old-trained,0,621,300,4,True
old-trained,0,622,300,4,True
old-trained,0,623,300,4,True
old-trained,0,624,300,4,True
old-trained,0,625,300,4,True
old-trained,0,626,300,4,True
old-trained,0,627,300,4,True
old-trained,0,628,300,4,True
old-trained,0,629,300,4,True
old-trained,0,630,300,4,True
old-trained,0,631,300,4,True
old-trained,0,632,300,4,True
old-trained,0,633,300,4,True
old-trained,0,634,300,4,True
old-trained,0,635,300,4,True
old-trained,0,636,300,4,True
old-trained,0,637,300,4,True
old-trained,0,638,300,4,True
old-trained,0,639,300,4,True
old-trained,0,640,300,4,True
old-trained,0,641,300,4,True
old-trained,0,642,300,4,True
old-trained,0,643,300,4,True
old-trained,0,644,300,4,True
old-trained,0,645,300,4,True
old-trained,0,646,300,4,True
old-trained,0,647,300,4,True
old-trained,0,648,300,4,True
old-trained,0,649,300,4,True
old-trained,0,650,300,4,True
old-trained,0,651,300,4,True
old-trained,0,652,300,4,True
old-trained,0,653,300,4,True
old-trained,0,654,300,4,True
old-trained,0,655,300,4,True
old-trained,0,656,300,4,True
old-trained,0,657,300,4,True
old-trained,0,658,300,4,True
old-trained,0,659,300,4,True
old-trained,0,660,300,4,True
old-trained,0,661,300,4,True
old-trained,0,662,300,4,True
old-trained,0,663,300,4,True
old-trained,0,664,300,4,True
old-trained,0,665,300,4,True
old-trained,0,666,300,4,True
old-trained,0,667,300,4,True
old-trained,0,668,300,4,True
old-trained,0,669,300,4,True
old-trained,0,670,300,4,True
old-trained,0,671,300,4,True
old-trained,0,672,300,4,True
old-trained,0,673,300,4,True
old-trained,0,674,300,4,True
old-trained,0,675,300,4,True
old-trained,0,676,300,4,True
old-trained,0,677,300,4,True
old-trained,0,678,300,4,True
old-trained,0,679,300,4,True
old-trained,0,680,300,4,True
old-trained,0,681,300,4,True
old-trained,0,682,300,4,True
old-trained,0,683,300,4,True
old-trained,0,684,300,4,True
old-trained,0,685,300,4,True
old-trained,0,686,300,4,True
old-trained,0,687,300,4,True
old-trained,0,688,300,4,True
old-trained,0,689,300,4,True
old-trained,0,690,300,4,True
old-trained,0,691,300,4,True
old-trained,0,692,300,4,True
old-trained,0,693,300,4,True
old-trained,0,694,300,4,True
old-trained,0,695,300,4,True
old-trained,0,696,300,4,True
old-trained,0,697,300,4,True
old-trained,0,698,300,4,True
old-trained,0,699,300,4,True
old-trained,0,700,300,4,True
old-trained,0,701,300,4,True
old-trained,0,702,300,4,True
old-trained,0,703,300,4,True
old-trained,0,704,300,4,True
old-trained,0,705,300,4,True
old-trained,0,706,300,4,True
old-trained,0,707,300,4,True
old-trained,0,708,300,4,True
old-trained,0,709,300,4,True
old-trained,0,710,300,4,True
old-trained,0,711,300,4,True
old-trained,0,712,300,4,True
old-trained,0,713,300,4,True
old-trained,0,714,300,4,True
old-trained,0,715,300,4,True
old-trained,0,716,300,4,True
old-trained,0,717,300,4,True
old-trained,0,718,300,4,True
old-trained,0,719,300,4,True
old-trained,0,720,300,4,True
old-trained,0,721,300,4,True
old-trained,0,722,300,4,True
old-trained,0,723,300,4,True
old-trained,0,724,300,4,True
old-trained,0,725,300,4,True
old-trained,0,726,300,4,True
old-trained,0,727,300,4,True
old-trained,0,728,300,4,True
old-trained,0,729,300,4,True
old-trained,0,730,300,4,True
old-trained,0,731,300,4,True
old-trained,0,732,300,4,True
old-trained,0,733,300,4,True
old-trained,0,734,300,4,True
old-trained,0,735,300,4,True
old-trained,0,736,300,4,True
old-trained,0,737,300,4,True
old-trained,0,738,300,4,True
old-trained,0,739,300,4,True
old-trained,0,740,300,4,True
old-trained,0,741,300,4,True
old-trained,0,742,300,4,True
old-trained,0,743,300,4,True
old-trained,0,744,300,4,True
old-trained,0,745,300,4,True
old-trained,0,746,300,4,True
old-trained,0,747,300,4,True
old-trained,0,748,300,4,True
old-trained,0,749,300,4,True
old-trained,0,750,300,4,True
old-trained,0,751,300,4,True
old-trained,0,752,300,4,True
old-trained,0,753,300,4,True
old-trained,0,754,300,4,True
old-trained,0,755,300,4,True
old-trained,0,756,300,4,True
old-trained,0,757,300,4,True
old-trained,0,758,300,4,True
old-trained,0,759,300,4,True
old-trained,0,760,300,4,True
old-trained,0,761,300,4,True
old-trained,0,762,300,4,True
old-trained,0,763,300,4,True
old-trained,0,764,300,4,True
old-trained,0,765,300,4,True
old-trained,0,766,300,4,True
old-trained,0,767,300,4,True
old-trained,0,768,300,4,True
old-trained,0,769,300,4,True
old-trained,0,770,300,4,True
old-trained,0,771,300,4,True
old-trained,0,772,300,4,True
old-trained,0,773,300,4,True
old-trained,0,774,300,4,True
old-trained,0,775,300,4,True
old-trained,0,776,300,4,True
old-trained,0,777,300,4,True
old-trained,0,778,300,4,True
old-trained,0,779,300,4,True
old-trained,0,780,300,4,True
old-trained,0,781,300,4,True
old-trained,0,782,300,4,True
old-trained,0,783,300,4,True
old-trained,0,784,300,4,True
old-trained,0,785,300,4,True
old-trained,0,786,300,4,True
old-trained,0,787,300,4,True
old-trained,0,788,300,4,True
old-trained,0,789,300,4,True
old-trained,0,790,300,4,True
old-trained,0,791,300,4,True
old-trained,0,792,300,4,True
old-trained,0,793,300,4,True
old-trained,0,794,300,4,True
old-trained,0,795,300,4,True
old-trained,0,796,300,4,True
old-trained,0,797,300,4,True
old-trained,0,798,300,4,True
old-trained,0,799,300,4,True
old-trained,0,800,300,4,True
old-trained,0,801,300,4,True
old-trained,0,802,300,4,True
old-trained,0,803,300,4,True
old-trained,0,804,300,4,True
old-trained,0,805,300,4,True
old-trained,0,806,300,4,True
old-trained,0,807,300,4,True
old-trained,0,808,300,4,True
old-trained,0,809,300,4,True
old-trained,0,810,300,4,True
old-trained,0,811,300,4,True
old-trained,0,812,300,4,True
old-trained,0,813,300,4,True
old-trained,0,814,300,4,True
old-trained,0,815,300,4,True
old-trained,0,816,300,4,True
old-trained,0,817,300,4,True
old-trained,0,818,300,4,True
old-trained,0,819,300,4,True
old-trained,0,820,300,4,True
old-trained,0,821,300,4,True
old-trained,0,822,300,4,True
old-trained,0,823,300,4,True
old-trained,0,824,300,4,True
old-trained,0,825,300,4,True
old-trained,0,826,300,4,True
old-trained,0,827,300,4,True
old-trained,0,828,300,4,True
old-trained,0,829,300,4,True
old-trained,0,830,300,4,True
old-trained,0,831,300,4,True
old-trained,0,832,300,4,True
old-trained,0,833,300,4,True
old-trained,0,834,300,4,True
old-trained,0,835,300,4,True
old-trained,0,836,300,4,True
old-trained,0,837,300,4,True
old-trained,0,838,300,4,True
old-trained,0,839,300,4,True
old-trained,0,840,300,4,True
old-trained,0,841,300,4,True
old-trained,0,842,300,4,True
old-trained,0,843,300,4,True
old-trained,0,844,300,4,True
old-trained,0,845,300,4,True
old-trained,0,846,300,4,True
old-trained,0,847,300,4,True
old-trained,0,848,300,4,True
old-trained,0,849,300,4,True
old-trained,0,850,300,4,True
old-trained,0,851,300,4,True
old-trained,0,852,300,4,True
old-trained,0,853,300,4,True
old-trained,0,854,300,4,True
old-trained,0,855,300,4,True
old-trained,0,856,300,4,True
old-trained,0,857,300,4,True
old-trained,0,858,300,4,True
old-trained,0,859,300,4,True
old-trained,0,860,300,4,True
old-trained,0,861,300,4,True
old-trained,0,862,300,4,True
old-trained,0,863,300,4,True
old-trained,0,864,300,4,True
old-trained,0,865,300,4,True
old-trained,0,866,300,4,True
old-trained,0,867,300,4,True
old-trained,0,868,300,4,True
old-trained,0,869,300,4,True
old-trained,0,870,300,4,True
old-trained,0,871,300,4,True
old-trained,0,872,300,4,True
old-trained,0,873,300,4,True
old-trained,0,874,300,4,True
old-trained,0,875,300,4,True
old-trained,0,876,300,4,True
old-trained,0,877,300,4,True
old-trained,0,878,300,4,True
old-trained,0,879,300,4,True
old-trained,0,880,300,4,True
old-trained,0,881,300,4,True
old-trained,0,882,300,4,True
old-trained,0,883,300,4,True
old-trained,0,884,300,4,True
old-trained,0,885,300,4,True
old-trained,0,886,300,4,True
old-trained,0,887,300,4,True
old-trained,0,888,300,4,True
old-trained,0,889,300,4,True
old-trained,0,890,300,4,True
old-trained,0,891,300,4,True
old-trained,0,892,300,4,True
old-trained,0,893,300,4,True
old-trained,0,894,300,4,True
old-trained,0,895,300,4,True
old-trained,0,896,300,4,True
old-trained,0,897,300,4,True
old-trained,0,898,300,4,True
old-trained,0,899,300,4,True
old-trained,0,900,300,4,True
old-trained,0,901,300,4,True
old-trained,0,902,300,4,True
old-trained,0,903,300,4,True
old-trained,0,904,300,4,True
old-trained,0,905,300,4,True
old-trained,0,906,300,4,True
old-trained,0,907,300,4,True
old-trained,0,908,300,4,True
old-trained,0,909,300,4,True
old-trained,0,910,300,4,True
old-trained,0,911,300,4,True
old-trained,0,912,300,4,True
old-trained,0,913,300,4,True
old-trained,0,914,300,4,True
old-trained,0,915,300,4,True
old-trained,0,916,300,4,True
old-trained,0,917,300,4,True
old-trained,0,918,300,4,True
old-trained,0,919,300,4,True
old-trained,0,920,300,4,True
old-trained,0,921,300,4,True
old-trained,0,922,300,4,True
old-trained,0,923,300,4,True
old-trained,0,924,300,4,True
old-trained,0,925,300,4,True
old-trained,0,926,300,4,True
old-trained,0,927,300,4,True
old-trained,0,928,300,4,True
old-trained,0,929,300,4,True
old-trained,0,930,300,4,True
old-trained,0,931,300,4,True
old-trained,0,932,300,4,True
old-trained,0,933,300,4,True
old-trained,0,934,300,4,True
old-trained,0,935,300,4,True
old-trained,0,936,300,4,True
old-trained,0,937,300,4,True
old-trained,0,938,300,4,True
old-trained,0,939,300,4,True
old-trained,0,940,300,4,True
old-trained,0,941,300,4,True
old-trained,0,942,300,4,True
old-trained,0,943,300,4,True
old-trained,0,944,300,4,True
old-trained,0,945,300,4,True
old-trained,0,946,300,4,True
old-trained,0,947,300,4,True
old-trained,0,948,300,4,True
old-trained,0,949,300,4,True
old-trained,0,950,300,4,True
old-trained,0,951,300,4,True
old-trained,0,952,300,4,True
old-trained,0,953,300,4,True
old-trained,0,954,300,4,True
old-trained,0,955,300,4,True
old-trained,0,956,300,4,True
old-trained,0,957,300,4,True
old-trained,0,958,300,4,True
old-trained,0,959,300,4,True
old-trained,0,960,300,4,True
old-trained,0,961,300,4,True
old-trained,0,962,300,4,True
old-trained,0,963,300,4,True
old-trained,0,964,300,4,True
old-trained,0,965,300,4,True
old-trained,0,966,300,4,True
old-trained,0,967,300,4,True
old-trained,0,968,300,4,True
old-trained,0,969,300,4,True
old-trained,0,970,300,4,True
old-trained,0,971,300,4,True
old-trained,0,972,300,4,True
old-trained,0,973,300,4,True
old-trained,0,974,300,4,True
old-trained,0,975,300,4,True
old-trained,0,976,300,4,True
old-trained,0,977,300,4,True
old-trained,0,978,300,4,True
old-trained,0,979,300,4,True
old-trained,0,980,300,4,True
old-trained,0,981,300,4,True
old-trained,0,982,300,4,True
old-trained,0,983,300,4,True
old-trained,0,984,300,4,True
old-trained,0,985,300,4,True
old-trained,0,986,300,4,True
old-trained,0,987,300,4,True
old-trained,0,988,300,4,True
old-trained,0,989,300,4,True
old-trained,0,990,300,4,True
old-trained,0,991,300,4,True
old-trained,0,992,300,4,True
old-trained,0,993,300,4,True
old-trained,0,994,300,4,True
old-trained,0,995,300,4,True
old-trained,0,996,300,4,True
old-trained,0,997,300,4,True
old-trained,0,998,300,4,True
old-trained,0,999,300,4,True
old-trained,0,1000,300,4,True
old-trained,1,0,365,4,True
old-trained,1,1,354,4,True
old-trained,1,2,347,4,True
old-trained,1,3,347,4,True
old-trained,1,4,338,4,True
old-trained,1,5,338,4,True
old-trained,1,6,334,4,True
old-trained,1,7,334,4,True
old-trained,1,8,334,4,True
old-trained,1,9,334,4,True
old-trained,1,10,330,4,True
old-trained,1,11,330,4,True
old-trained,1,12,330,4,True
old-trained,1,13,330,4,True
old-trained,1,14,330,4,True
old-trained,1,15,330,4,True
old-trained,1,16,330,4,True
old-trained,1,17,330,4,True
old-trained,1,18,330,4,True
old-trained,1,19,330,4,True
old-trained,1,20,330,4,True
old-trained,1,21,330,4,True
old-trained,1,22,329,4,True
old-trained,1,23,329,4,True
old-trained,1,24,329,4,True
old-trained,1,25,327,4,True
old-trained,1,26,323,4,True
old-trained,1,27,321,4,True
old-trained,1,28,321,4,True
old-trained,1,29,321,4,True
old-trained,1,30,321,4,True
old-trained,1,31,321,4,True
old-trained,1,32,321,4,True
old-trained,1,33,321,4,True
old-trained,1,34,321,4,True
old-trained,1,35,321,4,True
old-trained,1,36,321,4,True
old-trained,1,37,321,4,True
old-trained,1,38,321,4,True
old-trained,1,39,320,4,True
old-trained,1,40,319,4,True
old-trained,1,41,319,4,True
old-trained,1,42,319,4,True
old-trained,1,43,319,4,True
old-trained,1,44,318,4,True
old-trained,1,45,318,4,True
old-trained,1,46,318,4,True
old-trained,1,47,318,4,True
old-trained,1,48,313,4,True
old-trained,1,49,312,4,True
old-trained,1,50,312,4,True
old-trained,1,51,312,4,True
old-trained,1,52,312,4,True
old-trained,1,53,312,4,True
old-trained,1,54,312,4,True
old-trained,1,55,312,4,True
old-trained,1,56,312,4,True
old-trained,1,57,312,4,True
old-trained,1,58,312,4,True
old-trained,1,59,312,4,True
old-trained,1,60,312,4,True
old-trained,1,61,312,4,True
old-trained,1,62,312,4,True
old-trained,1,63,312,4,True
old-trained,1,64,312,4,True
old-trained,1,65,312,4,True
old-trained,1,66,312,4,True
old-trained,1,67,311,4,True
old-trained,1,68,311,4,True
old-trained,1,69,311,4,True
old-trained,1,70,311,4,True
old-trained,1,71,311,4,True
old-trained,1,72,311,4,True
old-trained,1,73,311,4,True
old-trained,1,74,311,4,True
old-trained,1,75,311,4,True
old-trained,1,76,311,4,True
old-trained,1,77,311,4,True
old-trained,1,78,311,4,True
old-trained,1,79,311,4,True
old-trained,1,80,311,4,True
old-trained,1,81,311,4,True
old-trained,1,82,311,4,True
old-trained,1,83,311,4,True
old-trained,1,84,311,4,True
old-trained,1,85,311,4,True
old-trained,1,86,311,4,True
old-trained,1,87,311,4,True
old-trained,1,88,311,4,True
old-trained,1,89,311,4,True
old-trained,1,90,311,4,True
old-trained,1,91,311,4,True
old-trained,1,92,311,4,True
old-trained,1,93,311,4,True
old-trained,1,94,311,4,True
old-trained,1,95,311,4,True
old-trained,1,96,311,4,True
old-trained,1,97,311,4,True
old-trained,1,98,311,4,True
old-trained,1,99,311,4,True
old-trained,1,100,311,4,True
old-trained,1,101,311,4,True
old-trained,1,102,311,4,True
old-trained,1,103,311,4,True
old-trained,1,104,311,4,True
old-trained,1,105,311,4,True
old-trained,1,106,311,4,True
old-trained,1,107,311,4,True
old-trained,1,108,311,4,True
old-trained,1,109,311,4,True
old-trained,1,110,311,4,True
old-trained,1,111,311,4,True
old-trained,1,112,311,4,True
old-trained,1,113,311,4,True
old-trained,1,114,311,4,True
old-trained,1,115,311,4,True
old-trained,1,116,311,4,True
old-trained,1,117,311,4,True
old-trained,1,118,311,4,True
old-trained,1,119,311,4,True
old-trained,1,120,311,4,True
old-trained,1,121,311,4,True
old-trained,1,122,311,4,True
old-trained,1,123,311,4,True
old-trained,1,124,311,4,True
old-trained,1,125,311,4,True
old-trained,1,126,311,4,True
old-trained,1,127,311,4,True
old-trained,1,128,311,4,True
old-trained,1,129,311,4,True
old-trained,1,130,311,4,True
old-trained,1,131,311,4,True
old-trained,1,132,311,4,True
old-trained,1,133,311,4,True
old-trained,1,134,311,4,True
old-trained,1,135,311,4,True
old-trained,1,136,311,4,True
old-trained,1,137,311,4,True
old-trained,1,138,311,4,True
old-trained,1,139,311,4,True
old-trained,1,140,311,4,True
old-trained,1,141,311,4,True
old-trained,1,142,311,4,True
old-trained,1,143,311,4,True
old-trained,1,144,311,4,True
old-trained,1,145,311,4,True
old-trained,1,146,311,4,True
old-trained,1,147,311,4,True
old-trained,1,148,311,4,True
old-trained,1,149,311,4,True
old-trained,1,150,311,4,True
old-trained,1,151,311,4,True
old-trained,1,152,311,4,True
old-trained,1,153,311,4,True
old-trained,1,154,311,4,True
old-trained,1,155,311,4,True
old-trained,1,156,311,4,True
old-trained,1,157,311,4,True
old-trained,1,158,311,4,True
old-trained,1,159,311,4,True
old-trained,1,160,311,4,True
old-trained,1,161,311,4,True
old-trained,1,162,311,4,True
old-trained,1,163,311,4,True
old-trained,1,164,311,4,True
old-trained,1,165,311,4,True
old-trained,1,166,311,4,True
old-trained,1,167,311,4,True
old-trained,1,168,311,4,True
old-trained,1,169,311,4,True
old-trained,1,170,311,4,True
old-trained,1,171,311,4,True
old-trained,1,172,311,4,True
old-trained,1,173,311,4,True
old-trained,1,174,311,4,True
old-trained,1,175,311,4,True
old-trained,1,176,311,4,True
old-trained,1,177,311,4,True
old-trained,1,178,311,4,True
old-trained,1,179,311,4,True
old-trained,1,180,311,4,True
old-trained,1,181,311,4,True
old-trained,1,182,311,4,True
old-trained,1,183,311,4,True
old-trained,1,184,311,4,True
old-trained,1,185,311,4,True
old-trained,1,186,311,4,True
old-trained,1,187,311,4,True
old-trained,1,188,311,4,True
old-trained,1,189,311,4,True
old-trained,1,190,311,4,True
old-trained,1,191,311,4,True
old-trained,1,192,311,4,True
old-trained,1,193,311,4,True
old-trained,1,194,311,4,True
old-trained,1,195,311,4,True
old-trained,1,196,311,4,True
old-trained,1,197,311,4,True
old-trained,1,198,311,4,True
old-trained,1,199,311,4,True
old-trained,1,200,311,4,True
old-trained,1,201,311,4,True
old-trained,1,202,311,4,True
old-trained,1,203,311,4,True
old-trained,1,204,311,4,True
old-trained,1,205,311,4,True
old-trained,1,206,311,4,True
old-trained,1,207,311,4,True
old-trained,1,208,311,4,True
old-trained,1,209,311,4,True
old-trained,1,210,311,4,True
old-trained,1,211,311,4,True
old-trained,1,212,311,4,True
old-trained,1,213,311,4,True
old-trained,1,214,311,4,True
old-trained,1,215,311,4,True
old-trained,1,216,311,4,True
old-trained,1,217,311,4,True
old-trained,1,218,311,4,True
old-trained,1,219,311,4,True
old-trained,1,220,311,4,True
old-trained,1,221,311,4,True
old-trained,1,222,311,4,True
old-trained,1,223,311,4,True
old-trained,1,224,311,4,True
old-trained,1,225,311,4,True
old-trained,1,226,311,4,True
old-trained,1,227,311,4,True
old-trained,1,228,311,4,True
old-trained,1,229,311,4,True
old-trained,1,230,311,4,True
old-trained,1,231,311,4,True
old-trained,1,232,311,4,True
old-trained,1,233,311,4,True
old-trained,1,234,311,4,True
old-trained,1,235,311,4,True
old-trained,1,236,311,4,True
old-trained,1,237,311,4,True
old-trained,1,238,311,4,True
old-trained,1,239,311,4,True
old-trained,1,240,311,4,True
old-trained,1,241,311,4,True
old-trained,1,242,311,4,True
old-trained,1,243,311,4,True
old-trained,1,244,311,4,True
old-trained,1,245,311,4,True
old-trained,1,246,311,4,True
old-trained,1,247,311,4,True
old-trained,1,248,311,4,True
old-trained,1,249,311,4,True
old-trained,1,250,311,4,True
old-trained,1,251,311,4,True
old-trained,1,252,311,4,True
old-trained,1,253,311,4,True
old-trained,1,254,311,4,True
old-trained,1,255,311,4,True
old-trained,1,256,311,4,True
old-trained,1,257,311,4,True
old-trained,1,258,311,4,True
old-trained,1,259,311,4,True
old-trained,1,260,311,4,True
old-trained,1,261,311,4,True
old-trained,1,262,311,4,True
old-trained,1,263,311,4,True
old-trained,1,264,311,4,True
old-trained,1,265,311,4,True
old-trained,1,266,311,4,True
old-trained,1,267,311,4,True
old-trained,1,268,311,4,True
old-trained,1,269,311,4,True
old-trained,1,270,311,4,True
old-trained,1,271,311,4,True
old-trained,1,272,311,4,True
old-trained,1,273,311,4,True
old-trained,1,274,311,4,True
old-trained,1,275,311,4,True
old-trained,1,276,311,4,True
old-trained,1,277,311,4,True
old-trained,1,278,311,4,True
old-trained,1,279,311,4,True
old-trained,1,280,311,4,True
old-trained,1,281,311,4,True
old-trained,1,282,311,4,True
old-trained,1,283,311,4,True
old-trained,1,284,311,4,True
old-trained,1,285,311,4,True
old-trained,1,286,311,4,True
old-trained,1,287,311,4,True
old-trained,1,288,311,4,True
old-trained,1,289,311,4,True
old-trained,1,290,311,4,True
old-trained,1,291,311,4,True
old-trained,1,292,311,4,True
old-trained,1,293,311,4,True
old-trained,1,294,311,4,True
old-trained,1,295,311,4,True
old-trained,1,296,311,4,True
old-trained,1,297,311,4,True
old-trained,1,298,311,4,True
old-trained,1,299,311,4,True
old-trained,1,300,311,4,True
old-trained,1,301,311,4,True
old-trained,1,302,311,4,True
old-trained,1,303,311,4,True
old-trained,1,304,311,4,True
old-trained,1,305,311,4,True
old-trained,1,306,311,4,True
old-trained,1,307,311,4,True
old-trained,1,308,311,4,True
old-trained,1,309,311,4,True
old-trained,1,310,311,4,True
old-trained,1,311,311,4,True
old-trained,1,312,311,4,True
old-trained,1,313,311,4,True
old-trained,1,314,311,4,True
old-trained,1,315,311,4,True
old-trained,1,316,311,4,True
old-trained,1,317,311,4,True
old-trained,1,318,311,4,True
old-trained,1,319,311,4,True
old-trained,1,320,311,4,True
old-trained,1,321,311,4,True
old-trained,1,322,311,4,True
old-trained,1,323,311,4,True
old-trained,1,324,311,4,True
old-trained,1,325,311,4,True
old-trained,1,326,311,4,True
old-trained,1,327,311,4,True
old-trained,1,328,311,4,True
old-trained,1,329,311,4,True
old-trained,1,330,311,4,True
old-trained,1,331,311,4,True
old-trained,1,332,311,4,True
old-trained,1,333,311,4,True
old-trained,1,334,311,4,True
old-trained,1,335,311,4,True
old-trained,1,336,311,4,True
old-trained,1,337,311,4,True
old-trained,1,338,311,4,True
old-trained,1,339,311,4,True
old-trained,1,340,311,4,True
old-trained,1,341,311,4,True
old-trained,1,342,311,4,True
old-trained,1,343,311,4,True
old-trained,1,344,311,4,True
old-trained,1,345,311,4,True
old-trained,1,346,311,4,True
old-trained,1,347,311,4,True
old-trained,1,348,311,4,True
old-trained,1,349,311,4,True
old-trained,1,350,311,4,True
old-trained,1,351,311,4,True
old-trained,1,352,311,4,True
old-trained,1,353,311,4,True
old-trained,1,354,311,4,True
old-trained,1,355,311,4,True
old-trained,1,356,311,4,True
old-trained,1,357,311,4,True
old-trained,1,358,311,4,True
old-trained,1,359,311,4,True
old-trained,1,360,311,4,True
old-trained,1,361,311,4,True
old-trained,1,362,311,4,True
old-trained,1,363,311,4,True
old-trained,1,364,311,4,True
old-trained,1,365,311,4,True
old-trained,1,366,311,4,True
old-trained,1,367,311,4,True
old-trained,1,368,311,4,True
old-trained,1,369,311,4,True
old-trained,1,370,311,4,True
old-trained,1,371,311,4,True
old-trained,1,372,311,4,True
old-trained,1,373,311,4,True
old-trained,1,374,311,4,True
old-trained,1,375,311,4,True
old-trained,1,376,311,4,True
old-trained,1,377,311,4,True
old-trained,1,378,311,4,True
old-trained,1,379,311,4,True
old-trained,1,380,311,4,True
old-trained,1,381,311,4,True
old-trained,1,382,311,4,True
old-trained,1,383,311,4,True
old-trained,1,384,311,4,True
old-trained,1,385,311,4,True
old-trained,1,386,311,4,True
old-trained,1,387,311,4,True
old-trained,1,388,311,4,True
old-trained,1,389,311,4,True
old-trained,1,390,311,4,True
old-trained,1,391,311,4,True
old-trained,1,392,311,4,True
old-trained,1,393,311,4,True
old-trained,1,394,311,4,True
old-trained,1,395,311,4,True
old-trained,1,396,311,4,True
old-trained,1,397,311,4,True
old-trained,1,398,311,4,True
old-trained,1,399,311,4,True
old-trained,1,400,311,4,True
old-trained,1,401,311,4,True
old-trained,1,402,311,4,True
old-trained,1,403,311,4,True
old-trained,1,404,311,4,True
old-trained,1,405,311,4,True
old-trained,1,406,311,4,True
old-trained,1,407,311,4,True
old-trained,1,408,311,4,True
old-trained,1,409,311,4,True
old-trained,1,410,311,4,True
old-trained,1,411,311,4,True
old-trained,1,412,311,4,True
old-trained,1,413,311,4,True
old-trained,1,414,311,4,True
old-trained,1,415,311,4,True
old-trained,1,416,311,4,True
old-trained,1,417,311,4,True
old-trained,1,418,311,4,True
old-trained,1,419,311,4,True
old-trained,1,420,311,4,True
old-trained,1,421,311,4,True
old-trained,1,422,311,4,True
old-trained,1,423,311,4,True
old-trained,1,424,311,4,True
old-trained,1,425,311,4,True
old-trained,1,426,311,4,True
old-trained,1,427,311,4,True
old-trained,1,428,311,4,True
old-trained,1,429,311,4,True
old-trained,1,430,311,4,True
old-trained,1,431,311,4,True
old-trained,1,432,311,4,True
old-trained,1,433,311,4,True
old-trained,1,434,311,4,True
old-trained,1,435,311,4,True
old-trained,1,436,311,4,True
old-trained,1,437,311,4,True
old-trained,1,438,311,4,True
old-trained,1,439,311,4,True
old-trained,1,440,311,4,True
old-trained,1,441,311,4,True
old-trained,1,442,311,4,True
old-trained,1,443,311,4,True
old-trained,1,444,311,4,True
old-trained,1,445,311,4,True
old-trained,1,446,311,4,True
old-trained,1,447,311,4,True
old-trained,1,448,311,4,True
old-trained,1,449,311,4,True
old-trained,1,450,311,4,True
old-trained,1,451,311,4,True
old-trained,1,452,311,4,True
old-trained,1,453,311,4,True
old-trained,1,454,311,4,True
old-trained,1,455,311,4,True
old-trained,1,456,311,4,True
old-trained,1,457,311,4,True
old-trained,1,458,311,4,True
old-trained,1,459,311,4,True
old-trained,1,460,311,4,True
old-trained,1,461,311,4,True
old-trained,1,462,311,4,True
old-trained,1,463,311,4,True
old-trained,1,464,311,4,True
old-trained,1,465,311,4,True
old-trained,1,466,311,4,True
old-trained,1,467,311,4,True
old-trained,1,468,311,4,True
old-trained,1,469,311,4,True
old-trained,1,470,311,4,True
old-trained,1,471,311,4,True
old-trained,1,472,311,4,True
old-trained,1,473,311,4,True
old-trained,1,474,311,4,True
old-trained,1,475,311,4,True
old-trained,1,476,311,4,True
old-trained,1,477,311,4,True
old-trained,1,478,311,4,True
old-trained,1,479,311,4,True
old-trained,1,480,311,4,True
old-trained,1,481,311,4,True
old-trained,1,482,311,4,True
old-trained,1,483,311,4,True
old-trained,1,484,311,4,True
old-trained,1,485,311,4,True
old-trained,1,486,311,4,True
old-trained,1,487,311,4,True
old-trained,1,488,311,4,True
old-trained,1,489,311,4,True
old-trained,1,490,311,4,True
old-trained,1,491,311,4,True
old-trained,1,492,311,4,True
old-trained,1,493,311,4,True
old-trained,1,494,311,4,True
old-trained,1,495,311,4,True
old-trained,1,496,311,4,True
old-trained,1,497,311,4,True
old-trained,1,498,311,4,True
old-trained,1,499,311,4,True
old-trained,1,500,311,4,True
old-trained,1,501,311,4,True
old-trained,1,502,311,4,True
old-trained,1,503,311,4,True
old-trained,1,504,311,4,True
old-trained,1,505,311,4,True
old-trained,1,506,311,4,True
old-trained,1,507,306,4,True
old-trained,1,508,306,4,True
old-trained,1,509,305,4,True
old-trained,1,510,305,4,True
old-trained,1,511,305,4,True
old-trained,1,512,305,4,True
old-trained,1,513,305,4,True
old-trained,1,514,305,4,True
old-trained,1,515,305,4,True
old-trained,1,516,305,4,True
old-trained,1,517,305,4,True
old-trained,1,518,305,4,True
old-trained,1,519,305,4,True
old-trained,1,520,305,4,True
old-trained,1,521,305,4,True
old-trained,1,522,305,4,True
old-trained,1,523,305,4,True
old-trained,1,524,305,4,True
old-trained,1,525,305,4,True
old-trained,1,526,305,4,True
old-trained,1,527,305,4,True
old-trained,1,528,305,4,True
old-trained,1,529,305,4,True
old-trained,1,530,305,4,True
old-trained,1,531,305,4,True
old-trained,1,532,305,4,True
old-trained,1,533,305,4,True
old-trained,1,534,305,4,True
old-trained,1,535,305,4,True
old-trained,1,536,305,4,True
old-trained,1,537,305,4,True
old-trained,1,538,305,4,True
old-trained,1,539,305,4,True
old-trained,1,540,305,4,True
old-trained,1,541,305,4,True
old-trained,1,542,305,4,True
old-trained,1,543,305,4,True
old-trained,1,544,305,4,True
old-trained,1,545,305,4,True
old-trained,1,546,305,4,True
old-trained,1,547,305,4,True
old-trained,1,548,305,4,True
old-trained,1,549,305,4,True
old-trained,1,550,305,4,True
old-trained,1,551,305,4,True
old-trained,1,552,305,4,True
old-trained,1,553,305,4,True
old-trained,1,554,305,4,True
old-trained,1,555,305,4,True
old-trained,1,556,305,4,True
old-trained,1,557,305,4,True
old-trained,1,558,305,4,True
old-trained,1,559,305,4,True
old-trained,1,560,305,4,True
old-trained,1,561,305,4,True
old-trained,1,562,305,4,True
old-trained,1,563,305,4,True
old-trained,1,564,305,4,True
old-trained,1,565,305,4,True
old-trained,1,566,305,4,True
old-trained,1,567,305,4,True
old-trained,1,568,305,4,True
old-trained,1,569,305,4,True
old-trained,1,570,305,4,True
old-trained,1,571,305,4,True
old-trained,1,572,305,4,True
old-trained,1,573,305,4,True
old-trained,1,574,305,4,True
old-trained,1,575,305,4,True
old-trained,1,576,305,4,True
old-trained,1,577,305,4,True
old-trained,1,578,305,4,True
old-trained,1,579,305,4,True
old-trained,1,580,305,4,True
old-trained,1,581,305,4,True
old-trained,1,582,305,4,True
old-trained,1,583,305,4,True
old-trained,1,584,305,4,True
old-trained,1,585,305,4,True
old-trained,1,586,305,4,True
old-trained,1,587,305,4,True
old-trained,1,588,305,4,True
old-trained,1,589,305,4,True
old-trained,1,590,305,4,True
old-trained,1,591,305,4,True
old-trained,1,592,305,4,True
old-trained,1,593,305,4,True
old-trained,1,594,305,4,True
old-trained,1,595,305,4,True
old-trained,1,596,305,4,True
old-trained,1,597,305,4,True
old-trained,1,598,305,4,True
old-trained,1,599,305,4,True
old-trained,1,600,305,4,True
old-trained,1,601,305,4,True
old-trained,1,602,305,4,True
old-trained,1,603,305,4,True
old-trained,1,604,305,4,True
old-trained,1,605,305,4,True
old-trained,1,606,305,4,True
old-trained,1,607,305,4,True
old-trained,1,608,305,4,True
old-trained,1,609,305,4,True
old-trained,1,610,305,4,True
old-trained,1,611,305,4,True
old-trained,1,612,305,4,True
old-trained,1,613,305,4,True
old-trained,1,614,305,4,True
old-trained,1,615,305,4,True
old-trained,1,616,305,4,True
old-trained,1,617,305,4,True
old-trained,1,618,305,4,True
old-trained,1,619,305,4,True
old-trained,1,620,305,4,True
old-trained,1,621,305,4,True
old-trained,1,622,305,4,True
old-trained,1,623,305,4,True
old-trained,1,624,305,4,True
old-trained,1,625,305,4,True
old-trained,1,626,305,4,True
old-trained,1,627,305,4,True
old-trained,1,628,305,4,True
old-trained,1,629,305,4,True
old-trained,1,630,305,4,True
old-trained,1,631,305,4,True
old-trained,1,632,305,4,True
old-trained,1,633,305,4,True
old-trained,1,634,305,4,True
old-trained,1,635,305,4,True
old-trained,1,636,305,4,True
old-trained,1,637,305,4,True
old-trained,1,638,305,4,True
old-trained,1,639,305,4,True
old-trained,1,640,305,4,True
old-trained,1,641,305,4,True
old-trained,1,642,305,4,True
old-trained,1,643,305,4,True
old-trained,1,644,305,4,True
old-trained,1,645,305,4,True
old-trained,1,646,305,4,True
old-trained,1,647,305,4,True
old-trained,1,648,305,4,True
old-trained,1,649,305,4,True
old-trained,1,650,305,4,True
old-trained,1,651,305,4,True
old-trained,1,652,305,4,True
old-trained,1,653,305,4,True
old-trained,1,654,305,4,True
old-trained,1,655,305,4,True
old-trained,1,656,305,4,True
old-trained,1,657,305,4,True
old-trained,1,658,305,4,True
old-trained,1,659,305,4,True
old-trained,1,660,305,4,True
old-trained,1,661,305,4,True
old-trained,1,662,305,4,True
old-trained,1,663,305,4,True
old-trained,1,664,305,4,True
old-trained,1,665,305,4,True
old-trained,1,666,305,4,True
old-trained,1,667,305,4,True
old-trained,1,668,305,4,True
old-trained,1,669,305,4,True
old-trained,1,670,305,4,True
old-trained,1,671,305,4,True
old-trained,1,672,305,4,True
old-trained,1,673,305,4,True
old-trained,1,674,305,4,True
old-trained,1,675,305,4,True
old-trained,1,676,305,4,True
old-trained,1,677,305,4,True
old-trained,1,678,305,4,True
old-trained,1,679,305,4,True
old-trained,1,680,305,4,True
old-trained,1,681,305,4,True
old-trained,1,682,305,4,True
old-trained,1,683,305,4,True
old-trained,1,684,305,4,True
old-trained,1,685,305,4,True
old-trained,1,686,305,4,True
old-trained,1,687,305,4,True
old-trained,1,688,305,4,True
old-trained,1,689,305,4,True
old-trained,1,690,305,4,True
old-trained,1,691,305,4,True
old-trained,1,692,305,4,True
old-trained,1,693,305,4,True
old-trained,1,694,305,4,True
old-trained,1,695,305,4,True
old-trained,1,696,305,4,True
old-trained,1,697,305,4,True
old-trained,1,698,305,4,True
old-trained,1,699,305,4,True
old-trained,1,700,305,4,True
old-trained,1,701,305,4,True
old-trained,1,702,305,4,True
old-trained,1,703,305,4,True
old-trained,1,704,305,4,True
old-trained,1,705,305,4,True
old-trained,1,706,305,4,True
old-trained,1,707,305,4,True
old-trained,1,708,305,4,True
old-trained,1,709,305,4,True
old-trained,1,710,305,4,True
old-trained,1,711,305,4,True
old-trained,1,712,305,4,True
old-trained,1,713,305,4,True
old-trained,1,714,305,4,True
old-trained,1,715,305,4,True
old-trained,1,716,305,4,True
old-trained,1,717,305,4,True
old-trained,1,718,305,4,True
old-trained,1,719,305,4,True
old-trained,1,720,305,4,True
old-trained,1,721,305,4,True
old-trained,1,722,305,4,True
old-trained,1,723,305,4,True
old-trained,1,724,305,4,True
old-trained,1,725,305,4,True
old-trained,1,726,305,4,True
old-trained,1,727,305,4,True
old-trained,1,728,305,4,True
old-trained,1,729,305,4,True
old-trained,1,730,305,4,True
old-trained,1,731,305,4,True
old-trained,1,732,305,4,True
old-trained,1,733,305,4,True
old-trained,1,734,305,4,True
old-trained,1,735,305,4,True
old-trained,1,736,305,4,True
old-trained,1,737,305,4,True
old-trained,1,738,305,4,True
old-trained,1,739,305,4,True
old-trained,1,740,305,4,True
old-trained,1,741,305,4,True
old-trained,1,742,305,4,True
old-trained,1,743,305,4,True
old-trained,1,744,305,4,True
old-trained,1,745,305,4,True
old-trained,1,746,305,4,True
old-trained,1,747,305,4,True
old-trained,1,748,305,4,True
old-trained,1,749,305,4,True
old-trained,1,750,305,4,True
old-trained,1,751,305,4,True
old-trained,1,752,305,4,True
old-trained,1,753,305,4,True
old-trained,1,754,305,4,True
old-trained,1,755,305,4,True
old-trained,1,756,305,4,True
old-trained,1,757,305,4,True
old-trained,1,758,305,4,True
old-trained,1,759,305,4,True
old-trained,1,760,305,4,True
old-trained,1,761,305,4,True
old-trained,1,762,305,4,True
old-trained,1,763,305,4,True
old-trained,1,764,305,4,True
old-trained,1,765,305,4,True
old-trained,1,766,305,4,True
old-trained,1,767,305,4,True
old-trained,1,768,305,4,True
old-trained,1,769,305,4,True
old-trained,1,770,305,4,True
old-trained,1,771,305,4,True
old-trained,1,772,305,4,True
old-trained,1,773,305,4,True
old-trained,1,774,305,4,True
old-trained,1,775,305,4,True
old-trained,1,776,305,4,True
old-trained,1,777,305,4,True
old-trained,1,778,305,4,True
old-trained,1,779,305,4,True
old-trained,1,780,305,4,True
old-trained,1,781,305,4,True
old-trained,1,782,305,4,True
old-trained,1,783,305,4,True
old-trained,1,784,305,4,True
old-trained,1,785,305,4,True
old-trained,1,786,305,4,True
old-trained,1,787,305,4,True
old-trained,1,788,305,4,True
old-trained,1,789,305,4,True
old-trained,1,790,305,4,True
old-trained,1,791,305,4,True
old-trained,1,792,305,4,True
old-trained,1,793,305,4,True
old-trained,1,794,305,4,True
old-trained,1,795,305,4,True
old-trained,1,796,305,4,True
old-trained,1,797,305,4,True
old-trained,1,798,305,4,True
old-trained,1,799,305,4,True
old-trained,1,800,305,4,True
old-trained,1,801,305,4,True
old-trained,1,802,305,4,True
old-trained,1,803,305,4,True
old-trained,1,804,305,4,True
old-trained,1,805,305,4,True
old-trained,1,806,305,4,True
old-trained,1,807,305,4,True
old-trained,1,808,305,4,True
old-trained,1,809,305,4,True
old-trained,1,810,305,4,True
old-trained,1,811,305,4,True
old-trained,1,812,305,4,True
old-trained,1,813,305,4,True
old-trained,1,814,305,4,True
old-trained,1,815,305,4,True
old-trained,1,816,305,4,True
old-trained,1,817,305,4,True
old-trained,1,818,305,4,True
old-trained,1,819,305,4,True
old-trained,1,820,305,4,True
old-trained,1,821,305,4,True
old-trained,1,822,305,4,True
old-trained,1,823,305,4,True
old-trained,1,824,305,4,True
old-trained,1,825,305,4,True
old-trained,1,826,305,4,True
old-trained,1,827,305,4,True
old-trained,1,828,305,4,True
old-trained,1,829,305,4,True
old-trained,1,830,305,4,True
old-trained,1,831,305,4,True
old-trained,1,832,305,4,True
old-trained,1,833,305,4,True
old-trained,1,834,305,4,True
old-trained,1,835,305,4,True
old-trained,1,836,305,4,True
old-trained,1,837,305,4,True
old-trained,1,838,305,4,True
old-trained,1,839,305,4,True
old-trained,1,840,305,4,True
old-trained,1,841,305,4,True
old-trained,1,842,305,4,True
old-trained,1,843,305,4,True
old-trained,1,844,305,4,True
old-trained,1,845,305,4,True
old-trained,1,846,305,4,True
old-trained,1,847,305,4,True
old-trained,1,848,305,4,True
old-trained,1,849,305,4,True
old-trained,1,850,305,4,True
old-trained,1,851,305,4,True
old-trained,1,852,305,4,True
old-trained,1,853,305,4,True
old-trained,1,854,305,4,True
old-trained,1,855,305,4,True
old-trained,1,856,305,4,True
old-trained,1,857,305,4,True
old-trained,1,858,305,4,True
old-trained,1,859,305,4,True
old-trained,1,860,305,4,True
old-trained,1,861,305,4,True
old-trained,1,862,305,4,True
old-trained,1,863,305,4,True
old-trained,1,864,305,4,True
old-trained,1,865,305,4,True
old-trained,1,866,305,4,True
old-trained,1,867,305,4,True
old-trained,1,868,305,4,True
old-trained,1,869,305,4,True
old-trained,1,870,305,4,True
old-trained,1,871,305,4,True
old-trained,1,872,305,4,True
old-trained,1,873,305,4,True
old-trained,1,874,305,4,True
old-trained,1,875,305,4,True
old-trained,1,876,305,4,True
old-trained,1,877,305,4,True
old-trained,1,878,305,4,True
old-trained,1,879,305,4,True
old-trained,1,880,305,4,True
old-trained,1,881,305,4,True
old-trained,1,882,305,4,True
old-trained,1,883,305,4,True
old-trained,1,884,305,4,True
old-trained,1,885,305,4,True
old-trained,1,886,305,4,True
old-trained,1,887,305,4,True
old-trained,1,888,305,4,True
old-trained,1,889,305,4,True
old-trained,1,890,305,4,True
old-trained,1,891,305,4,True
old-trained,1,892,305,4,True
old-trained,1,893,305,4,True
old-trained,1,894,305,4,True
old-trained,1,895,305,4,True
old-trained,1,896,305,4,True
old-trained,1,897,305,4,True
old-trained,1,898,305,4,True
old-trained,1,899,305,4,True
old-trained,1,900,305,4,True
old-trained,1,901,305,4,True
old-trained,1,902,305,4,True
old-trained,1,903,305,4,True
old-trained,1,904,305,4,True
old-trained,1,905,305,4,True
old-trained,1,906,305,4,True
old-trained,1,907,305,4,True
old-trained,1,908,305,4,True
old-trained,1,909,305,4,True
old-trained,1,910,305,4,True
old-trained,1,911,305,4,True
old-trained,1,912,305,4,True
old-trained,1,913,305,4,True
old-trained,1,914,305,4,True
old-trained,1,915,305,4,True
old-trained,1,916,305,4,True
old-trained,1,917,305,4,True
old-trained,1,918,305,4,True
old-trained,1,919,305,4,True
old-trained,1,920,305,4,True
old-trained,1,921,305,4,True
old-trained,1,922,305,4,True
old-trained,1,923,305,4,True
old-trained,1,924,305,4,True
old-trained,1,925,305,4,True
old-trained,1,926,305,4,True
old-trained,1,927,305,4,True
old-trained,1,928,305,4,True
old-trained,1,929,305,4,True
old-trained,1,930,305,4,True
old-trained,1,931,305,4,True
old-trained,1,932,305,4,True
old-trained,1,933,305,4,True
old-trained,1,934,305,4,True
old-trained,1,935,305,4,True
old-trained,1,936,305,4,True
old-trained,1,937,305,4,True
old-trained,1,938,305,4,True
old-trained,1,939,305,4,True
old-trained,1,940,305,4,True
old-trained,1,941,305,4,True
old-trained,1,942,305,4,True
old-trained,1,943,305,4,True
old-trained,1,944,305,4,True
old-trained,1,945,305,4,True
old-trained,1,946,305,4,True
old-trained,1,947,305,4,True
old-trained,1,948,305,4,True
old-trained,1,949,305,4,True
old-trained,1,950,305,4,True
old-trained,1,951,305,4,True
old-trained,1,952,305,4,True
old-trained,1,953,305,4,True
old-trained,1,954,305,4,True
old-trained,1,955,305,4,True
old-trained,1,956,305,4,True
old-trained,1,957,305,4,True
old-trained,1,958,305,4,True
old-trained,1,959,305,4,True
old-trained,1,960,305,4,True
old-trained,1,961,305,4,True
old-trained,1,962,305,4,True
old-trained,1,963,305,4,True
old-trained,1,964,305,4,True
old-trained,1,965,305,4,True
old-trained,1,966,305,4,True
old-trained,1,967,305,4,True
old-trained,1,968,305,4,True
old-trained,1,969,305,4,True
old-trained,1,970,305,4,True
old-trained,1,971,305,4,True
old-trained,1,972,305,4,True
old-trained,1,973,305,4,True
old-trained,1,974,305,4,True
old-trained,1,975,305,4,True
old-trained,1,976,305,4,True
old-trained,1,977,305,4,True
old-trained,1,978,305,4,True
old-trained,1,979,305,4,True
old-trained,1,980,305,4,True
old-trained,1,981,305,4,True
old-trained,1,982,305,4,True
old-trained,1,983,305,4,True
old-trained,1,984,305,4,True
old-trained,1,985,305,4,True
old-trained,1,986,305,4,True
old-trained,1,987,305,4,True
old-trained,1,988,305,4,True
old-trained,1,989,305,4,True
old-trained,1,990,305,4,True
old-trained,1,991,305,4,True
old-trained,1,992,305,4,True
old-trained,1,993,305,4,True
old-trained,1,994,305,4,True
old-trained,1,995,305,4,True
old-trained,1,996,305,4,True
old-trained,1,997,305,4,True
old-trained,1,998,305,4,True
old-trained,1,999,305,4,True
old-trained,1,1000,305,4,True
old-trained,2,0,365,4,True
old-trained,2,1,340,4,True
old-trained,2,2,340,4,True
old-trained,2,3,332,4,True
old-trained,2,4,331,4,True
old-trained,2,5,331,4,True
old-trained,2,6,327,4,True
old-trained,2,7,327,4,True
old-trained,2,8,327,4,True
old-trained,2,9,323,4,True
old-trained,2,10,323,4,True
old-trained,2,11,323,4,True
old-trained,2,12,323,4,True
old-trained,2,13,323,4,True
old-trained,2,14,323,4,True
old-trained,2,15,323,4,True
old-trained,2,16,323,4,True
old-trained,2,17,320,4,True
old-trained,2,18,318,4,True
old-trained,2,19,313,4,True
old-trained,2,20,310,4,True
old-trained,2,21,310,4,True
old-trained,2,22,310,4,True
old-trained,2,23,310,4,True
old-trained,2,24,310,4,True
old-trained,2,25,310,4,True
old-trained,2,26,310,4,True
old-trained,2,27,310,4,True
old-trained,2,28,310,4,True
old-trained,2,29,310,4,True
old-trained,2,30,310,4,True
old-trained,2,31,310,4,True
old-trained,2,32,310,4,True
old-trained,2,33,310,4,True
old-trained,2,34,310,4,True
old-trained,2,35,310,4,True
old-trained,2,36,310,4,True
old-trained,2,37,310,4,True
old-trained,2,38,310,4,True
old-trained,2,39,310,4,True
old-trained,2,40,310,4,True
old-trained,2,41,310,4,True
old-trained,2,42,310,4,True
old-trained,2,43,310,4,True
old-trained,2,44,310,4,True
old-trained,2,45,310,4,True
old-trained,2,46,310,4,True
old-trained,2,47,310,4,True
old-trained,2,48,310,4,True
old-trained,2,49,310,4,True
old-trained,2,50,310,4,True
old-trained,2,51,310,4,True
old-trained,2,52,310,4,True
old-trained,2,53,310,4,True
old-trained,2,54,310,4,True
old-trained,2,55,310,4,True
old-trained,2,56,310,4,True
old-trained,2,57,310,4,True
old-trained,2,58,310,4,True
old-trained,2,59,310,4,True
old-trained,2,60,310,4,True
old-trained,2,61,310,4,True
old-trained,2,62,310,4,True
old-trained,2,63,310,4,True
old-trained,2,64,310,4,True
old-trained,2,65,310,4,True
old-trained,2,66,310,4,True
old-trained,2,67,310,4,True
old-trained,2,68,310,4,True
old-trained,2,69,310,4,True
old-trained,2,70,310,4,True
old-trained,2,71,310,4,True
old-trained,2,72,310,4,True
old-trained,2,73,310,4,True
old-trained,2,74,310,4,True
old-trained,2,75,310,4,True
old-trained,2,76,310,4,True
old-trained,2,77,310,4,True
old-trained,2,78,310,4,True
old-trained,2,79,310,4,True
old-trained,2,80,310,4,True
old-trained,2,81,310,4,True
old-trained,2,82,310,4,True
old-trained,2,83,310,4,True
old-trained,2,84,310,4,True
old-trained,2,85,310,4,True
old-trained,2,86,310,4,True
old-trained,2,87,310,4,True
old-trained,2,88,310,4,True
old-trained,2,89,310,4,True
old-trained,2,90,310,4,True
old-trained,2,91,310,4,True
old-trained,2,92,310,4,True
old-trained,2,93,310,4,True
old-trained,2,94,310,4,True
old-trained,2,95,310,4,True
old-trained,2,96,310,4,True
old-trained,2,97,310,4,True
old-trained,2,98,310,4,True
old-trained,2,99,310,4,True
old-trained,2,100,310,4,True
old-trained,2,101,310,4,True
old-trained,2,102,310,4,True
old-trained,2,103,310,4,True
old-trained,2,104,310,4,True
old-trained,2,105,310,4,True
old-trained,2,106,310,4,True
old-trained,2,107,310,4,True
old-trained,2,108,310,4,True
old-trained,2,109,310,4,True
old-trained,2,110,310,4,True
old-trained,2,111,310,4,True
old-trained,2,112,310,4,True
old-trained,2,113,310,4,True
old-trained,2,114,310,4,True
old-trained,2,115,310,4,True
old-trained,2,116,310,4,True
old-trained,2,117,310,4,True
old-trained,2,118,310,4,True
old-trained,2,119,310,4,True
old-trained,2,120,310,4,True
old-trained,2,121,310,4,True
old-trained,2,122,310,4,True
old-trained,2,123,310,4,True
old-trained,2,124,310,4,True
old-trained,2,125,310,4,True
old-trained,2,126,310,4,True
old-trained,2,127,310,4,True
old-trained,2,128,310,4,True
old-trained,2,129,310,4,True
old-trained,2,130,310,4,True
old-trained,2,131,310,4,True
old-trained,2,132,310,4,True
old-trained,2,133,310,4,True
old-trained,2,134,310,4,True
old-trained,2,135,310,4,True
old-trained,2,136,310,4,True
old-trained,2,137,310,4,True
old-trained,2,138,310,4,True
old-trained,2,139,310,4,True
old-trained,2,140,310,4,True
old-trained,2,141,310,4,True
old-trained,2,142,310,4,True
old-trained,2,143,310,4,True
old-trained,2,144,310,4,True
old-trained,2,145,310,4,True
old-trained,2,146,310,4,True
old-trained,2,147,310,4,True
old-trained,2,148,310,4,True
old-trained,2,149,310,4,True
old-trained,2,150,310,4,True
old-trained,2,151,310,4,True
old-trained,2,152,310,4,True
old-trained,2,153,310,4,True
old-trained,2,154,310,4,True
old-trained,2,155,310,4,True
old-trained,2,156,310,4,True
old-trained,2,157,310,4,True
old-trained,2,158,310,4,True
old-trained,2,159,310,4,True
old-trained,2,160,310,4,True
old-trained,2,161,310,4,True
old-trained,2,162,310,4,True
old-trained,2,163,310,4,True
old-trained,2,164,310,4,True
old-trained,2,165,310,4,True
old-trained,2,166,310,4,True
old-trained,2,167,310,4,True
old-trained,2,168,310,4,True
old-trained,2,169,310,4,True
old-trained,2,170,310,4,True
old-trained,2,171,310,4,True
old-trained,2,172,310,4,True
old-trained,2,173,310,4,True
old-trained,2,174,310,4,True
old-trained,2,175,310,4,True
old-trained,2,176,310,4,True
old-trained,2,177,310,4,True
old-trained,2,178,310,4,True
old-trained,2,179,310,4,True
old-trained,2,180,310,4,True
old-trained,2,181,310,4,True
old-trained,2,182,310,4,True
old-trained,2,183,310,4,True
old-trained,2,184,310,4,True
old-trained,2,185,310,4,True
old-trained,2,186,310,4,True
old-trained,2,187,310,4,True
old-trained,2,188,310,4,True
old-trained,2,189,310,4,True
old-trained,2,190,310,4,True
old-trained,2,191,310,4,True
old-trained,2,192,310,4,True
old-trained,2,193,310,4,True
old-trained,2,194,310,4,True
old-trained,2,195,310,4,True
old-trained,2,196,310,4,True
old-trained,2,197,310,4,True
old-trained,2,198,310,4,True
old-trained,2,199,310,4,True
old-trained,2,200,310,4,True
old-trained,2,201,310,4,True
old-trained,2,202,310,4,True
old-trained,2,203,310,4,True
old-trained,2,204,310,4,True
old-trained,2,205,310,4,True
old-trained,2,206,310,4,True
old-trained,2,207,310,4,True
old-trained,2,208,310,4,True
old-trained,2,209,310,4,True
old-trained,2,210,310,4,True
old-trained,2,211,310,4,True
old-trained,2,212,310,4,True
old-trained,2,213,310,4,True
old-trained,2,214,310,4,True
old-trained,2,215,310,4,True
old-trained,2,216,310,4,True
old-trained,2,217,310,4,True
old-trained,2,218,310,4,True
old-trained,2,219,310,4,True
old-trained,2,220,310,4,True
old-trained,2,221,310,4,True
old-trained,2,222,310,4,True
old-trained,2,223,310,4,True
old-trained,2,224,310,4,True
old-trained,2,225,310,4,True
old-trained,2,226,310,4,True
old-trained,2,227,310,4,True
old-trained,2,228,310,4,True
old-trained,2,229,310,4,True
old-trained,2,230,310,4,True
old-trained,2,231,310,4,True
old-trained,2,232,310,4,True
old-trained,2,233,310,4,True
old-trained,2,234,310,4,True
old-trained,2,235,310,4,True
old-trained,2,236,310,4,True
old-trained,2,237,310,4,True
old-trained,2,238,310,4,True
old-trained,2,239,310,4,True
old-trained,2,240,310,4,True
old-trained,2,241,310,4,True
old-trained,2,242,310,4,True
old-trained,2,243,310,4,True
old-trained,2,244,310,4,True
old-trained,2,245,310,4,True
old-trained,2,246,310,4,True
old-trained,2,247,310,4,True
old-trained,2,248,310,4,True
old-trained,2,249,310,4,True
old-trained,2,250,310,4,True
old-trained,2,251,310,4,True
old-trained,2,252,310,4,True
old-trained,2,253,310,4,True
old-trained,2,254,310,4,True
old-trained,2,255,310,4,True
old-trained,2,256,310,4,True
old-trained,2,257,310,4,True
old-trained,2,258,310,4,True
old-trained,2,259,310,4,True
old-trained,2,260,310,4,True
old-trained,2,261,310,4,True
old-trained,2,262,310,4,True
old-trained,2,263,310,4,True
old-trained,2,264,310,4,True
old-trained,2,265,310,4,True
old-trained,2,266,310,4,True
old-trained,2,267,310,4,True
old-trained,2,268,310,4,True
old-trained,2,269,310,4,True
old-trained,2,270,310,4,True
old-trained,2,271,310,4,True
old-trained,2,272,310,4,True
old-trained,2,273,310,4,True
old-trained,2,274,310,4,True
old-trained,2,275,310,4,True
old-trained,2,276,310,4,True
old-trained,2,277,310,4,True
old-trained,2,278,310,4,True
old-trained,2,279,310,4,True
old-trained,2,280,310,4,True
old-trained,2,281,310,4,True
old-trained,2,282,310,4,True
old-trained,2,283,310,4,True
old-trained,2,284,310,4,True
old-trained,2,285,310,4,True
old-trained,2,286,310,4,True
old-trained,2,287,310,4,True
old-trained,2,288,310,4,True
old-trained,2,289,310,4,True
old-trained,2,290,310,4,True
old-trained,2,291,310,4,True
old-trained,2,292,310,4,True
old-trained,2,293,310,4,True
old-trained,2,294,310,4,True
old-trained,2,295,310,4,True
old-trained,2,296,310,4,True
old-trained,2,297,310,4,True
old-trained,2,298,310,4,True
old-trained,2,299,310,4,True
old-trained,2,300,310,4,True
old-trained,2,301,310,4,True
old-trained,2,302,310,4,True
old-trained,2,303,310,4,True
old-trained,2,304,310,4,True
old-trained,2,305,310,4,True
old-trained,2,306,310,4,True
old-trained,2,307,310,4,True
old-trained,2,308,310,4,True
old-trained,2,309,310,4,True
old-trained,2,310,310,4,True
old-trained,2,311,310,4,True
old-trained,2,312,310,4,True
old-trained,2,313,310,4,True
old-trained,2,314,310,4,True
old-trained,2,315,310,4,True
old-trained,2,316,310,4,True
old-trained,2,317,310,4,True
old-trained,2,318,310,4,True
old-trained,2,319,310,4,True
old-trained,2,320,310,4,True
old-trained,2,321,310,4,True
old-trained,2,322,310,4,True
old-trained,2,323,310,4,True
old-trained,2,324,310,4,True
old-trained,2,325,310,4,True
old-trained,2,326,310,4,True
old-trained,2,327,310,4,True
old-trained,2,328,310,4,True
old-trained,2,329,310,4,True
old-trained,2,330,310,4,True
old-trained,2,331,310,4,True
old-trained,2,332,310,4,True
old-trained,2,333,310,4,True
old-trained,2,334,310,4,True
old-trained,2,335,310,4,True
old-trained,2,336,310,4,True
old-trained,2,337,310,4,True
old-trained,2,338,310,4,True
old-trained,2,339,310,4,True
old-trained,2,340,310,4,True
old-trained,2,341,310,4,True
old-trained,2,342,310,4,True
old-trained,2,343,310,4,True
old-trained,2,344,310,4,True
old-trained,2,345,310,4,True
old-trained,2,346,310,4,True
old-trained,2,347,310,4,True
old-trained,2,348,310,4,True
old-trained,2,349,310,4,True
old-trained,2,350,310,4,True
old-trained,2,351,310,4,True
old-trained,2,352,310,4,True
old-trained,2,353,310,4,True
old-trained,2,354,310,4,True
old-trained,2,355,310,4,True
old-trained,2,356,310,4,True
old-trained,2,357,310,4,True
old-trained,2,358,310,4,True
old-trained,2,359,310,4,True
old-trained,2,360,310,4,True
old-trained,2,361,310,4,True
old-trained,2,362,310,4,True
old-trained,2,363,310,4,True
old-trained,2,364,310,4,True
old-trained,2,365,310,4,True
old-trained,2,366,310,4,True
old-trained,2,367,310,4,True
old-trained,2,368,310,4,True
old-trained,2,369,310,4,True
old-trained,2,370,310,4,True
old-trained,2,371,310,4,True
old-trained,2,372,310,4,True
old-trained,2,373,310,4,True
old-trained,2,374,310,4,True
old-trained,2,375,310,4,True
old-trained,2,376,310,4,True
old-trained,2,377,310,4,True
old-trained,2,378,310,4,True
old-trained,2,379,310,4,True
old-trained,2,380,310,4,True
old-trained,2,381,310,4,True
old-trained,2,382,310,4,True
old-trained,2,383,310,4,True
old-trained,2,384,310,4,True
old-trained,2,385,310,4,True
old-trained,2,386,310,4,True
old-trained,2,387,310,4,True
old-trained,2,388,310,4,True
old-trained,2,389,310,4,True
old-trained,2,390,310,4,True
old-trained,2,391,310,4,True
old-trained,2,392,310,4,True
old-trained,2,393,310,4,True
old-trained,2,394,310,4,True
old-trained,2,395,310,4,True
old-trained,2,396,310,4,True
old-trained,2,397,310,4,True
old-trained,2,398,310,4,True
old-trained,2,399,310,4,True
old-trained,2,400,310,4,True
old-trained,2,401,310,4,True
old-trained,2,402,310,4,True
old-trained,2,403,310,4,True
old-trained,2,404,310,4,True
old-trained,2,405,310,4,True
old-trained,2,406,310,4,True
old-trained,2,407,310,4,True
old-trained,2,408,310,4,True
old-trained,2,409,310,4,True
old-trained,2,410,310,4,True
old-trained,2,411,310,4,True
old-trained,2,412,310,4,True
old-trained,2,413,310,4,True
old-trained,2,414,310,4,True
old-trained,2,415,310,4,True
old-trained,2,416,310,4,True
old-trained,2,417,310,4,True
old-trained,2,418,310,4,True
old-trained,2,419,310,4,True
old-trained,2,420,310,4,True
old-trained,2,421,310,4,True
old-trained,2,422,310,4,True
old-trained,2,423,310,4,True
old-trained,2,424,310,4,True
old-trained,2,425,310,4,True
old-trained,2,426,310,4,True
old-trained,2,427,310,4,True
old-trained,2,428,310,4,True
old-trained,2,429,310,4,True
old-trained,2,430,310,4,True
old-trained,2,431,310,4,True
old-trained,2,432,310,4,True
old-trained,2,433,310,4,True
old-trained,2,434,310,4,True
old-trained,2,435,310,4,True
old-trained,2,436,310,4,True
old-trained,2,437,310,4,True
old-trained,2,438,310,4,True
old-trained,2,439,310,4,True
old-trained,2,440,310,4,True
old-trained,2,441,310,4,True
old-trained,2,442,310,4,True
old-trained,2,443,310,4,True
old-trained,2,444,310,4,True
old-trained,2,445,310,4,True
old-trained,2,446,310,4,True
old-trained,2,447,310,4,True
old-trained,2,448,310,4,True
old-trained,2,449,310,4,True
old-trained,2,450,310,4,True
old-trained,2,451,310,4,True
old-trained,2,452,310,4,True
old-trained,2,453,310,4,True
old-trained,2,454,310,4,True
old-trained,2,455,310,4,True
old-trained,2,456,310,4,True
old-trained,2,457,310,4,True
old-trained,2,458,310,4,True
old-trained,2,459,310,4,True
old-trained,2,460,310,4,True
old-trained,2,461,310,4,True
old-trained,2,462,310,4,True
old-trained,2,463,310,4,True
old-trained,2,464,310,4,True
old-trained,2,465,310,4,True
old-trained,2,466,310,4,True
old-trained,2,467,310,4,True
old-trained,2,468,310,4,True
old-trained,2,469,310,4,True
old-trained,2,470,310,4,True
old-trained,2,471,310,4,True
old-trained,2,472,310,4,True
old-trained,2,473,310,4,True
old-trained,2,474,310,4,True
old-trained,2,475,310,4,True
old-trained,2,476,310,4,True
old-trained,2,477,310,4,True
old-trained,2,478,310,4,True
old-trained,2,479,310,4,True
old-trained,2,480,310,4,True
old-trained,2,481,310,4,True
old-trained,2,482,310,4,True
old-trained,2,483,310,4,True
old-trained,2,484,310,4,True
old-trained,2,485,310,4,True
old-trained,2,486,310,4,True
old-trained,2,487,310,4,True
old-trained,2,488,310,4,True
old-trained,2,489,310,4,True
old-trained,2,490,310,4,True
old-trained,2,491,310,4,True
old-trained,2,492,310,4,True
old-trained,2,493,310,4,True
old-trained,2,494,310,4,True
old-trained,2,495,310,4,True
old-trained,2,496,310,4,True
old-trained,2,497,310,4,True
old-trained,2,498,310,4,True
old-trained,2,499,310,4,True
old-trained,2,500,310,4,True
old-trained,2,501,310,4,True
old-trained,2,502,310,4,True
old-trained,2,503,310,4,True
old-trained,2,504,310,4,True
old-trained,2,505,310,4,True
old-trained,2,506,310,4,True
old-trained,2,507,310,4,True
old-trained,2,508,310,4,True
old-trained,2,509,310,4,True
old-trained,2,510,310,4,True
old-trained,2,511,310,4,True
old-trained,2,512,310,4,True
old-trained,2,513,310,4,True
old-trained,2,514,310,4,True
old-trained,2,515,310,4,True
old-trained,2,516,310,4,True
old-trained,2,517,310,4,True
old-trained,2,518,310,4,True
old-trained,2,519,309,4,True
old-trained,2,520,309,4,True
old-trained,2,521,309,4,True
old-trained,2,522,309,4,True
old-trained,2,523,309,4,True
old-trained,2,524,309,4,True
old-trained,2,525,309,4,True
old-trained,2,526,309,4,True
old-trained,2,527,309,4,True
old-trained,2,528,309,4,True
old-trained,2,529,309,4,True
old-trained,2,530,309,4,True
old-trained,2,531,309,4,True
old-trained,2,532,309,4,True
old-trained,2,533,309,4,True
old-trained,2,534,309,4,True
old-trained,2,535,309,4,True
old-trained,2,536,309,4,True
old-trained,2,537,309,4,True
old-trained,2,538,309,4,True
old-trained,2,539,309,4,True
old-trained,2,540,309,4,True
old-trained,2,541,309,4,True
old-trained,2,542,309,4,True
old-trained,2,543,309,4,True
old-trained,2,544,309,4,True
old-trained,2,545,309,4,True
old-trained,2,546,309,4,True
old-trained,2,547,309,4,True
old-trained,2,548,309,4,True
old-trained,2,549,309,4,True
old-trained,2,550,309,4,True
old-trained,2,551,309,4,True
old-trained,2,552,309,4,True
old-trained,2,553,309,4,True
old-trained,2,554,309,4,True
old-trained,2,555,309,4,True
old-trained,2,556,309,4,True
old-trained,2,557,309,4,True
old-trained,2,558,309,4,True
old-trained,2,559,309,4,True
old-trained,2,560,309,4,True
old-trained,2,561,309,4,True
old-trained,2,562,309,4,True
old-trained,2,563,309,4,True
old-trained,2,564,309,4,True
old-trained,2,565,309,4,True
old-trained,2,566,309,4,True
old-trained,2,567,309,4,True
old-trained,2,568,309,4,True
old-trained,2,569,309,4,True
old-trained,2,570,309,4,True
old-trained,2,571,309,4,True
old-trained,2,572,309,4,True
old-trained,2,573,309,4,True
old-trained,2,574,309,4,True
old-trained,2,575,309,4,True
old-trained,2,576,309,4,True
old-trained,2,577,309,4,True
old-trained,2,578,309,4,True
old-trained,2,579,309,4,True
old-trained,2,580,309,4,True
old-trained,2,581,309,4,True
old-trained,2,582,309,4,True
old-trained,2,583,309,4,True
old-trained,2,584,309,4,True
old-trained,2,585,309,4,True
old-trained,2,586,309,4,True
old-trained,2,587,309,4,True
old-trained,2,588,309,4,True
old-trained,2,589,309,4,True
old-trained,2,590,309,4,True
old-trained,2,591,309,4,True
old-trained,2,592,309,4,True
old-trained,2,593,309,4,True
old-trained,2,594,309,4,True
old-trained,2,595,309,4,True
old-trained,2,596,309,4,True
old-trained,2,597,309,4,True
old-trained,2,598,309,4,True
old-trained,2,599,309,4,True
old-trained,2,600,309,4,True
old-trained,2,601,309,4,True
old-trained,2,602,309,4,True
old-trained,2,603,309,4,True
old-trained,2,604,309,4,True
old-trained,2,605,309,4,True
old-trained,2,606,309,4,True
old-trained,2,607,309,4,True
old-trained,2,608,309,4,True
old-trained,2,609,309,4,True
old-trained,2,610,309,4,True
old-trained,2,611,309,4,True
old-trained,2,612,309,4,True
old-trained,2,613,309,4,True
old-trained,2,614,309,4,True
old-trained,2,615,309,4,True
old-trained,2,616,309,4,True
old-trained,2,617,309,4,True
old-trained,2,618,309,4,True
old-trained,2,619,309,4,True
old-trained,2,620,309,4,True
old-trained,2,621,309,4,True
old-trained,2,622,309,4,True
old-trained,2,623,309,4,True
old-trained,2,624,309,4,True
old-trained,2,625,309,4,True
old-trained,2,626,309,4,True
old-trained,2,627,309,4,True
old-trained,2,628,309,4,True
old-trained,2,629,309,4,True
old-trained,2,630,309,4,True
old-trained,2,631,309,4,True
old-trained,2,632,309,4,True
old-trained,2,633,309,4,True
old-trained,2,634,309,4,True
old-trained,2,635,309,4,True
old-trained,2,636,309,4,True
old-trained,2,637,309,4,True
old-trained,2,638,309,4,True
old-trained,2,639,309,4,True
old-trained,2,640,309,4,True
old-trained,2,641,309,4,True
old-trained,2,642,309,4,True
old-trained,2,643,309,4,True
old-trained,2,644,309,4,True
old-trained,2,645,309,4,True
old-trained,2,646,309,4,True
old-trained,2,647,309,4,True
old-trained,2,648,309,4,True
old-trained,2,649,309,4,True
old-trained,2,650,309,4,True
old-trained,2,651,309,4,True
old-trained,2,652,309,4,True
old-trained,2,653,309,4,True
old-trained,2,654,309,4,True
old-trained,2,655,309,4,True
old-trained,2,656,309,4,True
old-trained,2,657,309,4,True
old-trained,2,658,309,4,True
old-trained,2,659,309,4,True
old-trained,2,660,309,4,True
old-trained,2,661,309,4,True
old-trained,2,662,309,4,True
old-trained,2,663,309,4,True
old-trained,2,664,309,4,True
old-trained,2,665,309,4,True
old-trained,2,666,309,4,True
old-trained,2,667,309,4,True
old-trained,2,668,309,4,True
old-trained,2,669,309,4,True
old-trained,2,670,309,4,True
old-trained,2,671,309,4,True
old-trained,2,672,309,4,True
old-trained,2,673,309,4,True
old-trained,2,674,309,4,True
old-trained,2,675,309,4,True
old-trained,2,676,309,4,True
old-trained,2,677,309,4,True
old-trained,2,678,309,4,True
old-trained,2,679,309,4,True
old-trained,2,680,309,4,True
old-trained,2,681,309,4,True
old-trained,2,682,309,4,True
old-trained,2,683,309,4,True
old-trained,2,684,309,4,True
old-trained,2,685,309,4,True
old-trained,2,686,309,4,True
old-trained,2,687,309,4,True
old-trained,2,688,309,4,True
old-trained,2,689,309,4,True
old-trained,2,690,309,4,True
old-trained,2,691,309,4,True
old-trained,2,692,309,4,True
old-trained,2,693,309,4,True
old-trained,2,694,309,4,True
old-trained,2,695,309,4,True
old-trained,2,696,309,4,True
old-trained,2,697,309,4,True
old-trained,2,698,309,4,True
old-trained,2,699,309,4,True
old-trained,2,700,309,4,True
old-trained,2,701,309,4,True
old-trained,2,702,309,4,True
old-trained,2,703,309,4,True
old-trained,2,704,309,4,True
old-trained,2,705,309,4,True
old-trained,2,706,309,4,True
old-trained,2,707,309,4,True
old-trained,2,708,309,4,True
old-trained,2,709,309,4,True
old-trained,2,710,306,4,True
old-trained,2,711,306,4,True
old-trained,2,712,306,4,True
old-trained,2,713,306,4,True
old-trained,2,714,306,4,True
old-trained,2,715,306,4,True
old-trained,2,716,306,4,True
old-trained,2,717,306,4,True
old-trained,2,718,306,4,True
old-trained,2,719,306,4,True
old-trained,2,720,306,4,True
old-trained,2,721,306,4,True
old-trained,2,722,306,4,True
old-trained,2,723,306,4,True
old-trained,2,724,306,4,True
old-trained,2,725,306,4,True
old-trained,2,726,306,4,True
old-trained,2,727,306,4,True
old-trained,2,728,306,4,True
old-trained,2,729,306,4,True
old-trained,2,730,306,4,True
old-trained,2,731,306,4,True
old-trained,2,732,306,4,True
old-trained,2,733,306,4,True
old-trained,2,734,306,4,True
old-trained,2,735,306,4,True
old-trained,2,736,306,4,True
old-trained,2,737,306,4,True
old-trained,2,738,306,4,True
old-trained,2,739,306,4,True
old-trained,2,740,306,4,True
old-trained,2,741,306,4,True
old-trained,2,742,306,4,True
old-trained,2,743,306,4,True
old-trained,2,744,306,4,True
old-trained,2,745,306,4,True
old-trained,2,746,306,4,True
old-trained,2,747,306,4,True
old-trained,2,748,306,4,True
old-trained,2,749,306,4,True
old-trained,2,750,306,4,True
old-trained,2,751,306,4,True
old-trained,2,752,306,4,True
old-trained,2,753,306,4,True
old-trained,2,754,306,4,True
old-trained,2,755,306,4,True
old-trained,2,756,306,4,True
old-trained,2,757,306,4,True
old-trained,2,758,306,4,True
old-trained,2,759,306,4,True
old-trained,2,760,306,4,True
old-trained,2,761,306,4,True
old-trained,2,762,306,4,True
old-trained,2,763,306,4,True
old-trained,2,764,306,4,True
old-trained,2,765,306,4,True
old-trained,2,766,306,4,True
old-trained,2,767,306,4,True
old-trained,2,768,306,4,True
old-trained,2,769,306,4,True
old-trained,2,770,306,4,True
old-trained,2,771,306,4,True
old-trained,2,772,306,4,True
old-trained,2,773,306,4,True
old-trained,2,774,306,4,True
old-trained,2,775,306,4,True
old-trained,2,776,306,4,True
old-trained,2,777,306,4,True
old-trained,2,778,306,4,True
old-trained,2,779,306,4,True
old-trained,2,780,306,4,True
old-trained,2,781,306,4,True
old-trained,2,782,306,4,True
old-trained,2,783,306,4,True
old-trained,2,784,306,4,True
old-trained,2,785,306,4,True
old-trained,2,786,306,4,True
old-trained,2,787,306,4,True
old-trained,2,788,306,4,True
old-trained,2,789,306,4,True
old-trained,2,790,306,4,True
old-trained,2,791,306,4,True
old-trained,2,792,306,4,True
old-trained,2,793,306,4,True
old-trained,2,794,306,4,True
old-trained,2,795,306,4,True
old-trained,2,796,306,4,True
old-trained,2,797,306,4,True
old-trained,2,798,306,4,True
old-trained,2,799,306,4,True
old-trained,2,800,306,4,True
old-trained,2,801,306,4,True
old-trained,2,802,306,4,True
old-trained,2,803,306,4,True
old-trained,2,804,306,4,True
old-trained,2,805,306,4,True
old-trained,2,806,306,4,True
old-trained,2,807,306,4,True
old-trained,2,808,306,4,True
old-trained,2,809,306,4,True
old-trained,2,810,306,4,True
old-trained,2,811,306,4,True
old-trained,2,812,306,4,True
old-trained,2,813,306,4,True
old-trained,2,814,306,4,True
old-trained,2,815,306,4,True
old-trained,2,816,306,4,True
old-trained,2,817,306,4,True
old-trained,2,818,306,4,True
old-trained,2,819,306,4,True
old-trained,2,820,306,4,True
old-trained,2,821,306,4,True
old-trained,2,822,306,4,True
old-trained,2,823,306,4,True
old-trained,2,824,306,4,True
old-trained,2,825,306,4,True
old-trained,2,826,306,4,True
old-trained,2,827,306,4,True
old-trained,2,828,306,4,True
old-trained,2,829,306,4,True
old-trained,2,830,306,4,True
old-trained,2,831,306,4,True
old-trained,2,832,306,4,True
old-trained,2,833,306,4,True
old-trained,2,834,306,4,True
old-trained,2,835,306,4,True
old-trained,2,836,306,4,True
old-trained,2,837,306,4,True
old-trained,2,838,306,4,True
old-trained,2,839,306,4,True
old-trained,2,840,306,4,True
old-trained,2,841,306,4,True
old-trained,2,842,306,4,True
old-trained,2,843,306,4,True
old-trained,2,844,306,4,True
old-trained,2,845,306,4,True
old-trained,2,846,306,4,True
old-trained,2,847,306,4,True
old-trained,2,848,306,4,True
old-trained,2,849,306,4,True
old-trained,2,850,306,4,True
old-trained,2,851,306,4,True
old-trained,2,852,306,4,True
old-trained,2,853,306,4,True
old-trained,2,854,306,4,True
old-trained,2,855,306,4,True
old-trained,2,856,306,4,True
old-trained,2,857,306,4,True
old-trained,2,858,306,4,True
old-trained,2,859,306,4,True
old-trained,2,860,306,4,True
old-trained,2,861,306,4,True
old-trained,2,862,306,4,True
old-trained,2,863,306,4,True
old-trained,2,864,306,4,True
old-trained,2,865,306,4,True
old-trained,2,866,306,4,True
old-trained,2,867,306,4,True
old-trained,2,868,306,4,True
old-trained,2,869,306,4,True
old-trained,2,870,306,4,True
old-trained,2,871,306,4,True
old-trained,2,872,306,4,True
old-trained,2,873,306,4,True
old-trained,2,874,306,4,True
old-trained,2,875,306,4,True
old-trained,2,876,306,4,True
old-trained,2,877,306,4,True
old-trained,2,878,306,4,True
old-trained,2,879,306,4,True
old-trained,2,880,306,4,True
old-trained,2,881,306,4,True
old-trained,2,882,306,4,True
old-trained,2,883,306,4,True
old-trained,2,884,306,4,True
old-trained,2,885,306,4,True
old-trained,2,886,306,4,True
old-trained,2,887,306,4,True
old-trained,2,888,306,4,True
old-trained,2,889,306,4,True
old-trained,2,890,306,4,True
old-trained,2,891,306,4,True
old-trained,2,892,306,4,True
old-trained,2,893,306,4,True
old-trained,2,894,306,4,True
old-trained,2,895,306,4,True
old-trained,2,896,306,4,True
old-trained,2,897,306,4,True
old-trained,2,898,306,4,True
old-trained,2,899,306,4,True
old-trained,2,900,306,4,True
old-trained,2,901,306,4,True
old-trained,2,902,306,4,True
old-trained,2,903,306,4,True
old-trained,2,904,306,4,True
old-trained,2,905,306,4,True
old-trained,2,906,306,4,True
old-trained,2,907,306,4,True
old-trained,2,908,306,4,True
old-trained,2,909,306,4,True
old-trained,2,910,306,4,True
old-trained,2,911,306,4,True
old-trained,2,912,306,4,True
old-trained,2,913,306,4,True
old-trained,2,914,306,4,True
old-trained,2,915,306,4,True
old-trained,2,916,306,4,True
old-trained,2,917,306,4,True
old-trained,2,918,306,4,True
old-trained,2,919,306,4,True
old-trained,2,920,306,4,True
old-trained,2,921,306,4,True
old-trained,2,922,306,4,True
old-trained,2,923,306,4,True
old-trained,2,924,306,4,True
old-trained,2,925,306,4,True
old-trained,2,926,306,4,True
old-trained,2,927,306,4,True
old-trained,2,928,306,4,True
old-trained,2,929,306,4,True
old-trained,2,930,306,4,True
old-trained,2,931,306,4,True
old-trained,2,932,306,4,True
old-trained,2,933,306,4,True
old-trained,2,934,306,4,True
old-trained,2,935,306,4,True
old-trained,2,936,306,4,True
old-trained,2,937,306,4,True
old-trained,2,938,306,4,True
old-trained,2,939,306,4,True
old-trained,2,940,306,4,True
old-trained,2,941,306,4,True
old-trained,2,942,306,4,True
old-trained,2,943,306,4,True
old-trained,2,944,306,4,True
old-trained,2,945,306,4,True
old-trained,2,946,306,4,True
old-trained,2,947,306,4,True
old-trained,2,948,306,4,True
old-trained,2,949,306,4,True
old-trained,2,950,306,4,True
old-trained,2,951,306,4,True
old-trained,2,952,306,4,True
old-trained,2,953,306,4,True
old-trained,2,954,306,4,True
old-trained,2,955,306,4,True
old-trained,2,956,306,4,True
old-trained,2,957,306,4,True
old-trained,2,958,306,4,True
old-trained,2,959,306,4,True
old-trained,2,960,306,4,True
old-trained,2,961,306,4,True
old-trained,2,962,306,4,True
old-trained,2,963,306,4,True
old-trained,2,964,306,4,True
old-trained,2,965,306,4,True
old-trained,2,966,306,4,True
old-trained,2,967,306,4,True
old-trained,2,968,306,4,True
old-trained,2,969,306,4,True
old-trained,2,970,306,4,True
old-trained,2,971,306,4,True
old-trained,2,972,306,4,True
old-trained,2,973,306,4,True
old-trained,2,974,306,4,True
old-trained,2,975,306,4,True
old-trained,2,976,306,4,True
old-trained,2,977,306,4,True
old-trained,2,978,306,4,True
old-trained,2,979,306,4,True
old-trained,2,980,306,4,True
old-trained,2,981,306,4,True
old-trained,2,982,306,4,True
old-trained,2,983,306,4,True
old-trained,2,984,306,4,True
old-trained,2,985,306,4,True
old-trained,2,986,306,4,True
old-trained,2,987,306,4,True
old-trained,2,988,306,4,True
old-trained,2,989,306,4,True
old-trained,2,990,306,4,True
old-trained,2,991,306,4,True
old-trained,2,992,306,4,True
old-trained,2,993,306,4,True
old-trained,2,994,306,4,True
old-trained,2,995,306,4,True
old-trained,2,996,306,4,True
old-trained,2,997,306,4,True
old-trained,2,998,306,4,True
old-trained,2,999,306,4,True
old-trained,2,1000,306,4,True
old-frozen,0,0,365,4,True
old-frozen,0,1,353,4,True
old-frozen,0,2,330,4,True
old-frozen,0,3,328,4,True
old-frozen,0,4,322,4,True
old-frozen,0,5,321,4,True
old-frozen,0,6,320,4,True
old-frozen,0,7,317,4,True
old-frozen,0,8,317,4,True
old-frozen,0,9,317,4,True
old-frozen,0,10,317,4,True
old-frozen,0,11,317,4,True
old-frozen,0,12,317,4,True
old-frozen,0,13,317,4,True
old-frozen,0,14,317,4,True
old-frozen,0,15,317,4,True
old-frozen,0,16,317,4,True
old-frozen,0,17,317,4,True
old-frozen,0,18,317,4,True
old-frozen,0,19,317,4,True
old-frozen,0,20,317,4,True
old-frozen,0,21,317,4,True
old-frozen,0,22,317,4,True
old-frozen,0,23,317,4,True
old-frozen,0,24,317,4,True
old-frozen,0,25,317,4,True
old-frozen,0,26,317,4,True
old-frozen,0,27,317,4,True
old-frozen,0,28,317,4,True
old-frozen,0,29,317,4,True
old-frozen,0,30,317,4,True
old-frozen,0,31,317,4,True
old-frozen,0,32,317,4,True
old-frozen,0,33,317,4,True
old-frozen,0,34,317,4,True
old-frozen,0,35,317,4,True
old-frozen,0,36,317,4,True
old-frozen,0,37,317,4,True
old-frozen,0,38,317,4,True
old-frozen,0,39,317,4,True
old-frozen,0,40,317,4,True
old-frozen,0,41,317,4,True
old-frozen,0,42,317,4,True
old-frozen,0,43,317,4,True
old-frozen,0,44,317,4,True
old-frozen,0,45,317,4,True
old-frozen,0,46,317,4,True
old-frozen,0,47,317,4,True
old-frozen,0,48,317,4,True
old-frozen,0,49,317,4,True
old-frozen,0,50,317,4,True
old-frozen,0,51,317,4,True
old-frozen,0,52,317,4,True
old-frozen,0,53,317,4,True
old-frozen,0,54,315,4,True
old-frozen,0,55,312,4,True
old-frozen,0,56,309,4,True
old-frozen,0,57,309,4,True
old-frozen,0,58,309,4,True
old-frozen,0,59,309,4,True
old-frozen,0,60,309,4,True
old-frozen,0,61,309,4,True
old-frozen,0,62,309,4,True
old-frozen,0,63,309,4,True
old-frozen,0,64,309,4,True
old-frozen,0,65,309,4,True
old-frozen,0,66,309,4,True
old-frozen,0,67,309,4,True
old-frozen,0,68,309,4,True
old-frozen,0,69,307,4,True
old-frozen,0,70,307,4,True
old-frozen,0,71,307,4,True
old-frozen,0,72,307,4,True
old-frozen,0,73,307,4,True
old-frozen,0,74,307,4,True
old-frozen,0,75,307,4,True
old-frozen,0,76,307,4,True
old-frozen,0,77,307,4,True
old-frozen,0,78,307,4,True
old-frozen,0,79,307,4,True
old-frozen,0,80,307,4,True
old-frozen,0,81,307,4,True
old-frozen,0,82,307,4,True
old-frozen,0,83,307,4,True
old-frozen,0,84,307,4,True
old-frozen,0,85,307,4,True
old-frozen,0,86,307,4,True
old-frozen,0,87,307,4,True
old-frozen,0,88,307,4,True
old-frozen,0,89,307,4,True
old-frozen,0,90,307,4,True
old-frozen,0,91,307,4,True
old-frozen,0,92,307,4,True
old-frozen,0,93,307,4,True
old-frozen,0,94,307,4,True
old-frozen,0,95,307,4,True
old-frozen,0,96,307,4,True
old-frozen,0,97,307,4,True
old-frozen,0,98,307,4,True
old-frozen,0,99,307,4,True
old-frozen,0,100,307,4,True
old-frozen,0,101,307,4,True
old-frozen,0,102,307,4,True
old-frozen,0,103,307,4,True
old-frozen,0,104,307,4,True
old-frozen,0,105,307,4,True
old-frozen,0,106,307,4,True
old-frozen,0,107,307,4,True
old-frozen,0,108,307,4,True
old-frozen,0,109,307,4,True
old-frozen,0,110,307,4,True
old-frozen,0,111,307,4,True
old-frozen,0,112,307,4,True
old-frozen,0,113,307,4,True
old-frozen,0,114,307,4,True
old-frozen,0,115,307,4,True
old-frozen,0,116,307,4,True
old-frozen,0,117,307,4,True
old-frozen,0,118,307,4,True
old-frozen,0,119,307,4,True
old-frozen,0,120,307,4,True
old-frozen,0,121,307,4,True
old-frozen,0,122,307,4,True
old-frozen,0,123,307,4,True
old-frozen,0,124,307,4,True
old-frozen,0,125,307,4,True
old-frozen,0,126,307,4,True
old-frozen,0,127,307,4,True
old-frozen,0,128,307,4,True
old-frozen,0,129,307,4,True
old-frozen,0,130,307,4,True
old-frozen,0,131,307,4,True
old-frozen,0,132,307,4,True
old-frozen,0,133,307,4,True
old-frozen,0,134,307,4,True
old-frozen,0,135,307,4,True
old-frozen,0,136,307,4,True
old-frozen,0,137,307,4,True
old-frozen,0,138,307,4,True
old-frozen,0,139,307,4,True
old-frozen,0,140,307,4,True
old-frozen,0,141,307,4,True
old-frozen,0,142,307,4,True
old-frozen,0,143,307,4,True
old-frozen,0,144,307,4,True
old-frozen,0,145,307,4,True
old-frozen,0,146,307,4,True
old-frozen,0,147,307,4,True
old-frozen,0,148,307,4,True
old-frozen,0,149,307,4,True
old-frozen,0,150,307,4,True
old-frozen,0,151,307,4,True
old-frozen,0,152,307,4,True
old-frozen,0,153,307,4,True
old-frozen,0,154,307,4,True
old-frozen,0,155,307,4,True
old-frozen,0,156,307,4,True
old-frozen,0,157,307,4,True
old-frozen,0,158,307,4,True
old-frozen,0,159,307,4,True
old-frozen,0,160,307,4,True
old-frozen,0,161,307,4,True
old-frozen,0,162,307,4,True
old-frozen,0,163,307,4,True
old-frozen,0,164,307,4,True
old-frozen,0,165,307,4,True
old-frozen,0,166,307,4,True
old-frozen,0,167,307,4,True
old-frozen,0,168,307,4,True
old-frozen,0,169,307,4,True
old-frozen,0,170,307,4,True
old-frozen,0,171,307,4,True
old-frozen,0,172,307,4,True
old-frozen,0,173,307,4,True
old-frozen,0,174,307,4,True
old-frozen,0,175,307,4,True
old-frozen,0,176,307,4,True
old-frozen,0,177,307,4,True
old-frozen,0,178,307,4,True
old-frozen,0,179,307,4,True
old-frozen,0,180,307,4,True
old-frozen,0,181,307,4,True
old-frozen,0,182,307,4,True
old-frozen,0,183,307,4,True
old-frozen,0,184,307,4,True
old-frozen,0,185,307,4,True
old-frozen,0,186,307,4,True
old-frozen,0,187,307,4,True
old-frozen,0,188,307,4,True
old-frozen,0,189,307,4,True
old-frozen,0,190,307,4,True
old-frozen,0,191,307,4,True
old-frozen,0,192,307,4,True
old-frozen,0,193,307,4,True
old-frozen,0,194,307,4,True
old-frozen,0,195,307,4,True
old-frozen,0,196,307,4,True
old-frozen,0,197,307,4,True
old-frozen,0,198,307,4,True
old-frozen,0,199,307,4,True
old-frozen,0,200,307,4,True
old-frozen,0,201,307,4,True
old-frozen,0,202,307,4,True
old-frozen,0,203,307,4,True
old-frozen,0,204,307,4,True
old-frozen,0,205,307,4,True
old-frozen,0,206,307,4,True
old-frozen,0,207,307,4,True
old-frozen,0,208,307,4,True
old-frozen,0,209,307,4,True
old-frozen,0,210,307,4,True
old-frozen,0,211,307,4,True
old-frozen,0,212,307,4,True
old-frozen,0,213,307,4,True
old-frozen,0,214,307,4,True
old-frozen,0,215,307,4,True
old-frozen,0,216,307,4,True
old-frozen,0,217,307,4,True
old-frozen,0,218,307,4,True
old-frozen,0,219,307,4,True
old-frozen,0,220,307,4,True
old-frozen,0,221,307,4,True
old-frozen,0,222,307,4,True
old-frozen,0,223,307,4,True
old-frozen,0,224,307,4,True
old-frozen,0,225,307,4,True
old-frozen,0,226,307,4,True
old-frozen,0,227,307,4,True
old-frozen,0,228,307,4,True
old-frozen,0,229,304,4,True
old-frozen,0,230,304,4,True
old-frozen,0,231,304,4,True
old-frozen,0,232,304,4,True
old-frozen,0,233,304,4,True
old-frozen,0,234,304,4,True
old-frozen,0,235,304,4,True
old-frozen,0,236,304,4,True
old-frozen,0,237,304,4,True
old-frozen,0,238,304,4,True
old-frozen,0,239,304,4,True
old-frozen,0,240,304,4,True
old-frozen,0,241,304,4,True
old-frozen,0,242,304,4,True
old-frozen,0,243,304,4,True
old-frozen,0,244,304,4,True
old-frozen,0,245,304,4,True
old-frozen,0,246,304,4,True
old-frozen,0,247,304,4,True
old-frozen,0,248,304,4,True
old-frozen,0,249,304,4,True
old-frozen,0,250,304,4,True
old-frozen,0,251,304,4,True
old-frozen,0,252,304,4,True
old-frozen,0,253,304,4,True
old-frozen,0,254,304,4,True
old-frozen,0,255,304,4,True
old-frozen,0,256,304,4,True
old-frozen,0,257,304,4,True
old-frozen,0,258,304,4,True
old-frozen,0,259,304,4,True
old-frozen,0,260,304,4,True
old-frozen,0,261,304,4,True
old-frozen,0,262,304,4,True
old-frozen,0,263,304,4,True
old-frozen,0,264,304,4,True
old-frozen,0,265,304,4,True
old-frozen,0,266,304,4,True
old-frozen,0,267,304,4,True
old-frozen,0,268,304,4,True
old-frozen,0,269,304,4,True
old-frozen,0,270,304,4,True
old-frozen,0,271,304,4,True
old-frozen,0,272,304,4,True
old-frozen,0,273,304,4,True
old-frozen,0,274,304,4,True
old-frozen,0,275,304,4,True
old-frozen,0,276,304,4,True
old-frozen,0,277,304,4,True
old-frozen,0,278,304,4,True
old-frozen,0,279,304,4,True
old-frozen,0,280,304,4,True
old-frozen,0,281,304,4,True
old-frozen,0,282,304,4,True
old-frozen,0,283,304,4,True
old-frozen,0,284,304,4,True
old-frozen,0,285,304,4,True
old-frozen,0,286,304,4,True
old-frozen,0,287,304,4,True
old-frozen,0,288,304,4,True
old-frozen,0,289,304,4,True
old-frozen,0,290,304,4,True
old-frozen,0,291,304,4,True
old-frozen,0,292,304,4,True
old-frozen,0,293,304,4,True
old-frozen,0,294,304,4,True
old-frozen,0,295,304,4,True
old-frozen,0,296,304,4,True
old-frozen,0,297,304,4,True
old-frozen,0,298,304,4,True
old-frozen,0,299,304,4,True
old-frozen,0,300,304,4,True
old-frozen,0,301,304,4,True
old-frozen,0,302,304,4,True
old-frozen,0,303,304,4,True
old-frozen,0,304,304,4,True
old-frozen,0,305,304,4,True
old-frozen,0,306,304,4,True
old-frozen,0,307,304,4,True
old-frozen,0,308,304,4,True
old-frozen,0,309,304,4,True
old-frozen,0,310,304,4,True
old-frozen,0,311,304,4,True
old-frozen,0,312,304,4,True
old-frozen,0,313,304,4,True
old-frozen,0,314,304,4,True
old-frozen,0,315,304,4,True
old-frozen,0,316,304,4,True
old-frozen,0,317,304,4,True
old-frozen,0,318,304,4,True
old-frozen,0,319,304,4,True
old-frozen,0,320,304,4,True
old-frozen,0,321,304,4,True
old-frozen,0,322,304,4,True
old-frozen,0,323,304,4,True
old-frozen,0,324,304,4,True
old-frozen,0,325,304,4,True
old-frozen,0,326,304,4,True
old-frozen,0,327,304,4,True
old-frozen,0,328,304,4,True
old-frozen,0,329,304,4,True
old-frozen,0,330,304,4,True
old-frozen,0,331,304,4,True
old-frozen,0,332,304,4,True
old-frozen,0,333,304,4,True
old-frozen,0,334,304,4,True
old-frozen,0,335,304,4,True
old-frozen,0,336,304,4,True
old-frozen,0,337,304,4,True
old-frozen,0,338,304,4,True
old-frozen,0,339,304,4,True
old-frozen,0,340,304,4,True
old-frozen,0,341,304,4,True
old-frozen,0,342,304,4,True
old-frozen,0,343,304,4,True
old-frozen,0,344,304,4,True
old-frozen,0,345,304,4,True
old-frozen,0,346,304,4,True
old-frozen,0,347,304,4,True
old-frozen,0,348,304,4,True
old-frozen,0,349,304,4,True
old-frozen,0,350,304,4,True
old-frozen,0,351,304,4,True
old-frozen,0,352,304,4,True
old-frozen,0,353,304,4,True
old-frozen,0,354,304,4,True
old-frozen,0,355,304,4,True
old-frozen,0,356,304,4,True
old-frozen,0,357,304,4,True
old-frozen,0,358,304,4,True
old-frozen,0,359,304,4,True
old-frozen,0,360,304,4,True
old-frozen,0,361,304,4,True
old-frozen,0,362,304,4,True
old-frozen,0,363,304,4,True
old-frozen,0,364,304,4,True
old-frozen,0,365,304,4,True
old-frozen,0,366,304,4,True
old-frozen,0,367,304,4,True
old-frozen,0,368,304,4,True
old-frozen,0,369,304,4,True
old-frozen,0,370,304,4,True
old-frozen,0,371,304,4,True
old-frozen,0,372,304,4,True
old-frozen,0,373,304,4,True
old-frozen,0,374,304,4,True
old-frozen,0,375,304,4,True
old-frozen,0,376,304,4,True
old-frozen,0,377,304,4,True
old-frozen,0,378,304,4,True
old-frozen,0,379,304,4,True
old-frozen,0,380,304,4,True
old-frozen,0,381,304,4,True
old-frozen,0,382,304,4,True
old-frozen,0,383,304,4,True
old-frozen,0,384,304,4,True
old-frozen,0,385,304,4,True
old-frozen,0,386,304,4,True
old-frozen,0,387,304,4,True
old-frozen,0,388,304,4,True
old-frozen,0,389,304,4,True
old-frozen,0,390,304,4,True
old-frozen,0,391,304,4,True
old-frozen,0,392,304,4,True
old-frozen,0,393,304,4,True
old-frozen,0,394,304,4,True
old-frozen,0,395,304,4,True
old-frozen,0,396,304,4,True
old-frozen,0,397,304,4,True
old-frozen,0,398,304,4,True
old-frozen,0,399,304,4,True
old-frozen,0,400,304,4,True
old-frozen,0,401,304,4,True
old-frozen,0,402,304,4,True
old-frozen,0,403,304,4,True
old-frozen,0,404,304,4,True
old-frozen,0,405,304,4,True
old-frozen,0,406,304,4,True
old-frozen,0,407,304,4,True
old-frozen,0,408,304,4,True
old-frozen,0,409,304,4,True
old-frozen,0,410,304,4,True
old-frozen,0,411,304,4,True
old-frozen,0,412,304,4,True
old-frozen,0,413,304,4,True
old-frozen,0,414,304,4,True
old-frozen,0,415,304,4,True
old-frozen,0,416,304,4,True
old-frozen,0,417,304,4,True
old-frozen,0,418,304,4,True
old-frozen,0,419,304,4,True
old-frozen,0,420,304,4,True
old-frozen,0,421,304,4,True
old-frozen,0,422,304,4,True
old-frozen,0,423,304,4,True
old-frozen,0,424,304,4,True
old-frozen,0,425,304,4,True
old-frozen,0,426,304,4,True
old-frozen,0,427,304,4,True
old-frozen,0,428,304,4,True
old-frozen,0,429,304,4,True
old-frozen,0,430,304,4,True
old-frozen,0,431,304,4,True
old-frozen,0,432,304,4,True
old-frozen,0,433,304,4,True
old-frozen,0,434,304,4,True
old-frozen,0,435,304,4,True
old-frozen,0,436,304,4,True
old-frozen,0,437,304,4,True
old-frozen,0,438,304,4,True
old-frozen,0,439,304,4,True
old-frozen,0,440,304,4,True
old-frozen,0,441,304,4,True
old-frozen,0,442,304,4,True
old-frozen,0,443,304,4,True
old-frozen,0,444,304,4,True
old-frozen,0,445,304,4,True
old-frozen,0,446,304,4,True
old-frozen,0,447,304,4,True
old-frozen,0,448,304,4,True
old-frozen,0,449,304,4,True
old-frozen,0,450,304,4,True
old-frozen,0,451,304,4,True
old-frozen,0,452,304,4,True
old-frozen,0,453,304,4,True
old-frozen,0,454,304,4,True
old-frozen,0,455,304,4,True
old-frozen,0,456,304,4,True
old-frozen,0,457,304,4,True
old-frozen,0,458,304,4,True
old-frozen,0,459,304,4,True
old-frozen,0,460,304,4,True
old-frozen,0,461,304,4,True
old-frozen,0,462,304,4,True
old-frozen,0,463,304,4,True
old-frozen,0,464,304,4,True
old-frozen,0,465,304,4,True
old-frozen,0,466,304,4,True
old-frozen,0,467,304,4,True
old-frozen,0,468,304,4,True
old-frozen,0,469,304,4,True
old-frozen,0,470,304,4,True
old-frozen,0,471,304,4,True
old-frozen,0,472,304,4,True
old-frozen,0,473,304,4,True
old-frozen,0,474,304,4,True
old-frozen,0,475,304,4,True
old-frozen,0,476,304,4,True
old-frozen,0,477,304,4,True
old-frozen,0,478,304,4,True
old-frozen,0,479,304,4,True
old-frozen,0,480,304,4,True
old-frozen,0,481,304,4,True
old-frozen,0,482,304,4,True
old-frozen,0,483,304,4,True
old-frozen,0,484,304,4,True
old-frozen,0,485,304,4,True
old-frozen,0,486,304,4,True
old-frozen,0,487,304,4,True
old-frozen,0,488,304,4,True
old-frozen,0,489,304,4,True
old-frozen,0,490,304,4,True
old-frozen,0,491,304,4,True
old-frozen,0,492,304,4,True
old-frozen,0,493,304,4,True
old-frozen,0,494,304,4,True
old-frozen,0,495,304,4,True
old-frozen,0,496,304,4,True
old-frozen,0,497,304,4,True
old-frozen,0,498,304,4,True
old-frozen,0,499,304,4,True
old-frozen,0,500,304,4,True
old-frozen,0,501,304,4,True
old-frozen,0,502,304,4,True
old-frozen,0,503,304,4,True
old-frozen,0,504,304,4,True
old-frozen,0,505,304,4,True
old-frozen,0,506,304,4,True
old-frozen,0,507,304,4,True
old-frozen,0,508,304,4,True
old-frozen,0,509,304,4,True
old-frozen,0,510,304,4,True
old-frozen,0,511,304,4,True
old-frozen,0,512,304,4,True
old-frozen,0,513,304,4,True
old-frozen,0,514,304,4,True
old-frozen,0,515,304,4,True
old-frozen,0,516,304,4,True
old-frozen,0,517,304,4,True
old-frozen,0,518,304,4,True
old-frozen,0,519,303,4,True
old-frozen,0,520,303,4,True
old-frozen,0,521,303,4,True
old-frozen,0,522,303,4,True
old-frozen,0,523,303,4,True
old-frozen,0,524,303,4,True
old-frozen,0,525,303,4,True
old-frozen,0,526,303,4,True
old-frozen,0,527,303,4,True
old-frozen,0,528,303,4,True
old-frozen,0,529,303,4,True
old-frozen,0,530,303,4,True
old-frozen,0,531,303,4,True
old-frozen,0,532,303,4,True
old-frozen,0,533,303,4,True
old-frozen,0,534,303,4,True
old-frozen,0,535,303,4,True
old-frozen,0,536,303,4,True
old-frozen,0,537,303,4,True
old-frozen,0,538,303,4,True
old-frozen,0,539,303,4,True
old-frozen,0,540,303,4,True
old-frozen,0,541,303,4,True
old-frozen,0,542,303,4,True
old-frozen,0,543,303,4,True
old-frozen,0,544,303,4,True
old-frozen,0,545,303,4,True
old-frozen,0,546,303,4,True
old-frozen,0,547,303,4,True
old-frozen,0,548,303,4,True
old-frozen,0,549,303,4,True
old-frozen,0,550,303,4,True
old-frozen,0,551,303,4,True
old-frozen,0,552,303,4,True
old-frozen,0,553,303,4,True
old-frozen,0,554,303,4,True
old-frozen,0,555,303,4,True
old-frozen,0,556,303,4,True
old-frozen,0,557,303,4,True
old-frozen,0,558,303,4,True
old-frozen,0,559,303,4,True
old-frozen,0,560,303,4,True
old-frozen,0,561,303,4,True
old-frozen,0,562,303,4,True
old-frozen,0,563,303,4,True
old-frozen,0,564,303,4,True
old-frozen,0,565,303,4,True
old-frozen,0,566,303,4,True
old-frozen,0,567,303,4,True
old-frozen,0,568,303,4,True
old-frozen,0,569,303,4,True
old-frozen,0,570,303,4,True
old-frozen,0,571,303,4,True
old-frozen,0,572,303,4,True
old-frozen,0,573,303,4,True
old-frozen,0,574,303,4,True
old-frozen,0,575,303,4,True
old-frozen,0,576,303,4,True
old-frozen,0,577,303,4,True
old-frozen,0,578,303,4,True
old-frozen,0,579,303,4,True
old-frozen,0,580,303,4,True
old-frozen,0,581,303,4,True
old-frozen,0,582,303,4,True
old-frozen,0,583,303,4,True
old-frozen,0,584,303,4,True
old-frozen,0,585,303,4,True
old-frozen,0,586,303,4,True
old-frozen,0,587,303,4,True
old-frozen,0,588,303,4,True
old-frozen,0,589,303,4,True
old-frozen,0,590,303,4,True
old-frozen,0,591,303,4,True
old-frozen,0,592,303,4,True
old-frozen,0,593,303,4,True
old-frozen,0,594,303,4,True
old-frozen,0,595,303,4,True
old-frozen,0,596,303,4,True
old-frozen,0,597,303,4,True
old-frozen,0,598,303,4,True
old-frozen,0,599,303,4,True
old-frozen,0,600,303,4,True
old-frozen,0,601,303,4,True
old-frozen,0,602,303,4,True
old-frozen,0,603,303,4,True
old-frozen,0,604,303,4,True
old-frozen,0,605,303,4,True
old-frozen,0,606,303,4,True
old-frozen,0,607,303,4,True
old-frozen,0,608,303,4,True
old-frozen,0,609,303,4,True
old-frozen,0,610,303,4,True
old-frozen,0,611,303,4,True
old-frozen,0,612,303,4,True
old-frozen,0,613,303,4,True
old-frozen,0,614,303,4,True
old-frozen,0,615,303,4,True
old-frozen,0,616,303,4,True
old-frozen,0,617,303,4,True
old-frozen,0,618,303,4,True
old-frozen,0,619,303,4,True
old-frozen,0,620,303,4,True
old-frozen,0,621,303,4,True
old-frozen,0,622,303,4,True
old-frozen,0,623,303,4,True
old-frozen,0,624,303,4,True
old-frozen,0,625,303,4,True
old-frozen,0,626,303,4,True
old-frozen,0,627,303,4,True
old-frozen,0,628,303,4,True
old-frozen,0,629,303,4,True
old-frozen,0,630,303,4,True
old-frozen,0,631,303,4,True
old-frozen,0,632,303,4,True
old-frozen,0,633,303,4,True
old-frozen,0,634,303,4,True
old-frozen,0,635,303,4,True
old-frozen,0,636,303,4,True
old-frozen,0,637,303,4,True
old-frozen,0,638,303,4,True
old-frozen,0,639,303,4,True
old-frozen,0,640,301,4,True
old-frozen,0,641,301,4,True
old-frozen,0,642,301,4,True
old-frozen,0,643,301,4,True
old-frozen,0,644,301,4,True
old-frozen,0,645,301,4,True
old-frozen,0,646,301,4,True
old-frozen,0,647,301,4,True
old-frozen,0,648,301,4,True
old-frozen,0,649,301,4,True
old-frozen,0,650,301,4,True
old-frozen,0,651,301,4,True
old-frozen,0,652,301,4,True
old-frozen,0,653,301,4,True
old-frozen,0,654,301,4,True
old-frozen,0,655,301,4,True
old-frozen,0,656,301,4,True
old-frozen,0,657,301,4,True
old-frozen,0,658,301,4,True
old-frozen,0,659,301,4,True
old-frozen,0,660,301,4,True
old-frozen,0,661,301,4,True
old-frozen,0,662,301,4,True
old-frozen,0,663,301,4,True
old-frozen,0,664,301,4,True
old-frozen,0,665,301,4,True
old-frozen,0,666,301,4,True
old-frozen,0,667,301,4,True
old-frozen,0,668,301,4,True
old-frozen,0,669,301,4,True
old-frozen,0,670,301,4,True
old-frozen,0,671,301,4,True
old-frozen,0,672,301,4,True
old-frozen,0,673,301,4,True
old-frozen,0,674,301,4,True
old-frozen,0,675,301,4,True
old-frozen,0,676,301,4,True
old-frozen,0,677,301,4,True
old-frozen,0,678,301,4,True
old-frozen,0,679,301,4,True
old-frozen,0,680,301,4,True
old-frozen,0,681,301,4,True
old-frozen,0,682,301,4,True
old-frozen,0,683,301,4,True
old-frozen,0,684,301,4,True
old-frozen,0,685,301,4,True
old-frozen,0,686,301,4,True
old-frozen,0,687,301,4,True
old-frozen,0,688,301,4,True
old-frozen,0,689,301,4,True
old-frozen,0,690,301,4,True
old-frozen,0,691,301,4,True
old-frozen,0,692,301,4,True
old-frozen,0,693,301,4,True
old-frozen,0,694,301,4,True
old-frozen,0,695,301,4,True
old-frozen,0,696,301,4,True
old-frozen,0,697,301,4,True
old-frozen,0,698,301,4,True
old-frozen,0,699,301,4,True
old-frozen,0,700,301,4,True
old-frozen,0,701,301,4,True
old-frozen,0,702,301,4,True
old-frozen,0,703,301,4,True
old-frozen,0,704,301,4,True
old-frozen,0,705,301,4,True
old-frozen,0,706,301,4,True
old-frozen,0,707,301,4,True
old-frozen,0,708,301,4,True
old-frozen,0,709,301,4,True
old-frozen,0,710,301,4,True
old-frozen,0,711,301,4,True
old-frozen,0,712,301,4,True
old-frozen,0,713,301,4,True
old-frozen,0,714,301,4,True
old-frozen,0,715,301,4,True
old-frozen,0,716,301,4,True
old-frozen,0,717,301,4,True
old-frozen,0,718,301,4,True
old-frozen,0,719,301,4,True
old-frozen,0,720,301,4,True
old-frozen,0,721,301,4,True
old-frozen,0,722,301,4,True
old-frozen,0,723,301,4,True
old-frozen,0,724,301,4,True
old-frozen,0,725,301,4,True
old-frozen,0,726,301,4,True
old-frozen,0,727,301,4,True
old-frozen,0,728,301,4,True
old-frozen,0,729,301,4,True
old-frozen,0,730,301,4,True
old-frozen,0,731,301,4,True
old-frozen,0,732,301,4,True
old-frozen,0,733,301,4,True
old-frozen,0,734,301,4,True
old-frozen,0,735,301,4,True
old-frozen,0,736,301,4,True
old-frozen,0,737,301,4,True
old-frozen,0,738,301,4,True
old-frozen,0,739,301,4,True
old-frozen,0,740,301,4,True
old-frozen,0,741,301,4,True
old-frozen,0,742,301,4,True
old-frozen,0,743,301,4,True
old-frozen,0,744,301,4,True
old-frozen,0,745,301,4,True
old-frozen,0,746,301,4,True
old-frozen,0,747,301,4,True
old-frozen,0,748,301,4,True
old-frozen,0,749,301,4,True
old-frozen,0,750,301,4,True
old-frozen,0,751,301,4,True
old-frozen,0,752,301,4,True
old-frozen,0,753,301,4,True
old-frozen,0,754,301,4,True
old-frozen,0,755,301,4,True
old-frozen,0,756,301,4,True
old-frozen,0,757,301,4,True
old-frozen,0,758,301,4,True
old-frozen,0,759,301,4,True
old-frozen,0,760,301,4,True
old-frozen,0,761,301,4,True
old-frozen,0,762,301,4,True
old-frozen,0,763,301,4,True
old-frozen,0,764,301,4,True
old-frozen,0,765,301,4,True
old-frozen,0,766,301,4,True
old-frozen,0,767,301,4,True
old-frozen,0,768,301,4,True
old-frozen,0,769,301,4,True
old-frozen,0,770,301,4,True
old-frozen,0,771,301,4,True
old-frozen,0,772,301,4,True
old-frozen,0,773,301,4,True
old-frozen,0,774,301,4,True
old-frozen,0,775,301,4,True
old-frozen,0,776,301,4,True
old-frozen,0,777,301,4,True
old-frozen,0,778,301,4,True
old-frozen,0,779,301,4,True
old-frozen,0,780,301,4,True
old-frozen,0,781,301,4,True
old-frozen,0,782,301,4,True
old-frozen,0,783,301,4,True
old-frozen,0,784,301,4,True
old-frozen,0,785,301,4,True
old-frozen,0,786,301,4,True
old-frozen,0,787,301,4,True
old-frozen,0,788,301,4,True
old-frozen,0,789,301,4,True
old-frozen,0,790,301,4,True
old-frozen,0,791,301,4,True
old-frozen,0,792,301,4,True
old-frozen,0,793,301,4,True
old-frozen,0,794,301,4,True
old-frozen,0,795,301,4,True
old-frozen,0,796,301,4,True
old-frozen,0,797,301,4,True
old-frozen,0,798,301,4,True
old-frozen,0,799,301,4,True
old-frozen,0,800,301,4,True
old-frozen,0,801,301,4,True
old-frozen,0,802,301,4,True
old-frozen,0,803,301,4,True
old-frozen,0,804,301,4,True
old-frozen,0,805,301,4,True
old-frozen,0,806,301,4,True
old-frozen,0,807,301,4,True
old-frozen,0,808,301,4,True
old-frozen,0,809,301,4,True
old-frozen,0,810,301,4,True
old-frozen,0,811,301,4,True
old-frozen,0,812,301,4,True
old-frozen,0,813,301,4,True
old-frozen,0,814,301,4,True
old-frozen,0,815,301,4,True
old-frozen,0,816,301,4,True
old-frozen,0,817,301,4,True
old-frozen,0,818,301,4,True
old-frozen,0,819,301,4,True
old-frozen,0,820,301,4,True
old-frozen,0,821,301,4,True
old-frozen,0,822,301,4,True
old-frozen,0,823,301,4,True
old-frozen,0,824,301,4,True
old-frozen,0,825,301,4,True
old-frozen,0,826,301,4,True
old-frozen,0,827,301,4,True
old-frozen,0,828,301,4,True
old-frozen,0,829,301,4,True
old-frozen,0,830,301,4,True
old-frozen,0,831,301,4,True
old-frozen,0,832,301,4,True
old-frozen,0,833,301,4,True
old-frozen,0,834,301,4,True
old-frozen,0,835,301,4,True
old-frozen,0,836,301,4,True
old-frozen,0,837,301,4,True
old-frozen,0,838,301,4,True
old-frozen,0,839,301,4,True
old-frozen,0,840,301,4,True
old-frozen,0,841,301,4,True
old-frozen,0,842,301,4,True
old-frozen,0,843,301,4,True
old-frozen,0,844,301,4,True
old-frozen,0,845,301,4,True
old-frozen,0,846,301,4,True
old-frozen,0,847,301,4,True
old-frozen,0,848,301,4,True
old-frozen,0,849,301,4,True
old-frozen,0,850,301,4,True
old-frozen,0,851,301,4,True
old-frozen,0,852,301,4,True
old-frozen,0,853,301,4,True
old-frozen,0,854,301,4,True
old-frozen,0,855,301,4,True
old-frozen,0,856,301,4,True
old-frozen,0,857,301,4,True
old-frozen,0,858,301,4,True
old-frozen,0,859,301,4,True
old-frozen,0,860,301,4,True
old-frozen,0,861,301,4,True
old-frozen,0,862,301,4,True
old-frozen,0,863,301,4,True
old-frozen,0,864,301,4,True
old-frozen,0,865,301,4,True
old-frozen,0,866,301,4,True
old-frozen,0,867,301,4,True
old-frozen,0,868,301,4,True
old-frozen,0,869,301,4,True
old-frozen,0,870,301,4,True
old-frozen,0,871,301,4,True
old-frozen,0,872,301,4,True
old-frozen,0,873,301,4,True
old-frozen,0,874,301,4,True
old-frozen,0,875,301,4,True
old-frozen,0,876,301,4,True
old-frozen,0,877,301,4,True
old-frozen,0,878,301,4,True
old-frozen,0,879,301,4,True
old-frozen,0,880,301,4,True
old-frozen,0,881,301,4,True
old-frozen,0,882,301,4,True
old-frozen,0,883,301,4,True
old-frozen,0,884,301,4,True
old-frozen,0,885,301,4,True
old-frozen,0,886,301,4,True
old-frozen,0,887,301,4,True
old-frozen,0,888,301,4,True
old-frozen,0,889,301,4,True
old-frozen,0,890,301,4,True
old-frozen,0,891,301,4,True
old-frozen,0,892,301,4,True
old-frozen,0,893,301,4,True
old-frozen,0,894,301,4,True
old-frozen,0,895,301,4,True
old-frozen,0,896,301,4,True
old-frozen,0,897,301,4,True
old-frozen,0,898,301,4,True
old-frozen,0,899,301,4,True
old-frozen,0,900,301,4,True
old-frozen,0,901,301,4,True
old-frozen,0,902,301,4,True
old-frozen,0,903,301,4,True
old-frozen,0,904,301,4,True
old-frozen,0,905,301,4,True
old-frozen,0,906,301,4,True
old-frozen,0,907,301,4,True
old-frozen,0,908,301,4,True
old-frozen,0,909,301,4,True
old-frozen,0,910,301,4,True
old-frozen,0,911,301,4,True
old-frozen,0,912,301,4,True
old-frozen,0,913,301,4,True
old-frozen,0,914,301,4,True
old-frozen,0,915,301,4,True
old-frozen,0,916,301,4,True
old-frozen,0,917,301,4,True
old-frozen,0,918,301,4,True
old-frozen,0,919,301,4,True
old-frozen,0,920,301,4,True
old-frozen,0,921,301,4,True
old-frozen,0,922,301,4,True
old-frozen,0,923,301,4,True
old-frozen,0,924,301,4,True
old-frozen,0,925,301,4,True
old-frozen,0,926,301,4,True
old-frozen,0,927,301,4,True
old-frozen,0,928,301,4,True
old-frozen,0,929,301,4,True
old-frozen,0,930,301,4,True
old-frozen,0,931,301,4,True
old-frozen,0,932,301,4,True
old-frozen,0,933,301,4,True
old-frozen,0,934,301,4,True
old-frozen,0,935,301,4,True
old-frozen,0,936,301,4,True
old-frozen,0,937,301,4,True
old-frozen,0,938,301,4,True
old-frozen,0,939,301,4,True
old-frozen,0,940,301,4,True
old-frozen,0,941,301,4,True
old-frozen,0,942,301,4,True
old-frozen,0,943,301,4,True
old-frozen,0,944,301,4,True
old-frozen,0,945,301,4,True
old-frozen,0,946,301,4,True
old-frozen,0,947,301,4,True
old-frozen,0,948,301,4,True
old-frozen,0,949,301,4,True
old-frozen,0,950,301,4,True
old-frozen,0,951,301,4,True
old-frozen,0,952,301,4,True
old-frozen,0,953,301,4,True
old-frozen,0,954,301,4,True
old-frozen,0,955,301,4,True
old-frozen,0,956,301,4,True
old-frozen,0,957,301,4,True
old-frozen,0,958,301,4,True
old-frozen,0,959,301,4,True
old-frozen,0,960,301,4,True
old-frozen,0,961,301,4,True
old-frozen,0,962,301,4,True
old-frozen,0,963,301,4,True
old-frozen,0,964,301,4,True
old-frozen,0,965,301,4,True
old-frozen,0,966,301,4,True
old-frozen,0,967,301,4,True
old-frozen,0,968,301,4,True
old-frozen,0,969,301,4,True
old-frozen,0,970,301,4,True
old-frozen,0,971,301,4,True
old-frozen,0,972,301,4,True
old-frozen,0,973,301,4,True
old-frozen,0,974,301,4,True
old-frozen,0,975,301,4,True
old-frozen,0,976,301,4,True
old-frozen,0,977,301,4,True
old-frozen,0,978,301,4,True
old-frozen,0,979,301,4,True
old-frozen,0,980,301,4,True
old-frozen,0,981,301,4,True
old-frozen,0,982,301,4,True
old-frozen,0,983,301,4,True
old-frozen,0,984,301,4,True
old-frozen,0,985,301,4,True
old-frozen,0,986,301,4,True
old-frozen,0,987,301,4,True
old-frozen,0,988,301,4,True
old-frozen,0,989,301,4,True
old-frozen,0,990,301,4,True
old-frozen,0,991,301,4,True
old-frozen,0,992,301,4,True
old-frozen,0,993,301,4,True
old-frozen,0,994,301,4,True
old-frozen,0,995,301,4,True
old-frozen,0,996,301,4,True
old-frozen,0,997,301,4,True
old-frozen,0,998,301,4,True
old-frozen,0,999,301,4,True
old-frozen,0,1000,301,4,True
old-frozen,1,0,365,4,True
old-frozen,1,1,354,4,True
old-frozen,1,2,347,4,True
old-frozen,1,3,347,4,True
old-frozen,1,4,338,4,True
old-frozen,1,5,338,4,True
old-frozen,1,6,334,4,True
old-frozen,1,7,334,4,True
old-frozen,1,8,334,4,True
old-frozen,1,9,334,4,True
old-frozen,1,10,330,4,True
old-frozen,1,11,330,4,True
old-frozen,1,12,330,4,True
old-frozen,1,13,330,4,True
old-frozen,1,14,330,4,True
old-frozen,1,15,330,4,True
old-frozen,1,16,330,4,True
old-frozen,1,17,330,4,True
old-frozen,1,18,330,4,True
old-frozen,1,19,330,4,True
old-frozen,1,20,330,4,True
old-frozen,1,21,330,4,True
old-frozen,1,22,329,4,True
old-frozen,1,23,329,4,True
old-frozen,1,24,329,4,True
old-frozen,1,25,327,4,True
old-frozen,1,26,323,4,True
old-frozen,1,27,321,4,True
old-frozen,1,28,321,4,True
old-frozen,1,29,321,4,True
old-frozen,1,30,321,4,True
old-frozen,1,31,321,4,True
old-frozen,1,32,321,4,True
old-frozen,1,33,321,4,True
old-frozen,1,34,321,4,True
old-frozen,1,35,321,4,True
old-frozen,1,36,321,4,True
old-frozen,1,37,321,4,True
old-frozen,1,38,321,4,True
old-frozen,1,39,320,4,True
old-frozen,1,40,319,4,True
old-frozen,1,41,319,4,True
old-frozen,1,42,319,4,True
old-frozen,1,43,319,4,True
old-frozen,1,44,319,4,True
old-frozen,1,45,319,4,True
old-frozen,1,46,319,4,True
old-frozen,1,47,319,4,True
old-frozen,1,48,319,4,True
old-frozen,1,49,318,4,True
old-frozen,1,50,312,4,True
old-frozen,1,51,312,4,True
old-frozen,1,52,312,4,True
old-frozen,1,53,312,4,True
old-frozen,1,54,312,4,True
old-frozen,1,55,312,4,True
old-frozen,1,56,312,4,True
old-frozen,1,57,312,4,True
old-frozen,1,58,312,4,True
old-frozen,1,59,312,4,True
old-frozen,1,60,312,4,True
old-frozen,1,61,312,4,True
old-frozen,1,62,312,4,True
old-frozen,1,63,312,4,True
old-frozen,1,64,312,4,True
old-frozen,1,65,312,4,True
old-frozen,1,66,312,4,True
old-frozen,1,67,311,4,True
old-frozen,1,68,311,4,True
old-frozen,1,69,311,4,True
old-frozen,1,70,311,4,True
old-frozen,1,71,311,4,True
old-frozen,1,72,311,4,True
old-frozen,1,73,311,4,True
old-frozen,1,74,311,4,True
old-frozen,1,75,311,4,True
old-frozen,1,76,311,4,True
old-frozen,1,77,311,4,True
old-frozen,1,78,311,4,True
old-frozen,1,79,311,4,True
old-frozen,1,80,311,4,True
old-frozen,1,81,311,4,True
old-frozen,1,82,311,4,True
old-frozen,1,83,311,4,True
old-frozen,1,84,311,4,True
old-frozen,1,85,311,4,True
old-frozen,1,86,311,4,True
old-frozen,1,87,311,4,True
old-frozen,1,88,311,4,True
old-frozen,1,89,311,4,True
old-frozen,1,90,311,4,True
old-frozen,1,91,311,4,True
old-frozen,1,92,311,4,True
old-frozen,1,93,311,4,True
old-frozen,1,94,311,4,True
old-frozen,1,95,311,4,True
old-frozen,1,96,311,4,True
old-frozen,1,97,311,4,True
old-frozen,1,98,311,4,True
old-frozen,1,99,311,4,True
old-frozen,1,100,311,4,True
old-frozen,1,101,311,4,True
old-frozen,1,102,311,4,True
old-frozen,1,103,311,4,True
old-frozen,1,104,311,4,True
old-frozen,1,105,311,4,True
old-frozen,1,106,311,4,True
old-frozen,1,107,311,4,True
old-frozen,1,108,311,4,True
old-frozen,1,109,311,4,True
old-frozen,1,110,311,4,True
old-frozen,1,111,311,4,True
old-frozen,1,112,311,4,True
old-frozen,1,113,311,4,True
old-frozen,1,114,311,4,True
old-frozen,1,115,311,4,True
old-frozen,1,116,311,4,True
old-frozen,1,117,311,4,True
old-frozen,1,118,311,4,True
old-frozen,1,119,311,4,True
old-frozen,1,120,311,4,True
old-frozen,1,121,311,4,True
old-frozen,1,122,311,4,True
old-frozen,1,123,311,4,True
old-frozen,1,124,311,4,True
old-frozen,1,125,311,4,True
old-frozen,1,126,311,4,True
old-frozen,1,127,311,4,True
old-frozen,1,128,311,4,True
old-frozen,1,129,311,4,True
old-frozen,1,130,311,4,True
old-frozen,1,131,311,4,True
old-frozen,1,132,311,4,True
old-frozen,1,133,311,4,True
old-frozen,1,134,311,4,True
old-frozen,1,135,311,4,True
old-frozen,1,136,311,4,True
old-frozen,1,137,311,4,True
old-frozen,1,138,311,4,True
old-frozen,1,139,311,4,True
old-frozen,1,140,311,4,True
old-frozen,1,141,311,4,True
old-frozen,1,142,311,4,True
old-frozen,1,143,311,4,True
old-frozen,1,144,311,4,True
old-frozen,1,145,311,4,True
old-frozen,1,146,311,4,True
old-frozen,1,147,311,4,True
old-frozen,1,148,311,4,True
old-frozen,1,149,311,4,True
old-frozen,1,150,311,4,True
old-frozen,1,151,311,4,True
old-frozen,1,152,311,4,True
old-frozen,1,153,311,4,True
old-frozen,1,154,311,4,True
old-frozen,1,155,311,4,True
old-frozen,1,156,311,4,True
old-frozen,1,157,311,4,True
old-frozen,1,158,311,4,True
old-frozen,1,159,311,4,True
old-frozen,1,160,311,4,True
old-frozen,1,161,311,4,True
old-frozen,1,162,311,4,True
old-frozen,1,163,311,4,True
old-frozen,1,164,311,4,True
old-frozen,1,165,311,4,True
old-frozen,1,166,311,4,True
old-frozen,1,167,311,4,True
old-frozen,1,168,311,4,True
old-frozen,1,169,311,4,True
old-frozen,1,170,311,4,True
old-frozen,1,171,311,4,True
old-frozen,1,172,311,4,True
old-frozen,1,173,311,4,True
old-frozen,1,174,311,4,True
old-frozen,1,175,311,4,True
old-frozen,1,176,311,4,True
old-frozen,1,177,311,4,True
old-frozen,1,178,311,4,True
old-frozen,1,179,311,4,True
old-frozen,1,180,311,4,True
old-frozen,1,181,311,4,True
old-frozen,1,182,311,4,True
old-frozen,1,183,311,4,True
old-frozen,1,184,311,4,True
old-frozen,1,185,311,4,True
old-frozen,1,186,311,4,True
old-frozen,1,187,311,4,True
old-frozen,1,188,311,4,True
old-frozen,1,189,311,4,True
old-frozen,1,190,311,4,True
old-frozen,1,191,311,4,True
old-frozen,1,192,311,4,True
old-frozen,1,193,311,4,True
old-frozen,1,194,311,4,True
old-frozen,1,195,311,4,True
old-frozen,1,196,311,4,True
old-frozen,1,197,311,4,True
old-frozen,1,198,311,4,True
old-frozen,1,199,311,4,True
old-frozen,1,200,311,4,True
old-frozen,1,201,311,4,True
old-frozen,1,202,311,4,True
old-frozen,1,203,311,4,True
old-frozen,1,204,311,4,True
old-frozen,1,205,311,4,True
old-frozen,1,206,311,4,True
old-frozen,1,207,311,4,True
old-frozen,1,208,311,4,True
old-frozen,1,209,311,4,True
old-frozen,1,210,311,4,True
old-frozen,1,211,311,4,True
old-frozen,1,212,311,4,True
old-frozen,1,213,311,4,True
old-frozen,1,214,311,4,True
old-frozen,1,215,311,4,True
old-frozen,1,216,311,4,True
old-frozen,1,217,311,4,True
old-frozen,1,218,311,4,True
old-frozen,1,219,311,4,True
old-frozen,1,220,311,4,True
old-frozen,1,221,311,4,True
old-frozen,1,222,311,4,True
old-frozen,1,223,311,4,True
old-frozen,1,224,311,4,True
old-frozen,1,225,311,4,True
old-frozen,1,226,311,4,True
old-frozen,1,227,311,4,True
old-frozen,1,228,311,4,True
old-frozen,1,229,311,4,True
old-frozen,1,230,311,4,True
old-frozen,1,231,311,4,True
old-frozen,1,232,311,4,True
old-frozen,1,233,311,4,True
old-frozen,1,234,311,4,True
old-frozen,1,235,311,4,True
old-frozen,1,236,311,4,True
old-frozen,1,237,311,4,True
old-frozen,1,238,311,4,True
old-frozen,1,239,311,4,True
old-frozen,1,240,311,4,True
old-frozen,1,241,311,4,True
old-frozen,1,242,311,4,True
old-frozen,1,243,311,4,True
old-frozen,1,244,311,4,True
old-frozen,1,245,311,4,True
old-frozen,1,246,311,4,True
old-frozen,1,247,311,4,True
old-frozen,1,248,311,4,True
old-frozen,1,249,311,4,True
old-frozen,1,250,311,4,True
old-frozen,1,251,311,4,True
old-frozen,1,252,311,4,True
old-frozen,1,253,311,4,True
old-frozen,1,254,311,4,True
old-frozen,1,255,311,4,True
old-frozen,1,256,311,4,True
old-frozen,1,257,311,4,True
old-frozen,1,258,311,4,True
old-frozen,1,259,311,4,True
old-frozen,1,260,311,4,True
old-frozen,1,261,311,4,True
old-frozen,1,262,311,4,True
old-frozen,1,263,311,4,True
old-frozen,1,264,311,4,True
old-frozen,1,265,311,4,True
old-frozen,1,266,311,4,True
old-frozen,1,267,311,4,True
old-frozen,1,268,311,4,True
old-frozen,1,269,311,4,True
old-frozen,1,270,311,4,True
old-frozen,1,271,311,4,True
old-frozen,1,272,311,4,True
old-frozen,1,273,311,4,True
old-frozen,1,274,311,4,True
old-frozen,1,275,311,4,True
old-frozen,1,276,311,4,True
old-frozen,1,277,311,4,True
old-frozen,1,278,311,4,True
old-frozen,1,279,311,4,True
old-frozen,1,280,311,4,True
old-frozen,1,281,311,4,True
old-frozen,1,282,311,4,True
old-frozen,1,283,311,4,True
old-frozen,1,284,311,4,True
old-frozen,1,285,311,4,True
old-frozen,1,286,311,4,True
old-frozen,1,287,311,4,True
old-frozen,1,288,311,4,True
old-frozen,1,289,311,4,True
old-frozen,1,290,311,4,True
old-frozen,1,291,311,4,True
old-frozen,1,292,311,4,True
old-frozen,1,293,311,4,True
old-frozen,1,294,311,4,True
old-frozen,1,295,311,4,True
old-frozen,1,296,311,4,True
old-frozen,1,297,311,4,True
old-frozen,1,298,311,4,True
old-frozen,1,299,311,4,True
old-frozen,1,300,311,4,True
old-frozen,1,301,311,4,True
old-frozen,1,302,311,4,True
old-frozen,1,303,311,4,True
old-frozen,1,304,311,4,True
old-frozen,1,305,311,4,True
old-frozen,1,306,311,4,True
old-frozen,1,307,311,4,True
old-frozen,1,308,311,4,True
old-frozen,1,309,311,4,True
old-frozen,1,310,311,4,True
old-frozen,1,311,311,4,True
old-frozen,1,312,311,4,True
old-frozen,1,313,311,4,True
old-frozen,1,314,311,4,True
old-frozen,1,315,311,4,True
old-frozen,1,316,311,4,True
old-frozen,1,317,311,4,True
old-frozen,1,318,311,4,True
old-frozen,1,319,311,4,True
old-frozen,1,320,311,4,True
old-frozen,1,321,311,4,True
old-frozen,1,322,311,4,True
old-frozen,1,323,311,4,True
old-frozen,1,324,311,4,True
old-frozen,1,325,311,4,True
old-frozen,1,326,311,4,True
old-frozen,1,327,311,4,True
old-frozen,1,328,311,4,True
old-frozen,1,329,311,4,True
old-frozen,1,330,311,4,True
old-frozen,1,331,311,4,True
old-frozen,1,332,311,4,True
old-frozen,1,333,311,4,True
old-frozen,1,334,311,4,True
old-frozen,1,335,311,4,True
old-frozen,1,336,311,4,True
old-frozen,1,337,311,4,True
old-frozen,1,338,311,4,True
old-frozen,1,339,311,4,True
old-frozen,1,340,311,4,True
old-frozen,1,341,311,4,True
old-frozen,1,342,311,4,True
old-frozen,1,343,311,4,True
old-frozen,1,344,311,4,True
old-frozen,1,345,311,4,True
old-frozen,1,346,311,4,True
old-frozen,1,347,311,4,True
old-frozen,1,348,311,4,True
old-frozen,1,349,311,4,True
old-frozen,1,350,311,4,True
old-frozen,1,351,311,4,True
old-frozen,1,352,311,4,True
old-frozen,1,353,311,4,True
old-frozen,1,354,311,4,True
old-frozen,1,355,311,4,True
old-frozen,1,356,311,4,True
old-frozen,1,357,311,4,True
old-frozen,1,358,311,4,True
old-frozen,1,359,311,4,True
old-frozen,1,360,311,4,True
old-frozen,1,361,311,4,True
old-frozen,1,362,311,4,True
old-frozen,1,363,311,4,True
old-frozen,1,364,311,4,True
old-frozen,1,365,311,4,True
old-frozen,1,366,311,4,True
old-frozen,1,367,311,4,True
old-frozen,1,368,311,4,True
old-frozen,1,369,311,4,True
old-frozen,1,370,311,4,True
old-frozen,1,371,311,4,True
old-frozen,1,372,311,4,True
old-frozen,1,373,311,4,True
old-frozen,1,374,311,4,True
old-frozen,1,375,311,4,True
old-frozen,1,376,311,4,True
old-frozen,1,377,311,4,True
old-frozen,1,378,311,4,True
old-frozen,1,379,311,4,True
old-frozen,1,380,311,4,True
old-frozen,1,381,311,4,True
old-frozen,1,382,311,4,True
old-frozen,1,383,311,4,True
old-frozen,1,384,311,4,True
old-frozen,1,385,311,4,True
old-frozen,1,386,311,4,True
old-frozen,1,387,311,4,True
old-frozen,1,388,311,4,True
old-frozen,1,389,311,4,True
old-frozen,1,390,311,4,True
old-frozen,1,391,311,4,True
old-frozen,1,392,311,4,True
old-frozen,1,393,311,4,True
old-frozen,1,394,311,4,True
old-frozen,1,395,311,4,True
old-frozen,1,396,311,4,True
old-frozen,1,397,311,4,True
old-frozen,1,398,311,4,True
old-frozen,1,399,311,4,True
old-frozen,1,400,311,4,True
old-frozen,1,401,311,4,True
old-frozen,1,402,311,4,True
old-frozen,1,403,311,4,True
old-frozen,1,404,311,4,True
old-frozen,1,405,311,4,True
old-frozen,1,406,311,4,True
old-frozen,1,407,311,4,True
old-frozen,1,408,311,4,True
old-frozen,1,409,311,4,True
old-frozen,1,410,311,4,True
old-frozen,1,411,311,4,True
old-frozen,1,412,311,4,True
old-frozen,1,413,311,4,True
old-frozen,1,414,311,4,True
old-frozen,1,415,311,4,True
old-frozen,1,416,311,4,True
old-frozen,1,417,311,4,True
old-frozen,1,418,311,4,True
old-frozen,1,419,311,4,True
old-frozen,1,420,311,4,True
old-frozen,1,421,311,4,True
old-frozen,1,422,311,4,True
old-frozen,1,423,311,4,True
old-frozen,1,424,311,4,True
old-frozen,1,425,311,4,True
old-frozen,1,426,311,4,True
old-frozen,1,427,311,4,True
old-frozen,1,428,311,4,True
old-frozen,1,429,311,4,True
old-frozen,1,430,311,4,True
old-frozen,1,431,311,4,True
old-frozen,1,432,311,4,True
old-frozen,1,433,311,4,True
old-frozen,1,434,311,4,True
old-frozen,1,435,311,4,True
old-frozen,1,436,311,4,True
old-frozen,1,437,311,4,True
old-frozen,1,438,311,4,True
old-frozen,1,439,311,4,True
old-frozen,1,440,311,4,True
old-frozen,1,441,311,4,True
old-frozen,1,442,311,4,True
old-frozen,1,443,311,4,True
old-frozen,1,444,311,4,True
old-frozen,1,445,311,4,True
old-frozen,1,446,311,4,True
old-frozen,1,447,311,4,True
old-frozen,1,448,311,4,True
old-frozen,1,449,311,4,True
old-frozen,1,450,311,4,True
old-frozen,1,451,311,4,True
old-frozen,1,452,311,4,True
old-frozen,1,453,311,4,True
old-frozen,1,454,311,4,True
old-frozen,1,455,311,4,True
old-frozen,1,456,311,4,True
old-frozen,1,457,311,4,True
old-frozen,1,458,311,4,True
old-frozen,1,459,311,4,True
old-frozen,1,460,311,4,True
old-frozen,1,461,311,4,True
old-frozen,1,462,311,4,True
old-frozen,1,463,311,4,True
old-frozen,1,464,311,4,True
old-frozen,1,465,311,4,True
old-frozen,1,466,311,4,True
old-frozen,1,467,311,4,True
old-frozen,1,468,311,4,True
old-frozen,1,469,311,4,True
old-frozen,1,470,311,4,True
old-frozen,1,471,311,4,True
old-frozen,1,472,311,4,True
old-frozen,1,473,311,4,True
old-frozen,1,474,311,4,True
old-frozen,1,475,311,4,True
old-frozen,1,476,311,4,True
old-frozen,1,477,311,4,True
old-frozen,1,478,311,4,True
old-frozen,1,479,311,4,True
old-frozen,1,480,311,4,True
old-frozen,1,481,311,4,True
old-frozen,1,482,311,4,True
old-frozen,1,483,311,4,True
old-frozen,1,484,311,4,True
old-frozen,1,485,311,4,True
old-frozen,1,486,311,4,True
old-frozen,1,487,311,4,True
old-frozen,1,488,311,4,True
old-frozen,1,489,311,4,True
old-frozen,1,490,311,4,True
old-frozen,1,491,311,4,True
old-frozen,1,492,311,4,True
old-frozen,1,493,311,4,True
old-frozen,1,494,311,4,True
old-frozen,1,495,311,4,True
old-frozen,1,496,311,4,True
old-frozen,1,497,311,4,True
old-frozen,1,498,311,4,True
old-frozen,1,499,311,4,True
old-frozen,1,500,311,4,True
old-frozen,1,501,311,4,True
old-frozen,1,502,311,4,True
old-frozen,1,503,311,4,True
old-frozen,1,504,311,4,True
old-frozen,1,505,311,4,True
old-frozen,1,506,311,4,True
old-frozen,1,507,311,4,True
old-frozen,1,508,311,4,True
old-frozen,1,509,311,4,True
old-frozen,1,510,311,4,True
old-frozen,1,511,311,4,True
old-frozen,1,512,311,4,True
old-frozen,1,513,311,4,True
old-frozen,1,514,311,4,True
old-frozen,1,515,311,4,True
old-frozen,1,516,311,4,True
old-frozen,1,517,311,4,True
old-frozen,1,518,311,4,True
old-frozen,1,519,311,4,True
old-frozen,1,520,311,4,True
old-frozen,1,521,311,4,True
old-frozen,1,522,311,4,True
old-frozen,1,523,311,4,True
old-frozen,1,524,311,4,True
old-frozen,1,525,311,4,True
old-frozen,1,526,311,4,True
old-frozen,1,527,311,4,True
old-frozen,1,528,311,4,True
old-frozen,1,529,311,4,True
old-frozen,1,530,311,4,True
old-frozen,1,531,311,4,True
old-frozen,1,532,311,4,True
old-frozen,1,533,311,4,True
old-frozen,1,534,311,4,True
old-frozen,1,535,311,4,True
old-frozen,1,536,311,4,True
old-frozen,1,537,311,4,True
old-frozen,1,538,311,4,True
old-frozen,1,539,311,4,True
old-frozen,1,540,311,4,True
old-frozen,1,541,311,4,True
old-frozen,1,542,311,4,True
old-frozen,1,543,311,4,True
old-frozen,1,544,311,4,True
old-frozen,1,545,311,4,True
old-frozen,1,546,311,4,True
old-frozen,1,547,311,4,True
old-frozen,1,548,311,4,True
old-frozen,1,549,311,4,True
old-frozen,1,550,311,4,True
old-frozen,1,551,311,4,True
old-frozen,1,552,311,4,True
old-frozen,1,553,311,4,True
old-frozen,1,554,311,4,True
old-frozen,1,555,311,4,True
old-frozen,1,556,311,4,True
old-frozen,1,557,311,4,True
old-frozen,1,558,311,4,True
old-frozen,1,559,311,4,True
old-frozen,1,560,311,4,True
old-frozen,1,561,311,4,True
old-frozen,1,562,311,4,True
old-frozen,1,563,311,4,True
old-frozen,1,564,311,4,True
old-frozen,1,565,311,4,True
old-frozen,1,566,311,4,True
old-frozen,1,567,311,4,True
old-frozen,1,568,311,4,True
old-frozen,1,569,311,4,True
old-frozen,1,570,311,4,True
old-frozen,1,571,311,4,True
old-frozen,1,572,311,4,True
old-frozen,1,573,311,4,True
old-frozen,1,574,311,4,True
old-frozen,1,575,311,4,True
old-frozen,1,576,311,4,True
old-frozen,1,577,311,4,True
old-frozen,1,578,311,4,True
old-frozen,1,579,311,4,True
old-frozen,1,580,311,4,True
old-frozen,1,581,311,4,True
old-frozen,1,582,311,4,True
old-frozen,1,583,311,4,True
old-frozen,1,584,311,4,True
old-frozen,1,585,311,4,True
old-frozen,1,586,311,4,True
old-frozen,1,587,311,4,True
old-frozen,1,588,311,4,True
old-frozen,1,589,311,4,True
old-frozen,1,590,311,4,True
old-frozen,1,591,311,4,True
old-frozen,1,592,311,4,True
old-frozen,1,593,311,4,True
old-frozen,1,594,311,4,True
old-frozen,1,595,311,4,True
old-frozen,1,596,311,4,True
old-frozen,1,597,311,4,True
old-frozen,1,598,311,4,True
old-frozen,1,599,311,4,True
old-frozen,1,600,311,4,True
old-frozen,1,601,311,4,True
old-frozen,1,602,311,4,True
old-frozen,1,603,311,4,True
old-frozen,1,604,311,4,True
old-frozen,1,605,311,4,True
old-frozen,1,606,311,4,True
old-frozen,1,607,311,4,True
old-frozen,1,608,311,4,True
old-frozen,1,609,311,4,True
old-frozen,1,610,311,4,True
old-frozen,1,611,311,4,True
old-frozen,1,612,311,4,True
old-frozen,1,613,311,4,True
old-frozen,1,614,311,4,True
old-frozen,1,615,311,4,True
old-frozen,1,616,311,4,True
old-frozen,1,617,311,4,True
old-frozen,1,618,311,4,True
old-frozen,1,619,311,4,True
old-frozen,1,620,311,4,True
old-frozen,1,621,311,4,True
old-frozen,1,622,311,4,True
old-frozen,1,623,311,4,True
old-frozen,1,624,311,4,True
old-frozen,1,625,311,4,True
old-frozen,1,626,311,4,True
old-frozen,1,627,311,4,True
old-frozen,1,628,311,4,True
old-frozen,1,629,311,4,True
old-frozen,1,630,311,4,True
old-frozen,1,631,311,4,True
old-frozen,1,632,311,4,True
old-frozen,1,633,311,4,True
old-frozen,1,634,311,4,True
old-frozen,1,635,311,4,True
old-frozen,1,636,311,4,True
old-frozen,1,637,311,4,True
old-frozen,1,638,311,4,True
old-frozen,1,639,311,4,True
old-frozen,1,640,311,4,True
old-frozen,1,641,311,4,True
old-frozen,1,642,311,4,True
old-frozen,1,643,311,4,True
old-frozen,1,644,311,4,True
old-frozen,1,645,311,4,True
old-frozen,1,646,311,4,True
old-frozen,1,647,311,4,True
old-frozen,1,648,311,4,True
old-frozen,1,649,311,4,True
old-frozen,1,650,311,4,True
old-frozen,1,651,311,4,True
old-frozen,1,652,311,4,True
old-frozen,1,653,311,4,True
old-frozen,1,654,311,4,True
old-frozen,1,655,311,4,True
old-frozen,1,656,311,4,True
old-frozen,1,657,311,4,True
old-frozen,1,658,311,4,True
old-frozen,1,659,311,4,True
old-frozen,1,660,311,4,True
old-frozen,1,661,311,4,True
old-frozen,1,662,311,4,True
old-frozen,1,663,311,4,True
old-frozen,1,664,311,4,True
old-frozen,1,665,311,4,True
old-frozen,1,666,311,4,True
old-frozen,1,667,311,4,True
old-frozen,1,668,311,4,True
old-frozen,1,669,311,4,True
old-frozen,1,670,311,4,True
old-frozen,1,671,311,4,True
old-frozen,1,672,311,4,True
old-frozen,1,673,311,4,True
old-frozen,1,674,311,4,True
old-frozen,1,675,311,4,True
old-frozen,1,676,311,4,True
old-frozen,1,677,311,4,True
old-frozen,1,678,311,4,True
old-frozen,1,679,311,4,True
old-frozen,1,680,311,4,True
old-frozen,1,681,311,4,True
old-frozen,1,682,311,4,True
old-frozen,1,683,311,4,True
old-frozen,1,684,311,4,True
old-frozen,1,685,311,4,True
old-frozen,1,686,311,4,True
old-frozen,1,687,311,4,True
old-frozen,1,688,311,4,True
old-frozen,1,689,311,4,True
old-frozen,1,690,311,4,True
old-frozen,1,691,311,4,True
old-frozen,1,692,311,4,True
old-frozen,1,693,311,4,True
old-frozen,1,694,311,4,True
old-frozen,1,695,311,4,True
old-frozen,1,696,311,4,True
old-frozen,1,697,311,4,True
old-frozen,1,698,307,4,True
old-frozen,1,699,307,4,True
old-frozen,1,700,307,4,True
old-frozen,1,701,307,4,True
old-frozen,1,702,307,4,True
old-frozen,1,703,307,4,True
old-frozen,1,704,307,4,True
old-frozen,1,705,307,4,True
old-frozen,1,706,307,4,True
old-frozen,1,707,307,4,True
old-frozen,1,708,307,4,True
old-frozen,1,709,307,4,True
old-frozen,1,710,307,4,True
old-frozen,1,711,307,4,True
old-frozen,1,712,307,4,True
old-frozen,1,713,307,4,True
old-frozen,1,714,307,4,True
old-frozen,1,715,307,4,True
old-frozen,1,716,307,4,True
old-frozen,1,717,307,4,True
old-frozen,1,718,307,4,True
old-frozen,1,719,307,4,True
old-frozen,1,720,307,4,True
old-frozen,1,721,307,4,True
old-frozen,1,722,307,4,True
old-frozen,1,723,307,4,True
old-frozen,1,724,307,4,True
old-frozen,1,725,307,4,True
old-frozen,1,726,307,4,True
old-frozen,1,727,307,4,True
old-frozen,1,728,307,4,True
old-frozen,1,729,307,4,True
old-frozen,1,730,307,4,True
old-frozen,1,731,307,4,True
old-frozen,1,732,307,4,True
old-frozen,1,733,307,4,True
old-frozen,1,734,307,4,True
old-frozen,1,735,307,4,True
old-frozen,1,736,307,4,True
old-frozen,1,737,307,4,True
old-frozen,1,738,307,4,True
old-frozen,1,739,307,4,True
old-frozen,1,740,307,4,True
old-frozen,1,741,307,4,True
old-frozen,1,742,307,4,True
old-frozen,1,743,307,4,True
old-frozen,1,744,307,4,True
old-frozen,1,745,307,4,True
old-frozen,1,746,307,4,True
old-frozen,1,747,307,4,True
old-frozen,1,748,307,4,True
old-frozen,1,749,307,4,True
old-frozen,1,750,307,4,True
old-frozen,1,751,307,4,True
old-frozen,1,752,307,4,True
old-frozen,1,753,307,4,True
old-frozen,1,754,307,4,True
old-frozen,1,755,307,4,True
old-frozen,1,756,307,4,True
old-frozen,1,757,307,4,True
old-frozen,1,758,307,4,True
old-frozen,1,759,307,4,True
old-frozen,1,760,307,4,True
old-frozen,1,761,307,4,True
old-frozen,1,762,307,4,True
old-frozen,1,763,307,4,True
old-frozen,1,764,307,4,True
old-frozen,1,765,307,4,True
old-frozen,1,766,307,4,True
old-frozen,1,767,307,4,True
old-frozen,1,768,307,4,True
old-frozen,1,769,307,4,True
old-frozen,1,770,307,4,True
old-frozen,1,771,307,4,True
old-frozen,1,772,307,4,True
old-frozen,1,773,307,4,True
old-frozen,1,774,307,4,True
old-frozen,1,775,307,4,True
old-frozen,1,776,307,4,True
old-frozen,1,777,307,4,True
old-frozen,1,778,307,4,True
old-frozen,1,779,307,4,True
old-frozen,1,780,307,4,True
old-frozen,1,781,307,4,True
old-frozen,1,782,307,4,True
old-frozen,1,783,307,4,True
old-frozen,1,784,307,4,True
old-frozen,1,785,307,4,True
old-frozen,1,786,307,4,True
old-frozen,1,787,307,4,True
old-frozen,1,788,307,4,True
old-frozen,1,789,307,4,True
old-frozen,1,790,307,4,True
old-frozen,1,791,307,4,True
old-frozen,1,792,307,4,True
old-frozen,1,793,307,4,True
old-frozen,1,794,307,4,True
old-frozen,1,795,307,4,True
old-frozen,1,796,307,4,True
old-frozen,1,797,307,4,True
old-frozen,1,798,307,4,True
old-frozen,1,799,307,4,True
old-frozen,1,800,307,4,True
old-frozen,1,801,307,4,True
old-frozen,1,802,307,4,True
old-frozen,1,803,307,4,True
old-frozen,1,804,307,4,True
old-frozen,1,805,307,4,True
old-frozen,1,806,307,4,True
old-frozen,1,807,307,4,True
old-frozen,1,808,307,4,True
old-frozen,1,809,307,4,True
old-frozen,1,810,307,4,True
old-frozen,1,811,307,4,True
old-frozen,1,812,307,4,True
old-frozen,1,813,307,4,True
old-frozen,1,814,307,4,True
old-frozen,1,815,307,4,True
old-frozen,1,816,307,4,True
old-frozen,1,817,307,4,True
old-frozen,1,818,307,4,True
old-frozen,1,819,307,4,True
old-frozen,1,820,307,4,True
old-frozen,1,821,307,4,True
old-frozen,1,822,307,4,True
old-frozen,1,823,307,4,True
old-frozen,1,824,307,4,True
old-frozen,1,825,307,4,True
old-frozen,1,826,307,4,True
old-frozen,1,827,307,4,True
old-frozen,1,828,307,4,True
old-frozen,1,829,307,4,True
old-frozen,1,830,307,4,True
old-frozen,1,831,307,4,True
old-frozen,1,832,307,4,True
old-frozen,1,833,307,4,True
old-frozen,1,834,307,4,True
old-frozen,1,835,307,4,True
old-frozen,1,836,307,4,True
old-frozen,1,837,307,4,True
old-frozen,1,838,307,4,True
old-frozen,1,839,307,4,True
old-frozen,1,840,307,4,True
old-frozen,1,841,307,4,True
old-frozen,1,842,307,4,True
old-frozen,1,843,307,4,True
old-frozen,1,844,307,4,True
old-frozen,1,845,307,4,True
old-frozen,1,846,307,4,True
old-frozen,1,847,307,4,True
old-frozen,1,848,307,4,True
old-frozen,1,849,307,4,True
old-frozen,1,850,307,4,True
old-frozen,1,851,307,4,True
old-frozen,1,852,307,4,True
old-frozen,1,853,307,4,True
old-frozen,1,854,307,4,True
old-frozen,1,855,307,4,True
old-frozen,1,856,307,4,True
old-frozen,1,857,307,4,True
old-frozen,1,858,307,4,True
old-frozen,1,859,307,4,True
old-frozen,1,860,307,4,True
old-frozen,1,861,307,4,True
old-frozen,1,862,307,4,True
old-frozen,1,863,307,4,True
old-frozen,1,864,307,4,True
old-frozen,1,865,307,4,True
old-frozen,1,866,307,4,True
old-frozen,1,867,307,4,True
old-frozen,1,868,307,4,True
old-frozen,1,869,307,4,True
old-frozen,1,870,307,4,True
old-frozen,1,871,307,4,True
old-frozen,1,872,307,4,True
old-frozen,1,873,307,4,True
old-frozen,1,874,307,4,True
old-frozen,1,875,307,4,True
old-frozen,1,876,307,4,True
old-frozen,1,877,307,4,True
old-frozen,1,878,307,4,True
old-frozen,1,879,307,4,True
old-frozen,1,880,307,4,True
old-frozen,1,881,307,4,True
old-frozen,1,882,307,4,True
old-frozen,1,883,307,4,True
old-frozen,1,884,307,4,True
old-frozen,1,885,307,4,True
old-frozen,1,886,307,4,True
old-frozen,1,887,307,4,True
old-frozen,1,888,307,4,True
old-frozen,1,889,307,4,True
old-frozen,1,890,307,4,True
old-frozen,1,891,307,4,True
old-frozen,1,892,307,4,True
old-frozen,1,893,307,4,True
old-frozen,1,894,307,4,True
old-frozen,1,895,307,4,True
old-frozen,1,896,307,4,True
old-frozen,1,897,307,4,True
old-frozen,1,898,307,4,True
old-frozen,1,899,307,4,True
old-frozen,1,900,307,4,True
old-frozen,1,901,307,4,True
old-frozen,1,902,307,4,True
old-frozen,1,903,307,4,True
old-frozen,1,904,307,4,True
old-frozen,1,905,307,4,True
old-frozen,1,906,307,4,True
old-frozen,1,907,307,4,True
old-frozen,1,908,307,4,True
old-frozen,1,909,307,4,True
old-frozen,1,910,307,4,True
old-frozen,1,911,307,4,True
old-frozen,1,912,307,4,True
old-frozen,1,913,307,4,True
old-frozen,1,914,307,4,True
old-frozen,1,915,307,4,True
old-frozen,1,916,307,4,True
old-frozen,1,917,307,4,True
old-frozen,1,918,307,4,True
old-frozen,1,919,307,4,True
old-frozen,1,920,307,4,True
old-frozen,1,921,307,4,True
old-frozen,1,922,307,4,True
old-frozen,1,923,307,4,True
old-frozen,1,924,307,4,True
old-frozen,1,925,307,4,True
old-frozen,1,926,307,4,True
old-frozen,1,927,307,4,True
old-frozen,1,928,307,4,True
old-frozen,1,929,307,4,True
old-frozen,1,930,307,4,True
old-frozen,1,931,307,4,True
old-frozen,1,932,307,4,True
old-frozen,1,933,307,4,True
old-frozen,1,934,307,4,True
old-frozen,1,935,307,4,True
old-frozen,1,936,307,4,True
old-frozen,1,937,307,4,True
old-frozen,1,938,307,4,True
old-frozen,1,939,307,4,True
old-frozen,1,940,307,4,True
old-frozen,1,941,307,4,True
old-frozen,1,942,307,4,True
old-frozen,1,943,307,4,True
old-frozen,1,944,307,4,True
old-frozen,1,945,307,4,True
old-frozen,1,946,307,4,True
old-frozen,1,947,307,4,True
old-frozen,1,948,307,4,True
old-frozen,1,949,307,4,True
old-frozen,1,950,307,4,True
old-frozen,1,951,307,4,True
old-frozen,1,952,307,4,True
old-frozen,1,953,307,4,True
old-frozen,1,954,307,4,True
old-frozen,1,955,307,4,True
old-frozen,1,956,307,4,True
old-frozen,1,957,307,4,True
old-frozen,1,958,307,4,True
old-frozen,1,959,307,4,True
old-frozen,1,960,307,4,True
old-frozen,1,961,307,4,True
old-frozen,1,962,307,4,True
old-frozen,1,963,307,4,True
old-frozen,1,964,307,4,True
old-frozen,1,965,307,4,True
old-frozen,1,966,307,4,True
old-frozen,1,967,307,4,True
old-frozen,1,968,307,4,True
old-frozen,1,969,307,4,True
old-frozen,1,970,307,4,True
old-frozen,1,971,307,4,True
old-frozen,1,972,307,4,True
old-frozen,1,973,307,4,True
old-frozen,1,974,307,4,True
old-frozen,1,975,307,4,True
old-frozen,1,976,307,4,True
old-frozen,1,977,307,4,True
old-frozen,1,978,307,4,True
old-frozen,1,979,307,4,True
old-frozen,1,980,307,4,True
old-frozen,1,981,307,4,True
old-frozen,1,982,307,4,True
old-frozen,1,983,307,4,True
old-frozen,1,984,307,4,True
old-frozen,1,985,307,4,True
old-frozen,1,986,307,4,True
old-frozen,1,987,307,4,True
old-frozen,1,988,307,4,True
old-frozen,1,989,307,4,True
old-frozen,1,990,307,4,True
old-frozen,1,991,307,4,True
old-frozen,1,992,307,4,True
old-frozen,1,993,307,4,True
old-frozen,1,994,307,4,True
old-frozen,1,995,307,4,True
old-frozen,1,996,307,4,True
old-frozen,1,997,307,4,True
old-frozen,1,998,307,4,True
old-frozen,1,999,307,4,True
old-frozen,1,1000,307,4,True
old-frozen,2,0,365,4,True
old-frozen,2,1,340,4,True
old-frozen,2,2,340,4,True
old-frozen,2,3,332,4,True
old-frozen,2,4,331,4,True
old-frozen,2,5,331,4,True
old-frozen,2,6,327,4,True
old-frozen,2,7,327,4,True
old-frozen,2,8,327,4,True
old-frozen,2,9,323,4,True
old-frozen,2,10,323,4,True
old-frozen,2,11,323,4,True
old-frozen,2,12,323,4,True
old-frozen,2,13,323,4,True
old-frozen,2,14,323,4,True
old-frozen,2,15,323,4,True
old-frozen,2,16,323,4,True
old-frozen,2,17,320,4,True
old-frozen,2,18,318,4,True
old-frozen,2,19,313,4,True
old-frozen,2,20,310,4,True
old-frozen,2,21,310,4,True
old-frozen,2,22,310,4,True
old-frozen,2,23,310,4,True
old-frozen,2,24,310,4,True
old-frozen,2,25,310,4,True
old-frozen,2,26,310,4,True
old-frozen,2,27,310,4,True
old-frozen,2,28,310,4,True
old-frozen,2,29,310,4,True
old-frozen,2,30,310,4,True
old-frozen,2,31,310,4,True
old-frozen,2,32,310,4,True
old-frozen,2,33,310,4,True
old-frozen,2,34,310,4,True
old-frozen,2,35,310,4,True
old-frozen,2,36,310,4,True
old-frozen,2,37,310,4,True
old-frozen,2,38,310,4,True
old-frozen,2,39,310,4,True
old-frozen,2,40,310,4,True
old-frozen,2,41,310,4,True
old-frozen,2,42,310,4,True
old-frozen,2,43,310,4,True
old-frozen,2,44,310,4,True
old-frozen,2,45,310,4,True
old-frozen,2,46,310,4,True
old-frozen,2,47,310,4,True
old-frozen,2,48,310,4,True
old-frozen,2,49,310,4,True
old-frozen,2,50,310,4,True
old-frozen,2,51,310,4,True
old-frozen,2,52,310,4,True
old-frozen,2,53,310,4,True
old-frozen,2,54,310,4,True
old-frozen,2,55,310,4,True
old-frozen,2,56,310,4,True
old-frozen,2,57,310,4,True
old-frozen,2,58,310,4,True
old-frozen,2,59,310,4,True
old-frozen,2,60,310,4,True
old-frozen,2,61,310,4,True
old-frozen,2,62,310,4,True
old-frozen,2,63,310,4,True
old-frozen,2,64,310,4,True
old-frozen,2,65,310,4,True
old-frozen,2,66,310,4,True
old-frozen,2,67,310,4,True
old-frozen,2,68,310,4,True
old-frozen,2,69,310,4,True
old-frozen,2,70,310,4,True
old-frozen,2,71,310,4,True
old-frozen,2,72,310,4,True
old-frozen,2,73,310,4,True
old-frozen,2,74,310,4,True
old-frozen,2,75,310,4,True
old-frozen,2,76,310,4,True
old-frozen,2,77,310,4,True
old-frozen,2,78,310,4,True
old-frozen,2,79,310,4,True
old-frozen,2,80,310,4,True
old-frozen,2,81,310,4,True
old-frozen,2,82,310,4,True
old-frozen,2,83,310,4,True
old-frozen,2,84,310,4,True
old-frozen,2,85,310,4,True
old-frozen,2,86,310,4,True
old-frozen,2,87,310,4,True
old-frozen,2,88,310,4,True
old-frozen,2,89,310,4,True
old-frozen,2,90,310,4,True
old-frozen,2,91,310,4,True
old-frozen,2,92,310,4,True
old-frozen,2,93,310,4,True
old-frozen,2,94,310,4,True
old-frozen,2,95,310,4,True
old-frozen,2,96,310,4,True
old-frozen,2,97,310,4,True
old-frozen,2,98,310,4,True
old-frozen,2,99,310,4,True
old-frozen,2,100,310,4,True
old-frozen,2,101,310,4,True
old-frozen,2,102,310,4,True
old-frozen,2,103,310,4,True
old-frozen,2,104,310,4,True
old-frozen,2,105,310,4,True
old-frozen,2,106,310,4,True
old-frozen,2,107,310,4,True
old-frozen,2,108,310,4,True
old-frozen,2,109,310,4,True
old-frozen,2,110,310,4,True
old-frozen,2,111,310,4,True
old-frozen,2,112,310,4,True
old-frozen,2,113,310,4,True
old-frozen,2,114,310,4,True
old-frozen,2,115,310,4,True
old-frozen,2,116,310,4,True
old-frozen,2,117,310,4,True
old-frozen,2,118,310,4,True
old-frozen,2,119,310,4,True
old-frozen,2,120,310,4,True
old-frozen,2,121,310,4,True
old-frozen,2,122,310,4,True
old-frozen,2,123,310,4,True
old-frozen,2,124,310,4,True
old-frozen,2,125,310,4,True
old-frozen,2,126,310,4,True
old-frozen,2,127,310,4,True
old-frozen,2,128,310,4,True
old-frozen,2,129,310,4,True
old-frozen,2,130,310,4,True
old-frozen,2,131,310,4,True
old-frozen,2,132,310,4,True
old-frozen,2,133,310,4,True
old-frozen,2,134,310,4,True
old-frozen,2,135,310,4,True
old-frozen,2,136,310,4,True
old-frozen,2,137,310,4,True
old-frozen,2,138,310,4,True
old-frozen,2,139,310,4,True
old-frozen,2,140,310,4,True
old-frozen,2,141,310,4,True
old-frozen,2,142,310,4,True
old-frozen,2,143,310,4,True
old-frozen,2,144,310,4,True
old-frozen,2,145,310,4,True
old-frozen,2,146,310,4,True
old-frozen,2,147,310,4,True
old-frozen,2,148,310,4,True
old-frozen,2,149,310,4,True
old-frozen,2,150,310,4,True
old-frozen,2,151,310,4,True
old-frozen,2,152,310,4,True
old-frozen,2,153,310,4,True
old-frozen,2,154,310,4,True
old-frozen,2,155,310,4,True
old-frozen,2,156,310,4,True
old-frozen,2,157,310,4,True
old-frozen,2,158,310,4,True
old-frozen,2,159,310,4,True
old-frozen,2,160,310,4,True
old-frozen,2,161,310,4,True
old-frozen,2,162,310,4,True
old-frozen,2,163,310,4,True
old-frozen,2,164,310,4,True
old-frozen,2,165,310,4,True
old-frozen,2,166,310,4,True
old-frozen,2,167,310,4,True
old-frozen,2,168,310,4,True
old-frozen,2,169,310,4,True
old-frozen,2,170,310,4,True
old-frozen,2,171,310,4,True
old-frozen,2,172,310,4,True
old-frozen,2,173,310,4,True
old-frozen,2,174,310,4,True
old-frozen,2,175,310,4,True
old-frozen,2,176,310,4,True
old-frozen,2,177,310,4,True
old-frozen,2,178,310,4,True
old-frozen,2,179,310,4,True
old-frozen,2,180,310,4,True
old-frozen,2,181,310,4,True
old-frozen,2,182,310,4,True
old-frozen,2,183,310,4,True
old-frozen,2,184,310,4,True
old-frozen,2,185,310,4,True
old-frozen,2,186,310,4,True
old-frozen,2,187,310,4,True
old-frozen,2,188,310,4,True
old-frozen,2,189,310,4,True
old-frozen,2,190,310,4,True
old-frozen,2,191,310,4,True
old-frozen,2,192,310,4,True
old-frozen,2,193,310,4,True
old-frozen,2,194,310,4,True
old-frozen,2,195,310,4,True
old-frozen,2,196,310,4,True
old-frozen,2,197,310,4,True
old-frozen,2,198,310,4,True
old-frozen,2,199,310,4,True
old-frozen,2,200,310,4,True
old-frozen,2,201,310,4,True
old-frozen,2,202,310,4,True
old-frozen,2,203,310,4,True
old-frozen,2,204,310,4,True
old-frozen,2,205,310,4,True
old-frozen,2,206,310,4,True
old-frozen,2,207,310,4,True
old-frozen,2,208,310,4,True
old-frozen,2,209,310,4,True
old-frozen,2,210,310,4,True
old-frozen,2,211,310,4,True
old-frozen,2,212,310,4,True
old-frozen,2,213,310,4,True
old-frozen,2,214,310,4,True
old-frozen,2,215,310,4,True
old-frozen,2,216,310,4,True
old-frozen,2,217,310,4,True
old-frozen,2,218,310,4,True
old-frozen,2,219,310,4,True
old-frozen,2,220,310,4,True
old-frozen,2,221,310,4,True
old-frozen,2,222,310,4,True
old-frozen,2,223,310,4,True
old-frozen,2,224,310,4,True
old-frozen,2,225,310,4,True
old-frozen,2,226,310,4,True
old-frozen,2,227,310,4,True
old-frozen,2,228,310,4,True
old-frozen,2,229,310,4,True
old-frozen,2,230,310,4,True
old-frozen,2,231,310,4,True
old-frozen,2,232,310,4,True
old-frozen,2,233,310,4,True
old-frozen,2,234,310,4,True
old-frozen,2,235,310,4,True
old-frozen,2,236,310,4,True
old-frozen,2,237,310,4,True
old-frozen,2,238,310,4,True
old-frozen,2,239,310,4,True
old-frozen,2,240,310,4,True
old-frozen,2,241,310,4,True
old-frozen,2,242,310,4,True
old-frozen,2,243,310,4,True
old-frozen,2,244,310,4,True
old-frozen,2,245,310,4,True
old-frozen,2,246,310,4,True
old-frozen,2,247,310,4,True
old-frozen,2,248,310,4,True
old-frozen,2,249,310,4,True
old-frozen,2,250,310,4,True
old-frozen,2,251,310,4,True
old-frozen,2,252,310,4,True
old-frozen,2,253,310,4,True
old-frozen,2,254,310,4,True
old-frozen,2,255,310,4,True
old-frozen,2,256,310,4,True
old-frozen,2,257,310,4,True
old-frozen,2,258,310,4,True
old-frozen,2,259,310,4,True
old-frozen,2,260,310,4,True
old-frozen,2,261,310,4,True
old-frozen,2,262,310,4,True
old-frozen,2,263,310,4,True
old-frozen,2,264,310,4,True
old-frozen,2,265,310,4,True
old-frozen,2,266,310,4,True
old-frozen,2,267,310,4,True
old-frozen,2,268,310,4,True
old-frozen,2,269,310,4,True
old-frozen,2,270,310,4,True
old-frozen,2,271,310,4,True
old-frozen,2,272,310,4,True
old-frozen,2,273,310,4,True
old-frozen,2,274,310,4,True
old-frozen,2,275,310,4,True
old-frozen,2,276,310,4,True
old-frozen,2,277,310,4,True
old-frozen,2,278,310,4,True
old-frozen,2,279,310,4,True
old-frozen,2,280,310,4,True
old-frozen,2,281,310,4,True
old-frozen,2,282,310,4,True
old-frozen,2,283,310,4,True
old-frozen,2,284,310,4,True
old-frozen,2,285,310,4,True
old-frozen,2,286,310,4,True
old-frozen,2,287,310,4,True
old-frozen,2,288,310,4,True
old-frozen,2,289,310,4,True
old-frozen,2,290,310,4,True
old-frozen,2,291,310,4,True
old-frozen,2,292,310,4,True
old-frozen,2,293,310,4,True
old-frozen,2,294,310,4,True
old-frozen,2,295,310,4,True
old-frozen,2,296,310,4,True
old-frozen,2,297,310,4,True
old-frozen,2,298,310,4,True
old-frozen,2,299,310,4,True
old-frozen,2,300,310,4,True
old-frozen,2,301,310,4,True
old-frozen,2,302,310,4,True
old-frozen,2,303,310,4,True
old-frozen,2,304,310,4,True
old-frozen,2,305,310,4,True
old-frozen,2,306,310,4,True
old-frozen,2,307,310,4,True
old-frozen,2,308,310,4,True
old-frozen,2,309,310,4,True
old-frozen,2,310,310,4,True
old-frozen,2,311,310,4,True
old-frozen,2,312,310,4,True
old-frozen,2,313,310,4,True
old-frozen,2,314,310,4,True
old-frozen,2,315,310,4,True
old-frozen,2,316,310,4,True
old-frozen,2,317,310,4,True
old-frozen,2,318,310,4,True
old-frozen,2,319,310,4,True
old-frozen,2,320,310,4,True
old-frozen,2,321,310,4,True
old-frozen,2,322,310,4,True
old-frozen,2,323,310,4,True
old-frozen,2,324,310,4,True
old-frozen,2,325,310,4,True
old-frozen,2,326,310,4,True
old-frozen,2,327,310,4,True
old-frozen,2,328,310,4,True
old-frozen,2,329,310,4,True
old-frozen,2,330,310,4,True
old-frozen,2,331,310,4,True
old-frozen,2,332,310,4,True
old-frozen,2,333,310,4,True
old-frozen,2,334,310,4,True
old-frozen,2,335,310,4,True
old-frozen,2,336,310,4,True
old-frozen,2,337,310,4,True
old-frozen,2,338,310,4,True
old-frozen,2,339,310,4,True
old-frozen,2,340,310,4,True
old-frozen,2,341,310,4,True
old-frozen,2,342,310,4,True
old-frozen,2,343,310,4,True
old-frozen,2,344,310,4,True
old-frozen,2,345,310,4,True
old-frozen,2,346,310,4,True
old-frozen,2,347,310,4,True
old-frozen,2,348,310,4,True
old-frozen,2,349,310,4,True
old-frozen,2,350,310,4,True
old-frozen,2,351,310,4,True
old-frozen,2,352,310,4,True
old-frozen,2,353,310,4,True
old-frozen,2,354,310,4,True
old-frozen,2,355,310,4,True
old-frozen,2,356,310,4,True
old-frozen,2,357,310,4,True
old-frozen,2,358,310,4,True
old-frozen,2,359,310,4,True
old-frozen,2,360,310,4,True
old-frozen,2,361,310,4,True
old-frozen,2,362,310,4,True
old-frozen,2,363,310,4,True
old-frozen,2,364,310,4,True
old-frozen,2,365,310,4,True
old-frozen,2,366,310,4,True
old-frozen,2,367,310,4,True
old-frozen,2,368,310,4,True
old-frozen,2,369,310,4,True
old-frozen,2,370,310,4,True
old-frozen,2,371,310,4,True
old-frozen,2,372,310,4,True
old-frozen,2,373,310,4,True
old-frozen,2,374,310,4,True
old-frozen,2,375,310,4,True
old-frozen,2,376,310,4,True
old-frozen,2,377,310,4,True
old-frozen,2,378,310,4,True
old-frozen,2,379,310,4,True
old-frozen,2,380,310,4,True
old-frozen,2,381,310,4,True
old-frozen,2,382,310,4,True
old-frozen,2,383,310,4,True
old-frozen,2,384,310,4,True
old-frozen,2,385,310,4,True
old-frozen,2,386,310,4,True
old-frozen,2,387,310,4,True
old-frozen,2,388,310,4,True
old-frozen,2,389,310,4,True
old-frozen,2,390,310,4,True
old-frozen,2,391,310,4,True
old-frozen,2,392,310,4,True
old-frozen,2,393,310,4,True
old-frozen,2,394,310,4,True
old-frozen,2,395,310,4,True
old-frozen,2,396,310,4,True
old-frozen,2,397,310,4,True
old-frozen,2,398,310,4,True
old-frozen,2,399,310,4,True
old-frozen,2,400,310,4,True
old-frozen,2,401,310,4,True
old-frozen,2,402,310,4,True
old-frozen,2,403,310,4,True
old-frozen,2,404,310,4,True
old-frozen,2,405,310,4,True
old-frozen,2,406,310,4,True
old-frozen,2,407,310,4,True
old-frozen,2,408,310,4,True
old-frozen,2,409,310,4,True
old-frozen,2,410,310,4,True
old-frozen,2,411,310,4,True
old-frozen,2,412,310,4,True
old-frozen,2,413,310,4,True
old-frozen,2,414,310,4,True
old-frozen,2,415,310,4,True
old-frozen,2,416,310,4,True
old-frozen,2,417,310,4,True
old-frozen,2,418,310,4,True
old-frozen,2,419,310,4,True
old-frozen,2,420,310,4,True
old-frozen,2,421,310,4,True
old-frozen,2,422,310,4,True
old-frozen,2,423,310,4,True
old-frozen,2,424,310,4,True
old-frozen,2,425,310,4,True
old-frozen,2,426,310,4,True
old-frozen,2,427,310,4,True
old-frozen,2,428,310,4,True
old-frozen,2,429,310,4,True
old-frozen,2,430,310,4,True
old-frozen,2,431,310,4,True
old-frozen,2,432,310,4,True
old-frozen,2,433,310,4,True
old-frozen,2,434,310,4,True
old-frozen,2,435,310,4,True
old-frozen,2,436,310,4,True
old-frozen,2,437,310,4,True
old-frozen,2,438,310,4,True
old-frozen,2,439,310,4,True
old-frozen,2,440,310,4,True
old-frozen,2,441,310,4,True
old-frozen,2,442,310,4,True
old-frozen,2,443,310,4,True
old-frozen,2,444,310,4,True
old-frozen,2,445,310,4,True
old-frozen,2,446,310,4,True
old-frozen,2,447,310,4,True
old-frozen,2,448,310,4,True
old-frozen,2,449,310,4,True
old-frozen,2,450,310,4,True
old-frozen,2,451,310,4,True
old-frozen,2,452,310,4,True
old-frozen,2,453,310,4,True
old-frozen,2,454,310,4,True
old-frozen,2,455,310,4,True
old-frozen,2,456,310,4,True
old-frozen,2,457,310,4,True
old-frozen,2,458,310,4,True
old-frozen,2,459,310,4,True
old-frozen,2,460,310,4,True
old-frozen,2,461,310,4,True
old-frozen,2,462,310,4,True
old-frozen,2,463,310,4,True
old-frozen,2,464,310,4,True
old-frozen,2,465,310,4,True
old-frozen,2,466,310,4,True
old-frozen,2,467,310,4,True
old-frozen,2,468,310,4,True
old-frozen,2,469,310,4,True
old-frozen,2,470,310,4,True
old-frozen,2,471,310,4,True
old-frozen,2,472,310,4,True
old-frozen,2,473,310,4,True
old-frozen,2,474,310,4,True
old-frozen,2,475,310,4,True
old-frozen,2,476,310,4,True
old-frozen,2,477,310,4,True
old-frozen,2,478,310,4,True
old-frozen,2,479,310,4,True
old-frozen,2,480,310,4,True
old-frozen,2,481,310,4,True
old-frozen,2,482,310,4,True
old-frozen,2,483,310,4,True
old-frozen,2,484,310,4,True
old-frozen,2,485,310,4,True
old-frozen,2,486,310,4,True
old-frozen,2,487,310,4,True
old-frozen,2,488,310,4,True
old-frozen,2,489,310,4,True
old-frozen,2,490,310,4,True
old-frozen,2,491,310,4,True
old-frozen,2,492,310,4,True
old-frozen,2,493,310,4,True
old-frozen,2,494,310,4,True
old-frozen,2,495,310,4,True
old-frozen,2,496,310,4,True
old-frozen,2,497,310,4,True
old-frozen,2,498,310,4,True
old-frozen,2,499,310,4,True
old-frozen,2,500,310,4,True
old-frozen,2,501,310,4,True
old-frozen,2,502,310,4,True
old-frozen,2,503,310,4,True
old-frozen,2,504,310,4,True
old-frozen,2,505,310,4,True
old-frozen,2,506,310,4,True
old-frozen,2,507,310,4,True
old-frozen,2,508,310,4,True
old-frozen,2,509,310,4,True
old-frozen,2,510,310,4,True
old-frozen,2,511,310,4,True
old-frozen,2,512,310,4,True
old-frozen,2,513,310,4,True
old-frozen,2,514,310,4,True
old-frozen,2,515,310,4,True
old-frozen,2,516,310,4,True
old-frozen,2,517,310,4,True
old-frozen,2,518,310,4,True
old-frozen,2,519,309,4,True
old-frozen,2,520,309,4,True
old-frozen,2,521,309,4,True
old-frozen,2,522,309,4,True
old-frozen,2,523,309,4,True
old-frozen,2,524,309,4,True
old-frozen,2,525,309,4,True
old-frozen,2,526,309,4,True
old-frozen,2,527,309,4,True
old-frozen,2,528,309,4,True
old-frozen,2,529,309,4,True
old-frozen,2,530,309,4,True
old-frozen,2,531,309,4,True
old-frozen,2,532,309,4,True
old-frozen,2,533,309,4,True
old-frozen,2,534,309,4,True
old-frozen,2,535,309,4,True
old-frozen,2,536,309,4,True
old-frozen,2,537,309,4,True
old-frozen,2,538,309,4,True
old-frozen,2,539,309,4,True
old-frozen,2,540,309,4,True
old-frozen,2,541,309,4,True
old-frozen,2,542,309,4,True
old-frozen,2,543,309,4,True
old-frozen,2,544,309,4,True
old-frozen,2,545,309,4,True
old-frozen,2,546,309,4,True
old-frozen,2,547,309,4,True
old-frozen,2,548,309,4,True
old-frozen,2,549,309,4,True
old-frozen,2,550,309,4,True
old-frozen,2,551,309,4,True
old-frozen,2,552,309,4,True
old-frozen,2,553,309,4,True
old-frozen,2,554,309,4,True
old-frozen,2,555,309,4,True
old-frozen,2,556,309,4,True
old-frozen,2,557,309,4,True
old-frozen,2,558,309,4,True
old-frozen,2,559,309,4,True
old-frozen,2,560,309,4,True
old-frozen,2,561,309,4,True
old-frozen,2,562,309,4,True
old-frozen,2,563,309,4,True
old-frozen,2,564,309,4,True
old-frozen,2,565,309,4,True
old-frozen,2,566,309,4,True
old-frozen,2,567,309,4,True
old-frozen,2,568,309,4,True
old-frozen,2,569,309,4,True
old-frozen,2,570,309,4,True
old-frozen,2,571,309,4,True
old-frozen,2,572,309,4,True
old-frozen,2,573,309,4,True
old-frozen,2,574,309,4,True
old-frozen,2,575,309,4,True
old-frozen,2,576,309,4,True
old-frozen,2,577,309,4,True
old-frozen,2,578,309,4,True
old-frozen,2,579,309,4,True
old-frozen,2,580,309,4,True
old-frozen,2,581,309,4,True
old-frozen,2,582,309,4,True
old-frozen,2,583,309,4,True
old-frozen,2,584,309,4,True
old-frozen,2,585,309,4,True
old-frozen,2,586,309,4,True
old-frozen,2,587,309,4,True
old-frozen,2,588,309,4,True
old-frozen,2,589,309,4,True
old-frozen,2,590,309,4,True
old-frozen,2,591,309,4,True
old-frozen,2,592,309,4,True
old-frozen,2,593,309,4,True
old-frozen,2,594,309,4,True
old-frozen,2,595,309,4,True
old-frozen,2,596,309,4,True
old-frozen,2,597,309,4,True
old-frozen,2,598,309,4,True
old-frozen,2,599,309,4,True
old-frozen,2,600,309,4,True
old-frozen,2,601,309,4,True
old-frozen,2,602,309,4,True
old-frozen,2,603,309,4,True
old-frozen,2,604,309,4,True
old-frozen,2,605,309,4,True
old-frozen,2,606,309,4,True
old-frozen,2,607,309,4,True
old-frozen,2,608,309,4,True
old-frozen,2,609,309,4,True
old-frozen,2,610,309,4,True
old-frozen,2,611,309,4,True
old-frozen,2,612,309,4,True
old-frozen,2,613,309,4,True
old-frozen,2,614,309,4,True
old-frozen,2,615,309,4,True
old-frozen,2,616,309,4,True
old-frozen,2,617,309,4,True
old-frozen,2,618,309,4,True
old-frozen,2,619,309,4,True
old-frozen,2,620,309,4,True
old-frozen,2,621,309,4,True
old-frozen,2,622,309,4,True
old-frozen,2,623,309,4,True
old-frozen,2,624,309,4,True
old-frozen,2,625,309,4,True
old-frozen,2,626,309,4,True
old-frozen,2,627,309,4,True
old-frozen,2,628,309,4,True
old-frozen,2,629,309,4,True
old-frozen,2,630,309,4,True
old-frozen,2,631,309,4,True
old-frozen,2,632,309,4,True
old-frozen,2,633,309,4,True
old-frozen,2,634,309,4,True
old-frozen,2,635,309,4,True
old-frozen,2,636,309,4,True
old-frozen,2,637,309,4,True
old-frozen,2,638,309,4,True
old-frozen,2,639,309,4,True
old-frozen,2,640,309,4,True
old-frozen,2,641,309,4,True
old-frozen,2,642,309,4,True
old-frozen,2,643,309,4,True
old-frozen,2,644,309,4,True
old-frozen,2,645,309,4,True
old-frozen,2,646,309,4,True
old-frozen,2,647,309,4,True
old-frozen,2,648,309,4,True
old-frozen,2,649,309,4,True
old-frozen,2,650,309,4,True
old-frozen,2,651,309,4,True
old-frozen,2,652,309,4,True
old-frozen,2,653,309,4,True
old-frozen,2,654,309,4,True
old-frozen,2,655,309,4,True
old-frozen,2,656,309,4,True
old-frozen,2,657,309,4,True
old-frozen,2,658,309,4,True
old-frozen,2,659,309,4,True
old-frozen,2,660,309,4,True
old-frozen,2,661,309,4,True
old-frozen,2,662,309,4,True
old-frozen,2,663,309,4,True
old-frozen,2,664,309,4,True
old-frozen,2,665,309,4,True
old-frozen,2,666,309,4,True
old-frozen,2,667,309,4,True
old-frozen,2,668,309,4,True
old-frozen,2,669,309,4,True
old-frozen,2,670,309,4,True
old-frozen,2,671,309,4,True
old-frozen,2,672,309,4,True
old-frozen,2,673,309,4,True
old-frozen,2,674,309,4,True
old-frozen,2,675,309,4,True
old-frozen,2,676,309,4,True
old-frozen,2,677,309,4,True
old-frozen,2,678,309,4,True
old-frozen,2,679,309,4,True
old-frozen,2,680,309,4,True
old-frozen,2,681,309,4,True
old-frozen,2,682,309,4,True
old-frozen,2,683,309,4,True
old-frozen,2,684,309,4,True
old-frozen,2,685,309,4,True
old-frozen,2,686,309,4,True
old-frozen,2,687,309,4,True
old-frozen,2,688,309,4,True
old-frozen,2,689,309,4,True
old-frozen,2,690,309,4,True
old-frozen,2,691,309,4,True
old-frozen,2,692,309,4,True
old-frozen,2,693,309,4,True
old-frozen,2,694,309,4,True
old-frozen,2,695,309,4,True
old-frozen,2,696,309,4,True
old-frozen,2,697,309,4,True
old-frozen,2,698,309,4,True
old-frozen,2,699,309,4,True
old-frozen,2,700,309,4,True
old-frozen,2,701,309,4,True
old-frozen,2,702,309,4,True
old-frozen,2,703,309,4,True
old-frozen,2,704,309,4,True
old-frozen,2,705,309,4,True
old-frozen,2,706,309,4,True
old-frozen,2,707,309,4,True
old-frozen,2,708,309,4,True
old-frozen,2,709,309,4,True
old-frozen,2,710,307,4,True
old-frozen,2,711,307,4,True
old-frozen,2,712,307,4,True
old-frozen,2,713,307,4,True
old-frozen,2,714,307,4,True
old-frozen,2,715,307,4,True
old-frozen,2,716,307,4,True
old-frozen,2,717,307,4,True
old-frozen,2,718,307,4,True
old-frozen,2,719,307,4,True
old-frozen,2,720,307,4,True
old-frozen,2,721,307,4,True
old-frozen,2,722,307,4,True
old-frozen,2,723,307,4,True
old-frozen,2,724,307,4,True
old-frozen,2,725,307,4,True
old-frozen,2,726,307,4,True
old-frozen,2,727,307,4,True
old-frozen,2,728,307,4,True
old-frozen,2,729,307,4,True
old-frozen,2,730,307,4,True
old-frozen,2,731,307,4,True
old-frozen,2,732,307,4,True
old-frozen,2,733,307,4,True
old-frozen,2,734,307,4,True
old-frozen,2,735,307,4,True
old-frozen,2,736,307,4,True
old-frozen,2,737,307,4,True
old-frozen,2,738,307,4,True
old-frozen,2,739,307,4,True
old-frozen,2,740,307,4,True
old-frozen,2,741,307,4,True
old-frozen,2,742,307,4,True
old-frozen,2,743,307,4,True
old-frozen,2,744,307,4,True
old-frozen,2,745,307,4,True
old-frozen,2,746,307,4,True
old-frozen,2,747,307,4,True
old-frozen,2,748,307,4,True
old-frozen,2,749,307,4,True
old-frozen,2,750,307,4,True
old-frozen,2,751,307,4,True
old-frozen,2,752,307,4,True
old-frozen,2,753,307,4,True
old-frozen,2,754,307,4,True
old-frozen,2,755,307,4,True
old-frozen,2,756,307,4,True
old-frozen,2,757,307,4,True
old-frozen,2,758,307,4,True
old-frozen,2,759,307,4,True
old-frozen,2,760,307,4,True
old-frozen,2,761,307,4,True
old-frozen,2,762,307,4,True
old-frozen,2,763,307,4,True
old-frozen,2,764,307,4,True
old-frozen,2,765,307,4,True
old-frozen,2,766,307,4,True
old-frozen,2,767,307,4,True
old-frozen,2,768,307,4,True
old-frozen,2,769,307,4,True
old-frozen,2,770,307,4,True
old-frozen,2,771,307,4,True
old-frozen,2,772,307,4,True
old-frozen,2,773,307,4,True
old-frozen,2,774,307,4,True
old-frozen,2,775,307,4,True
old-frozen,2,776,307,4,True
old-frozen,2,777,307,4,True
old-frozen,2,778,307,4,True
old-frozen,2,779,307,4,True
old-frozen,2,780,307,4,True
old-frozen,2,781,307,4,True
old-frozen,2,782,307,4,True
old-frozen,2,783,307,4,True
old-frozen,2,784,307,4,True
old-frozen,2,785,307,4,True
old-frozen,2,786,307,4,True
old-frozen,2,787,307,4,True
old-frozen,2,788,307,4,True
old-frozen,2,789,307,4,True
old-frozen,2,790,307,4,True
old-frozen,2,791,307,4,True
old-frozen,2,792,307,4,True
old-frozen,2,793,307,4,True
old-frozen,2,794,307,4,True
old-frozen,2,795,307,4,True
old-frozen,2,796,307,4,True
old-frozen,2,797,307,4,True
old-frozen,2,798,307,4,True
old-frozen,2,799,307,4,True
old-frozen,2,800,307,4,True
old-frozen,2,801,307,4,True
old-frozen,2,802,307,4,True
old-frozen,2,803,307,4,True
old-frozen,2,804,307,4,True
old-frozen,2,805,307,4,True
old-frozen,2,806,307,4,True
old-frozen,2,807,307,4,True
old-frozen,2,808,307,4,True
old-frozen,2,809,307,4,True
old-frozen,2,810,306,4,True
old-frozen,2,811,306,4,True
old-frozen,2,812,306,4,True
old-frozen,2,813,306,4,True
old-frozen,2,814,306,4,True
old-frozen,2,815,306,4,True
old-frozen,2,816,306,4,True
old-frozen,2,817,306,4,True
old-frozen,2,818,306,4,True
old-frozen,2,819,306,4,True
old-frozen,2,820,306,4,True
old-frozen,2,821,306,4,True
old-frozen,2,822,306,4,True
old-frozen,2,823,306,4,True
old-frozen,2,824,306,4,True
old-frozen,2,825,306,4,True
old-frozen,2,826,306,4,True
old-frozen,2,827,306,4,True
old-frozen,2,828,306,4,True
old-frozen,2,829,306,4,True
old-frozen,2,830,306,4,True
old-frozen,2,831,306,4,True
old-frozen,2,832,306,4,True
old-frozen,2,833,306,4,True
old-frozen,2,834,306,4,True
old-frozen,2,835,306,4,True
old-frozen,2,836,306,4,True
old-frozen,2,837,306,4,True
old-frozen,2,838,306,4,True
old-frozen,2,839,306,4,True
old-frozen,2,840,306,4,True
old-frozen,2,841,306,4,True
old-frozen,2,842,306,4,True
old-frozen,2,843,306,4,True
old-frozen,2,844,306,4,True
old-frozen,2,845,306,4,True
old-frozen,2,846,306,4,True
old-frozen,2,847,306,4,True
old-frozen,2,848,306,4,True
old-frozen,2,849,306,4,True
old-frozen,2,850,306,4,True
old-frozen,2,851,306,4,True
old-frozen,2,852,306,4,True
old-frozen,2,853,306,4,True
old-frozen,2,854,306,4,True
old-frozen,2,855,306,4,True
old-frozen,2,856,306,4,True
old-frozen,2,857,306,4,True
old-frozen,2,858,306,4,True
old-frozen,2,859,306,4,True
old-frozen,2,860,306,4,True
old-frozen,2,861,306,4,True
old-frozen,2,862,306,4,True
old-frozen,2,863,306,4,True
old-frozen,2,864,306,4,True
old-frozen,2,865,306,4,True
old-frozen,2,866,306,4,True
old-frozen,2,867,306,4,True
old-frozen,2,868,306,4,True
old-frozen,2,869,306,4,True
old-frozen,2,870,306,4,True
old-frozen,2,871,306,4,True
old-frozen,2,872,306,4,True
old-frozen,2,873,306,4,True
old-frozen,2,874,306,4,True
old-frozen,2,875,306,4,True
old-frozen,2,876,306,4,True
old-frozen,2,877,306,4,True
old-frozen,2,878,306,4,True
old-frozen,2,879,306,4,True
old-frozen,2,880,306,4,True
old-frozen,2,881,306,4,True
old-frozen,2,882,306,4,True
old-frozen,2,883,306,4,True
old-frozen,2,884,306,4,True
old-frozen,2,885,306,4,True
old-frozen,2,886,306,4,True
old-frozen,2,887,306,4,True
old-frozen,2,888,306,4,True
old-frozen,2,889,306,4,True
old-frozen,2,890,306,4,True
old-frozen,2,891,306,4,True
old-frozen,2,892,306,4,True
old-frozen,2,893,306,4,True
old-frozen,2,894,306,4,True
old-frozen,2,895,306,4,True
old-frozen,2,896,306,4,True
old-frozen,2,897,306,4,True
old-frozen,2,898,306,4,True
old-frozen,2,899,306,4,True
old-frozen,2,900,306,4,True
old-frozen,2,901,306,4,True
old-frozen,2,902,306,4,True
old-frozen,2,903,306,4,True
old-frozen,2,904,306,4,True
old-frozen,2,905,306,4,True
old-frozen,2,906,306,4,True
old-frozen,2,907,306,4,True
old-frozen,2,908,306,4,True
old-frozen,2,909,306,4,True
old-frozen,2,910,306,4,True
old-frozen,2,911,306,4,True
old-frozen,2,912,306,4,True
old-frozen,2,913,306,4,True
old-frozen,2,914,306,4,True
old-frozen,2,915,306,4,True
old-frozen,2,916,306,4,True
old-frozen,2,917,306,4,True
old-frozen,2,918,306,4,True
old-frozen,2,919,306,4,True
old-frozen,2,920,306,4,True
old-frozen,2,921,306,4,True
old-frozen,2,922,306,4,True
old-frozen,2,923,306,4,True
old-frozen,2,924,306,4,True
old-frozen,2,925,306,4,True
old-frozen,2,926,306,4,True
old-frozen,2,927,306,4,True
old-frozen,2,928,306,4,True
old-frozen,2,929,306,4,True
old-frozen,2,930,306,4,True
old-frozen,2,931,306,4,True
old-frozen,2,932,306,4,True
old-frozen,2,933,306,4,True
old-frozen,2,934,306,4,True
old-frozen,2,935,306,4,True
old-frozen,2,936,306,4,True
old-frozen,2,937,306,4,True
old-frozen,2,938,306,4,True
old-frozen,2,939,306,4,True
old-frozen,2,940,306,4,True
old-frozen,2,941,306,4,True
old-frozen,2,942,306,4,True
old-frozen,2,943,306,4,True
old-frozen,2,944,306,4,True
old-frozen,2,945,306,4,True
old-frozen,2,946,306,4,True
old-frozen,2,947,306,4,True
old-frozen,2,948,306,4,True
old-frozen,2,949,306,4,True
old-frozen,2,950,306,4,True
old-frozen,2,951,306,4,True
old-frozen,2,952,306,4,True
old-frozen,2,953,306,4,True
old-frozen,2,954,306,4,True
old-frozen,2,955,306,4,True
old-frozen,2,956,306,4,True
old-frozen,2,957,306,4,True
old-frozen,2,958,306,4,True
old-frozen,2,959,306,4,True
old-frozen,2,960,306,4,True
old-frozen,2,961,306,4,True
old-frozen,2,962,306,4,True
old-frozen,2,963,306,4,True
old-frozen,2,964,306,4,True
old-frozen,2,965,306,4,True
old-frozen,2,966,306,4,True
old-frozen,2,967,306,4,True
old-frozen,2,968,306,4,True
old-frozen,2,969,306,4,True
old-frozen,2,970,306,4,True
old-frozen,2,971,306,4,True
old-frozen,2,972,306,4,True
old-frozen,2,973,306,4,True
old-frozen,2,974,306,4,True
old-frozen,2,975,306,4,True
old-frozen,2,976,306,4,True
old-frozen,2,977,306,4,True
old-frozen,2,978,306,4,True
old-frozen,2,979,306,4,True
old-frozen,2,980,306,4,True
old-frozen,2,981,306,4,True
old-frozen,2,982,306,4,True
old-frozen,2,983,306,4,True
old-frozen,2,984,306,4,True
old-frozen,2,985,306,4,True
old-frozen,2,986,306,4,True
old-frozen,2,987,306,4,True
old-frozen,2,988,306,4,True
old-frozen,2,989,306,4,True
old-frozen,2,990,306,4,True
old-frozen,2,991,306,4,True
old-frozen,2,992,306,4,True
old-frozen,2,993,306,4,True
old-frozen,2,994,306,4,True
old-frozen,2,995,306,4,True
old-frozen,2,996,306,4,True
old-frozen,2,997,306,4,True
old-frozen,2,998,306,4,True
old-frozen,2,999,306,4,True
old-frozen,2,1000,306,4,True
fixed-trained,0,0,365,4,True
fixed-trained,0,1,353,4,True
fixed-trained,0,2,330,4,True
fixed-trained,0,3,328,4,True
fixed-trained,0,4,322,4,True
fixed-trained,0,5,321,4,True
fixed-trained,0,6,320,4,True
fixed-trained,0,7,317,4,True
fixed-trained,0,8,317,4,True
fixed-trained,0,9,317,4,True
fixed-trained,0,10,317,4,True
fixed-trained,0,11,317,4,True
fixed-trained,0,12,317,4,True
fixed-trained,0,13,317,4,True
fixed-trained,0,14,317,4,True
fixed-trained,0,15,317,4,True
fixed-trained,0,16,317,4,True
fixed-trained,0,17,317,4,True
fixed-trained,0,18,317,4,True
fixed-trained,0,19,317,4,True
fixed-trained,0,20,317,4,True
fixed-trained,0,21,317,4,True
fixed-trained,0,22,317,4,True
fixed-trained,0,23,317,4,True
fixed-trained,0,24,317,4,True
fixed-trained,0,25,317,4,True
fixed-trained,0,26,317,4,True
fixed-trained,0,27,317,4,True
fixed-trained,0,28,317,4,True
fixed-trained,0,29,317,4,True
fixed-trained,0,30,317,4,True
fixed-trained,0,31,317,4,True
fixed-trained,0,32,317,4,True
fixed-trained,0,33,317,4,True
fixed-trained,0,34,317,4,True
fixed-trained,0,35,317,4,True
fixed-trained,0,36,317,4,True
fixed-trained,0,37,317,4,True
fixed-trained,0,38,317,4,True
fixed-trained,0,39,317,4,True
fixed-trained,0,40,317,4,True
fixed-trained,0,41,317,4,True
fixed-trained,0,42,317,4,True
fixed-trained,0,43,317,4,True
fixed-trained,0,44,317,4,True
fixed-trained,0,45,317,4,True
fixed-trained,0,46,317,4,True
fixed-trained,0,47,317,4,True
fixed-trained,0,48,317,4,True
fixed-trained,0,49,317,4,True
fixed-trained,0,50,317,4,True
fixed-trained,0,51,317,4,True
fixed-trained,0,52,317,4,True
fixed-trained,0,53,317,4,True
fixed-trained,0,54,317,4,True
fixed-trained,0,55,317,4,True
fixed-trained,0,56,317,4,True
fixed-trained,0,57,317,4,True
fixed-trained,0,58,314,4,True
fixed-trained,0,59,310,4,True
fixed-trained,0,60,310,4,True
fixed-trained,0,61,310,4,True
fixed-trained,0,62,310,4,True
fixed-trained,0,63,310,4,True
fixed-trained,0,64,310,4,True
fixed-trained,0,65,310,4,True
fixed-trained,0,66,310,4,True
fixed-trained,0,67,310,4,True
fixed-trained,0,68,310,4,True
fixed-trained,0,69,310,4,True
fixed-trained,0,70,310,4,True
fixed-trained,0,71,310,4,True
fixed-trained,0,72,310,4,True
fixed-trained,0,73,310,4,True
fixed-trained,0,74,310,4,True
fixed-trained,0,75,310,4,True
fixed-trained,0,76,310,4,True
fixed-trained,0,77,310,4,True
fixed-trained,0,78,310,4,True
fixed-trained,0,79,310,4,True
fixed-trained,0,80,310,4,True
fixed-trained,0,81,310,4,True
fixed-trained,0,82,310,4,True
fixed-trained,0,83,310,4,True
fixed-trained,0,84,310,4,True
fixed-trained,0,85,310,4,True
fixed-trained,0,86,310,4,True
fixed-trained,0,87,310,4,True
fixed-trained,0,88,310,4,True
fixed-trained,0,89,310,4,True
fixed-trained,0,90,310,4,True
fixed-trained,0,91,310,4,True
fixed-trained,0,92,310,4,True
fixed-trained,0,93,310,4,True
fixed-trained,0,94,310,4,True
fixed-trained,0,95,310,4,True
fixed-trained,0,96,310,4,True
fixed-trained,0,97,310,4,True
fixed-trained,0,98,310,4,True
fixed-trained,0,99,310,4,True
fixed-trained,0,100,310,4,True
fixed-trained,0,101,310,4,True
fixed-trained,0,102,310,4,True
fixed-trained,0,103,310,4,True
fixed-trained,0,104,310,4,True
fixed-trained,0,105,310,4,True
fixed-trained,0,106,310,4,True
fixed-trained,0,107,310,4,True
fixed-trained,0,108,310,4,True
fixed-trained,0,109,310,4,True
fixed-trained,0,110,310,4,True
fixed-trained,0,111,310,4,True
fixed-trained,0,112,310,4,True
fixed-trained,0,113,310,4,True
fixed-trained,0,114,310,4,True
fixed-trained,0,115,310,4,True
fixed-trained,0,116,310,4,True
fixed-trained,0,117,310,4,True
fixed-trained,0,118,310,4,True
fixed-trained,0,119,310,4,True
fixed-trained,0,120,310,4,True
fixed-trained,0,121,310,4,True
fixed-trained,0,122,310,4,True
fixed-trained,0,123,310,4,True
fixed-trained,0,124,310,4,True
fixed-trained,0,125,310,4,True
fixed-trained,0,126,310,4,True
fixed-trained,0,127,310,4,True
fixed-trained,0,128,310,4,True
fixed-trained,0,129,310,4,True
fixed-trained,0,130,310,4,True
fixed-trained,0,131,310,4,True
fixed-trained,0,132,310,4,True
fixed-trained,0,133,310,4,True
fixed-trained,0,134,310,4,True
fixed-trained,0,135,310,4,True
fixed-trained,0,136,310,4,True
fixed-trained,0,137,310,4,True
fixed-trained,0,138,310,4,True
fixed-trained,0,139,310,4,True
fixed-trained,0,140,310,4,True
fixed-trained,0,141,310,4,True
fixed-trained,0,142,310,4,True
fixed-trained,0,143,310,4,True
fixed-trained,0,144,310,4,True
fixed-trained,0,145,310,4,True
fixed-trained,0,146,310,4,True
fixed-trained,0,147,310,4,True
fixed-trained,0,148,310,4,True
fixed-trained,0,149,310,4,True
fixed-trained,0,150,310,4,True
fixed-trained,0,151,310,4,True
fixed-trained,0,152,310,4,True
fixed-trained,0,153,310,4,True
fixed-trained,0,154,310,4,True
fixed-trained,0,155,310,4,True
fixed-trained,0,156,310,4,True
fixed-trained,0,157,310,4,True
fixed-trained,0,158,310,4,True
fixed-trained,0,159,310,4,True
fixed-trained,0,160,310,4,True
fixed-trained,0,161,310,4,True
fixed-trained,0,162,310,4,True
fixed-trained,0,163,310,4,True
fixed-trained,0,164,310,4,True
fixed-trained,0,165,310,4,True
fixed-trained,0,166,310,4,True
fixed-trained,0,167,310,4,True
fixed-trained,0,168,310,4,True
fixed-trained,0,169,310,4,True
fixed-trained,0,170,310,4,True
fixed-trained,0,171,310,4,True
fixed-trained,0,172,310,4,True
fixed-trained,0,173,310,4,True
fixed-trained,0,174,310,4,True
fixed-trained,0,175,310,4,True
fixed-trained,0,176,310,4,True
fixed-trained,0,177,310,4,True
fixed-trained,0,178,310,4,True
fixed-trained,0,179,310,4,True
fixed-trained,0,180,310,4,True
fixed-trained,0,181,310,4,True
fixed-trained,0,182,310,4,True
fixed-trained,0,183,310,4,True
fixed-trained,0,184,310,4,True
fixed-trained,0,185,310,4,True
fixed-trained,0,186,310,4,True
fixed-trained,0,187,310,4,True
fixed-trained,0,188,310,4,True
fixed-trained,0,189,310,4,True
fixed-trained,0,190,310,4,True
fixed-trained,0,191,310,4,True
fixed-trained,0,192,310,4,True
fixed-trained,0,193,310,4,True
fixed-trained,0,194,310,4,True
fixed-trained,0,195,310,4,True
fixed-trained,0,196,310,4,True
fixed-trained,0,197,310,4,True
fixed-trained,0,198,310,4,True
fixed-trained,0,199,310,4,True
fixed-trained,0,200,310,4,True
fixed-trained,0,201,310,4,True
fixed-trained,0,202,310,4,True
fixed-trained,0,203,310,4,True
fixed-trained,0,204,310,4,True
fixed-trained,0,205,310,4,True
fixed-trained,0,206,310,4,True
fixed-trained,0,207,310,4,True
fixed-trained,0,208,310,4,True
fixed-trained,0,209,310,4,True
fixed-trained,0,210,310,4,True
fixed-trained,0,211,310,4,True
fixed-trained,0,212,310,4,True
fixed-trained,0,213,310,4,True
fixed-trained,0,214,310,4,True
fixed-trained,0,215,310,4,True
fixed-trained,0,216,310,4,True
fixed-trained,0,217,310,4,True
fixed-trained,0,218,310,4,True
fixed-trained,0,219,310,4,True
fixed-trained,0,220,310,4,True
fixed-trained,0,221,310,4,True
fixed-trained,0,222,310,4,True
fixed-trained,0,223,310,4,True
fixed-trained,0,224,310,4,True
fixed-trained,0,225,310,4,True
fixed-trained,0,226,310,4,True
fixed-trained,0,227,310,4,True
fixed-trained,0,228,310,4,True
fixed-trained,0,229,310,4,True
fixed-trained,0,230,310,4,True
fixed-trained,0,231,310,4,True
fixed-trained,0,232,310,4,True
fixed-trained,0,233,310,4,True
fixed-trained,0,234,310,4,True
fixed-trained,0,235,310,4,True
fixed-trained,0,236,310,4,True
fixed-trained,0,237,310,4,True
fixed-trained,0,238,310,4,True
fixed-trained,0,239,310,4,True
fixed-trained,0,240,310,4,True
fixed-trained,0,241,310,4,True
fixed-trained,0,242,310,4,True
fixed-trained,0,243,310,4,True
fixed-trained,0,244,310,4,True
fixed-trained,0,245,310,4,True
fixed-trained,0,246,310,4,True
fixed-trained,0,247,310,4,True
fixed-trained,0,248,310,4,True
fixed-trained,0,249,310,4,True
fixed-trained,0,250,310,4,True
fixed-trained,0,251,310,4,True
fixed-trained,0,252,310,4,True
fixed-trained,0,253,310,4,True
fixed-trained,0,254,310,4,True
fixed-trained,0,255,310,4,True
fixed-trained,0,256,310,4,True
fixed-trained,0,257,310,4,True
fixed-trained,0,258,310,4,True
fixed-trained,0,259,310,4,True
fixed-trained,0,260,310,4,True
fixed-trained,0,261,310,4,True
fixed-trained,0,262,310,4,True
fixed-trained,0,263,310,4,True
fixed-trained,0,264,310,4,True
fixed-trained,0,265,310,4,True
fixed-trained,0,266,310,4,True
fixed-trained,0,267,310,4,True
fixed-trained,0,268,310,4,True
fixed-trained,0,269,310,4,True
fixed-trained,0,270,310,4,True
fixed-trained,0,271,310,4,True
fixed-trained,0,272,310,4,True
fixed-trained,0,273,310,4,True
fixed-trained,0,274,310,4,True
fixed-trained,0,275,310,4,True
fixed-trained,0,276,310,4,True
fixed-trained,0,277,310,4,True
fixed-trained,0,278,310,4,True
fixed-trained,0,279,310,4,True
fixed-trained,0,280,310,4,True
fixed-trained,0,281,310,4,True
fixed-trained,0,282,310,4,True
fixed-trained,0,283,310,4,True
fixed-trained,0,284,310,4,True
fixed-trained,0,285,310,4,True
fixed-trained,0,286,310,4,True
fixed-trained,0,287,310,4,True
fixed-trained,0,288,310,4,True
fixed-trained,0,289,310,4,True
fixed-trained,0,290,310,4,True
fixed-trained,0,291,310,4,True
fixed-trained,0,292,310,4,True
fixed-trained,0,293,310,4,True
fixed-trained,0,294,310,4,True
fixed-trained,0,295,310,4,True
fixed-trained,0,296,310,4,True
fixed-trained,0,297,310,4,True
fixed-trained,0,298,310,4,True
fixed-trained,0,299,310,4,True
fixed-trained,0,300,310,4,True
fixed-trained,0,301,310,4,True
fixed-trained,0,302,310,4,True
fixed-trained,0,303,310,4,True
fixed-trained,0,304,310,4,True
fixed-trained,0,305,310,4,True
fixed-trained,0,306,310,4,True
fixed-trained,0,307,310,4,True
fixed-trained,0,308,310,4,True
fixed-trained,0,309,310,4,True
fixed-trained,0,310,310,4,True
fixed-trained,0,311,310,4,True
fixed-trained,0,312,310,4,True
fixed-trained,0,313,310,4,True
fixed-trained,0,314,310,4,True
fixed-trained,0,315,310,4,True
fixed-trained,0,316,310,4,True
fixed-trained,0,317,310,4,True
fixed-trained,0,318,310,4,True
fixed-trained,0,319,310,4,True
fixed-trained,0,320,310,4,True
fixed-trained,0,321,310,4,True
fixed-trained,0,322,310,4,True
fixed-trained,0,323,310,4,True
fixed-trained,0,324,310,4,True
fixed-trained,0,325,310,4,True
fixed-trained,0,326,310,4,True
fixed-trained,0,327,310,4,True
fixed-trained,0,328,310,4,True
fixed-trained,0,329,310,4,True
fixed-trained,0,330,310,4,True
fixed-trained,0,331,310,4,True
fixed-trained,0,332,310,4,True
fixed-trained,0,333,310,4,True
fixed-trained,0,334,310,4,True
fixed-trained,0,335,310,4,True
fixed-trained,0,336,310,4,True
fixed-trained,0,337,310,4,True
fixed-trained,0,338,310,4,True
fixed-trained,0,339,310,4,True
fixed-trained,0,340,310,4,True
fixed-trained,0,341,310,4,True
fixed-trained,0,342,310,4,True
fixed-trained,0,343,310,4,True
fixed-trained,0,344,310,4,True
fixed-trained,0,345,310,4,True
fixed-trained,0,346,310,4,True
fixed-trained,0,347,310,4,True
fixed-trained,0,348,310,4,True
fixed-trained,0,349,310,4,True
fixed-trained,0,350,310,4,True
fixed-trained,0,351,310,4,True
fixed-trained,0,352,310,4,True
fixed-trained,0,353,310,4,True
fixed-trained,0,354,310,4,True
fixed-trained,0,355,310,4,True
fixed-trained,0,356,310,4,True
fixed-trained,0,357,310,4,True
fixed-trained,0,358,310,4,True
fixed-trained,0,359,310,4,True
fixed-trained,0,360,310,4,True
fixed-trained,0,361,310,4,True
fixed-trained,0,362,310,4,True
fixed-trained,0,363,310,4,True
fixed-trained,0,364,310,4,True
fixed-trained,0,365,310,4,True
fixed-trained,0,366,310,4,True
fixed-trained,0,367,310,4,True
fixed-trained,0,368,310,4,True
fixed-trained,0,369,310,4,True
fixed-trained,0,370,310,4,True
fixed-trained,0,371,310,4,True
fixed-trained,0,372,310,4,True
fixed-trained,0,373,310,4,True
fixed-trained,0,374,310,4,True
fixed-trained,0,375,310,4,True
fixed-trained,0,376,310,4,True
fixed-trained,0,377,310,4,True
fixed-trained,0,378,310,4,True
fixed-trained,0,379,310,4,True
fixed-trained,0,380,310,4,True
fixed-trained,0,381,310,4,True
fixed-trained,0,382,310,4,True
fixed-trained,0,383,310,4,True
fixed-trained,0,384,310,4,True
fixed-trained,0,385,310,4,True
fixed-trained,0,386,310,4,True
fixed-trained,0,387,310,4,True
fixed-trained,0,388,310,4,True
fixed-trained,0,389,310,4,True
fixed-trained,0,390,310,4,True
fixed-trained,0,391,310,4,True
fixed-trained,0,392,310,4,True
fixed-trained,0,393,310,4,True
fixed-trained,0,394,310,4,True
fixed-trained,0,395,310,4,True
fixed-trained,0,396,310,4,True
fixed-trained,0,397,310,4,True
fixed-trained,0,398,310,4,True
fixed-trained,0,399,310,4,True
fixed-trained,0,400,310,4,True
fixed-trained,0,401,310,4,True
fixed-trained,0,402,310,4,True
fixed-trained,0,403,310,4,True
fixed-trained,0,404,310,4,True
fixed-trained,0,405,310,4,True
fixed-trained,0,406,310,4,True
fixed-trained,0,407,310,4,True
fixed-trained,0,408,310,4,True
fixed-trained,0,409,310,4,True
fixed-trained,0,410,310,4,True
fixed-trained,0,411,310,4,True
fixed-trained,0,412,310,4,True
fixed-trained,0,413,310,4,True
fixed-trained,0,414,310,4,True
fixed-trained,0,415,310,4,True
fixed-trained,0,416,310,4,True
fixed-trained,0,417,310,4,True
fixed-trained,0,418,310,4,True
fixed-trained,0,419,310,4,True
fixed-trained,0,420,310,4,True
fixed-trained,0,421,310,4,True
fixed-trained,0,422,310,4,True
fixed-trained,0,423,310,4,True
fixed-trained,0,424,310,4,True
fixed-trained,0,425,310,4,True
fixed-trained,0,426,310,4,True
fixed-trained,0,427,310,4,True
fixed-trained,0,428,310,4,True
fixed-trained,0,429,310,4,True
fixed-trained,0,430,310,4,True
fixed-trained,0,431,310,4,True
fixed-trained,0,432,310,4,True
fixed-trained,0,433,310,4,True
fixed-trained,0,434,310,4,True
fixed-trained,0,435,310,4,True
fixed-trained,0,436,310,4,True
fixed-trained,0,437,310,4,True
fixed-trained,0,438,310,4,True
fixed-trained,0,439,310,4,True
fixed-trained,0,440,310,4,True
fixed-trained,0,441,310,4,True
fixed-trained,0,442,310,4,True
fixed-trained,0,443,310,4,True
fixed-trained,0,444,310,4,True
fixed-trained,0,445,310,4,True
fixed-trained,0,446,310,4,True
fixed-trained,0,447,310,4,True
fixed-trained,0,448,310,4,True
fixed-trained,0,449,310,4,True
fixed-trained,0,450,310,4,True
fixed-trained,0,451,310,4,True
fixed-trained,0,452,310,4,True
fixed-trained,0,453,310,4,True
fixed-trained,0,454,310,4,True
fixed-trained,0,455,310,4,True
fixed-trained,0,456,310,4,True
fixed-trained,0,457,310,4,True
fixed-trained,0,458,310,4,True
fixed-trained,0,459,310,4,True
fixed-trained,0,460,310,4,True
fixed-trained,0,461,310,4,True
fixed-trained,0,462,310,4,True
fixed-trained,0,463,310,4,True
fixed-trained,0,464,310,4,True
fixed-trained,0,465,310,4,True
fixed-trained,0,466,310,4,True
fixed-trained,0,467,310,4,True
fixed-trained,0,468,310,4,True
fixed-trained,0,469,310,4,True
fixed-trained,0,470,310,4,True
fixed-trained,0,471,310,4,True
fixed-trained,0,472,310,4,True
fixed-trained,0,473,310,4,True
fixed-trained,0,474,310,4,True
fixed-trained,0,475,310,4,True
fixed-trained,0,476,310,4,True
fixed-trained,0,477,310,4,True
fixed-trained,0,478,310,4,True
fixed-trained,0,479,310,4,True
fixed-trained,0,480,310,4,True
fixed-trained,0,481,310,4,True
fixed-trained,0,482,310,4,True
fixed-trained,0,483,310,4,True
fixed-trained,0,484,310,4,True
fixed-trained,0,485,310,4,True
fixed-trained,0,486,310,4,True
fixed-trained,0,487,310,4,True
fixed-trained,0,488,310,4,True
fixed-trained,0,489,310,4,True
fixed-trained,0,490,310,4,True
fixed-trained,0,491,310,4,True
fixed-trained,0,492,310,4,True
fixed-trained,0,493,310,4,True
fixed-trained,0,494,310,4,True
fixed-trained,0,495,310,4,True
fixed-trained,0,496,310,4,True
fixed-trained,0,497,310,4,True
fixed-trained,0,498,310,4,True
fixed-trained,0,499,310,4,True
fixed-trained,0,500,310,4,True
fixed-trained,0,501,310,4,True
fixed-trained,0,502,310,4,True
fixed-trained,0,503,310,4,True
fixed-trained,0,504,310,4,True
fixed-trained,0,505,310,4,True
fixed-trained,0,506,310,4,True
fixed-trained,0,507,310,4,True
fixed-trained,0,508,310,4,True
fixed-trained,0,509,310,4,True
fixed-trained,0,510,310,4,True
fixed-trained,0,511,310,4,True
fixed-trained,0,512,310,4,True
fixed-trained,0,513,310,4,True
fixed-trained,0,514,310,4,True
fixed-trained,0,515,310,4,True
fixed-trained,0,516,310,4,True
fixed-trained,0,517,310,4,True
fixed-trained,0,518,305,4,True
fixed-trained,0,519,304,4,True
fixed-trained,0,520,304,4,True
fixed-trained,0,521,304,4,True
fixed-trained,0,522,304,4,True
fixed-trained,0,523,304,4,True
fixed-trained,0,524,304,4,True
fixed-trained,0,525,304,4,True
fixed-trained,0,526,304,4,True
fixed-trained,0,527,304,4,True
fixed-trained,0,528,304,4,True
fixed-trained,0,529,304,4,True
fixed-trained,0,530,304,4,True
fixed-trained,0,531,304,4,True
fixed-trained,0,532,304,4,True
fixed-trained,0,533,304,4,True
fixed-trained,0,534,304,4,True
fixed-trained,0,535,304,4,True
fixed-trained,0,536,304,4,True
fixed-trained,0,537,304,4,True
fixed-trained,0,538,304,4,True
fixed-trained,0,539,304,4,True
fixed-trained,0,540,304,4,True
fixed-trained,0,541,304,4,True
fixed-trained,0,542,304,4,True
fixed-trained,0,543,304,4,True
fixed-trained,0,544,304,4,True
fixed-trained,0,545,304,4,True
fixed-trained,0,546,304,4,True
fixed-trained,0,547,304,4,True
fixed-trained,0,548,304,4,True
fixed-trained,0,549,304,4,True
fixed-trained,0,550,304,4,True
fixed-trained,0,551,304,4,True
fixed-trained,0,552,304,4,True
fixed-trained,0,553,304,4,True
fixed-trained,0,554,304,4,True
fixed-trained,0,555,304,4,True
fixed-trained,0,556,304,4,True
fixed-trained,0,557,304,4,True
fixed-trained,0,558,304,4,True
fixed-trained,0,559,304,4,True
fixed-trained,0,560,304,4,True
fixed-trained,0,561,304,4,True
fixed-trained,0,562,304,4,True
fixed-trained,0,563,304,4,True
fixed-trained,0,564,304,4,True
fixed-trained,0,565,304,4,True
fixed-trained,0,566,304,4,True
fixed-trained,0,567,304,4,True
fixed-trained,0,568,304,4,True
fixed-trained,0,569,304,4,True
fixed-trained,0,570,304,4,True
fixed-trained,0,571,304,4,True
fixed-trained,0,572,304,4,True
fixed-trained,0,573,304,4,True
fixed-trained,0,574,304,4,True
fixed-trained,0,575,304,4,True
fixed-trained,0,576,304,4,True
fixed-trained,0,577,304,4,True
fixed-trained,0,578,304,4,True
fixed-trained,0,579,304,4,True
fixed-trained,0,580,304,4,True
fixed-trained,0,581,304,4,True
fixed-trained,0,582,304,4,True
fixed-trained,0,583,304,4,True
fixed-trained,0,584,304,4,True
fixed-trained,0,585,304,4,True
fixed-trained,0,586,304,4,True
fixed-trained,0,587,304,4,True
fixed-trained,0,588,304,4,True
fixed-trained,0,589,304,4,True
fixed-trained,0,590,304,4,True
fixed-trained,0,591,304,4,True
fixed-trained,0,592,304,4,True
fixed-trained,0,593,304,4,True
fixed-trained,0,594,304,4,True
fixed-trained,0,595,304,4,True
fixed-trained,0,596,304,4,True
fixed-trained,0,597,304,4,True
fixed-trained,0,598,304,4,True
fixed-trained,0,599,304,4,True
fixed-trained,0,600,304,4,True
fixed-trained,0,601,304,4,True
fixed-trained,0,602,304,4,True
fixed-trained,0,603,304,4,True
fixed-trained,0,604,304,4,True
fixed-trained,0,605,304,4,True
fixed-trained,0,606,304,4,True
fixed-trained,0,607,304,4,True
fixed-trained,0,608,304,4,True
fixed-trained,0,609,304,4,True
fixed-trained,0,610,304,4,True
fixed-trained,0,611,304,4,True
fixed-trained,0,612,304,4,True
fixed-trained,0,613,304,4,True
fixed-trained,0,614,304,4,True
fixed-trained,0,615,304,4,True
fixed-trained,0,616,304,4,True
fixed-trained,0,617,304,4,True
fixed-trained,0,618,304,4,True
fixed-trained,0,619,304,4,True
fixed-trained,0,620,304,4,True
fixed-trained,0,621,304,4,True
fixed-trained,0,622,304,4,True
fixed-trained,0,623,304,4,True
fixed-trained,0,624,304,4,True
fixed-trained,0,625,304,4,True
fixed-trained,0,626,304,4,True
fixed-trained,0,627,304,4,True
fixed-trained,0,628,304,4,True
fixed-trained,0,629,304,4,True
fixed-trained,0,630,304,4,True
fixed-trained,0,631,304,4,True
fixed-trained,0,632,304,4,True
fixed-trained,0,633,304,4,True
fixed-trained,0,634,304,4,True
fixed-trained,0,635,304,4,True
fixed-trained,0,636,304,4,True
fixed-trained,0,637,304,4,True
fixed-trained,0,638,304,4,True
fixed-trained,0,639,304,4,True
fixed-trained,0,640,304,4,True
fixed-trained,0,641,304,4,True
fixed-trained,0,642,304,4,True
fixed-trained,0,643,304,4,True
fixed-trained,0,644,304,4,True
fixed-trained,0,645,304,4,True
fixed-trained,0,646,304,4,True
fixed-trained,0,647,304,4,True
fixed-trained,0,648,304,4,True
fixed-trained,0,649,304,4,True
fixed-trained,0,650,304,4,True
fixed-trained,0,651,304,4,True
fixed-trained,0,652,304,4,True
fixed-trained,0,653,304,4,True
fixed-trained,0,654,304,4,True
fixed-trained,0,655,304,4,True
fixed-trained,0,656,304,4,True
fixed-trained,0,657,304,4,True
fixed-trained,0,658,304,4,True
fixed-trained,0,659,304,4,True
fixed-trained,0,660,304,4,True
fixed-trained,0,661,304,4,True
fixed-trained,0,662,304,4,True
fixed-trained,0,663,304,4,True
fixed-trained,0,664,304,4,True
fixed-trained,0,665,304,4,True
fixed-trained,0,666,304,4,True
fixed-trained,0,667,304,4,True
fixed-trained,0,668,304,4,True
fixed-trained,0,669,304,4,True
fixed-trained,0,670,304,4,True
fixed-trained,0,671,304,4,True
fixed-trained,0,672,304,4,True
fixed-trained,0,673,304,4,True
fixed-trained,0,674,304,4,True
fixed-trained,0,675,304,4,True
fixed-trained,0,676,304,4,True
fixed-trained,0,677,304,4,True
fixed-trained,0,678,304,4,True
fixed-trained,0,679,304,4,True
fixed-trained,0,680,304,4,True
fixed-trained,0,681,304,4,True
fixed-trained,0,682,304,4,True
fixed-trained,0,683,304,4,True
fixed-trained,0,684,304,4,True
fixed-trained,0,685,304,4,True
fixed-trained,0,686,304,4,True
fixed-trained,0,687,304,4,True
fixed-trained,0,688,304,4,True
fixed-trained,0,689,304,4,True
fixed-trained,0,690,304,4,True
fixed-trained,0,691,304,4,True
fixed-trained,0,692,304,4,True
fixed-trained,0,693,304,4,True
fixed-trained,0,694,304,4,True
fixed-trained,0,695,304,4,True
fixed-trained,0,696,304,4,True
fixed-trained,0,697,304,4,True
fixed-trained,0,698,304,4,True
fixed-trained,0,699,304,4,True
fixed-trained,0,700,304,4,True
fixed-trained,0,701,304,4,True
fixed-trained,0,702,304,4,True
fixed-trained,0,703,304,4,True
fixed-trained,0,704,304,4,True
fixed-trained,0,705,304,4,True
fixed-trained,0,706,304,4,True
fixed-trained,0,707,304,4,True
fixed-trained,0,708,304,4,True
fixed-trained,0,709,304,4,True
fixed-trained,0,710,304,4,True
fixed-trained,0,711,304,4,True
fixed-trained,0,712,304,4,True
fixed-trained,0,713,304,4,True
fixed-trained,0,714,304,4,True
fixed-trained,0,715,304,4,True
fixed-trained,0,716,304,4,True
fixed-trained,0,717,304,4,True
fixed-trained,0,718,304,4,True
fixed-trained,0,719,304,4,True
fixed-trained,0,720,304,4,True
fixed-trained,0,721,304,4,True
fixed-trained,0,722,304,4,True
fixed-trained,0,723,304,4,True
fixed-trained,0,724,304,4,True
fixed-trained,0,725,304,4,True
fixed-trained,0,726,304,4,True
fixed-trained,0,727,304,4,True
fixed-trained,0,728,304,4,True
fixed-trained,0,729,304,4,True
fixed-trained,0,730,304,4,True
fixed-trained,0,731,304,4,True
fixed-trained,0,732,304,4,True
fixed-trained,0,733,304,4,True
fixed-trained,0,734,304,4,True
fixed-trained,0,735,304,4,True
fixed-trained,0,736,304,4,True
fixed-trained,0,737,304,4,True
fixed-trained,0,738,304,4,True
fixed-trained,0,739,304,4,True
fixed-trained,0,740,304,4,True
fixed-trained,0,741,304,4,True
fixed-trained,0,742,304,4,True
fixed-trained,0,743,304,4,True
fixed-trained,0,744,304,4,True
fixed-trained,0,745,304,4,True
fixed-trained,0,746,304,4,True
fixed-trained,0,747,304,4,True
fixed-trained,0,748,304,4,True
fixed-trained,0,749,304,4,True
fixed-trained,0,750,304,4,True
fixed-trained,0,751,304,4,True
fixed-trained,0,752,304,4,True
fixed-trained,0,753,304,4,True
fixed-trained,0,754,304,4,True
fixed-trained,0,755,304,4,True
fixed-trained,0,756,304,4,True
fixed-trained,0,757,304,4,True
fixed-trained,0,758,304,4,True
fixed-trained,0,759,304,4,True
fixed-trained,0,760,304,4,True
fixed-trained,0,761,304,4,True
fixed-trained,0,762,304,4,True
fixed-trained,0,763,304,4,True
fixed-trained,0,764,304,4,True
fixed-trained,0,765,304,4,True
fixed-trained,0,766,304,4,True
fixed-trained,0,767,304,4,True
fixed-trained,0,768,304,4,True
fixed-trained,0,769,304,4,True
fixed-trained,0,770,304,4,True
fixed-trained,0,771,304,4,True
fixed-trained,0,772,304,4,True
fixed-trained,0,773,304,4,True
fixed-trained,0,774,304,4,True
fixed-trained,0,775,304,4,True
fixed-trained,0,776,304,4,True
fixed-trained,0,777,304,4,True
fixed-trained,0,778,304,4,True
fixed-trained,0,779,304,4,True
fixed-trained,0,780,304,4,True
fixed-trained,0,781,304,4,True
fixed-trained,0,782,304,4,True
fixed-trained,0,783,304,4,True
fixed-trained,0,784,304,4,True
fixed-trained,0,785,304,4,True
fixed-trained,0,786,304,4,True
fixed-trained,0,787,304,4,True
fixed-trained,0,788,304,4,True
fixed-trained,0,789,304,4,True
fixed-trained,0,790,304,4,True
fixed-trained,0,791,304,4,True
fixed-trained,0,792,304,4,True
fixed-trained,0,793,304,4,True
fixed-trained,0,794,304,4,True
fixed-trained,0,795,304,4,True
fixed-trained,0,796,304,4,True
fixed-trained,0,797,304,4,True
fixed-trained,0,798,304,4,True
fixed-trained,0,799,304,4,True
fixed-trained,0,800,304,4,True
fixed-trained,0,801,304,4,True
fixed-trained,0,802,304,4,True
fixed-trained,0,803,304,4,True
fixed-trained,0,804,304,4,True
fixed-trained,0,805,304,4,True
fixed-trained,0,806,304,4,True
fixed-trained,0,807,304,4,True
fixed-trained,0,808,304,4,True
fixed-trained,0,809,304,4,True
fixed-trained,0,810,304,4,True
fixed-trained,0,811,304,4,True
fixed-trained,0,812,304,4,True
fixed-trained,0,813,304,4,True
fixed-trained,0,814,304,4,True
fixed-trained,0,815,304,4,True
fixed-trained,0,816,304,4,True
fixed-trained,0,817,304,4,True
fixed-trained,0,818,304,4,True
fixed-trained,0,819,304,4,True
fixed-trained,0,820,304,4,True
fixed-trained,0,821,304,4,True
fixed-trained,0,822,304,4,True
fixed-trained,0,823,304,4,True
fixed-trained,0,824,304,4,True
fixed-trained,0,825,304,4,True
fixed-trained,0,826,304,4,True
fixed-trained,0,827,304,4,True
fixed-trained,0,828,304,4,True
fixed-trained,0,829,304,4,True
fixed-trained,0,830,304,4,True
fixed-trained,0,831,304,4,True
fixed-trained,0,832,304,4,True
fixed-trained,0,833,304,4,True
fixed-trained,0,834,304,4,True
fixed-trained,0,835,304,4,True
fixed-trained,0,836,304,4,True
fixed-trained,0,837,304,4,True
fixed-trained,0,838,304,4,True
fixed-trained,0,839,304,4,True
fixed-trained,0,840,304,4,True
fixed-trained,0,841,304,4,True
fixed-trained,0,842,304,4,True
fixed-trained,0,843,304,4,True
fixed-trained,0,844,304,4,True
fixed-trained,0,845,304,4,True
fixed-trained,0,846,304,4,True
fixed-trained,0,847,304,4,True
fixed-trained,0,848,304,4,True
fixed-trained,0,849,304,4,True
fixed-trained,0,850,304,4,True
fixed-trained,0,851,304,4,True
fixed-trained,0,852,304,4,True
fixed-trained,0,853,304,4,True
fixed-trained,0,854,304,4,True
fixed-trained,0,855,304,4,True
fixed-trained,0,856,304,4,True
fixed-trained,0,857,304,4,True
fixed-trained,0,858,304,4,True
fixed-trained,0,859,304,4,True
fixed-trained,0,860,304,4,True
fixed-trained,0,861,304,4,True
fixed-trained,0,862,304,4,True
fixed-trained,0,863,304,4,True
fixed-trained,0,864,304,4,True
fixed-trained,0,865,304,4,True
fixed-trained,0,866,304,4,True
fixed-trained,0,867,304,4,True
fixed-trained,0,868,304,4,True
fixed-trained,0,869,304,4,True
fixed-trained,0,870,304,4,True
fixed-trained,0,871,304,4,True
fixed-trained,0,872,304,4,True
fixed-trained,0,873,304,4,True
fixed-trained,0,874,304,4,True
fixed-trained,0,875,304,4,True
fixed-trained,0,876,304,4,True
fixed-trained,0,877,304,4,True
fixed-trained,0,878,304,4,True
fixed-trained,0,879,304,4,True
fixed-trained,0,880,303,4,True
fixed-trained,0,881,303,4,True
fixed-trained,0,882,303,4,True
fixed-trained,0,883,303,4,True
fixed-trained,0,884,303,4,True
fixed-trained,0,885,303,4,True
fixed-trained,0,886,303,4,True
fixed-trained,0,887,303,4,True
fixed-trained,0,888,303,4,True
fixed-trained,0,889,303,4,True
fixed-trained,0,890,303,4,True
fixed-trained,0,891,303,4,True
fixed-trained,0,892,303,4,True
fixed-trained,0,893,303,4,True
fixed-trained,0,894,303,4,True
fixed-trained,0,895,303,4,True
fixed-trained,0,896,303,4,True
fixed-trained,0,897,303,4,True
fixed-trained,0,898,303,4,True
fixed-trained,0,899,303,4,True
fixed-trained,0,900,303,4,True
fixed-trained,0,901,303,4,True
fixed-trained,0,902,303,4,True
fixed-trained,0,903,303,4,True
fixed-trained,0,904,303,4,True
fixed-trained,0,905,303,4,True
fixed-trained,0,906,303,4,True
fixed-trained,0,907,303,4,True
fixed-trained,0,908,303,4,True
fixed-trained,0,909,303,4,True
fixed-trained,0,910,303,4,True
fixed-trained,0,911,303,4,True
fixed-trained,0,912,303,4,True
fixed-trained,0,913,303,4,True
fixed-trained,0,914,303,4,True
fixed-trained,0,915,303,4,True
fixed-trained,0,916,303,4,True
fixed-trained,0,917,303,4,True
fixed-trained,0,918,303,4,True
fixed-trained,0,919,303,4,True
fixed-trained,0,920,303,4,True
fixed-trained,0,921,303,4,True
fixed-trained,0,922,303,4,True
fixed-trained,0,923,303,4,True
fixed-trained,0,924,303,4,True
fixed-trained,0,925,303,4,True
fixed-trained,0,926,303,4,True
fixed-trained,0,927,303,4,True
fixed-trained,0,928,303,4,True
fixed-trained,0,929,303,4,True
fixed-trained,0,930,303,4,True
fixed-trained,0,931,303,4,True
fixed-trained,0,932,303,4,True
fixed-trained,0,933,303,4,True
fixed-trained,0,934,303,4,True
fixed-trained,0,935,303,4,True
fixed-trained,0,936,303,4,True
fixed-trained,0,937,303,4,True
fixed-trained,0,938,303,4,True
fixed-trained,0,939,303,4,True
fixed-trained,0,940,303,4,True
fixed-trained,0,941,303,4,True
fixed-trained,0,942,303,4,True
fixed-trained,0,943,303,4,True
fixed-trained,0,944,303,4,True
fixed-trained,0,945,303,4,True
fixed-trained,0,946,303,4,True
fixed-trained,0,947,303,4,True
fixed-trained,0,948,303,4,True
fixed-trained,0,949,303,4,True
fixed-trained,0,950,303,4,True
fixed-trained,0,951,303,4,True
fixed-trained,0,952,303,4,True
fixed-trained,0,953,303,4,True
fixed-trained,0,954,303,4,True
fixed-trained,0,955,303,4,True
fixed-trained,0,956,303,4,True
fixed-trained,0,957,303,4,True
fixed-trained,0,958,303,4,True
fixed-trained,0,959,303,4,True
fixed-trained,0,960,303,4,True
fixed-trained,0,961,303,4,True
fixed-trained,0,962,303,4,True
fixed-trained,0,963,303,4,True
fixed-trained,0,964,303,4,True
fixed-trained,0,965,303,4,True
fixed-trained,0,966,303,4,True
fixed-trained,0,967,303,4,True
fixed-trained,0,968,303,4,True
fixed-trained,0,969,303,4,True
fixed-trained,0,970,303,4,True
fixed-trained,0,971,303,4,True
fixed-trained,0,972,303,4,True
fixed-trained,0,973,303,4,True
fixed-trained,0,974,303,4,True
fixed-trained,0,975,303,4,True
fixed-trained,0,976,303,4,True
fixed-trained,0,977,303,4,True
fixed-trained,0,978,303,4,True
fixed-trained,0,979,303,4,True
fixed-trained,0,980,303,4,True
fixed-trained,0,981,303,4,True
fixed-trained,0,982,303,4,True
fixed-trained,0,983,303,4,True
fixed-trained,0,984,303,4,True
fixed-trained,0,985,303,4,True
fixed-trained,0,986,303,4,True
fixed-trained,0,987,303,4,True
fixed-trained,0,988,303,4,True
fixed-trained,0,989,303,4,True
fixed-trained,0,990,303,4,True
fixed-trained,0,991,303,4,True
fixed-trained,0,992,303,4,True
fixed-trained,0,993,303,4,True
fixed-trained,0,994,303,4,True
fixed-trained,0,995,303,4,True
fixed-trained,0,996,303,4,True
fixed-trained,0,997,303,4,True
fixed-trained,0,998,303,4,True
fixed-trained,0,999,303,4,True
fixed-trained,0,1000,303,4,True
fixed-trained,1,0,365,4,True
fixed-trained,1,1,354,4,True
fixed-trained,1,2,347,4,True
fixed-trained,1,3,338,4,True
fixed-trained,1,4,330,4,True
fixed-trained,1,5,330,4,True
fixed-trained,1,6,329,4,True
fixed-trained,1,7,328,4,True
fixed-trained,1,8,328,4,True
fixed-trained,1,9,328,4,True
fixed-trained,1,10,328,4,True
fixed-trained,1,11,328,4,True
fixed-trained,1,12,328,4,True
fixed-trained,1,13,328,4,True
fixed-trained,1,14,328,4,True
fixed-trained,1,15,328,4,True
fixed-trained,1,16,328,4,True
fixed-trained,1,17,326,4,True
fixed-trained,1,18,319,4,True
fixed-trained,1,19,319,4,True
fixed-trained,1,20,314,4,True
fixed-trained,1,21,314,4,True
fixed-trained,1,22,314,4,True
fixed-trained,1,23,314,4,True
fixed-trained,1,24,314,4,True
fixed-trained,1,25,314,4,True
fixed-trained,1,26,314,4,True
fixed-trained,1,27,314,4,True
fixed-trained,1,28,314,4,True
fixed-trained,1,29,314,4,True
fixed-trained,1,30,314,4,True
fixed-trained,1,31,314,4,True
fixed-trained,1,32,314,4,True
fixed-trained,1,33,314,4,True
fixed-trained,1,34,314,4,True
fixed-trained,1,35,314,4,True
fixed-trained,1,36,314,4,True
fixed-trained,1,37,314,4,True
fixed-trained,1,38,314,4,True
fixed-trained,1,39,314,4,True
fixed-trained,1,40,314,4,True
fixed-trained,1,41,314,4,True
fixed-trained,1,42,314,4,True
fixed-trained,1,43,314,4,True
fixed-trained,1,44,314,4,True
fixed-trained,1,45,314,4,True
fixed-trained,1,46,314,4,True
fixed-trained,1,47,311,4,True
fixed-trained,1,48,311,4,True
fixed-trained,1,49,311,4,True
fixed-trained,1,50,311,4,True
fixed-trained,1,51,311,4,True
fixed-trained,1,52,311,4,True
fixed-trained,1,53,311,4,True
fixed-trained,1,54,311,4,True
fixed-trained,1,55,311,4,True
fixed-trained,1,56,311,4,True
fixed-trained,1,57,311,4,True
fixed-trained,1,58,311,4,True
fixed-trained,1,59,311,4,True
fixed-trained,1,60,311,4,True
fixed-trained,1,61,311,4,True
fixed-trained,1,62,311,4,True
fixed-trained,1,63,311,4,True
fixed-trained,1,64,311,4,True
fixed-trained,1,65,311,4,True
fixed-trained,1,66,311,4,True
fixed-trained,1,67,311,4,True
fixed-trained,1,68,311,4,True
fixed-trained,1,69,311,4,True
fixed-trained,1,70,311,4,True
fixed-trained,1,71,311,4,True
fixed-trained,1,72,311,4,True
fixed-trained,1,73,311,4,True
fixed-trained,1,74,311,4,True
fixed-trained,1,75,311,4,True
fixed-trained,1,76,311,4,True
fixed-trained,1,77,311,4,True
fixed-trained,1,78,311,4,True
fixed-trained,1,79,311,4,True
fixed-trained,1,80,311,4,True
fixed-trained,1,81,311,4,True
fixed-trained,1,82,311,4,True
fixed-trained,1,83,311,4,True
fixed-trained,1,84,311,4,True
fixed-trained,1,85,311,4,True
fixed-trained,1,86,311,4,True
fixed-trained,1,87,311,4,True
fixed-trained,1,88,311,4,True
fixed-trained,1,89,311,4,True
fixed-trained,1,90,311,4,True
fixed-trained,1,91,311,4,True
fixed-trained,1,92,311,4,True
fixed-trained,1,93,311,4,True
fixed-trained,1,94,311,4,True
fixed-trained,1,95,311,4,True
fixed-trained,1,96,311,4,True
fixed-trained,1,97,311,4,True
fixed-trained,1,98,311,4,True
fixed-trained,1,99,311,4,True
fixed-trained,1,100,311,4,True
fixed-trained,1,101,311,4,True
fixed-trained,1,102,311,4,True
fixed-trained,1,103,311,4,True
fixed-trained,1,104,311,4,True
fixed-trained,1,105,311,4,True
fixed-trained,1,106,311,4,True
fixed-trained,1,107,311,4,True
fixed-trained,1,108,311,4,True
fixed-trained,1,109,311,4,True
fixed-trained,1,110,311,4,True
fixed-trained,1,111,311,4,True
fixed-trained,1,112,311,4,True
fixed-trained,1,113,311,4,True
fixed-trained,1,114,311,4,True
fixed-trained,1,115,311,4,True
fixed-trained,1,116,311,4,True
fixed-trained,1,117,311,4,True
fixed-trained,1,118,311,4,True
fixed-trained,1,119,311,4,True
fixed-trained,1,120,311,4,True
fixed-trained,1,121,311,4,True
fixed-trained,1,122,311,4,True
fixed-trained,1,123,311,4,True
fixed-trained,1,124,311,4,True
fixed-trained,1,125,311,4,True
fixed-trained,1,126,311,4,True
fixed-trained,1,127,311,4,True
fixed-trained,1,128,311,4,True
fixed-trained,1,129,311,4,True
fixed-trained,1,130,311,4,True
fixed-trained,1,131,311,4,True
fixed-trained,1,132,311,4,True
fixed-trained,1,133,311,4,True
fixed-trained,1,134,311,4,True
fixed-trained,1,135,311,4,True
fixed-trained,1,136,311,4,True
fixed-trained,1,137,311,4,True
fixed-trained,1,138,311,4,True
fixed-trained,1,139,311,4,True
fixed-trained,1,140,311,4,True
fixed-trained,1,141,311,4,True
fixed-trained,1,142,311,4,True
fixed-trained,1,143,311,4,True
fixed-trained,1,144,311,4,True
fixed-trained,1,145,311,4,True
fixed-trained,1,146,311,4,True
fixed-trained,1,147,311,4,True
fixed-trained,1,148,311,4,True
fixed-trained,1,149,311,4,True
fixed-trained,1,150,311,4,True
fixed-trained,1,151,311,4,True
fixed-trained,1,152,311,4,True
fixed-trained,1,153,311,4,True
fixed-trained,1,154,311,4,True
fixed-trained,1,155,311,4,True
fixed-trained,1,156,311,4,True
fixed-trained,1,157,311,4,True
fixed-trained,1,158,311,4,True
fixed-trained,1,159,311,4,True
fixed-trained,1,160,311,4,True
fixed-trained,1,161,311,4,True
fixed-trained,1,162,311,4,True
fixed-trained,1,163,311,4,True
fixed-trained,1,164,311,4,True
fixed-trained,1,165,311,4,True
fixed-trained,1,166,311,4,True
fixed-trained,1,167,311,4,True
fixed-trained,1,168,311,4,True
fixed-trained,1,169,311,4,True
fixed-trained,1,170,311,4,True
fixed-trained,1,171,311,4,True
fixed-trained,1,172,311,4,True
fixed-trained,1,173,311,4,True
fixed-trained,1,174,311,4,True
fixed-trained,1,175,311,4,True
fixed-trained,1,176,311,4,True
fixed-trained,1,177,311,4,True
fixed-trained,1,178,311,4,True
fixed-trained,1,179,310,4,True
fixed-trained,1,180,310,4,True
fixed-trained,1,181,310,4,True
fixed-trained,1,182,310,4,True
fixed-trained,1,183,310,4,True
fixed-trained,1,184,310,4,True
fixed-trained,1,185,310,4,True
fixed-trained,1,186,310,4,True
fixed-trained,1,187,310,4,True
fixed-trained,1,188,310,4,True
fixed-trained,1,189,310,4,True
fixed-trained,1,190,310,4,True
fixed-trained,1,191,310,4,True
fixed-trained,1,192,310,4,True
fixed-trained,1,193,310,4,True
fixed-trained,1,194,310,4,True
fixed-trained,1,195,310,4,True
fixed-trained,1,196,310,4,True
fixed-trained,1,197,310,4,True
fixed-trained,1,198,310,4,True
fixed-trained,1,199,310,4,True
fixed-trained,1,200,310,4,True
fixed-trained,1,201,310,4,True
fixed-trained,1,202,310,4,True
fixed-trained,1,203,310,4,True
fixed-trained,1,204,310,4,True
fixed-trained,1,205,310,4,True
fixed-trained,1,206,310,4,True
fixed-trained,1,207,310,4,True
fixed-trained,1,208,310,4,True
fixed-trained,1,209,310,4,True
fixed-trained,1,210,310,4,True
fixed-trained,1,211,310,4,True
fixed-trained,1,212,310,4,True
fixed-trained,1,213,310,4,True
fixed-trained,1,214,310,4,True
fixed-trained,1,215,310,4,True
fixed-trained,1,216,310,4,True
fixed-trained,1,217,310,4,True
fixed-trained,1,218,310,4,True
fixed-trained,1,219,310,4,True
fixed-trained,1,220,310,4,True
fixed-trained,1,221,310,4,True
fixed-trained,1,222,310,4,True
fixed-trained,1,223,310,4,True
fixed-trained,1,224,310,4,True
fixed-trained,1,225,310,4,True
fixed-trained,1,226,310,4,True
fixed-trained,1,227,310,4,True
fixed-trained,1,228,310,4,True
fixed-trained,1,229,310,4,True
fixed-trained,1,230,310,4,True
fixed-trained,1,231,310,4,True
fixed-trained,1,232,310,4,True
fixed-trained,1,233,310,4,True
fixed-trained,1,234,310,4,True
fixed-trained,1,235,310,4,True
fixed-trained,1,236,310,4,True
fixed-trained,1,237,310,4,True
fixed-trained,1,238,310,4,True
fixed-trained,1,239,310,4,True
fixed-trained,1,240,310,4,True
fixed-trained,1,241,310,4,True
fixed-trained,1,242,310,4,True
fixed-trained,1,243,310,4,True
fixed-trained,1,244,310,4,True
fixed-trained,1,245,310,4,True
fixed-trained,1,246,310,4,True
fixed-trained,1,247,310,4,True
fixed-trained,1,248,310,4,True
fixed-trained,1,249,310,4,True
fixed-trained,1,250,310,4,True
fixed-trained,1,251,310,4,True
fixed-trained,1,252,310,4,True
fixed-trained,1,253,310,4,True
fixed-trained,1,254,310,4,True
fixed-trained,1,255,310,4,True
fixed-trained,1,256,310,4,True
fixed-trained,1,257,310,4,True
fixed-trained,1,258,310,4,True
fixed-trained,1,259,310,4,True
fixed-trained,1,260,310,4,True
fixed-trained,1,261,310,4,True
fixed-trained,1,262,310,4,True
fixed-trained,1,263,310,4,True
fixed-trained,1,264,310,4,True
fixed-trained,1,265,310,4,True
fixed-trained,1,266,310,4,True
fixed-trained,1,267,310,4,True
fixed-trained,1,268,310,4,True
fixed-trained,1,269,310,4,True
fixed-trained,1,270,310,4,True
fixed-trained,1,271,310,4,True
fixed-trained,1,272,310,4,True
fixed-trained,1,273,310,4,True
fixed-trained,1,274,310,4,True
fixed-trained,1,275,310,4,True
fixed-trained,1,276,310,4,True
fixed-trained,1,277,310,4,True
fixed-trained,1,278,310,4,True
fixed-trained,1,279,310,4,True
fixed-trained,1,280,310,4,True
fixed-trained,1,281,310,4,True
fixed-trained,1,282,310,4,True
fixed-trained,1,283,310,4,True
fixed-trained,1,284,310,4,True
fixed-trained,1,285,310,4,True
fixed-trained,1,286,310,4,True
fixed-trained,1,287,310,4,True
fixed-trained,1,288,310,4,True
fixed-trained,1,289,310,4,True
fixed-trained,1,290,310,4,True
fixed-trained,1,291,310,4,True
fixed-trained,1,292,310,4,True
fixed-trained,1,293,310,4,True
fixed-trained,1,294,310,4,True
fixed-trained,1,295,310,4,True
fixed-trained,1,296,310,4,True
fixed-trained,1,297,310,4,True
fixed-trained,1,298,310,4,True
fixed-trained,1,299,310,4,True
fixed-trained,1,300,310,4,True
fixed-trained,1,301,310,4,True
fixed-trained,1,302,310,4,True
fixed-trained,1,303,310,4,True
fixed-trained,1,304,310,4,True
fixed-trained,1,305,310,4,True
fixed-trained,1,306,310,4,True
fixed-trained,1,307,310,4,True
fixed-trained,1,308,310,4,True
fixed-trained,1,309,310,4,True
fixed-trained,1,310,310,4,True
fixed-trained,1,311,310,4,True
fixed-trained,1,312,310,4,True
fixed-trained,1,313,310,4,True
fixed-trained,1,314,310,4,True
fixed-trained,1,315,310,4,True
fixed-trained,1,316,310,4,True
fixed-trained,1,317,310,4,True
fixed-trained,1,318,310,4,True
fixed-trained,1,319,310,4,True
fixed-trained,1,320,310,4,True
fixed-trained,1,321,310,4,True
fixed-trained,1,322,310,4,True
fixed-trained,1,323,310,4,True
fixed-trained,1,324,310,4,True
fixed-trained,1,325,310,4,True
fixed-trained,1,326,310,4,True
fixed-trained,1,327,310,4,True
fixed-trained,1,328,310,4,True
fixed-trained,1,329,310,4,True
fixed-trained,1,330,310,4,True
fixed-trained,1,331,310,4,True
fixed-trained,1,332,310,4,True
fixed-trained,1,333,310,4,True
fixed-trained,1,334,310,4,True
fixed-trained,1,335,310,4,True
fixed-trained,1,336,310,4,True
fixed-trained,1,337,310,4,True
fixed-trained,1,338,310,4,True
fixed-trained,1,339,310,4,True
fixed-trained,1,340,310,4,True
fixed-trained,1,341,310,4,True
fixed-trained,1,342,310,4,True
fixed-trained,1,343,310,4,True
fixed-trained,1,344,310,4,True
fixed-trained,1,345,310,4,True
fixed-trained,1,346,310,4,True
fixed-trained,1,347,310,4,True
fixed-trained,1,348,310,4,True
fixed-trained,1,349,310,4,True
fixed-trained,1,350,310,4,True
fixed-trained,1,351,310,4,True
fixed-trained,1,352,310,4,True
fixed-trained,1,353,310,4,True
fixed-trained,1,354,310,4,True
fixed-trained,1,355,310,4,True
fixed-trained,1,356,310,4,True
fixed-trained,1,357,310,4,True
fixed-trained,1,358,310,4,True
fixed-trained,1,359,310,4,True
fixed-trained,1,360,310,4,True
fixed-trained,1,361,310,4,True
fixed-trained,1,362,310,4,True
fixed-trained,1,363,310,4,True
fixed-trained,1,364,310,4,True
fixed-trained,1,365,310,4,True
fixed-trained,1,366,310,4,True
fixed-trained,1,367,310,4,True
fixed-trained,1,368,310,4,True
fixed-trained,1,369,310,4,True
fixed-trained,1,370,310,4,True
fixed-trained,1,371,310,4,True
fixed-trained,1,372,310,4,True
fixed-trained,1,373,310,4,True
fixed-trained,1,374,310,4,True
fixed-trained,1,375,310,4,True
fixed-trained,1,376,310,4,True
fixed-trained,1,377,310,4,True
fixed-trained,1,378,310,4,True
fixed-trained,1,379,310,4,True
fixed-trained,1,380,310,4,True
fixed-trained,1,381,310,4,True
fixed-trained,1,382,310,4,True
fixed-trained,1,383,310,4,True
fixed-trained,1,384,310,4,True
fixed-trained,1,385,310,4,True
fixed-trained,1,386,310,4,True
fixed-trained,1,387,310,4,True
fixed-trained,1,388,310,4,True
fixed-trained,1,389,310,4,True
fixed-trained,1,390,310,4,True
fixed-trained,1,391,310,4,True
fixed-trained,1,392,310,4,True
fixed-trained,1,393,310,4,True
fixed-trained,1,394,310,4,True
fixed-trained,1,395,310,4,True
fixed-trained,1,396,310,4,True
fixed-trained,1,397,310,4,True
fixed-trained,1,398,310,4,True
fixed-trained,1,399,310,4,True
fixed-trained,1,400,310,4,True
fixed-trained,1,401,310,4,True
fixed-trained,1,402,310,4,True
fixed-trained,1,403,310,4,True
fixed-trained,1,404,310,4,True
fixed-trained,1,405,310,4,True
fixed-trained,1,406,310,4,True
fixed-trained,1,407,310,4,True
fixed-trained,1,408,310,4,True
fixed-trained,1,409,310,4,True
fixed-trained,1,410,310,4,True
fixed-trained,1,411,310,4,True
fixed-trained,1,412,310,4,True
fixed-trained,1,413,310,4,True
fixed-trained,1,414,310,4,True
fixed-trained,1,415,310,4,True
fixed-trained,1,416,310,4,True
fixed-trained,1,417,310,4,True
fixed-trained,1,418,310,4,True
fixed-trained,1,419,310,4,True
fixed-trained,1,420,310,4,True
fixed-trained,1,421,310,4,True
fixed-trained,1,422,310,4,True
fixed-trained,1,423,310,4,True
fixed-trained,1,424,310,4,True
fixed-trained,1,425,310,4,True
fixed-trained,1,426,310,4,True
fixed-trained,1,427,310,4,True
fixed-trained,1,428,310,4,True
fixed-trained,1,429,310,4,True
fixed-trained,1,430,310,4,True
fixed-trained,1,431,310,4,True
fixed-trained,1,432,310,4,True
fixed-trained,1,433,310,4,True
fixed-trained,1,434,310,4,True
fixed-trained,1,435,310,4,True
fixed-trained,1,436,310,4,True
fixed-trained,1,437,310,4,True
fixed-trained,1,438,310,4,True
fixed-trained,1,439,310,4,True
fixed-trained,1,440,310,4,True
fixed-trained,1,441,310,4,True
fixed-trained,1,442,310,4,True
fixed-trained,1,443,310,4,True
fixed-trained,1,444,310,4,True
fixed-trained,1,445,310,4,True
fixed-trained,1,446,310,4,True
fixed-trained,1,447,310,4,True
fixed-trained,1,448,310,4,True
fixed-trained,1,449,310,4,True
fixed-trained,1,450,310,4,True
fixed-trained,1,451,310,4,True
fixed-trained,1,452,310,4,True
fixed-trained,1,453,310,4,True
fixed-trained,1,454,310,4,True
fixed-trained,1,455,310,4,True
fixed-trained,1,456,310,4,True
fixed-trained,1,457,310,4,True
fixed-trained,1,458,310,4,True
fixed-trained,1,459,310,4,True
fixed-trained,1,460,310,4,True
fixed-trained,1,461,310,4,True
fixed-trained,1,462,310,4,True
fixed-trained,1,463,310,4,True
fixed-trained,1,464,310,4,True
fixed-trained,1,465,310,4,True
fixed-trained,1,466,310,4,True
fixed-trained,1,467,310,4,True
fixed-trained,1,468,310,4,True
fixed-trained,1,469,310,4,True
fixed-trained,1,470,310,4,True
fixed-trained,1,471,310,4,True
fixed-trained,1,472,310,4,True
fixed-trained,1,473,310,4,True
fixed-trained,1,474,310,4,True
fixed-trained,1,475,310,4,True
fixed-trained,1,476,310,4,True
fixed-trained,1,477,310,4,True
fixed-trained,1,478,310,4,True
fixed-trained,1,479,310,4,True
fixed-trained,1,480,310,4,True
fixed-trained,1,481,310,4,True
fixed-trained,1,482,310,4,True
fixed-trained,1,483,310,4,True
fixed-trained,1,484,310,4,True
fixed-trained,1,485,310,4,True
fixed-trained,1,486,310,4,True
fixed-trained,1,487,310,4,True
fixed-trained,1,488,310,4,True
fixed-trained,1,489,310,4,True
fixed-trained,1,490,310,4,True
fixed-trained,1,491,310,4,True
fixed-trained,1,492,310,4,True
fixed-trained,1,493,310,4,True
fixed-trained,1,494,310,4,True
fixed-trained,1,495,310,4,True
fixed-trained,1,496,310,4,True
fixed-trained,1,497,310,4,True
fixed-trained,1,498,310,4,True
fixed-trained,1,499,310,4,True
fixed-trained,1,500,310,4,True
fixed-trained,1,501,310,4,True
fixed-trained,1,502,310,4,True
fixed-trained,1,503,310,4,True
fixed-trained,1,504,310,4,True
fixed-trained,1,505,310,4,True
fixed-trained,1,506,310,4,True
fixed-trained,1,507,310,4,True
fixed-trained,1,508,310,4,True
fixed-trained,1,509,310,4,True
fixed-trained,1,510,310,4,True
fixed-trained,1,511,310,4,True
fixed-trained,1,512,310,4,True
fixed-trained,1,513,310,4,True
fixed-trained,1,514,310,4,True
fixed-trained,1,515,310,4,True
fixed-trained,1,516,310,4,True
fixed-trained,1,517,310,4,True
fixed-trained,1,518,310,4,True
fixed-trained,1,519,310,4,True
fixed-trained,1,520,310,4,True
fixed-trained,1,521,310,4,True
fixed-trained,1,522,310,4,True
fixed-trained,1,523,310,4,True
fixed-trained,1,524,310,4,True
fixed-trained,1,525,310,4,True
fixed-trained,1,526,310,4,True
fixed-trained,1,527,310,4,True
fixed-trained,1,528,310,4,True
fixed-trained,1,529,310,4,True
fixed-trained,1,530,310,4,True
fixed-trained,1,531,310,4,True
fixed-trained,1,532,310,4,True
fixed-trained,1,533,310,4,True
fixed-trained,1,534,310,4,True
fixed-trained,1,535,310,4,True
fixed-trained,1,536,310,4,True
fixed-trained,1,537,310,4,True
fixed-trained,1,538,310,4,True
fixed-trained,1,539,310,4,True
fixed-trained,1,540,310,4,True
fixed-trained,1,541,310,4,True
fixed-trained,1,542,310,4,True
fixed-trained,1,543,310,4,True
fixed-trained,1,544,310,4,True
fixed-trained,1,545,310,4,True
fixed-trained,1,546,310,4,True
fixed-trained,1,547,310,4,True
fixed-trained,1,548,310,4,True
fixed-trained,1,549,310,4,True
fixed-trained,1,550,310,4,True
fixed-trained,1,551,310,4,True
fixed-trained,1,552,310,4,True
fixed-trained,1,553,310,4,True
fixed-trained,1,554,310,4,True
fixed-trained,1,555,310,4,True
fixed-trained,1,556,310,4,True
fixed-trained,1,557,310,4,True
fixed-trained,1,558,310,4,True
fixed-trained,1,559,310,4,True
fixed-trained,1,560,310,4,True
fixed-trained,1,561,310,4,True
fixed-trained,1,562,310,4,True
fixed-trained,1,563,310,4,True
fixed-trained,1,564,310,4,True
fixed-trained,1,565,310,4,True
fixed-trained,1,566,310,4,True
fixed-trained,1,567,310,4,True
fixed-trained,1,568,310,4,True
fixed-trained,1,569,310,4,True
fixed-trained,1,570,310,4,True
fixed-trained,1,571,310,4,True
fixed-trained,1,572,310,4,True
fixed-trained,1,573,310,4,True
fixed-trained,1,574,310,4,True
fixed-trained,1,575,310,4,True
fixed-trained,1,576,310,4,True
fixed-trained,1,577,310,4,True
fixed-trained,1,578,310,4,True
fixed-trained,1,579,310,4,True
fixed-trained,1,580,310,4,True
fixed-trained,1,581,310,4,True
fixed-trained,1,582,310,4,True
fixed-trained,1,583,310,4,True
fixed-trained,1,584,310,4,True
fixed-trained,1,585,310,4,True
fixed-trained,1,586,310,4,True
fixed-trained,1,587,310,4,True
fixed-trained,1,588,310,4,True
fixed-trained,1,589,310,4,True
fixed-trained,1,590,310,4,True
fixed-trained,1,591,310,4,True
fixed-trained,1,592,310,4,True
fixed-trained,1,593,310,4,True
fixed-trained,1,594,310,4,True
fixed-trained,1,595,310,4,True
fixed-trained,1,596,310,4,True
fixed-trained,1,597,310,4,True
fixed-trained,1,598,310,4,True
fixed-trained,1,599,310,4,True
fixed-trained,1,600,310,4,True
fixed-trained,1,601,310,4,True
fixed-trained,1,602,310,4,True
fixed-trained,1,603,310,4,True
fixed-trained,1,604,310,4,True
fixed-trained,1,605,310,4,True
fixed-trained,1,606,310,4,True
fixed-trained,1,607,310,4,True
fixed-trained,1,608,310,4,True
fixed-trained,1,609,310,4,True
fixed-trained,1,610,310,4,True
fixed-trained,1,611,310,4,True
fixed-trained,1,612,310,4,True
fixed-trained,1,613,310,4,True
fixed-trained,1,614,310,4,True
fixed-trained,1,615,310,4,True
fixed-trained,1,616,310,4,True
fixed-trained,1,617,310,4,True
fixed-trained,1,618,310,4,True
fixed-trained,1,619,310,4,True
fixed-trained,1,620,310,4,True
fixed-trained,1,621,310,4,True
fixed-trained,1,622,310,4,True
fixed-trained,1,623,310,4,True
fixed-trained,1,624,310,4,True
fixed-trained,1,625,310,4,True
fixed-trained,1,626,310,4,True
fixed-trained,1,627,310,4,True
fixed-trained,1,628,310,4,True
fixed-trained,1,629,310,4,True
fixed-trained,1,630,310,4,True
fixed-trained,1,631,310,4,True
fixed-trained,1,632,310,4,True
fixed-trained,1,633,310,4,True
fixed-trained,1,634,310,4,True
fixed-trained,1,635,310,4,True
fixed-trained,1,636,310,4,True
fixed-trained,1,637,310,4,True
fixed-trained,1,638,310,4,True
fixed-trained,1,639,310,4,True
fixed-trained,1,640,310,4,True
fixed-trained,1,641,310,4,True
fixed-trained,1,642,310,4,True
fixed-trained,1,643,310,4,True
fixed-trained,1,644,310,4,True
fixed-trained,1,645,310,4,True
fixed-trained,1,646,310,4,True
fixed-trained,1,647,310,4,True
fixed-trained,1,648,310,4,True
fixed-trained,1,649,310,4,True
fixed-trained,1,650,310,4,True
fixed-trained,1,651,310,4,True
fixed-trained,1,652,310,4,True
fixed-trained,1,653,310,4,True
fixed-trained,1,654,310,4,True
fixed-trained,1,655,310,4,True
fixed-trained,1,656,310,4,True
fixed-trained,1,657,310,4,True
fixed-trained,1,658,310,4,True
fixed-trained,1,659,310,4,True
fixed-trained,1,660,310,4,True
fixed-trained,1,661,310,4,True
fixed-trained,1,662,310,4,True
fixed-trained,1,663,310,4,True
fixed-trained,1,664,310,4,True
fixed-trained,1,665,310,4,True
fixed-trained,1,666,310,4,True
fixed-trained,1,667,310,4,True
fixed-trained,1,668,310,4,True
fixed-trained,1,669,310,4,True
fixed-trained,1,670,310,4,True
fixed-trained,1,671,310,4,True
fixed-trained,1,672,310,4,True
fixed-trained,1,673,310,4,True
fixed-trained,1,674,310,4,True
fixed-trained,1,675,310,4,True
fixed-trained,1,676,310,4,True
fixed-trained,1,677,310,4,True
fixed-trained,1,678,310,4,True
fixed-trained,1,679,310,4,True
fixed-trained,1,680,310,4,True
fixed-trained,1,681,310,4,True
fixed-trained,1,682,310,4,True
fixed-trained,1,683,310,4,True
fixed-trained,1,684,310,4,True
fixed-trained,1,685,310,4,True
fixed-trained,1,686,310,4,True
fixed-trained,1,687,310,4,True
fixed-trained,1,688,310,4,True
fixed-trained,1,689,310,4,True
fixed-trained,1,690,310,4,True
fixed-trained,1,691,310,4,True
fixed-trained,1,692,310,4,True
fixed-trained,1,693,310,4,True
fixed-trained,1,694,310,4,True
fixed-trained,1,695,310,4,True
fixed-trained,1,696,310,4,True
fixed-trained,1,697,310,4,True
fixed-trained,1,698,310,4,True
fixed-trained,1,699,310,4,True
fixed-trained,1,700,310,4,True
fixed-trained,1,701,310,4,True
fixed-trained,1,702,310,4,True
fixed-trained,1,703,310,4,True
fixed-trained,1,704,310,4,True
fixed-trained,1,705,310,4,True
fixed-trained,1,706,310,4,True
fixed-trained,1,707,310,4,True
fixed-trained,1,708,310,4,True
fixed-trained,1,709,310,4,True
fixed-trained,1,710,310,4,True
fixed-trained,1,711,310,4,True
fixed-trained,1,712,310,4,True
fixed-trained,1,713,310,4,True
fixed-trained,1,714,310,4,True
fixed-trained,1,715,310,4,True
fixed-trained,1,716,310,4,True
fixed-trained,1,717,310,4,True
fixed-trained,1,718,310,4,True
fixed-trained,1,719,310,4,True
fixed-trained,1,720,310,4,True
fixed-trained,1,721,310,4,True
fixed-trained,1,722,310,4,True
fixed-trained,1,723,310,4,True
fixed-trained,1,724,310,4,True
fixed-trained,1,725,310,4,True
fixed-trained,1,726,310,4,True
fixed-trained,1,727,310,4,True
fixed-trained,1,728,310,4,True
fixed-trained,1,729,310,4,True
fixed-trained,1,730,310,4,True
fixed-trained,1,731,310,4,True
fixed-trained,1,732,310,4,True
fixed-trained,1,733,310,4,True
fixed-trained,1,734,310,4,True
fixed-trained,1,735,310,4,True
fixed-trained,1,736,310,4,True
fixed-trained,1,737,310,4,True
fixed-trained,1,738,310,4,True
fixed-trained,1,739,310,4,True
fixed-trained,1,740,310,4,True
fixed-trained,1,741,310,4,True
fixed-trained,1,742,310,4,True
fixed-trained,1,743,310,4,True
fixed-trained,1,744,310,4,True
fixed-trained,1,745,310,4,True
fixed-trained,1,746,310,4,True
fixed-trained,1,747,310,4,True
fixed-trained,1,748,310,4,True
fixed-trained,1,749,310,4,True
fixed-trained,1,750,310,4,True
fixed-trained,1,751,310,4,True
fixed-trained,1,752,310,4,True
fixed-trained,1,753,310,4,True
fixed-trained,1,754,310,4,True
fixed-trained,1,755,310,4,True
fixed-trained,1,756,310,4,True
fixed-trained,1,757,310,4,True
fixed-trained,1,758,310,4,True
fixed-trained,1,759,310,4,True
fixed-trained,1,760,310,4,True
fixed-trained,1,761,310,4,True
fixed-trained,1,762,310,4,True
fixed-trained,1,763,310,4,True
fixed-trained,1,764,310,4,True
fixed-trained,1,765,310,4,True
fixed-trained,1,766,310,4,True
fixed-trained,1,767,310,4,True
fixed-trained,1,768,310,4,True
fixed-trained,1,769,310,4,True
fixed-trained,1,770,310,4,True
fixed-trained,1,771,310,4,True
fixed-trained,1,772,310,4,True
fixed-trained,1,773,310,4,True
fixed-trained,1,774,310,4,True
fixed-trained,1,775,310,4,True
fixed-trained,1,776,310,4,True
fixed-trained,1,777,310,4,True
fixed-trained,1,778,310,4,True
fixed-trained,1,779,310,4,True
fixed-trained,1,780,310,4,True
fixed-trained,1,781,310,4,True
fixed-trained,1,782,310,4,True
fixed-trained,1,783,310,4,True
fixed-trained,1,784,310,4,True
fixed-trained,1,785,310,4,True
fixed-trained,1,786,310,4,True
fixed-trained,1,787,310,4,True
fixed-trained,1,788,310,4,True
fixed-trained,1,789,310,4,True
fixed-trained,1,790,310,4,True
fixed-trained,1,791,310,4,True
fixed-trained,1,792,310,4,True
fixed-trained,1,793,310,4,True
fixed-trained,1,794,310,4,True
fixed-trained,1,795,310,4,True
fixed-trained,1,796,310,4,True
fixed-trained,1,797,310,4,True
fixed-trained,1,798,310,4,True
fixed-trained,1,799,310,4,True
fixed-trained,1,800,310,4,True
fixed-trained,1,801,310,4,True
fixed-trained,1,802,310,4,True
fixed-trained,1,803,310,4,True
fixed-trained,1,804,310,4,True
fixed-trained,1,805,310,4,True
fixed-trained,1,806,310,4,True
fixed-trained,1,807,310,4,True
fixed-trained,1,808,310,4,True
fixed-trained,1,809,310,4,True
fixed-trained,1,810,310,4,True
fixed-trained,1,811,310,4,True
fixed-trained,1,812,310,4,True
fixed-trained,1,813,310,4,True
fixed-trained,1,814,310,4,True
fixed-trained,1,815,310,4,True
fixed-trained,1,816,310,4,True
fixed-trained,1,817,310,4,True
fixed-trained,1,818,310,4,True
fixed-trained,1,819,310,4,True
fixed-trained,1,820,310,4,True
fixed-trained,1,821,310,4,True
fixed-trained,1,822,310,4,True
fixed-trained,1,823,310,4,True
fixed-trained,1,824,310,4,True
fixed-trained,1,825,310,4,True
fixed-trained,1,826,310,4,True
fixed-trained,1,827,310,4,True
fixed-trained,1,828,310,4,True
fixed-trained,1,829,310,4,True
fixed-trained,1,830,310,4,True
fixed-trained,1,831,310,4,True
fixed-trained,1,832,310,4,True
fixed-trained,1,833,310,4,True
fixed-trained,1,834,310,4,True
fixed-trained,1,835,310,4,True
fixed-trained,1,836,310,4,True
fixed-trained,1,837,310,4,True
fixed-trained,1,838,310,4,True
fixed-trained,1,839,310,4,True
fixed-trained,1,840,310,4,True
fixed-trained,1,841,310,4,True
fixed-trained,1,842,310,4,True
fixed-trained,1,843,310,4,True
fixed-trained,1,844,310,4,True
fixed-trained,1,845,310,4,True
fixed-trained,1,846,310,4,True
fixed-trained,1,847,310,4,True
fixed-trained,1,848,310,4,True
fixed-trained,1,849,310,4,True
fixed-trained,1,850,310,4,True
fixed-trained,1,851,310,4,True
fixed-trained,1,852,310,4,True
fixed-trained,1,853,310,4,True
fixed-trained,1,854,310,4,True
fixed-trained,1,855,310,4,True
fixed-trained,1,856,310,4,True
fixed-trained,1,857,310,4,True
fixed-trained,1,858,310,4,True
fixed-trained,1,859,310,4,True
fixed-trained,1,860,310,4,True
fixed-trained,1,861,310,4,True
fixed-trained,1,862,310,4,True
fixed-trained,1,863,310,4,True
fixed-trained,1,864,310,4,True
fixed-trained,1,865,310,4,True
fixed-trained,1,866,310,4,True
fixed-trained,1,867,310,4,True
fixed-trained,1,868,310,4,True
fixed-trained,1,869,310,4,True
fixed-trained,1,870,310,4,True
fixed-trained,1,871,310,4,True
fixed-trained,1,872,310,4,True
fixed-trained,1,873,310,4,True
fixed-trained,1,874,310,4,True
fixed-trained,1,875,310,4,True
fixed-trained,1,876,310,4,True
fixed-trained,1,877,310,4,True
fixed-trained,1,878,310,4,True
fixed-trained,1,879,310,4,True
fixed-trained,1,880,310,4,True
fixed-trained,1,881,310,4,True
fixed-trained,1,882,310,4,True
fixed-trained,1,883,310,4,True
fixed-trained,1,884,310,4,True
fixed-trained,1,885,310,4,True
fixed-trained,1,886,310,4,True
fixed-trained,1,887,310,4,True
fixed-trained,1,888,310,4,True
fixed-trained,1,889,310,4,True
fixed-trained,1,890,310,4,True
fixed-trained,1,891,310,4,True
fixed-trained,1,892,310,4,True
fixed-trained,1,893,310,4,True
fixed-trained,1,894,310,4,True
fixed-trained,1,895,310,4,True
fixed-trained,1,896,310,4,True
fixed-trained,1,897,310,4,True
fixed-trained,1,898,310,4,True
fixed-trained,1,899,310,4,True
fixed-trained,1,900,310,4,True
fixed-trained,1,901,310,4,True
fixed-trained,1,902,310,4,True
fixed-trained,1,903,310,4,True
fixed-trained,1,904,310,4,True
fixed-trained,1,905,310,4,True
fixed-trained,1,906,310,4,True
fixed-trained,1,907,310,4,True
fixed-trained,1,908,310,4,True
fixed-trained,1,909,310,4,True
fixed-trained,1,910,310,4,True
fixed-trained,1,911,310,4,True
fixed-trained,1,912,310,4,True
fixed-trained,1,913,310,4,True
fixed-trained,1,914,310,4,True
fixed-trained,1,915,310,4,True
fixed-trained,1,916,310,4,True
fixed-trained,1,917,310,4,True
fixed-trained,1,918,310,4,True
fixed-trained,1,919,310,4,True
fixed-trained,1,920,310,4,True
fixed-trained,1,921,310,4,True
fixed-trained,1,922,310,4,True
fixed-trained,1,923,310,4,True
fixed-trained,1,924,310,4,True
fixed-trained,1,925,310,4,True
fixed-trained,1,926,310,4,True
fixed-trained,1,927,310,4,True
fixed-trained,1,928,310,4,True
fixed-trained,1,929,310,4,True
fixed-trained,1,930,310,4,True
fixed-trained,1,931,310,4,True
fixed-trained,1,932,310,4,True
fixed-trained,1,933,310,4,True
fixed-trained,1,934,310,4,True
fixed-trained,1,935,310,4,True
fixed-trained,1,936,310,4,True
fixed-trained,1,937,310,4,True
fixed-trained,1,938,310,4,True
fixed-trained,1,939,310,4,True
fixed-trained,1,940,310,4,True
fixed-trained,1,941,310,4,True
fixed-trained,1,942,310,4,True
fixed-trained,1,943,310,4,True
fixed-trained,1,944,310,4,True
fixed-trained,1,945,310,4,True
fixed-trained,1,946,310,4,True
fixed-trained,1,947,310,4,True
fixed-trained,1,948,310,4,True
fixed-trained,1,949,310,4,True
fixed-trained,1,950,310,4,True
fixed-trained,1,951,310,4,True
fixed-trained,1,952,310,4,True
fixed-trained,1,953,310,4,True
fixed-trained,1,954,310,4,True
fixed-trained,1,955,310,4,True
fixed-trained,1,956,310,4,True
fixed-trained,1,957,310,4,True
fixed-trained,1,958,310,4,True
fixed-trained,1,959,310,4,True
fixed-trained,1,960,310,4,True
fixed-trained,1,961,310,4,True
fixed-trained,1,962,310,4,True
fixed-trained,1,963,310,4,True
fixed-trained,1,964,310,4,True
fixed-trained,1,965,310,4,True
fixed-trained,1,966,310,4,True
fixed-trained,1,967,310,4,True
fixed-trained,1,968,310,4,True
fixed-trained,1,969,310,4,True
fixed-trained,1,970,310,4,True
fixed-trained,1,971,310,4,True
fixed-trained,1,972,310,4,True
fixed-trained,1,973,310,4,True
fixed-trained,1,974,310,4,True
fixed-trained,1,975,310,4,True
fixed-trained,1,976,310,4,True
fixed-trained,1,977,310,4,True
fixed-trained,1,978,310,4,True
fixed-trained,1,979,310,4,True
fixed-trained,1,980,310,4,True
fixed-trained,1,981,310,4,True
fixed-trained,1,982,310,4,True
fixed-trained,1,983,310,4,True
fixed-trained,1,984,310,4,True
fixed-trained,1,985,310,4,True
fixed-trained,1,986,310,4,True
fixed-trained,1,987,310,4,True
fixed-trained,1,988,310,4,True
fixed-trained,1,989,310,4,True
fixed-trained,1,990,310,4,True
fixed-trained,1,991,310,4,True
fixed-trained,1,992,310,4,True
fixed-trained,1,993,310,4,True
fixed-trained,1,994,310,4,True
fixed-trained,1,995,310,4,True
fixed-trained,1,996,310,4,True
fixed-trained,1,997,310,4,True
fixed-trained,1,998,310,4,True
fixed-trained,1,999,310,4,True
fixed-trained,1,1000,310,4,True
fixed-trained,2,0,365,4,True
fixed-trained,2,1,340,4,True
fixed-trained,2,2,340,4,True
fixed-trained,2,3,332,4,True
fixed-trained,2,4,331,4,True
fixed-trained,2,5,331,4,True
fixed-trained,2,6,327,4,True
fixed-trained,2,7,327,4,True
fixed-trained,2,8,327,4,True
fixed-trained,2,9,323,4,True
fixed-trained,2,10,323,4,True
fixed-trained,2,11,323,4,True
fixed-trained,2,12,323,4,True
fixed-trained,2,13,323,4,True
fixed-trained,2,14,323,4,True
fixed-trained,2,15,323,4,True
fixed-trained,2,16,323,4,True
fixed-trained,2,17,320,4,True
fixed-trained,2,18,318,4,True
fixed-trained,2,19,316,4,True
fixed-trained,2,20,316,4,True
fixed-trained,2,21,316,4,True
fixed-trained,2,22,316,4,True
fixed-trained,2,23,316,4,True
fixed-trained,2,24,316,4,True
fixed-trained,2,25,316,4,True
fixed-trained,2,26,316,4,True
fixed-trained,2,27,316,4,True
fixed-trained,2,28,316,4,True
fixed-trained,2,29,316,4,True
fixed-trained,2,30,316,4,True
fixed-trained,2,31,316,4,True
fixed-trained,2,32,316,4,True
fixed-trained,2,33,316,4,True
fixed-trained,2,34,316,4,True
fixed-trained,2,35,316,4,True
fixed-trained,2,36,316,4,True
fixed-trained,2,37,316,4,True
fixed-trained,2,38,315,4,True
fixed-trained,2,39,315,4,True
fixed-trained,2,40,315,4,True
fixed-trained,2,41,315,4,True
fixed-trained,2,42,315,4,True
fixed-trained,2,43,315,4,True
fixed-trained,2,44,315,4,True
fixed-trained,2,45,315,4,True
fixed-trained,2,46,315,4,True
fixed-trained,2,47,315,4,True
fixed-trained,2,48,315,4,True
fixed-trained,2,49,315,4,True
fixed-trained,2,50,315,4,True
fixed-trained,2,51,315,4,True
fixed-trained,2,52,315,4,True
fixed-trained,2,53,315,4,True
fixed-trained,2,54,315,4,True
fixed-trained,2,55,315,4,True
fixed-trained,2,56,315,4,True
fixed-trained,2,57,315,4,True
fixed-trained,2,58,315,4,True
fixed-trained,2,59,315,4,True
fixed-trained,2,60,315,4,True
fixed-trained,2,61,315,4,True
fixed-trained,2,62,315,4,True
fixed-trained,2,63,315,4,True
fixed-trained,2,64,315,4,True
fixed-trained,2,65,315,4,True
fixed-trained,2,66,315,4,True
fixed-trained,2,67,315,4,True
fixed-trained,2,68,315,4,True
fixed-trained,2,69,315,4,True
fixed-trained,2,70,315,4,True
fixed-trained,2,71,315,4,True
fixed-trained,2,72,315,4,True
fixed-trained,2,73,315,4,True
fixed-trained,2,74,315,4,True
fixed-trained,2,75,315,4,True
fixed-trained,2,76,315,4,True
fixed-trained,2,77,315,4,True
fixed-trained,2,78,315,4,True
fixed-trained,2,79,315,4,True
fixed-trained,2,80,315,4,True
fixed-trained,2,81,315,4,True
fixed-trained,2,82,315,4,True
fixed-trained,2,83,315,4,True
fixed-trained,2,84,315,4,True
fixed-trained,2,85,315,4,True
fixed-trained,2,86,315,4,True
fixed-trained,2,87,315,4,True
fixed-trained,2,88,315,4,True
fixed-trained,2,89,315,4,True
fixed-trained,2,90,315,4,True
fixed-trained,2,91,315,4,True
fixed-trained,2,92,315,4,True
fixed-trained,2,93,315,4,True
fixed-trained,2,94,315,4,True
fixed-trained,2,95,315,4,True
fixed-trained,2,96,315,4,True
fixed-trained,2,97,315,4,True
fixed-trained,2,98,315,4,True
fixed-trained,2,99,315,4,True
fixed-trained,2,100,315,4,True
fixed-trained,2,101,315,4,True
fixed-trained,2,102,315,4,True
fixed-trained,2,103,315,4,True
fixed-trained,2,104,315,4,True
fixed-trained,2,105,315,4,True
fixed-trained,2,106,315,4,True
fixed-trained,2,107,315,4,True
fixed-trained,2,108,315,4,True
fixed-trained,2,109,315,4,True
fixed-trained,2,110,315,4,True
fixed-trained,2,111,315,4,True
fixed-trained,2,112,315,4,True
fixed-trained,2,113,315,4,True
fixed-trained,2,114,315,4,True
fixed-trained,2,115,315,4,True
fixed-trained,2,116,315,4,True
fixed-trained,2,117,315,4,True
fixed-trained,2,118,315,4,True
fixed-trained,2,119,315,4,True
fixed-trained,2,120,315,4,True
fixed-trained,2,121,315,4,True
fixed-trained,2,122,315,4,True
fixed-trained,2,123,315,4,True
fixed-trained,2,124,315,4,True
fixed-trained,2,125,315,4,True
fixed-trained,2,126,315,4,True
fixed-trained,2,127,315,4,True
fixed-trained,2,128,315,4,True
fixed-trained,2,129,315,4,True
fixed-trained,2,130,315,4,True
fixed-trained,2,131,315,4,True
fixed-trained,2,132,315,4,True
fixed-trained,2,133,315,4,True
fixed-trained,2,134,315,4,True
fixed-trained,2,135,315,4,True
fixed-trained,2,136,315,4,True
fixed-trained,2,137,315,4,True
fixed-trained,2,138,315,4,True
fixed-trained,2,139,315,4,True
fixed-trained,2,140,315,4,True
fixed-trained,2,141,315,4,True
fixed-trained,2,142,315,4,True
fixed-trained,2,143,315,4,True
fixed-trained,2,144,315,4,True
fixed-trained,2,145,315,4,True
fixed-trained,2,146,315,4,True
fixed-trained,2,147,315,4,True
fixed-trained,2,148,315,4,True
fixed-trained,2,149,315,4,True
fixed-trained,2,150,315,4,True
fixed-trained,2,151,315,4,True
fixed-trained,2,152,315,4,True
fixed-trained,2,153,315,4,True
fixed-trained,2,154,315,4,True
fixed-trained,2,155,315,4,True
fixed-trained,2,156,315,4,True
fixed-trained,2,157,315,4,True
fixed-trained,2,158,315,4,True
fixed-trained,2,159,315,4,True
fixed-trained,2,160,315,4,True
fixed-trained,2,161,315,4,True
fixed-trained,2,162,315,4,True
fixed-trained,2,163,315,4,True
fixed-trained,2,164,315,4,True
fixed-trained,2,165,315,4,True
fixed-trained,2,166,315,4,True
fixed-trained,2,167,315,4,True
fixed-trained,2,168,315,4,True
fixed-trained,2,169,315,4,True
fixed-trained,2,170,315,4,True
fixed-trained,2,171,315,4,True
fixed-trained,2,172,315,4,True
fixed-trained,2,173,315,4,True
fixed-trained,2,174,315,4,True
fixed-trained,2,175,315,4,True
fixed-trained,2,176,315,4,True
fixed-trained,2,177,315,4,True
fixed-trained,2,178,315,4,True
fixed-trained,2,179,315,4,True
fixed-trained,2,180,315,4,True
fixed-trained,2,181,315,4,True
fixed-trained,2,182,315,4,True
fixed-trained,2,183,315,4,True
fixed-trained,2,184,315,4,True
fixed-trained,2,185,315,4,True
fixed-trained,2,186,315,4,True
fixed-trained,2,187,315,4,True
fixed-trained,2,188,315,4,True
fixed-trained,2,189,315,4,True
fixed-trained,2,190,315,4,True
fixed-trained,2,191,315,4,True
fixed-trained,2,192,315,4,True
fixed-trained,2,193,315,4,True
fixed-trained,2,194,315,4,True
fixed-trained,2,195,315,4,True
fixed-trained,2,196,315,4,True
fixed-trained,2,197,315,4,True
fixed-trained,2,198,315,4,True
fixed-trained,2,199,315,4,True
fixed-trained,2,200,315,4,True
fixed-trained,2,201,315,4,True
fixed-trained,2,202,315,4,True
fixed-trained,2,203,315,4,True
fixed-trained,2,204,315,4,True
fixed-trained,2,205,315,4,True
fixed-trained,2,206,315,4,True
fixed-trained,2,207,315,4,True
fixed-trained,2,208,315,4,True
fixed-trained,2,209,311,4,True
fixed-trained,2,210,309,4,True
fixed-trained,2,211,309,4,True
fixed-trained,2,212,309,4,True
fixed-trained,2,213,309,4,True
fixed-trained,2,214,309,4,True
fixed-trained,2,215,309,4,True
fixed-trained,2,216,309,4,True
fixed-trained,2,217,309,4,True
fixed-trained,2,218,309,4,True
fixed-trained,2,219,309,4,True
fixed-trained,2,220,309,4,True
fixed-trained,2,221,309,4,True
fixed-trained,2,222,309,4,True
fixed-trained,2,223,309,4,True
fixed-trained,2,224,309,4,True
fixed-trained,2,225,309,4,True
fixed-trained,2,226,309,4,True
fixed-trained,2,227,309,4,True
fixed-trained,2,228,309,4,True
fixed-trained,2,229,309,4,True
fixed-trained,2,230,309,4,True
fixed-trained,2,231,309,4,True
fixed-trained,2,232,309,4,True
fixed-trained,2,233,309,4,True
fixed-trained,2,234,309,4,True
fixed-trained,2,235,309,4,True
fixed-trained,2,236,309,4,True
fixed-trained,2,237,309,4,True
fixed-trained,2,238,309,4,True
fixed-trained,2,239,309,4,True
fixed-trained,2,240,309,4,True
fixed-trained,2,241,309,4,True
fixed-trained,2,242,309,4,True
fixed-trained,2,243,309,4,True
fixed-trained,2,244,309,4,True
fixed-trained,2,245,309,4,True
fixed-trained,2,246,309,4,True
fixed-trained,2,247,309,4,True
fixed-trained,2,248,309,4,True
fixed-trained,2,249,309,4,True
fixed-trained,2,250,309,4,True
fixed-trained,2,251,309,4,True
fixed-trained,2,252,309,4,True
fixed-trained,2,253,309,4,True
fixed-trained,2,254,309,4,True
fixed-trained,2,255,309,4,True
fixed-trained,2,256,309,4,True
fixed-trained,2,257,309,4,True
fixed-trained,2,258,309,4,True
fixed-trained,2,259,309,4,True
fixed-trained,2,260,309,4,True
fixed-trained,2,261,309,4,True
fixed-trained,2,262,309,4,True
fixed-trained,2,263,309,4,True
fixed-trained,2,264,309,4,True
fixed-trained,2,265,309,4,True
fixed-trained,2,266,309,4,True
fixed-trained,2,267,309,4,True
fixed-trained,2,268,309,4,True
fixed-trained,2,269,309,4,True
fixed-trained,2,270,309,4,True
fixed-trained,2,271,309,4,True
fixed-trained,2,272,309,4,True
fixed-trained,2,273,309,4,True
fixed-trained,2,274,309,4,True
fixed-trained,2,275,309,4,True
fixed-trained,2,276,309,4,True
fixed-trained,2,277,309,4,True
fixed-trained,2,278,309,4,True
fixed-trained,2,279,309,4,True
fixed-trained,2,280,309,4,True
fixed-trained,2,281,309,4,True
fixed-trained,2,282,309,4,True
fixed-trained,2,283,309,4,True
fixed-trained,2,284,309,4,True
fixed-trained,2,285,309,4,True
fixed-trained,2,286,309,4,True
fixed-trained,2,287,309,4,True
fixed-trained,2,288,309,4,True
fixed-trained,2,289,309,4,True
fixed-trained,2,290,309,4,True
fixed-trained,2,291,309,4,True
fixed-trained,2,292,309,4,True
fixed-trained,2,293,309,4,True
fixed-trained,2,294,309,4,True
fixed-trained,2,295,309,4,True
fixed-trained,2,296,309,4,True
fixed-trained,2,297,309,4,True
fixed-trained,2,298,309,4,True
fixed-trained,2,299,309,4,True
fixed-trained,2,300,309,4,True
fixed-trained,2,301,309,4,True
fixed-trained,2,302,309,4,True
fixed-trained,2,303,309,4,True
fixed-trained,2,304,309,4,True
fixed-trained,2,305,309,4,True
fixed-trained,2,306,309,4,True
fixed-trained,2,307,309,4,True
fixed-trained,2,308,309,4,True
fixed-trained,2,309,309,4,True
fixed-trained,2,310,309,4,True
fixed-trained,2,311,309,4,True
fixed-trained,2,312,309,4,True
fixed-trained,2,313,309,4,True
fixed-trained,2,314,309,4,True
fixed-trained,2,315,309,4,True
fixed-trained,2,316,309,4,True
fixed-trained,2,317,309,4,True
fixed-trained,2,318,309,4,True
fixed-trained,2,319,309,4,True
fixed-trained,2,320,309,4,True
fixed-trained,2,321,309,4,True
fixed-trained,2,322,309,4,True
fixed-trained,2,323,309,4,True
fixed-trained,2,324,309,4,True
fixed-trained,2,325,309,4,True
fixed-trained,2,326,309,4,True
fixed-trained,2,327,309,4,True
fixed-trained,2,328,309,4,True
fixed-trained,2,329,309,4,True
fixed-trained,2,330,309,4,True
fixed-trained,2,331,309,4,True
fixed-trained,2,332,309,4,True
fixed-trained,2,333,309,4,True
fixed-trained,2,334,309,4,True
fixed-trained,2,335,309,4,True
fixed-trained,2,336,309,4,True
fixed-trained,2,337,309,4,True
fixed-trained,2,338,309,4,True
fixed-trained,2,339,309,4,True
fixed-trained,2,340,309,4,True
fixed-trained,2,341,309,4,True
fixed-trained,2,342,309,4,True
fixed-trained,2,343,309,4,True
fixed-trained,2,344,309,4,True
fixed-trained,2,345,309,4,True
fixed-trained,2,346,309,4,True
fixed-trained,2,347,309,4,True
fixed-trained,2,348,309,4,True
fixed-trained,2,349,309,4,True
fixed-trained,2,350,309,4,True
fixed-trained,2,351,309,4,True
fixed-trained,2,352,309,4,True
fixed-trained,2,353,309,4,True
fixed-trained,2,354,309,4,True
fixed-trained,2,355,309,4,True
fixed-trained,2,356,309,4,True
fixed-trained,2,357,309,4,True
fixed-trained,2,358,309,4,True
fixed-trained,2,359,309,4,True
fixed-trained,2,360,309,4,True
fixed-trained,2,361,309,4,True
fixed-trained,2,362,309,4,True
fixed-trained,2,363,309,4,True
fixed-trained,2,364,309,4,True
fixed-trained,2,365,309,4,True
fixed-trained,2,366,309,4,True
fixed-trained,2,367,309,4,True
fixed-trained,2,368,309,4,True
fixed-trained,2,369,309,4,True
fixed-trained,2,370,309,4,True
fixed-trained,2,371,309,4,True
fixed-trained,2,372,309,4,True
fixed-trained,2,373,309,4,True
fixed-trained,2,374,309,4,True
fixed-trained,2,375,309,4,True
fixed-trained,2,376,309,4,True
fixed-trained,2,377,309,4,True
fixed-trained,2,378,309,4,True
fixed-trained,2,379,309,4,True
fixed-trained,2,380,309,4,True
fixed-trained,2,381,309,4,True
fixed-trained,2,382,309,4,True
fixed-trained,2,383,309,4,True
fixed-trained,2,384,309,4,True
fixed-trained,2,385,309,4,True
fixed-trained,2,386,309,4,True
fixed-trained,2,387,309,4,True
fixed-trained,2,388,309,4,True
fixed-trained,2,389,309,4,True
fixed-trained,2,390,309,4,True
fixed-trained,2,391,309,4,True
fixed-trained,2,392,309,4,True
fixed-trained,2,393,309,4,True
fixed-trained,2,394,309,4,True
fixed-trained,2,395,309,4,True
fixed-trained,2,396,309,4,True
fixed-trained,2,397,309,4,True
fixed-trained,2,398,309,4,True
fixed-trained,2,399,309,4,True
fixed-trained,2,400,309,4,True
fixed-trained,2,401,309,4,True
fixed-trained,2,402,309,4,True
fixed-trained,2,403,309,4,True
fixed-trained,2,404,309,4,True
fixed-trained,2,405,309,4,True
fixed-trained,2,406,309,4,True
fixed-trained,2,407,309,4,True
fixed-trained,2,408,309,4,True
fixed-trained,2,409,309,4,True
fixed-trained,2,410,309,4,True
fixed-trained,2,411,309,4,True
fixed-trained,2,412,309,4,True
fixed-trained,2,413,309,4,True
fixed-trained,2,414,309,4,True
fixed-trained,2,415,309,4,True
fixed-trained,2,416,309,4,True
fixed-trained,2,417,309,4,True
fixed-trained,2,418,309,4,True
fixed-trained,2,419,309,4,True
fixed-trained,2,420,309,4,True
fixed-trained,2,421,309,4,True
fixed-trained,2,422,309,4,True
fixed-trained,2,423,309,4,True
fixed-trained,2,424,309,4,True
fixed-trained,2,425,309,4,True
fixed-trained,2,426,309,4,True
fixed-trained,2,427,309,4,True
fixed-trained,2,428,309,4,True
fixed-trained,2,429,309,4,True
fixed-trained,2,430,309,4,True
fixed-trained,2,431,309,4,True
fixed-trained,2,432,309,4,True
fixed-trained,2,433,309,4,True
fixed-trained,2,434,309,4,True
fixed-trained,2,435,309,4,True
fixed-trained,2,436,309,4,True
fixed-trained,2,437,309,4,True
fixed-trained,2,438,309,4,True
fixed-trained,2,439,309,4,True
fixed-trained,2,440,309,4,True
fixed-trained,2,441,309,4,True
fixed-trained,2,442,309,4,True
fixed-trained,2,443,309,4,True
fixed-trained,2,444,309,4,True
fixed-trained,2,445,309,4,True
fixed-trained,2,446,309,4,True
fixed-trained,2,447,309,4,True
fixed-trained,2,448,309,4,True
fixed-trained,2,449,309,4,True
fixed-trained,2,450,309,4,True
fixed-trained,2,451,309,4,True
fixed-trained,2,452,309,4,True
fixed-trained,2,453,309,4,True
fixed-trained,2,454,309,4,True
fixed-trained,2,455,309,4,True
fixed-trained,2,456,309,4,True
fixed-trained,2,457,309,4,True
fixed-trained,2,458,309,4,True
fixed-trained,2,459,309,4,True
fixed-trained,2,460,309,4,True
fixed-trained,2,461,309,4,True
fixed-trained,2,462,309,4,True
fixed-trained,2,463,309,4,True
fixed-trained,2,464,309,4,True
fixed-trained,2,465,309,4,True
fixed-trained,2,466,309,4,True
fixed-trained,2,467,309,4,True
fixed-trained,2,468,309,4,True
fixed-trained,2,469,309,4,True
fixed-trained,2,470,308,4,True
fixed-trained,2,471,308,4,True
fixed-trained,2,472,308,4,True
fixed-trained,2,473,308,4,True
fixed-trained,2,474,308,4,True
fixed-trained,2,475,308,4,True
fixed-trained,2,476,308,4,True
fixed-trained,2,477,308,4,True
fixed-trained,2,478,308,4,True
fixed-trained,2,479,308,4,True
fixed-trained,2,480,308,4,True
fixed-trained,2,481,308,4,True
fixed-trained,2,482,308,4,True
fixed-trained,2,483,308,4,True
fixed-trained,2,484,308,4,True
fixed-trained,2,485,308,4,True
fixed-trained,2,486,308,4,True
fixed-trained,2,487,308,4,True
fixed-trained,2,488,308,4,True
fixed-trained,2,489,308,4,True
fixed-trained,2,490,308,4,True
fixed-trained,2,491,308,4,True
fixed-trained,2,492,308,4,True
fixed-trained,2,493,308,4,True
fixed-trained,2,494,308,4,True
fixed-trained,2,495,308,4,True
fixed-trained,2,496,308,4,True
fixed-trained,2,497,308,4,True
fixed-trained,2,498,308,4,True
fixed-trained,2,499,308,4,True
fixed-trained,2,500,308,4,True
fixed-trained,2,501,308,4,True
fixed-trained,2,502,308,4,True
fixed-trained,2,503,308,4,True
fixed-trained,2,504,308,4,True
fixed-trained,2,505,308,4,True
fixed-trained,2,506,308,4,True
fixed-trained,2,507,308,4,True
fixed-trained,2,508,308,4,True
fixed-trained,2,509,308,4,True
fixed-trained,2,510,308,4,True
fixed-trained,2,511,308,4,True
fixed-trained,2,512,308,4,True
fixed-trained,2,513,308,4,True
fixed-trained,2,514,308,4,True
fixed-trained,2,515,308,4,True
fixed-trained,2,516,308,4,True
fixed-trained,2,517,308,4,True
fixed-trained,2,518,308,4,True
fixed-trained,2,519,308,4,True
fixed-trained,2,520,308,4,True
fixed-trained,2,521,308,4,True
fixed-trained,2,522,308,4,True
fixed-trained,2,523,308,4,True
fixed-trained,2,524,308,4,True
fixed-trained,2,525,308,4,True
fixed-trained,2,526,308,4,True
fixed-trained,2,527,308,4,True
fixed-trained,2,528,308,4,True
fixed-trained,2,529,308,4,True
fixed-trained,2,530,308,4,True
fixed-trained,2,531,308,4,True
fixed-trained,2,532,308,4,True
fixed-trained,2,533,308,4,True
fixed-trained,2,534,308,4,True
fixed-trained,2,535,308,4,True
fixed-trained,2,536,308,4,True
fixed-trained,2,537,308,4,True
fixed-trained,2,538,308,4,True
fixed-trained,2,539,308,4,True
fixed-trained,2,540,308,4,True
fixed-trained,2,541,308,4,True
fixed-trained,2,542,308,4,True
fixed-trained,2,543,308,4,True
fixed-trained,2,544,308,4,True
fixed-trained,2,545,308,4,True
fixed-trained,2,546,308,4,True
fixed-trained,2,547,308,4,True
fixed-trained,2,548,308,4,True
fixed-trained,2,549,308,4,True
fixed-trained,2,550,308,4,True
fixed-trained,2,551,308,4,True
fixed-trained,2,552,308,4,True
fixed-trained,2,553,308,4,True
fixed-trained,2,554,308,4,True
fixed-trained,2,555,308,4,True
fixed-trained,2,556,308,4,True
fixed-trained,2,557,308,4,True
fixed-trained,2,558,308,4,True
fixed-trained,2,559,308,4,True
fixed-trained,2,560,308,4,True
fixed-trained,2,561,308,4,True
fixed-trained,2,562,308,4,True
fixed-trained,2,563,308,4,True
fixed-trained,2,564,308,4,True
fixed-trained,2,565,308,4,True
fixed-trained,2,566,308,4,True
fixed-trained,2,567,308,4,True
fixed-trained,2,568,308,4,True
fixed-trained,2,569,308,4,True
fixed-trained,2,570,308,4,True
fixed-trained,2,571,308,4,True
fixed-trained,2,572,308,4,True
fixed-trained,2,573,308,4,True
fixed-trained,2,574,308,4,True
fixed-trained,2,575,308,4,True
fixed-trained,2,576,308,4,True
fixed-trained,2,577,308,4,True
fixed-trained,2,578,308,4,True
fixed-trained,2,579,308,4,True
fixed-trained,2,580,308,4,True
fixed-trained,2,581,308,4,True
fixed-trained,2,582,308,4,True
fixed-trained,2,583,308,4,True
fixed-trained,2,584,308,4,True
fixed-trained,2,585,308,4,True
fixed-trained,2,586,308,4,True
fixed-trained,2,587,308,4,True
fixed-trained,2,588,308,4,True
fixed-trained,2,589,308,4,True
fixed-trained,2,590,308,4,True
fixed-trained,2,591,308,4,True
fixed-trained,2,592,308,4,True
fixed-trained,2,593,308,4,True
fixed-trained,2,594,308,4,True
fixed-trained,2,595,308,4,True
fixed-trained,2,596,308,4,True
fixed-trained,2,597,308,4,True
fixed-trained,2,598,308,4,True
fixed-trained,2,599,308,4,True
fixed-trained,2,600,308,4,True
fixed-trained,2,601,308,4,True
fixed-trained,2,602,308,4,True
fixed-trained,2,603,308,4,True
fixed-trained,2,604,308,4,True
fixed-trained,2,605,308,4,True
fixed-trained,2,606,308,4,True
fixed-trained,2,607,308,4,True
fixed-trained,2,608,308,4,True
fixed-trained,2,609,308,4,True
fixed-trained,2,610,308,4,True
fixed-trained,2,611,308,4,True
fixed-trained,2,612,308,4,True
fixed-trained,2,613,308,4,True
fixed-trained,2,614,308,4,True
fixed-trained,2,615,308,4,True
fixed-trained,2,616,308,4,True
fixed-trained,2,617,308,4,True
fixed-trained,2,618,307,4,True
fixed-trained,2,619,303,4,True
fixed-trained,2,620,303,4,True
fixed-trained,2,621,303,4,True
fixed-trained,2,622,303,4,True
fixed-trained,2,623,303,4,True
fixed-trained,2,624,303,4,True
fixed-trained,2,625,303,4,True
fixed-trained,2,626,303,4,True
fixed-trained,2,627,303,4,True
fixed-trained,2,628,303,4,True
fixed-trained,2,629,303,4,True
fixed-trained,2,630,303,4,True
fixed-trained,2,631,303,4,True
fixed-trained,2,632,303,4,True
fixed-trained,2,633,303,4,True
fixed-trained,2,634,303,4,True
fixed-trained,2,635,303,4,True
fixed-trained,2,636,303,4,True
fixed-trained,2,637,303,4,True
fixed-trained,2,638,303,4,True
fixed-trained,2,639,303,4,True
fixed-trained,2,640,303,4,True
fixed-trained,2,641,303,4,True
fixed-trained,2,642,303,4,True
fixed-trained,2,643,303,4,True
fixed-trained,2,644,303,4,True
fixed-trained,2,645,303,4,True
fixed-trained,2,646,303,4,True
fixed-trained,2,647,303,4,True
fixed-trained,2,648,303,4,True
fixed-trained,2,649,303,4,True
fixed-trained,2,650,303,4,True
fixed-trained,2,651,303,4,True
fixed-trained,2,652,303,4,True
fixed-trained,2,653,303,4,True
fixed-trained,2,654,303,4,True
fixed-trained,2,655,303,4,True
fixed-trained,2,656,303,4,True
fixed-trained,2,657,303,4,True
fixed-trained,2,658,303,4,True
fixed-trained,2,659,303,4,True
fixed-trained,2,660,303,4,True
fixed-trained,2,661,303,4,True
fixed-trained,2,662,303,4,True
fixed-trained,2,663,303,4,True
fixed-trained,2,664,303,4,True
fixed-trained,2,665,303,4,True
fixed-trained,2,666,303,4,True
fixed-trained,2,667,303,4,True
fixed-trained,2,668,303,4,True
fixed-trained,2,669,303,4,True
fixed-trained,2,670,303,4,True
fixed-trained,2,671,303,4,True
fixed-trained,2,672,303,4,True
fixed-trained,2,673,303,4,True
fixed-trained,2,674,303,4,True
fixed-trained,2,675,303,4,True
fixed-trained,2,676,303,4,True
fixed-trained,2,677,303,4,True
fixed-trained,2,678,303,4,True
fixed-trained,2,679,303,4,True
fixed-trained,2,680,303,4,True
fixed-trained,2,681,303,4,True
fixed-trained,2,682,303,4,True
fixed-trained,2,683,303,4,True
fixed-trained,2,684,303,4,True
fixed-trained,2,685,303,4,True
fixed-trained,2,686,303,4,True
fixed-trained,2,687,303,4,True
fixed-trained,2,688,303,4,True
fixed-trained,2,689,303,4,True
fixed-trained,2,690,303,4,True
fixed-trained,2,691,303,4,True
fixed-trained,2,692,303,4,True
fixed-trained,2,693,303,4,True
fixed-trained,2,694,303,4,True
fixed-trained,2,695,303,4,True
fixed-trained,2,696,303,4,True
fixed-trained,2,697,303,4,True
fixed-trained,2,698,303,4,True
fixed-trained,2,699,303,4,True
fixed-trained,2,700,303,4,True
fixed-trained,2,701,303,4,True
fixed-trained,2,702,303,4,True
fixed-trained,2,703,303,4,True
fixed-trained,2,704,303,4,True
fixed-trained,2,705,303,4,True
fixed-trained,2,706,303,4,True
fixed-trained,2,707,303,4,True
fixed-trained,2,708,303,4,True
fixed-trained,2,709,303,4,True
fixed-trained,2,710,303,4,True
fixed-trained,2,711,303,4,True
fixed-trained,2,712,303,4,True
fixed-trained,2,713,303,4,True
fixed-trained,2,714,303,4,True
fixed-trained,2,715,303,4,True
fixed-trained,2,716,303,4,True
fixed-trained,2,717,303,4,True
fixed-trained,2,718,303,4,True
fixed-trained,2,719,303,4,True
fixed-trained,2,720,303,4,True
fixed-trained,2,721,303,4,True
fixed-trained,2,722,303,4,True
fixed-trained,2,723,303,4,True
fixed-trained,2,724,303,4,True
fixed-trained,2,725,303,4,True
fixed-trained,2,726,303,4,True
fixed-trained,2,727,303,4,True
fixed-trained,2,728,303,4,True
fixed-trained,2,729,303,4,True
fixed-trained,2,730,303,4,True
fixed-trained,2,731,303,4,True
fixed-trained,2,732,303,4,True
fixed-trained,2,733,303,4,True
fixed-trained,2,734,303,4,True
fixed-trained,2,735,303,4,True
fixed-trained,2,736,303,4,True
fixed-trained,2,737,303,4,True
fixed-trained,2,738,303,4,True
fixed-trained,2,739,303,4,True
fixed-trained,2,740,303,4,True
fixed-trained,2,741,303,4,True
fixed-trained,2,742,303,4,True
fixed-trained,2,743,303,4,True
fixed-trained,2,744,303,4,True
fixed-trained,2,745,303,4,True
fixed-trained,2,746,303,4,True
fixed-trained,2,747,303,4,True
fixed-trained,2,748,303,4,True
fixed-trained,2,749,303,4,True
fixed-trained,2,750,303,4,True
fixed-trained,2,751,303,4,True
fixed-trained,2,752,303,4,True
fixed-trained,2,753,303,4,True
fixed-trained,2,754,303,4,True
fixed-trained,2,755,303,4,True
fixed-trained,2,756,303,4,True
fixed-trained,2,757,303,4,True
fixed-trained,2,758,303,4,True
fixed-trained,2,759,303,4,True
fixed-trained,2,760,303,4,True
fixed-trained,2,761,303,4,True
fixed-trained,2,762,303,4,True
fixed-trained,2,763,303,4,True
fixed-trained,2,764,303,4,True
fixed-trained,2,765,303,4,True
fixed-trained,2,766,303,4,True
fixed-trained,2,767,303,4,True
fixed-trained,2,768,303,4,True
fixed-trained,2,769,303,4,True
fixed-trained,2,770,303,4,True
fixed-trained,2,771,303,4,True
fixed-trained,2,772,303,4,True
fixed-trained,2,773,303,4,True
fixed-trained,2,774,303,4,True
fixed-trained,2,775,303,4,True
fixed-trained,2,776,303,4,True
fixed-trained,2,777,303,4,True
fixed-trained,2,778,303,4,True
fixed-trained,2,779,303,4,True
fixed-trained,2,780,303,4,True
fixed-trained,2,781,303,4,True
fixed-trained,2,782,303,4,True
fixed-trained,2,783,303,4,True
fixed-trained,2,784,303,4,True
fixed-trained,2,785,303,4,True
fixed-trained,2,786,303,4,True
fixed-trained,2,787,303,4,True
fixed-trained,2,788,303,4,True
fixed-trained,2,789,303,4,True
fixed-trained,2,790,303,4,True
fixed-trained,2,791,303,4,True
fixed-trained,2,792,303,4,True
fixed-trained,2,793,303,4,True
fixed-trained,2,794,303,4,True
fixed-trained,2,795,303,4,True
fixed-trained,2,796,303,4,True
fixed-trained,2,797,303,4,True
fixed-trained,2,798,303,4,True
fixed-trained,2,799,303,4,True
fixed-trained,2,800,303,4,True
fixed-trained,2,801,303,4,True
fixed-trained,2,802,303,4,True
fixed-trained,2,803,303,4,True
fixed-trained,2,804,303,4,True
fixed-trained,2,805,303,4,True
fixed-trained,2,806,303,4,True
fixed-trained,2,807,303,4,True
fixed-trained,2,808,303,4,True
fixed-trained,2,809,303,4,True
fixed-trained,2,810,303,4,True
fixed-trained,2,811,303,4,True
fixed-trained,2,812,303,4,True
fixed-trained,2,813,303,4,True
fixed-trained,2,814,303,4,True
fixed-trained,2,815,303,4,True
fixed-trained,2,816,303,4,True
fixed-trained,2,817,303,4,True
fixed-trained,2,818,303,4,True
fixed-trained,2,819,303,4,True
fixed-trained,2,820,303,4,True
fixed-trained,2,821,303,4,True
fixed-trained,2,822,303,4,True
fixed-trained,2,823,303,4,True
fixed-trained,2,824,303,4,True
fixed-trained,2,825,303,4,True
fixed-trained,2,826,303,4,True
fixed-trained,2,827,303,4,True
fixed-trained,2,828,303,4,True
fixed-trained,2,829,303,4,True
fixed-trained,2,830,303,4,True
fixed-trained,2,831,303,4,True
fixed-trained,2,832,303,4,True
fixed-trained,2,833,303,4,True
fixed-trained,2,834,303,4,True
fixed-trained,2,835,303,4,True
fixed-trained,2,836,303,4,True
fixed-trained,2,837,303,4,True
fixed-trained,2,838,303,4,True
fixed-trained,2,839,303,4,True
fixed-trained,2,840,303,4,True
fixed-trained,2,841,303,4,True
fixed-trained,2,842,303,4,True
fixed-trained,2,843,303,4,True
fixed-trained,2,844,303,4,True
fixed-trained,2,845,303,4,True
fixed-trained,2,846,303,4,True
fixed-trained,2,847,303,4,True
fixed-trained,2,848,303,4,True
fixed-trained,2,849,303,4,True
fixed-trained,2,850,303,4,True
fixed-trained,2,851,303,4,True
fixed-trained,2,852,303,4,True
fixed-trained,2,853,303,4,True
fixed-trained,2,854,303,4,True
fixed-trained,2,855,303,4,True
fixed-trained,2,856,303,4,True
fixed-trained,2,857,303,4,True
fixed-trained,2,858,303,4,True
fixed-trained,2,859,303,4,True
fixed-trained,2,860,303,4,True
fixed-trained,2,861,303,4,True
fixed-trained,2,862,303,4,True
fixed-trained,2,863,303,4,True
fixed-trained,2,864,303,4,True
fixed-trained,2,865,303,4,True
fixed-trained,2,866,303,4,True
fixed-trained,2,867,303,4,True
fixed-trained,2,868,303,4,True
fixed-trained,2,869,303,4,True
fixed-trained,2,870,303,4,True
fixed-trained,2,871,303,4,True
fixed-trained,2,872,303,4,True
fixed-trained,2,873,303,4,True
fixed-trained,2,874,303,4,True
fixed-trained,2,875,303,4,True
fixed-trained,2,876,303,4,True
fixed-trained,2,877,303,4,True
fixed-trained,2,878,303,4,True
fixed-trained,2,879,303,4,True
fixed-trained,2,880,303,4,True
fixed-trained,2,881,303,4,True
fixed-trained,2,882,303,4,True
fixed-trained,2,883,303,4,True
fixed-trained,2,884,303,4,True
fixed-trained,2,885,303,4,True
fixed-trained,2,886,303,4,True
fixed-trained,2,887,303,4,True
fixed-trained,2,888,303,4,True
fixed-trained,2,889,303,4,True
fixed-trained,2,890,303,4,True
fixed-trained,2,891,303,4,True
fixed-trained,2,892,303,4,True
fixed-trained,2,893,303,4,True
fixed-trained,2,894,303,4,True
fixed-trained,2,895,303,4,True
fixed-trained,2,896,303,4,True
fixed-trained,2,897,303,4,True
fixed-trained,2,898,303,4,True
fixed-trained,2,899,303,4,True
fixed-trained,2,900,303,4,True
fixed-trained,2,901,303,4,True
fixed-trained,2,902,303,4,True
fixed-trained,2,903,303,4,True
fixed-trained,2,904,303,4,True
fixed-trained,2,905,303,4,True
fixed-trained,2,906,303,4,True
fixed-trained,2,907,303,4,True
fixed-trained,2,908,303,4,True
fixed-trained,2,909,303,4,True
fixed-trained,2,910,303,4,True
fixed-trained,2,911,303,4,True
fixed-trained,2,912,303,4,True
fixed-trained,2,913,303,4,True
fixed-trained,2,914,303,4,True
fixed-trained,2,915,303,4,True
fixed-trained,2,916,303,4,True
fixed-trained,2,917,303,4,True
fixed-trained,2,918,303,4,True
fixed-trained,2,919,303,4,True
fixed-trained,2,920,303,4,True
fixed-trained,2,921,303,4,True
fixed-trained,2,922,303,4,True
fixed-trained,2,923,303,4,True
fixed-trained,2,924,303,4,True
fixed-trained,2,925,303,4,True
fixed-trained,2,926,303,4,True
fixed-trained,2,927,303,4,True
fixed-trained,2,928,303,4,True
fixed-trained,2,929,303,4,True
fixed-trained,2,930,303,4,True
fixed-trained,2,931,303,4,True
fixed-trained,2,932,303,4,True
fixed-trained,2,933,303,4,True
fixed-trained,2,934,303,4,True
fixed-trained,2,935,303,4,True
fixed-trained,2,936,303,4,True
fixed-trained,2,937,303,4,True
fixed-trained,2,938,303,4,True
fixed-trained,2,939,303,4,True
fixed-trained,2,940,303,4,True
fixed-trained,2,941,303,4,True
fixed-trained,2,942,303,4,True
fixed-trained,2,943,303,4,True
fixed-trained,2,944,303,4,True
fixed-trained,2,945,303,4,True
fixed-trained,2,946,303,4,True
fixed-trained,2,947,303,4,True
fixed-trained,2,948,303,4,True
fixed-trained,2,949,303,4,True
fixed-trained,2,950,303,4,True
fixed-trained,2,951,303,4,True
fixed-trained,2,952,303,4,True
fixed-trained,2,953,303,4,True
fixed-trained,2,954,303,4,True
fixed-trained,2,955,303,4,True
fixed-trained,2,956,303,4,True
fixed-trained,2,957,303,4,True
fixed-trained,2,958,303,4,True
fixed-trained,2,959,303,4,True
fixed-trained,2,960,303,4,True
fixed-trained,2,961,303,4,True
fixed-trained,2,962,303,4,True
fixed-trained,2,963,303,4,True
fixed-trained,2,964,303,4,True
fixed-trained,2,965,303,4,True
fixed-trained,2,966,303,4,True
fixed-trained,2,967,303,4,True
fixed-trained,2,968,303,4,True
fixed-trained,2,969,303,4,True
fixed-trained,2,970,303,4,True
fixed-trained,2,971,303,4,True
fixed-trained,2,972,303,4,True
fixed-trained,2,973,303,4,True
fixed-trained,2,974,303,4,True
fixed-trained,2,975,303,4,True
fixed-trained,2,976,303,4,True
fixed-trained,2,977,303,4,True
fixed-trained,2,978,303,4,True
fixed-trained,2,979,303,4,True
fixed-trained,2,980,303,4,True
fixed-trained,2,981,303,4,True
fixed-trained,2,982,303,4,True
fixed-trained,2,983,303,4,True
fixed-trained,2,984,303,4,True
fixed-trained,2,985,303,4,True
fixed-trained,2,986,303,4,True
fixed-trained,2,987,303,4,True
fixed-trained,2,988,303,4,True
fixed-trained,2,989,303,4,True
fixed-trained,2,990,303,4,True
fixed-trained,2,991,303,4,True
fixed-trained,2,992,303,4,True
fixed-trained,2,993,303,4,True
fixed-trained,2,994,303,4,True
fixed-trained,2,995,303,4,True
fixed-trained,2,996,303,4,True
fixed-trained,2,997,303,4,True
fixed-trained,2,998,303,4,True
fixed-trained,2,999,303,4,True
fixed-trained,2,1000,303,4,True
fixed-frozen,0,0,365,4,True
fixed-frozen,0,1,353,4,True
fixed-frozen,0,2,330,4,True
fixed-frozen,0,3,328,4,True
fixed-frozen,0,4,322,4,True
fixed-frozen,0,5,321,4,True
fixed-frozen,0,6,320,4,True
fixed-frozen,0,7,317,4,True
fixed-frozen,0,8,317,4,True
fixed-frozen,0,9,317,4,True
fixed-frozen,0,10,317,4,True
fixed-frozen,0,11,317,4,True
fixed-frozen,0,12,317,4,True
fixed-frozen,0,13,317,4,True
fixed-frozen,0,14,317,4,True
fixed-frozen,0,15,317,4,True
fixed-frozen,0,16,317,4,True
fixed-frozen,0,17,317,4,True
fixed-frozen,0,18,317,4,True
fixed-frozen,0,19,317,4,True
fixed-frozen,0,20,317,4,True
fixed-frozen,0,21,317,4,True
fixed-frozen,0,22,317,4,True
fixed-frozen,0,23,317,4,True
fixed-frozen,0,24,317,4,True
fixed-frozen,0,25,317,4,True
fixed-frozen,0,26,317,4,True
fixed-frozen,0,27,317,4,True
fixed-frozen,0,28,317,4,True
fixed-frozen,0,29,317,4,True
fixed-frozen,0,30,317,4,True
fixed-frozen,0,31,317,4,True
fixed-frozen,0,32,317,4,True
fixed-frozen,0,33,317,4,True
fixed-frozen,0,34,317,4,True
fixed-frozen,0,35,317,4,True
fixed-frozen,0,36,317,4,True
fixed-frozen,0,37,317,4,True
fixed-frozen,0,38,317,4,True
fixed-frozen,0,39,317,4,True
fixed-frozen,0,40,317,4,True
fixed-frozen,0,41,317,4,True
fixed-frozen,0,42,317,4,True
fixed-frozen,0,43,317,4,True
fixed-frozen,0,44,317,4,True
fixed-frozen,0,45,317,4,True
fixed-frozen,0,46,317,4,True
fixed-frozen,0,47,317,4,True
fixed-frozen,0,48,317,4,True
fixed-frozen,0,49,317,4,True
fixed-frozen,0,50,317,4,True
fixed-frozen,0,51,317,4,True
fixed-frozen,0,52,317,4,True
fixed-frozen,0,53,317,4,True
fixed-frozen,0,54,317,4,True
fixed-frozen,0,55,317,4,True
fixed-frozen,0,56,317,4,True
fixed-frozen,0,57,317,4,True
fixed-frozen,0,58,314,4,True
fixed-frozen,0,59,310,4,True
fixed-frozen,0,60,310,4,True
fixed-frozen,0,61,310,4,True
fixed-frozen,0,62,310,4,True
fixed-frozen,0,63,310,4,True
fixed-frozen,0,64,310,4,True
fixed-frozen,0,65,310,4,True
fixed-frozen,0,66,310,4,True
fixed-frozen,0,67,310,4,True
fixed-frozen,0,68,310,4,True
fixed-frozen,0,69,305,4,True
fixed-frozen,0,70,303,4,True
fixed-frozen,0,71,303,4,True
fixed-frozen,0,72,303,4,True
fixed-frozen,0,73,303,4,True
fixed-frozen,0,74,303,4,True
fixed-frozen,0,75,303,4,True
fixed-frozen,0,76,303,4,True
fixed-frozen,0,77,303,4,True
fixed-frozen,0,78,303,4,True
fixed-frozen,0,79,303,4,True
fixed-frozen,0,80,303,4,True
fixed-frozen,0,81,303,4,True
fixed-frozen,0,82,303,4,True
fixed-frozen,0,83,303,4,True
fixed-frozen,0,84,303,4,True
fixed-frozen,0,85,303,4,True
fixed-frozen,0,86,303,4,True
fixed-frozen,0,87,303,4,True
fixed-frozen,0,88,303,4,True
fixed-frozen,0,89,303,4,True
fixed-frozen,0,90,303,4,True
fixed-frozen,0,91,303,4,True
fixed-frozen,0,92,303,4,True
fixed-frozen,0,93,303,4,True
fixed-frozen,0,94,303,4,True
fixed-frozen,0,95,303,4,True
fixed-frozen,0,96,303,4,True
fixed-frozen,0,97,303,4,True
fixed-frozen,0,98,303,4,True
fixed-frozen,0,99,303,4,True
fixed-frozen,0,100,303,4,True
fixed-frozen,0,101,303,4,True
fixed-frozen,0,102,303,4,True
fixed-frozen,0,103,303,4,True
fixed-frozen,0,104,303,4,True
fixed-frozen,0,105,303,4,True
fixed-frozen,0,106,303,4,True
fixed-frozen,0,107,303,4,True
fixed-frozen,0,108,303,4,True
fixed-frozen,0,109,303,4,True
fixed-frozen,0,110,303,4,True
fixed-frozen,0,111,303,4,True
fixed-frozen,0,112,303,4,True
fixed-frozen,0,113,303,4,True
fixed-frozen,0,114,303,4,True
fixed-frozen,0,115,303,4,True
fixed-frozen,0,116,303,4,True
fixed-frozen,0,117,303,4,True
fixed-frozen,0,118,303,4,True
fixed-frozen,0,119,303,4,True
fixed-frozen,0,120,303,4,True
fixed-frozen,0,121,303,4,True
fixed-frozen,0,122,303,4,True
fixed-frozen,0,123,303,4,True
fixed-frozen,0,124,303,4,True
fixed-frozen,0,125,303,4,True
fixed-frozen,0,126,303,4,True
fixed-frozen,0,127,303,4,True
fixed-frozen,0,128,303,4,True
fixed-frozen,0,129,303,4,True
fixed-frozen,0,130,303,4,True
fixed-frozen,0,131,303,4,True
fixed-frozen,0,132,303,4,True
fixed-frozen,0,133,303,4,True
fixed-frozen,0,134,303,4,True
fixed-frozen,0,135,303,4,True
fixed-frozen,0,136,303,4,True
fixed-frozen,0,137,303,4,True
fixed-frozen,0,138,303,4,True
fixed-frozen,0,139,303,4,True
fixed-frozen,0,140,303,4,True
fixed-frozen,0,141,303,4,True
fixed-frozen,0,142,303,4,True
fixed-frozen,0,143,303,4,True
fixed-frozen,0,144,303,4,True
fixed-frozen,0,145,303,4,True
fixed-frozen,0,146,303,4,True
fixed-frozen,0,147,303,4,True
fixed-frozen,0,148,303,4,True
fixed-frozen,0,149,303,4,True
fixed-frozen,0,150,303,4,True
fixed-frozen,0,151,303,4,True
fixed-frozen,0,152,303,4,True
fixed-frozen,0,153,303,4,True
fixed-frozen,0,154,303,4,True
fixed-frozen,0,155,303,4,True
fixed-frozen,0,156,303,4,True
fixed-frozen,0,157,303,4,True
fixed-frozen,0,158,303,4,True
fixed-frozen,0,159,303,4,True
fixed-frozen,0,160,303,4,True
fixed-frozen,0,161,303,4,True
fixed-frozen,0,162,303,4,True
fixed-frozen,0,163,303,4,True
fixed-frozen,0,164,303,4,True
fixed-frozen,0,165,303,4,True
fixed-frozen,0,166,303,4,True
fixed-frozen,0,167,303,4,True
fixed-frozen,0,168,303,4,True
fixed-frozen,0,169,303,4,True
fixed-frozen,0,170,303,4,True
fixed-frozen,0,171,303,4,True
fixed-frozen,0,172,303,4,True
fixed-frozen,0,173,303,4,True
fixed-frozen,0,174,303,4,True
fixed-frozen,0,175,303,4,True
fixed-frozen,0,176,303,4,True
fixed-frozen,0,177,303,4,True
fixed-frozen,0,178,303,4,True
fixed-frozen,0,179,303,4,True
fixed-frozen,0,180,303,4,True
fixed-frozen,0,181,303,4,True
fixed-frozen,0,182,303,4,True
fixed-frozen,0,183,303,4,True
fixed-frozen,0,184,303,4,True
fixed-frozen,0,185,303,4,True
fixed-frozen,0,186,303,4,True
fixed-frozen,0,187,303,4,True
fixed-frozen,0,188,303,4,True
fixed-frozen,0,189,303,4,True
fixed-frozen,0,190,303,4,True
fixed-frozen,0,191,303,4,True
fixed-frozen,0,192,303,4,True
fixed-frozen,0,193,303,4,True
fixed-frozen,0,194,303,4,True
fixed-frozen,0,195,303,4,True
fixed-frozen,0,196,303,4,True
fixed-frozen,0,197,303,4,True
fixed-frozen,0,198,303,4,True
fixed-frozen,0,199,303,4,True
fixed-frozen,0,200,303,4,True
fixed-frozen,0,201,303,4,True
fixed-frozen,0,202,303,4,True
fixed-frozen,0,203,303,4,True
fixed-frozen,0,204,303,4,True
fixed-frozen,0,205,303,4,True
fixed-frozen,0,206,303,4,True
fixed-frozen,0,207,303,4,True
fixed-frozen,0,208,303,4,True
fixed-frozen,0,209,303,4,True
fixed-frozen,0,210,303,4,True
fixed-frozen,0,211,303,4,True
fixed-frozen,0,212,303,4,True
fixed-frozen,0,213,303,4,True
fixed-frozen,0,214,303,4,True
fixed-frozen,0,215,303,4,True
fixed-frozen,0,216,303,4,True
fixed-frozen,0,217,303,4,True
fixed-frozen,0,218,303,4,True
fixed-frozen,0,219,303,4,True
fixed-frozen,0,220,303,4,True
fixed-frozen,0,221,303,4,True
fixed-frozen,0,222,303,4,True
fixed-frozen,0,223,303,4,True
fixed-frozen,0,224,303,4,True
fixed-frozen,0,225,303,4,True
fixed-frozen,0,226,303,4,True
fixed-frozen,0,227,303,4,True
fixed-frozen,0,228,303,4,True
fixed-frozen,0,229,303,4,True
fixed-frozen,0,230,303,4,True
fixed-frozen,0,231,303,4,True
fixed-frozen,0,232,303,4,True
fixed-frozen,0,233,303,4,True
fixed-frozen,0,234,303,4,True
fixed-frozen,0,235,303,4,True
fixed-frozen,0,236,303,4,True
fixed-frozen,0,237,303,4,True
fixed-frozen,0,238,303,4,True
fixed-frozen,0,239,303,4,True
fixed-frozen,0,240,303,4,True
fixed-frozen,0,241,303,4,True
fixed-frozen,0,242,303,4,True
fixed-frozen,0,243,303,4,True
fixed-frozen,0,244,303,4,True
fixed-frozen,0,245,303,4,True
fixed-frozen,0,246,303,4,True
fixed-frozen,0,247,303,4,True
fixed-frozen,0,248,303,4,True
fixed-frozen,0,249,303,4,True
fixed-frozen,0,250,303,4,True
fixed-frozen,0,251,303,4,True
fixed-frozen,0,252,303,4,True
fixed-frozen,0,253,303,4,True
fixed-frozen,0,254,303,4,True
fixed-frozen,0,255,303,4,True
fixed-frozen,0,256,303,4,True
fixed-frozen,0,257,303,4,True
fixed-frozen,0,258,303,4,True
fixed-frozen,0,259,303,4,True
fixed-frozen,0,260,303,4,True
fixed-frozen,0,261,303,4,True
fixed-frozen,0,262,303,4,True
fixed-frozen,0,263,303,4,True
fixed-frozen,0,264,303,4,True
fixed-frozen,0,265,303,4,True
fixed-frozen,0,266,303,4,True
fixed-frozen,0,267,303,4,True
fixed-frozen,0,268,303,4,True
fixed-frozen,0,269,303,4,True
fixed-frozen,0,270,303,4,True
fixed-frozen,0,271,303,4,True
fixed-frozen,0,272,303,4,True
fixed-frozen,0,273,303,4,True
fixed-frozen,0,274,303,4,True
fixed-frozen,0,275,303,4,True
fixed-frozen,0,276,303,4,True
fixed-frozen,0,277,303,4,True
fixed-frozen,0,278,303,4,True
fixed-frozen,0,279,303,4,True
fixed-frozen,0,280,303,4,True
fixed-frozen,0,281,303,4,True
fixed-frozen,0,282,303,4,True
fixed-frozen,0,283,303,4,True
fixed-frozen,0,284,303,4,True
fixed-frozen,0,285,303,4,True
fixed-frozen,0,286,303,4,True
fixed-frozen,0,287,303,4,True
fixed-frozen,0,288,303,4,True
fixed-frozen,0,289,303,4,True
fixed-frozen,0,290,303,4,True
fixed-frozen,0,291,303,4,True
fixed-frozen,0,292,303,4,True
fixed-frozen,0,293,303,4,True
fixed-frozen,0,294,303,4,True
fixed-frozen,0,295,303,4,True
fixed-frozen,0,296,303,4,True
fixed-frozen,0,297,303,4,True
fixed-frozen,0,298,303,4,True
fixed-frozen,0,299,303,4,True
fixed-frozen,0,300,303,4,True
fixed-frozen,0,301,303,4,True
fixed-frozen,0,302,303,4,True
fixed-frozen,0,303,303,4,True
fixed-frozen,0,304,303,4,True
fixed-frozen,0,305,303,4,True
fixed-frozen,0,306,303,4,True
fixed-frozen,0,307,303,4,True
fixed-frozen,0,308,303,4,True
fixed-frozen,0,309,303,4,True
fixed-frozen,0,310,303,4,True
fixed-frozen,0,311,303,4,True
fixed-frozen,0,312,303,4,True
fixed-frozen,0,313,303,4,True
fixed-frozen,0,314,303,4,True
fixed-frozen,0,315,303,4,True
fixed-frozen,0,316,303,4,True
fixed-frozen,0,317,303,4,True
fixed-frozen,0,318,303,4,True
fixed-frozen,0,319,303,4,True
fixed-frozen,0,320,303,4,True
fixed-frozen,0,321,303,4,True
fixed-frozen,0,322,303,4,True
fixed-frozen,0,323,303,4,True
fixed-frozen,0,324,303,4,True
fixed-frozen,0,325,303,4,True
fixed-frozen,0,326,303,4,True
fixed-frozen,0,327,303,4,True
fixed-frozen,0,328,303,4,True
fixed-frozen,0,329,303,4,True
fixed-frozen,0,330,303,4,True
fixed-frozen,0,331,303,4,True
fixed-frozen,0,332,303,4,True
fixed-frozen,0,333,303,4,True
fixed-frozen,0,334,303,4,True
fixed-frozen,0,335,303,4,True
fixed-frozen,0,336,303,4,True
fixed-frozen,0,337,303,4,True
fixed-frozen,0,338,303,4,True
fixed-frozen,0,339,303,4,True
fixed-frozen,0,340,303,4,True
fixed-frozen,0,341,303,4,True
fixed-frozen,0,342,303,4,True
fixed-frozen,0,343,303,4,True
fixed-frozen,0,344,303,4,True
fixed-frozen,0,345,303,4,True
fixed-frozen,0,346,303,4,True
fixed-frozen,0,347,303,4,True
fixed-frozen,0,348,303,4,True
fixed-frozen,0,349,303,4,True
fixed-frozen,0,350,303,4,True
fixed-frozen,0,351,303,4,True
fixed-frozen,0,352,303,4,True
fixed-frozen,0,353,303,4,True
fixed-frozen,0,354,303,4,True
fixed-frozen,0,355,303,4,True
fixed-frozen,0,356,303,4,True
fixed-frozen,0,357,303,4,True
fixed-frozen,0,358,303,4,True
fixed-frozen,0,359,303,4,True
fixed-frozen,0,360,303,4,True
fixed-frozen,0,361,303,4,True
fixed-frozen,0,362,303,4,True
fixed-frozen,0,363,303,4,True
fixed-frozen,0,364,303,4,True
fixed-frozen,0,365,303,4,True
fixed-frozen,0,366,303,4,True
fixed-frozen,0,367,303,4,True
fixed-frozen,0,368,303,4,True
fixed-frozen,0,369,303,4,True
fixed-frozen,0,370,303,4,True
fixed-frozen,0,371,303,4,True
fixed-frozen,0,372,303,4,True
fixed-frozen,0,373,303,4,True
fixed-frozen,0,374,303,4,True
fixed-frozen,0,375,303,4,True
fixed-frozen,0,376,303,4,True
fixed-frozen,0,377,303,4,True
fixed-frozen,0,378,303,4,True
fixed-frozen,0,379,303,4,True
fixed-frozen,0,380,303,4,True
fixed-frozen,0,381,303,4,True
fixed-frozen,0,382,303,4,True
fixed-frozen,0,383,303,4,True
fixed-frozen,0,384,303,4,True
fixed-frozen,0,385,303,4,True
fixed-frozen,0,386,303,4,True
fixed-frozen,0,387,303,4,True
fixed-frozen,0,388,303,4,True
fixed-frozen,0,389,303,4,True
fixed-frozen,0,390,303,4,True
fixed-frozen,0,391,303,4,True
fixed-frozen,0,392,303,4,True
fixed-frozen,0,393,303,4,True
fixed-frozen,0,394,303,4,True
fixed-frozen,0,395,303,4,True
fixed-frozen,0,396,303,4,True
fixed-frozen,0,397,303,4,True
fixed-frozen,0,398,303,4,True
fixed-frozen,0,399,303,4,True
fixed-frozen,0,400,303,4,True
fixed-frozen,0,401,303,4,True
fixed-frozen,0,402,303,4,True
fixed-frozen,0,403,303,4,True
fixed-frozen,0,404,303,4,True
fixed-frozen,0,405,303,4,True
fixed-frozen,0,406,303,4,True
fixed-frozen,0,407,303,4,True
fixed-frozen,0,408,303,4,True
fixed-frozen,0,409,303,4,True
fixed-frozen,0,410,303,4,True
fixed-frozen,0,411,303,4,True
fixed-frozen,0,412,303,4,True
fixed-frozen,0,413,303,4,True
fixed-frozen,0,414,303,4,True
fixed-frozen,0,415,303,4,True
fixed-frozen,0,416,303,4,True
fixed-frozen,0,417,303,4,True
fixed-frozen,0,418,303,4,True
fixed-frozen,0,419,303,4,True
fixed-frozen,0,420,303,4,True
fixed-frozen,0,421,303,4,True
fixed-frozen,0,422,303,4,True
fixed-frozen,0,423,303,4,True
fixed-frozen,0,424,303,4,True
fixed-frozen,0,425,303,4,True
fixed-frozen,0,426,303,4,True
fixed-frozen,0,427,303,4,True
fixed-frozen,0,428,303,4,True
fixed-frozen,0,429,303,4,True
fixed-frozen,0,430,303,4,True
fixed-frozen,0,431,303,4,True
fixed-frozen,0,432,303,4,True
fixed-frozen,0,433,303,4,True
fixed-frozen,0,434,303,4,True
fixed-frozen,0,435,303,4,True
fixed-frozen,0,436,303,4,True
fixed-frozen,0,437,303,4,True
fixed-frozen,0,438,303,4,True
fixed-frozen,0,439,303,4,True
fixed-frozen,0,440,303,4,True
fixed-frozen,0,441,303,4,True
fixed-frozen,0,442,303,4,True
fixed-frozen,0,443,303,4,True
fixed-frozen,0,444,303,4,True
fixed-frozen,0,445,303,4,True
fixed-frozen,0,446,303,4,True
fixed-frozen,0,447,303,4,True
fixed-frozen,0,448,303,4,True
fixed-frozen,0,449,303,4,True
fixed-frozen,0,450,303,4,True
fixed-frozen,0,451,303,4,True
fixed-frozen,0,452,303,4,True
fixed-frozen,0,453,303,4,True
fixed-frozen,0,454,303,4,True
fixed-frozen,0,455,303,4,True
fixed-frozen,0,456,303,4,True
fixed-frozen,0,457,303,4,True
fixed-frozen,0,458,303,4,True
fixed-frozen,0,459,303,4,True
fixed-frozen,0,460,303,4,True
fixed-frozen,0,461,303,4,True
fixed-frozen,0,462,303,4,True
fixed-frozen,0,463,303,4,True
fixed-frozen,0,464,303,4,True
fixed-frozen,0,465,303,4,True
fixed-frozen,0,466,303,4,True
fixed-frozen,0,467,303,4,True
fixed-frozen,0,468,303,4,True
fixed-frozen,0,469,303,4,True
fixed-frozen,0,470,303,4,True
fixed-frozen,0,471,303,4,True
fixed-frozen,0,472,303,4,True
fixed-frozen,0,473,303,4,True
fixed-frozen,0,474,303,4,True
fixed-frozen,0,475,303,4,True
fixed-frozen,0,476,303,4,True
fixed-frozen,0,477,303,4,True
fixed-frozen,0,478,303,4,True
fixed-frozen,0,479,303,4,True
fixed-frozen,0,480,303,4,True
fixed-frozen,0,481,303,4,True
fixed-frozen,0,482,303,4,True
fixed-frozen,0,483,303,4,True
fixed-frozen,0,484,303,4,True
fixed-frozen,0,485,303,4,True
fixed-frozen,0,486,303,4,True
fixed-frozen,0,487,303,4,True
fixed-frozen,0,488,303,4,True
fixed-frozen,0,489,303,4,True
fixed-frozen,0,490,303,4,True
fixed-frozen,0,491,303,4,True
fixed-frozen,0,492,303,4,True
fixed-frozen,0,493,303,4,True
fixed-frozen,0,494,303,4,True
fixed-frozen,0,495,303,4,True
fixed-frozen,0,496,303,4,True
fixed-frozen,0,497,303,4,True
fixed-frozen,0,498,303,4,True
fixed-frozen,0,499,303,4,True
fixed-frozen,0,500,303,4,True
fixed-frozen,0,501,303,4,True
fixed-frozen,0,502,303,4,True
fixed-frozen,0,503,303,4,True
fixed-frozen,0,504,303,4,True
fixed-frozen,0,505,303,4,True
fixed-frozen,0,506,303,4,True
fixed-frozen,0,507,303,4,True
fixed-frozen,0,508,303,4,True
fixed-frozen,0,509,303,4,True
fixed-frozen,0,510,303,4,True
fixed-frozen,0,511,303,4,True
fixed-frozen,0,512,303,4,True
fixed-frozen,0,513,303,4,True
fixed-frozen,0,514,303,4,True
fixed-frozen,0,515,303,4,True
fixed-frozen,0,516,303,4,True
fixed-frozen,0,517,303,4,True
fixed-frozen,0,518,303,4,True
fixed-frozen,0,519,303,4,True
fixed-frozen,0,520,303,4,True
fixed-frozen,0,521,303,4,True
fixed-frozen,0,522,303,4,True
fixed-frozen,0,523,303,4,True
fixed-frozen,0,524,303,4,True
fixed-frozen,0,525,303,4,True
fixed-frozen,0,526,303,4,True
fixed-frozen,0,527,303,4,True
fixed-frozen,0,528,303,4,True
fixed-frozen,0,529,303,4,True
fixed-frozen,0,530,303,4,True
fixed-frozen,0,531,303,4,True
fixed-frozen,0,532,303,4,True
fixed-frozen,0,533,303,4,True
fixed-frozen,0,534,303,4,True
fixed-frozen,0,535,303,4,True
fixed-frozen,0,536,303,4,True
fixed-frozen,0,537,303,4,True
fixed-frozen,0,538,303,4,True
fixed-frozen,0,539,303,4,True
fixed-frozen,0,540,303,4,True
fixed-frozen,0,541,303,4,True
fixed-frozen,0,542,303,4,True
fixed-frozen,0,543,303,4,True
fixed-frozen,0,544,303,4,True
fixed-frozen,0,545,303,4,True
fixed-frozen,0,546,303,4,True
fixed-frozen,0,547,303,4,True
fixed-frozen,0,548,303,4,True
fixed-frozen,0,549,303,4,True
fixed-frozen,0,550,303,4,True
fixed-frozen,0,551,303,4,True
fixed-frozen,0,552,303,4,True
fixed-frozen,0,553,303,4,True
fixed-frozen,0,554,303,4,True
fixed-frozen,0,555,303,4,True
fixed-frozen,0,556,303,4,True
fixed-frozen,0,557,303,4,True
fixed-frozen,0,558,303,4,True
fixed-frozen,0,559,303,4,True
fixed-frozen,0,560,303,4,True
fixed-frozen,0,561,303,4,True
fixed-frozen,0,562,303,4,True
fixed-frozen,0,563,303,4,True
fixed-frozen,0,564,303,4,True
fixed-frozen,0,565,303,4,True
fixed-frozen,0,566,303,4,True
fixed-frozen,0,567,303,4,True
fixed-frozen,0,568,303,4,True
fixed-frozen,0,569,303,4,True
fixed-frozen,0,570,303,4,True
fixed-frozen,0,571,303,4,True
fixed-frozen,0,572,303,4,True
fixed-frozen,0,573,303,4,True
fixed-frozen,0,574,303,4,True
fixed-frozen,0,575,303,4,True
fixed-frozen,0,576,303,4,True
fixed-frozen,0,577,303,4,True
fixed-frozen,0,578,303,4,True
fixed-frozen,0,579,303,4,True
fixed-frozen,0,580,303,4,True
fixed-frozen,0,581,303,4,True
fixed-frozen,0,582,303,4,True
fixed-frozen,0,583,303,4,True
fixed-frozen,0,584,303,4,True
fixed-frozen,0,585,303,4,True
fixed-frozen,0,586,303,4,True
fixed-frozen,0,587,303,4,True
fixed-frozen,0,588,303,4,True
fixed-frozen,0,589,303,4,True
fixed-frozen,0,590,303,4,True
fixed-frozen,0,591,303,4,True
fixed-frozen,0,592,303,4,True
fixed-frozen,0,593,303,4,True
fixed-frozen,0,594,303,4,True
fixed-frozen,0,595,303,4,True
fixed-frozen,0,596,303,4,True
fixed-frozen,0,597,303,4,True
fixed-frozen,0,598,303,4,True
fixed-frozen,0,599,303,4,True
fixed-frozen,0,600,303,4,True
fixed-frozen,0,601,303,4,True
fixed-frozen,0,602,303,4,True
fixed-frozen,0,603,303,4,True
fixed-frozen,0,604,303,4,True
fixed-frozen,0,605,303,4,True
fixed-frozen,0,606,303,4,True
fixed-frozen,0,607,303,4,True
fixed-frozen,0,608,303,4,True
fixed-frozen,0,609,303,4,True
fixed-frozen,0,610,303,4,True
fixed-frozen,0,611,303,4,True
fixed-frozen,0,612,303,4,True
fixed-frozen,0,613,303,4,True
fixed-frozen,0,614,303,4,True
fixed-frozen,0,615,303,4,True
fixed-frozen,0,616,303,4,True
fixed-frozen,0,617,303,4,True
fixed-frozen,0,618,303,4,True
fixed-frozen,0,619,303,4,True
fixed-frozen,0,620,303,4,True
fixed-frozen,0,621,303,4,True
fixed-frozen,0,622,303,4,True
fixed-frozen,0,623,303,4,True
fixed-frozen,0,624,303,4,True
fixed-frozen,0,625,303,4,True
fixed-frozen,0,626,303,4,True
fixed-frozen,0,627,303,4,True
fixed-frozen,0,628,303,4,True
fixed-frozen,0,629,303,4,True
fixed-frozen,0,630,303,4,True
fixed-frozen,0,631,303,4,True
fixed-frozen,0,632,303,4,True
fixed-frozen,0,633,303,4,True
fixed-frozen,0,634,303,4,True
fixed-frozen,0,635,303,4,True
fixed-frozen,0,636,303,4,True
fixed-frozen,0,637,303,4,True
fixed-frozen,0,638,303,4,True
fixed-frozen,0,639,303,4,True
fixed-frozen,0,640,303,4,True
fixed-frozen,0,641,303,4,True
fixed-frozen,0,642,303,4,True
fixed-frozen,0,643,303,4,True
fixed-frozen,0,644,303,4,True
fixed-frozen,0,645,303,4,True
fixed-frozen,0,646,303,4,True
fixed-frozen,0,647,303,4,True
fixed-frozen,0,648,303,4,True
fixed-frozen,0,649,303,4,True
fixed-frozen,0,650,303,4,True
fixed-frozen,0,651,303,4,True
fixed-frozen,0,652,303,4,True
fixed-frozen,0,653,303,4,True
fixed-frozen,0,654,303,4,True
fixed-frozen,0,655,303,4,True
fixed-frozen,0,656,303,4,True
fixed-frozen,0,657,303,4,True
fixed-frozen,0,658,303,4,True
fixed-frozen,0,659,303,4,True
fixed-frozen,0,660,303,4,True
fixed-frozen,0,661,303,4,True
fixed-frozen,0,662,303,4,True
fixed-frozen,0,663,303,4,True
fixed-frozen,0,664,303,4,True
fixed-frozen,0,665,303,4,True
fixed-frozen,0,666,303,4,True
fixed-frozen,0,667,303,4,True
fixed-frozen,0,668,303,4,True
fixed-frozen,0,669,303,4,True
fixed-frozen,0,670,303,4,True
fixed-frozen,0,671,303,4,True
fixed-frozen,0,672,303,4,True
fixed-frozen,0,673,303,4,True
fixed-frozen,0,674,303,4,True
fixed-frozen,0,675,303,4,True
fixed-frozen,0,676,303,4,True
fixed-frozen,0,677,303,4,True
fixed-frozen,0,678,303,4,True
fixed-frozen,0,679,303,4,True
fixed-frozen,0,680,303,4,True
fixed-frozen,0,681,303,4,True
fixed-frozen,0,682,303,4,True
fixed-frozen,0,683,303,4,True
fixed-frozen,0,684,303,4,True
fixed-frozen,0,685,303,4,True
fixed-frozen,0,686,303,4,True
fixed-frozen,0,687,303,4,True
fixed-frozen,0,688,303,4,True
fixed-frozen,0,689,303,4,True
fixed-frozen,0,690,303,4,True
fixed-frozen,0,691,303,4,True
fixed-frozen,0,692,303,4,True
fixed-frozen,0,693,303,4,True
fixed-frozen,0,694,303,4,True
fixed-frozen,0,695,303,4,True
fixed-frozen,0,696,303,4,True
fixed-frozen,0,697,303,4,True
fixed-frozen,0,698,303,4,True
fixed-frozen,0,699,303,4,True
fixed-frozen,0,700,303,4,True
fixed-frozen,0,701,303,4,True
fixed-frozen,0,702,303,4,True
fixed-frozen,0,703,303,4,True
fixed-frozen,0,704,303,4,True
fixed-frozen,0,705,303,4,True
fixed-frozen,0,706,303,4,True
fixed-frozen,0,707,303,4,True
fixed-frozen,0,708,303,4,True
fixed-frozen,0,709,303,4,True
fixed-frozen,0,710,303,4,True
fixed-frozen,0,711,303,4,True
fixed-frozen,0,712,303,4,True
fixed-frozen,0,713,303,4,True
fixed-frozen,0,714,303,4,True
fixed-frozen,0,715,303,4,True
fixed-frozen,0,716,303,4,True
fixed-frozen,0,717,303,4,True
fixed-frozen,0,718,303,4,True
fixed-frozen,0,719,303,4,True
fixed-frozen,0,720,303,4,True
fixed-frozen,0,721,303,4,True
fixed-frozen,0,722,303,4,True
fixed-frozen,0,723,303,4,True
fixed-frozen,0,724,303,4,True
fixed-frozen,0,725,303,4,True
fixed-frozen,0,726,303,4,True
fixed-frozen,0,727,303,4,True
fixed-frozen,0,728,303,4,True
fixed-frozen,0,729,303,4,True
fixed-frozen,0,730,303,4,True
fixed-frozen,0,731,303,4,True
fixed-frozen,0,732,303,4,True
fixed-frozen,0,733,303,4,True
fixed-frozen,0,734,303,4,True
fixed-frozen,0,735,303,4,True
fixed-frozen,0,736,303,4,True
fixed-frozen,0,737,303,4,True
fixed-frozen,0,738,303,4,True
fixed-frozen,0,739,303,4,True
fixed-frozen,0,740,303,4,True
fixed-frozen,0,741,303,4,True
fixed-frozen,0,742,303,4,True
fixed-frozen,0,743,303,4,True
fixed-frozen,0,744,303,4,True
fixed-frozen,0,745,303,4,True
fixed-frozen,0,746,303,4,True
fixed-frozen,0,747,303,4,True
fixed-frozen,0,748,303,4,True
fixed-frozen,0,749,303,4,True
fixed-frozen,0,750,303,4,True
fixed-frozen,0,751,303,4,True
fixed-frozen,0,752,303,4,True
fixed-frozen,0,753,303,4,True
fixed-frozen,0,754,303,4,True
fixed-frozen,0,755,303,4,True
fixed-frozen,0,756,303,4,True
fixed-frozen,0,757,303,4,True
fixed-frozen,0,758,303,4,True
fixed-frozen,0,759,303,4,True
fixed-frozen,0,760,303,4,True
fixed-frozen,0,761,303,4,True
fixed-frozen,0,762,303,4,True
fixed-frozen,0,763,303,4,True
fixed-frozen,0,764,303,4,True
fixed-frozen,0,765,303,4,True
fixed-frozen,0,766,303,4,True
fixed-frozen,0,767,303,4,True
fixed-frozen,0,768,303,4,True
fixed-frozen,0,769,303,4,True
fixed-frozen,0,770,303,4,True
fixed-frozen,0,771,303,4,True
fixed-frozen,0,772,303,4,True
fixed-frozen,0,773,303,4,True
fixed-frozen,0,774,303,4,True
fixed-frozen,0,775,303,4,True
fixed-frozen,0,776,303,4,True
fixed-frozen,0,777,303,4,True
fixed-frozen,0,778,303,4,True
fixed-frozen,0,779,303,4,True
fixed-frozen,0,780,303,4,True
fixed-frozen,0,781,303,4,True
fixed-frozen,0,782,303,4,True
fixed-frozen,0,783,303,4,True
fixed-frozen,0,784,303,4,True
fixed-frozen,0,785,303,4,True
fixed-frozen,0,786,303,4,True
fixed-frozen,0,787,303,4,True
fixed-frozen,0,788,303,4,True
fixed-frozen,0,789,303,4,True
fixed-frozen,0,790,303,4,True
fixed-frozen,0,791,303,4,True
fixed-frozen,0,792,303,4,True
fixed-frozen,0,793,303,4,True
fixed-frozen,0,794,303,4,True
fixed-frozen,0,795,303,4,True
fixed-frozen,0,796,303,4,True
fixed-frozen,0,797,303,4,True
fixed-frozen,0,798,303,4,True
fixed-frozen,0,799,303,4,True
fixed-frozen,0,800,303,4,True
fixed-frozen,0,801,303,4,True
fixed-frozen,0,802,303,4,True
fixed-frozen,0,803,303,4,True
fixed-frozen,0,804,303,4,True
fixed-frozen,0,805,303,4,True
fixed-frozen,0,806,303,4,True
fixed-frozen,0,807,303,4,True
fixed-frozen,0,808,303,4,True
fixed-frozen,0,809,303,4,True
fixed-frozen,0,810,303,4,True
fixed-frozen,0,811,303,4,True
fixed-frozen,0,812,303,4,True
fixed-frozen,0,813,303,4,True
fixed-frozen,0,814,303,4,True
fixed-frozen,0,815,303,4,True
fixed-frozen,0,816,303,4,True
fixed-frozen,0,817,303,4,True
fixed-frozen,0,818,303,4,True
fixed-frozen,0,819,303,4,True
fixed-frozen,0,820,303,4,True
fixed-frozen,0,821,303,4,True
fixed-frozen,0,822,303,4,True
fixed-frozen,0,823,303,4,True
fixed-frozen,0,824,303,4,True
fixed-frozen,0,825,303,4,True
fixed-frozen,0,826,303,4,True
fixed-frozen,0,827,303,4,True
fixed-frozen,0,828,303,4,True
fixed-frozen,0,829,303,4,True
fixed-frozen,0,830,303,4,True
fixed-frozen,0,831,303,4,True
fixed-frozen,0,832,303,4,True
fixed-frozen,0,833,303,4,True
fixed-frozen,0,834,303,4,True
fixed-frozen,0,835,303,4,True
fixed-frozen,0,836,303,4,True
fixed-frozen,0,837,303,4,True
fixed-frozen,0,838,303,4,True
fixed-frozen,0,839,303,4,True
fixed-frozen,0,840,303,4,True
fixed-frozen,0,841,303,4,True
fixed-frozen,0,842,303,4,True
fixed-frozen,0,843,303,4,True
fixed-frozen,0,844,303,4,True
fixed-frozen,0,845,303,4,True
fixed-frozen,0,846,303,4,True
fixed-frozen,0,847,303,4,True
fixed-frozen,0,848,303,4,True
fixed-frozen,0,849,303,4,True
fixed-frozen,0,850,303,4,True
fixed-frozen,0,851,303,4,True
fixed-frozen,0,852,303,4,True
fixed-frozen,0,853,303,4,True
fixed-frozen,0,854,303,4,True
fixed-frozen,0,855,303,4,True
fixed-frozen,0,856,303,4,True
fixed-frozen,0,857,303,4,True
fixed-frozen,0,858,303,4,True
fixed-frozen,0,859,303,4,True
fixed-frozen,0,860,303,4,True
fixed-frozen,0,861,303,4,True
fixed-frozen,0,862,303,4,True
fixed-frozen,0,863,303,4,True
fixed-frozen,0,864,303,4,True
fixed-frozen,0,865,303,4,True
fixed-frozen,0,866,303,4,True
fixed-frozen,0,867,303,4,True
fixed-frozen,0,868,303,4,True
fixed-frozen,0,869,303,4,True
fixed-frozen,0,870,303,4,True
fixed-frozen,0,871,303,4,True
fixed-frozen,0,872,303,4,True
fixed-frozen,0,873,303,4,True
fixed-frozen,0,874,303,4,True
fixed-frozen,0,875,303,4,True
fixed-frozen,0,876,303,4,True
fixed-frozen,0,877,303,4,True
fixed-frozen,0,878,303,4,True
fixed-frozen,0,879,303,4,True
fixed-frozen,0,880,303,4,True
fixed-frozen,0,881,303,4,True
fixed-frozen,0,882,303,4,True
fixed-frozen,0,883,303,4,True
fixed-frozen,0,884,303,4,True
fixed-frozen,0,885,303,4,True
fixed-frozen,0,886,303,4,True
fixed-frozen,0,887,303,4,True
fixed-frozen,0,888,303,4,True
fixed-frozen,0,889,303,4,True
fixed-frozen,0,890,303,4,True
fixed-frozen,0,891,303,4,True
fixed-frozen,0,892,303,4,True
fixed-frozen,0,893,303,4,True
fixed-frozen,0,894,303,4,True
fixed-frozen,0,895,303,4,True
fixed-frozen,0,896,303,4,True
fixed-frozen,0,897,303,4,True
fixed-frozen,0,898,303,4,True
fixed-frozen,0,899,303,4,True
fixed-frozen,0,900,303,4,True
fixed-frozen,0,901,303,4,True
fixed-frozen,0,902,303,4,True
fixed-frozen,0,903,303,4,True
fixed-frozen,0,904,303,4,True
fixed-frozen,0,905,303,4,True
fixed-frozen,0,906,303,4,True
fixed-frozen,0,907,303,4,True
fixed-frozen,0,908,303,4,True
fixed-frozen,0,909,303,4,True
fixed-frozen,0,910,303,4,True
fixed-frozen,0,911,303,4,True
fixed-frozen,0,912,303,4,True
fixed-frozen,0,913,303,4,True
fixed-frozen,0,914,303,4,True
fixed-frozen,0,915,303,4,True
fixed-frozen,0,916,303,4,True
fixed-frozen,0,917,303,4,True
fixed-frozen,0,918,303,4,True
fixed-frozen,0,919,303,4,True
fixed-frozen,0,920,303,4,True
fixed-frozen,0,921,303,4,True
fixed-frozen,0,922,303,4,True
fixed-frozen,0,923,303,4,True
fixed-frozen,0,924,303,4,True
fixed-frozen,0,925,303,4,True
fixed-frozen,0,926,303,4,True
fixed-frozen,0,927,303,4,True
fixed-frozen,0,928,303,4,True
fixed-frozen,0,929,303,4,True
fixed-frozen,0,930,303,4,True
fixed-frozen,0,931,303,4,True
fixed-frozen,0,932,303,4,True
fixed-frozen,0,933,303,4,True
fixed-frozen,0,934,303,4,True
fixed-frozen,0,935,303,4,True
fixed-frozen,0,936,303,4,True
fixed-frozen,0,937,303,4,True
fixed-frozen,0,938,303,4,True
fixed-frozen,0,939,303,4,True
fixed-frozen,0,940,303,4,True
fixed-frozen,0,941,303,4,True
fixed-frozen,0,942,303,4,True
fixed-frozen,0,943,303,4,True
fixed-frozen,0,944,303,4,True
fixed-frozen,0,945,303,4,True
fixed-frozen,0,946,303,4,True
fixed-frozen,0,947,303,4,True
fixed-frozen,0,948,303,4,True
fixed-frozen,0,949,303,4,True
fixed-frozen,0,950,303,4,True
fixed-frozen,0,951,303,4,True
fixed-frozen,0,952,303,4,True
fixed-frozen,0,953,303,4,True
fixed-frozen,0,954,303,4,True
fixed-frozen,0,955,303,4,True
fixed-frozen,0,956,303,4,True
fixed-frozen,0,957,303,4,True
fixed-frozen,0,958,303,4,True
fixed-frozen,0,959,303,4,True
fixed-frozen,0,960,303,4,True
fixed-frozen,0,961,303,4,True
fixed-frozen,0,962,303,4,True
fixed-frozen,0,963,303,4,True
fixed-frozen,0,964,303,4,True
fixed-frozen,0,965,303,4,True
fixed-frozen,0,966,303,4,True
fixed-frozen,0,967,303,4,True
fixed-frozen,0,968,303,4,True
fixed-frozen,0,969,303,4,True
fixed-frozen,0,970,303,4,True
fixed-frozen,0,971,303,4,True
fixed-frozen,0,972,303,4,True
fixed-frozen,0,973,303,4,True
fixed-frozen,0,974,303,4,True
fixed-frozen,0,975,303,4,True
fixed-frozen,0,976,303,4,True
fixed-frozen,0,977,303,4,True
fixed-frozen,0,978,303,4,True
fixed-frozen,0,979,303,4,True
fixed-frozen,0,980,303,4,True
fixed-frozen,0,981,303,4,True
fixed-frozen,0,982,303,4,True
fixed-frozen,0,983,303,4,True
fixed-frozen,0,984,303,4,True
fixed-frozen,0,985,303,4,True
fixed-frozen,0,986,303,4,True
fixed-frozen,0,987,303,4,True
fixed-frozen,0,988,303,4,True
fixed-frozen,0,989,303,4,True
fixed-frozen,0,990,303,4,True
fixed-frozen,0,991,303,4,True
fixed-frozen,0,992,303,4,True
fixed-frozen,0,993,303,4,True
fixed-frozen,0,994,303,4,True
fixed-frozen,0,995,303,4,True
fixed-frozen,0,996,303,4,True
fixed-frozen,0,997,303,4,True
fixed-frozen,0,998,303,4,True
fixed-frozen,0,999,303,4,True
fixed-frozen,0,1000,303,4,True
fixed-frozen,1,0,365,4,True
fixed-frozen,1,1,354,4,True
fixed-frozen,1,2,347,4,True
fixed-frozen,1,3,338,4,True
fixed-frozen,1,4,330,4,True
fixed-frozen,1,5,330,4,True
fixed-frozen,1,6,329,4,True
fixed-frozen,1,7,328,4,True
fixed-frozen,1,8,328,4,True
fixed-frozen,1,9,328,4,True
fixed-frozen,1,10,328,4,True
fixed-frozen,1,11,328,4,True
fixed-frozen,1,12,328,4,True
fixed-frozen,1,13,328,4,True
fixed-frozen,1,14,328,4,True
fixed-frozen,1,15,328,4,True
fixed-frozen,1,16,328,4,True
fixed-frozen,1,17,326,4,True
fixed-frozen,1,18,319,4,True
fixed-frozen,1,19,319,4,True
fixed-frozen,1,20,314,4,True
fixed-frozen,1,21,314,4,True
fixed-frozen,1,22,314,4,True
fixed-frozen,1,23,314,4,True
fixed-frozen,1,24,314,4,True
fixed-frozen,1,25,314,4,True
fixed-frozen,1,26,314,4,True
fixed-frozen,1,27,314,4,True
fixed-frozen,1,28,314,4,True
fixed-frozen,1,29,314,4,True
fixed-frozen,1,30,314,4,True
fixed-frozen,1,31,314,4,True
fixed-frozen,1,32,314,4,True
fixed-frozen,1,33,314,4,True
fixed-frozen,1,34,314,4,True
fixed-frozen,1,35,314,4,True
fixed-frozen,1,36,314,4,True
fixed-frozen,1,37,314,4,True
fixed-frozen,1,38,314,4,True
fixed-frozen,1,39,314,4,True
fixed-frozen,1,40,314,4,True
fixed-frozen,1,41,314,4,True
fixed-frozen,1,42,314,4,True
fixed-frozen,1,43,314,4,True
fixed-frozen,1,44,314,4,True
fixed-frozen,1,45,314,4,True
fixed-frozen,1,46,314,4,True
fixed-frozen,1,47,311,4,True
fixed-frozen,1,48,311,4,True
fixed-frozen,1,49,311,4,True
fixed-frozen,1,50,311,4,True
fixed-frozen,1,51,311,4,True
fixed-frozen,1,52,311,4,True
fixed-frozen,1,53,311,4,True
fixed-frozen,1,54,311,4,True
fixed-frozen,1,55,311,4,True
fixed-frozen,1,56,311,4,True
fixed-frozen,1,57,311,4,True
fixed-frozen,1,58,311,4,True
fixed-frozen,1,59,311,4,True
fixed-frozen,1,60,311,4,True
fixed-frozen,1,61,311,4,True
fixed-frozen,1,62,311,4,True
fixed-frozen,1,63,311,4,True
fixed-frozen,1,64,311,4,True
fixed-frozen,1,65,311,4,True
fixed-frozen,1,66,311,4,True
fixed-frozen,1,67,311,4,True
fixed-frozen,1,68,311,4,True
fixed-frozen,1,69,311,4,True
fixed-frozen,1,70,311,4,True
fixed-frozen,1,71,311,4,True
fixed-frozen,1,72,311,4,True
fixed-frozen,1,73,311,4,True
fixed-frozen,1,74,311,4,True
fixed-frozen,1,75,311,4,True
fixed-frozen,1,76,311,4,True
fixed-frozen,1,77,311,4,True
fixed-frozen,1,78,311,4,True
fixed-frozen,1,79,311,4,True
fixed-frozen,1,80,311,4,True
fixed-frozen,1,81,311,4,True
fixed-frozen,1,82,311,4,True
fixed-frozen,1,83,311,4,True
fixed-frozen,1,84,311,4,True
fixed-frozen,1,85,311,4,True
fixed-frozen,1,86,311,4,True
fixed-frozen,1,87,311,4,True
fixed-frozen,1,88,311,4,True
fixed-frozen,1,89,311,4,True
fixed-frozen,1,90,311,4,True
fixed-frozen,1,91,311,4,True
fixed-frozen,1,92,311,4,True
fixed-frozen,1,93,311,4,True
fixed-frozen,1,94,311,4,True
fixed-frozen,1,95,311,4,True
fixed-frozen,1,96,311,4,True
fixed-frozen,1,97,311,4,True
fixed-frozen,1,98,311,4,True
fixed-frozen,1,99,311,4,True
fixed-frozen,1,100,311,4,True
fixed-frozen,1,101,311,4,True
fixed-frozen,1,102,311,4,True
fixed-frozen,1,103,311,4,True
fixed-frozen,1,104,311,4,True
fixed-frozen,1,105,311,4,True
fixed-frozen,1,106,311,4,True
fixed-frozen,1,107,311,4,True
fixed-frozen,1,108,311,4,True
fixed-frozen,1,109,311,4,True
fixed-frozen,1,110,311,4,True
fixed-frozen,1,111,311,4,True
fixed-frozen,1,112,311,4,True
fixed-frozen,1,113,311,4,True
fixed-frozen,1,114,311,4,True
fixed-frozen,1,115,311,4,True
fixed-frozen,1,116,311,4,True
fixed-frozen,1,117,311,4,True
fixed-frozen,1,118,311,4,True
fixed-frozen,1,119,311,4,True
fixed-frozen,1,120,311,4,True
fixed-frozen,1,121,311,4,True
fixed-frozen,1,122,311,4,True
fixed-frozen,1,123,311,4,True
fixed-frozen,1,124,311,4,True
fixed-frozen,1,125,311,4,True
fixed-frozen,1,126,311,4,True
fixed-frozen,1,127,311,4,True
fixed-frozen,1,128,311,4,True
fixed-frozen,1,129,311,4,True
fixed-frozen,1,130,311,4,True
fixed-frozen,1,131,311,4,True
fixed-frozen,1,132,311,4,True
fixed-frozen,1,133,311,4,True
fixed-frozen,1,134,311,4,True
fixed-frozen,1,135,311,4,True
fixed-frozen,1,136,311,4,True
fixed-frozen,1,137,311,4,True
fixed-frozen,1,138,311,4,True
fixed-frozen,1,139,311,4,True
fixed-frozen,1,140,311,4,True
fixed-frozen,1,141,311,4,True
fixed-frozen,1,142,311,4,True
fixed-frozen,1,143,311,4,True
fixed-frozen,1,144,311,4,True
fixed-frozen,1,145,311,4,True
fixed-frozen,1,146,311,4,True
fixed-frozen,1,147,311,4,True
fixed-frozen,1,148,311,4,True
fixed-frozen,1,149,311,4,True
fixed-frozen,1,150,311,4,True
fixed-frozen,1,151,311,4,True
fixed-frozen,1,152,311,4,True
fixed-frozen,1,153,311,4,True
fixed-frozen,1,154,311,4,True
fixed-frozen,1,155,311,4,True
fixed-frozen,1,156,311,4,True
fixed-frozen,1,157,311,4,True
fixed-frozen,1,158,311,4,True
fixed-frozen,1,159,311,4,True
fixed-frozen,1,160,311,4,True
fixed-frozen,1,161,311,4,True
fixed-frozen,1,162,311,4,True
fixed-frozen,1,163,311,4,True
fixed-frozen,1,164,311,4,True
fixed-frozen,1,165,311,4,True
fixed-frozen,1,166,311,4,True
fixed-frozen,1,167,311,4,True
fixed-frozen,1,168,311,4,True
fixed-frozen,1,169,311,4,True
fixed-frozen,1,170,311,4,True
fixed-frozen,1,171,311,4,True
fixed-frozen,1,172,311,4,True
fixed-frozen,1,173,311,4,True
fixed-frozen,1,174,311,4,True
fixed-frozen,1,175,311,4,True
fixed-frozen,1,176,311,4,True
fixed-frozen,1,177,311,4,True
fixed-frozen,1,178,311,4,True
fixed-frozen,1,179,310,4,True
fixed-frozen,1,180,310,4,True
fixed-frozen,1,181,310,4,True
fixed-frozen,1,182,310,4,True
fixed-frozen,1,183,310,4,True
fixed-frozen,1,184,310,4,True
fixed-frozen,1,185,310,4,True
fixed-frozen,1,186,310,4,True
fixed-frozen,1,187,310,4,True
fixed-frozen,1,188,310,4,True
fixed-frozen,1,189,310,4,True
fixed-frozen,1,190,310,4,True
fixed-frozen,1,191,310,4,True
fixed-frozen,1,192,310,4,True
fixed-frozen,1,193,310,4,True
fixed-frozen,1,194,310,4,True
fixed-frozen,1,195,310,4,True
fixed-frozen,1,196,310,4,True
fixed-frozen,1,197,310,4,True
fixed-frozen,1,198,310,4,True
fixed-frozen,1,199,310,4,True
fixed-frozen,1,200,310,4,True
fixed-frozen,1,201,310,4,True
fixed-frozen,1,202,310,4,True
fixed-frozen,1,203,310,4,True
fixed-frozen,1,204,310,4,True
fixed-frozen,1,205,310,4,True
fixed-frozen,1,206,310,4,True
fixed-frozen,1,207,310,4,True
fixed-frozen,1,208,310,4,True
fixed-frozen,1,209,310,4,True
fixed-frozen,1,210,310,4,True
fixed-frozen,1,211,310,4,True
fixed-frozen,1,212,310,4,True
fixed-frozen,1,213,310,4,True
fixed-frozen,1,214,310,4,True
fixed-frozen,1,215,310,4,True
fixed-frozen,1,216,310,4,True
fixed-frozen,1,217,310,4,True
fixed-frozen,1,218,310,4,True
fixed-frozen,1,219,310,4,True
fixed-frozen,1,220,310,4,True
fixed-frozen,1,221,310,4,True
fixed-frozen,1,222,310,4,True
fixed-frozen,1,223,310,4,True
fixed-frozen,1,224,310,4,True
fixed-frozen,1,225,310,4,True
fixed-frozen,1,226,310,4,True
fixed-frozen,1,227,310,4,True
fixed-frozen,1,228,310,4,True
fixed-frozen,1,229,310,4,True
fixed-frozen,1,230,310,4,True
fixed-frozen,1,231,310,4,True
fixed-frozen,1,232,310,4,True
fixed-frozen,1,233,310,4,True
fixed-frozen,1,234,310,4,True
fixed-frozen,1,235,310,4,True
fixed-frozen,1,236,310,4,True
fixed-frozen,1,237,310,4,True
fixed-frozen,1,238,310,4,True
fixed-frozen,1,239,310,4,True
fixed-frozen,1,240,310,4,True
fixed-frozen,1,241,310,4,True
fixed-frozen,1,242,310,4,True
fixed-frozen,1,243,310,4,True
fixed-frozen,1,244,310,4,True
fixed-frozen,1,245,310,4,True
fixed-frozen,1,246,310,4,True
fixed-frozen,1,247,310,4,True
fixed-frozen,1,248,310,4,True
fixed-frozen,1,249,310,4,True
fixed-frozen,1,250,310,4,True
fixed-frozen,1,251,310,4,True
fixed-frozen,1,252,310,4,True
fixed-frozen,1,253,310,4,True
fixed-frozen,1,254,310,4,True
fixed-frozen,1,255,310,4,True
fixed-frozen,1,256,310,4,True
fixed-frozen,1,257,310,4,True
fixed-frozen,1,258,310,4,True
fixed-frozen,1,259,310,4,True
fixed-frozen,1,260,310,4,True
fixed-frozen,1,261,310,4,True
fixed-frozen,1,262,310,4,True
fixed-frozen,1,263,310,4,True
fixed-frozen,1,264,310,4,True
fixed-frozen,1,265,310,4,True
fixed-frozen,1,266,310,4,True
fixed-frozen,1,267,310,4,True
fixed-frozen,1,268,310,4,True
fixed-frozen,1,269,310,4,True
fixed-frozen,1,270,310,4,True
fixed-frozen,1,271,310,4,True
fixed-frozen,1,272,310,4,True
fixed-frozen,1,273,310,4,True
fixed-frozen,1,274,310,4,True
fixed-frozen,1,275,310,4,True
fixed-frozen,1,276,310,4,True
fixed-frozen,1,277,310,4,True
fixed-frozen,1,278,310,4,True
fixed-frozen,1,279,310,4,True
fixed-frozen,1,280,310,4,True
fixed-frozen,1,281,310,4,True
fixed-frozen,1,282,310,4,True
fixed-frozen,1,283,310,4,True
fixed-frozen,1,284,310,4,True
fixed-frozen,1,285,310,4,True
fixed-frozen,1,286,310,4,True
fixed-frozen,1,287,310,4,True
fixed-frozen,1,288,310,4,True
fixed-frozen,1,289,310,4,True
fixed-frozen,1,290,310,4,True
fixed-frozen,1,291,310,4,True
fixed-frozen,1,292,310,4,True
fixed-frozen,1,293,310,4,True
fixed-frozen,1,294,310,4,True
fixed-frozen,1,295,310,4,True
fixed-frozen,1,296,310,4,True
fixed-frozen,1,297,310,4,True
fixed-frozen,1,298,310,4,True
fixed-frozen,1,299,310,4,True
fixed-frozen,1,300,310,4,True
fixed-frozen,1,301,310,4,True
fixed-frozen,1,302,310,4,True
fixed-frozen,1,303,310,4,True
fixed-frozen,1,304,310,4,True
fixed-frozen,1,305,310,4,True
fixed-frozen,1,306,310,4,True
fixed-frozen,1,307,310,4,True
fixed-frozen,1,308,310,4,True
fixed-frozen,1,309,310,4,True
fixed-frozen,1,310,310,4,True
fixed-frozen,1,311,310,4,True
fixed-frozen,1,312,310,4,True
fixed-frozen,1,313,310,4,True
fixed-frozen,1,314,310,4,True
fixed-frozen,1,315,310,4,True
fixed-frozen,1,316,310,4,True
fixed-frozen,1,317,310,4,True
fixed-frozen,1,318,310,4,True
fixed-frozen,1,319,310,4,True
fixed-frozen,1,320,310,4,True
fixed-frozen,1,321,310,4,True
fixed-frozen,1,322,310,4,True
fixed-frozen,1,323,310,4,True
fixed-frozen,1,324,310,4,True
fixed-frozen,1,325,310,4,True
fixed-frozen,1,326,310,4,True
fixed-frozen,1,327,310,4,True
fixed-frozen,1,328,310,4,True
fixed-frozen,1,329,310,4,True
fixed-frozen,1,330,310,4,True
fixed-frozen,1,331,310,4,True
fixed-frozen,1,332,310,4,True
fixed-frozen,1,333,310,4,True
fixed-frozen,1,334,310,4,True
fixed-frozen,1,335,310,4,True
fixed-frozen,1,336,310,4,True
fixed-frozen,1,337,310,4,True
fixed-frozen,1,338,310,4,True
fixed-frozen,1,339,310,4,True
fixed-frozen,1,340,310,4,True
fixed-frozen,1,341,310,4,True
fixed-frozen,1,342,310,4,True
fixed-frozen,1,343,310,4,True
fixed-frozen,1,344,310,4,True
fixed-frozen,1,345,310,4,True
fixed-frozen,1,346,310,4,True
fixed-frozen,1,347,310,4,True
fixed-frozen,1,348,310,4,True
fixed-frozen,1,349,310,4,True
fixed-frozen,1,350,310,4,True
fixed-frozen,1,351,310,4,True
fixed-frozen,1,352,310,4,True
fixed-frozen,1,353,310,4,True
fixed-frozen,1,354,310,4,True
fixed-frozen,1,355,310,4,True
fixed-frozen,1,356,310,4,True
fixed-frozen,1,357,310,4,True
fixed-frozen,1,358,310,4,True
fixed-frozen,1,359,310,4,True
fixed-frozen,1,360,310,4,True
fixed-frozen,1,361,310,4,True
fixed-frozen,1,362,310,4,True
fixed-frozen,1,363,310,4,True
fixed-frozen,1,364,310,4,True
fixed-frozen,1,365,310,4,True
fixed-frozen,1,366,310,4,True
fixed-frozen,1,367,310,4,True
fixed-frozen,1,368,310,4,True
fixed-frozen,1,369,310,4,True
fixed-frozen,1,370,310,4,True
fixed-frozen,1,371,310,4,True
fixed-frozen,1,372,310,4,True
fixed-frozen,1,373,310,4,True
fixed-frozen,1,374,310,4,True
fixed-frozen,1,375,310,4,True
fixed-frozen,1,376,310,4,True
fixed-frozen,1,377,310,4,True
fixed-frozen,1,378,310,4,True
fixed-frozen,1,379,310,4,True
fixed-frozen,1,380,310,4,True
fixed-frozen,1,381,310,4,True
fixed-frozen,1,382,310,4,True
fixed-frozen,1,383,310,4,True
fixed-frozen,1,384,310,4,True
fixed-frozen,1,385,310,4,True
fixed-frozen,1,386,310,4,True
fixed-frozen,1,387,310,4,True
fixed-frozen,1,388,310,4,True
fixed-frozen,1,389,310,4,True
fixed-frozen,1,390,310,4,True
fixed-frozen,1,391,310,4,True
fixed-frozen,1,392,310,4,True
fixed-frozen,1,393,310,4,True
fixed-frozen,1,394,310,4,True
fixed-frozen,1,395,310,4,True
fixed-frozen,1,396,310,4,True
fixed-frozen,1,397,310,4,True
fixed-frozen,1,398,310,4,True
fixed-frozen,1,399,310,4,True
fixed-frozen,1,400,310,4,True
fixed-frozen,1,401,310,4,True
fixed-frozen,1,402,310,4,True
fixed-frozen,1,403,310,4,True
fixed-frozen,1,404,310,4,True
fixed-frozen,1,405,310,4,True
fixed-frozen,1,406,310,4,True
fixed-frozen,1,407,310,4,True
fixed-frozen,1,408,310,4,True
fixed-frozen,1,409,310,4,True
fixed-frozen,1,410,310,4,True
fixed-frozen,1,411,310,4,True
fixed-frozen,1,412,310,4,True
fixed-frozen,1,413,310,4,True
fixed-frozen,1,414,310,4,True
fixed-frozen,1,415,310,4,True
fixed-frozen,1,416,310,4,True
fixed-frozen,1,417,309,4,True
fixed-frozen,1,418,309,4,True
fixed-frozen,1,419,307,4,True
fixed-frozen,1,420,306,4,True
fixed-frozen,1,421,306,4,True
fixed-frozen,1,422,306,4,True
fixed-frozen,1,423,306,4,True
fixed-frozen,1,424,306,4,True
fixed-frozen,1,425,306,4,True
fixed-frozen,1,426,306,4,True
fixed-frozen,1,427,306,4,True
fixed-frozen,1,428,306,4,True
fixed-frozen,1,429,306,4,True
fixed-frozen,1,430,306,4,True
fixed-frozen,1,431,306,4,True
fixed-frozen,1,432,306,4,True
fixed-frozen,1,433,306,4,True
fixed-frozen,1,434,306,4,True
fixed-frozen,1,435,306,4,True
fixed-frozen,1,436,306,4,True
fixed-frozen,1,437,306,4,True
fixed-frozen,1,438,306,4,True
fixed-frozen,1,439,306,4,True
fixed-frozen,1,440,306,4,True
fixed-frozen,1,441,306,4,True
fixed-frozen,1,442,306,4,True
fixed-frozen,1,443,306,4,True
fixed-frozen,1,444,306,4,True
fixed-frozen,1,445,306,4,True
fixed-frozen,1,446,306,4,True
fixed-frozen,1,447,306,4,True
fixed-frozen,1,448,306,4,True
fixed-frozen,1,449,306,4,True
fixed-frozen,1,450,306,4,True
fixed-frozen,1,451,306,4,True
fixed-frozen,1,452,306,4,True
fixed-frozen,1,453,306,4,True
fixed-frozen,1,454,306,4,True
fixed-frozen,1,455,306,4,True
fixed-frozen,1,456,306,4,True
fixed-frozen,1,457,306,4,True
fixed-frozen,1,458,306,4,True
fixed-frozen,1,459,306,4,True
fixed-frozen,1,460,306,4,True
fixed-frozen,1,461,306,4,True
fixed-frozen,1,462,306,4,True
fixed-frozen,1,463,306,4,True
fixed-frozen,1,464,306,4,True
fixed-frozen,1,465,306,4,True
fixed-frozen,1,466,306,4,True
fixed-frozen,1,467,306,4,True
fixed-frozen,1,468,306,4,True
fixed-frozen,1,469,306,4,True
fixed-frozen,1,470,306,4,True
fixed-frozen,1,471,306,4,True
fixed-frozen,1,472,306,4,True
fixed-frozen,1,473,306,4,True
fixed-frozen,1,474,306,4,True
fixed-frozen,1,475,306,4,True
fixed-frozen,1,476,306,4,True
fixed-frozen,1,477,306,4,True
fixed-frozen,1,478,306,4,True
fixed-frozen,1,479,306,4,True
fixed-frozen,1,480,306,4,True
fixed-frozen,1,481,306,4,True
fixed-frozen,1,482,306,4,True
fixed-frozen,1,483,306,4,True
fixed-frozen,1,484,306,4,True
fixed-frozen,1,485,306,4,True
fixed-frozen,1,486,306,4,True
fixed-frozen,1,487,306,4,True
fixed-frozen,1,488,306,4,True
fixed-frozen,1,489,306,4,True
fixed-frozen,1,490,306,4,True
fixed-frozen,1,491,306,4,True
fixed-frozen,1,492,306,4,True
fixed-frozen,1,493,306,4,True
fixed-frozen,1,494,306,4,True
fixed-frozen,1,495,306,4,True
fixed-frozen,1,496,306,4,True
fixed-frozen,1,497,306,4,True
fixed-frozen,1,498,306,4,True
fixed-frozen,1,499,306,4,True
fixed-frozen,1,500,306,4,True
fixed-frozen,1,501,306,4,True
fixed-frozen,1,502,306,4,True
fixed-frozen,1,503,306,4,True
fixed-frozen,1,504,306,4,True
fixed-frozen,1,505,306,4,True
fixed-frozen,1,506,306,4,True
fixed-frozen,1,507,306,4,True
fixed-frozen,1,508,306,4,True
fixed-frozen,1,509,306,4,True
fixed-frozen,1,510,306,4,True
fixed-frozen,1,511,306,4,True
fixed-frozen,1,512,306,4,True
fixed-frozen,1,513,306,4,True
fixed-frozen,1,514,306,4,True
fixed-frozen,1,515,306,4,True
fixed-frozen,1,516,306,4,True
fixed-frozen,1,517,306,4,True
fixed-frozen,1,518,306,4,True
fixed-frozen,1,519,306,4,True
fixed-frozen,1,520,306,4,True
fixed-frozen,1,521,306,4,True
fixed-frozen,1,522,306,4,True
fixed-frozen,1,523,306,4,True
fixed-frozen,1,524,306,4,True
fixed-frozen,1,525,306,4,True
fixed-frozen,1,526,306,4,True
fixed-frozen,1,527,306,4,True
fixed-frozen,1,528,306,4,True
fixed-frozen,1,529,306,4,True
fixed-frozen,1,530,306,4,True
fixed-frozen,1,531,306,4,True
fixed-frozen,1,532,306,4,True
fixed-frozen,1,533,306,4,True
fixed-frozen,1,534,306,4,True
fixed-frozen,1,535,306,4,True
fixed-frozen,1,536,306,4,True
fixed-frozen,1,537,306,4,True
fixed-frozen,1,538,306,4,True
fixed-frozen,1,539,306,4,True
fixed-frozen,1,540,306,4,True
fixed-frozen,1,541,306,4,True
fixed-frozen,1,542,306,4,True
fixed-frozen,1,543,306,4,True
fixed-frozen,1,544,306,4,True
fixed-frozen,1,545,306,4,True
fixed-frozen,1,546,306,4,True
fixed-frozen,1,547,306,4,True
fixed-frozen,1,548,306,4,True
fixed-frozen,1,549,306,4,True
fixed-frozen,1,550,306,4,True
fixed-frozen,1,551,306,4,True
fixed-frozen,1,552,306,4,True
fixed-frozen,1,553,306,4,True
fixed-frozen,1,554,306,4,True
fixed-frozen,1,555,306,4,True
fixed-frozen,1,556,306,4,True
fixed-frozen,1,557,306,4,True
fixed-frozen,1,558,306,4,True
fixed-frozen,1,559,306,4,True
fixed-frozen,1,560,306,4,True
fixed-frozen,1,561,306,4,True
fixed-frozen,1,562,306,4,True
fixed-frozen,1,563,306,4,True
fixed-frozen,1,564,306,4,True
fixed-frozen,1,565,306,4,True
fixed-frozen,1,566,306,4,True
fixed-frozen,1,567,306,4,True
fixed-frozen,1,568,306,4,True
fixed-frozen,1,569,306,4,True
fixed-frozen,1,570,306,4,True
fixed-frozen,1,571,306,4,True
fixed-frozen,1,572,306,4,True
fixed-frozen,1,573,306,4,True
fixed-frozen,1,574,306,4,True
fixed-frozen,1,575,306,4,True
fixed-frozen,1,576,306,4,True
fixed-frozen,1,577,306,4,True
fixed-frozen,1,578,306,4,True
fixed-frozen,1,579,306,4,True
fixed-frozen,1,580,306,4,True
fixed-frozen,1,581,306,4,True
fixed-frozen,1,582,306,4,True
fixed-frozen,1,583,306,4,True
fixed-frozen,1,584,306,4,True
fixed-frozen,1,585,306,4,True
fixed-frozen,1,586,306,4,True
fixed-frozen,1,587,306,4,True
fixed-frozen,1,588,306,4,True
fixed-frozen,1,589,306,4,True
fixed-frozen,1,590,306,4,True
fixed-frozen,1,591,306,4,True
fixed-frozen,1,592,306,4,True
fixed-frozen,1,593,306,4,True
fixed-frozen,1,594,306,4,True
fixed-frozen,1,595,306,4,True
fixed-frozen,1,596,306,4,True
fixed-frozen,1,597,306,4,True
fixed-frozen,1,598,306,4,True
fixed-frozen,1,599,306,4,True
fixed-frozen,1,600,306,4,True
fixed-frozen,1,601,306,4,True
fixed-frozen,1,602,306,4,True
fixed-frozen,1,603,306,4,True
fixed-frozen,1,604,306,4,True
fixed-frozen,1,605,306,4,True
fixed-frozen,1,606,306,4,True
fixed-frozen,1,607,306,4,True
fixed-frozen,1,608,306,4,True
fixed-frozen,1,609,306,4,True
fixed-frozen,1,610,306,4,True
fixed-frozen,1,611,306,4,True
fixed-frozen,1,612,306,4,True
fixed-frozen,1,613,306,4,True
fixed-frozen,1,614,306,4,True
fixed-frozen,1,615,306,4,True
fixed-frozen,1,616,306,4,True
fixed-frozen,1,617,306,4,True
fixed-frozen,1,618,306,4,True
fixed-frozen,1,619,306,4,True
fixed-frozen,1,620,306,4,True
fixed-frozen,1,621,306,4,True
fixed-frozen,1,622,306,4,True
fixed-frozen,1,623,306,4,True
fixed-frozen,1,624,306,4,True
fixed-frozen,1,625,306,4,True
fixed-frozen,1,626,306,4,True
fixed-frozen,1,627,306,4,True
fixed-frozen,1,628,306,4,True
fixed-frozen,1,629,306,4,True
fixed-frozen,1,630,306,4,True
fixed-frozen,1,631,306,4,True
fixed-frozen,1,632,306,4,True
fixed-frozen,1,633,306,4,True
fixed-frozen,1,634,306,4,True
fixed-frozen,1,635,306,4,True
fixed-frozen,1,636,306,4,True
fixed-frozen,1,637,306,4,True
fixed-frozen,1,638,306,4,True
fixed-frozen,1,639,306,4,True
fixed-frozen,1,640,306,4,True
fixed-frozen,1,641,306,4,True
fixed-frozen,1,642,306,4,True
fixed-frozen,1,643,306,4,True
fixed-frozen,1,644,306,4,True
fixed-frozen,1,645,306,4,True
fixed-frozen,1,646,306,4,True
fixed-frozen,1,647,306,4,True
fixed-frozen,1,648,306,4,True
fixed-frozen,1,649,306,4,True
fixed-frozen,1,650,306,4,True
fixed-frozen,1,651,306,4,True
fixed-frozen,1,652,306,4,True
fixed-frozen,1,653,306,4,True
fixed-frozen,1,654,306,4,True
fixed-frozen,1,655,306,4,True
fixed-frozen,1,656,306,4,True
fixed-frozen,1,657,306,4,True
fixed-frozen,1,658,306,4,True
fixed-frozen,1,659,306,4,True
fixed-frozen,1,660,306,4,True
fixed-frozen,1,661,306,4,True
fixed-frozen,1,662,306,4,True
fixed-frozen,1,663,306,4,True
fixed-frozen,1,664,306,4,True
fixed-frozen,1,665,306,4,True
fixed-frozen,1,666,306,4,True
fixed-frozen,1,667,306,4,True
fixed-frozen,1,668,306,4,True
fixed-frozen,1,669,306,4,True
fixed-frozen,1,670,306,4,True
fixed-frozen,1,671,306,4,True
fixed-frozen,1,672,306,4,True
fixed-frozen,1,673,306,4,True
fixed-frozen,1,674,306,4,True
fixed-frozen,1,675,306,4,True
fixed-frozen,1,676,306,4,True
fixed-frozen,1,677,306,4,True
fixed-frozen,1,678,306,4,True
fixed-frozen,1,679,306,4,True
fixed-frozen,1,680,306,4,True
fixed-frozen,1,681,306,4,True
fixed-frozen,1,682,306,4,True
fixed-frozen,1,683,306,4,True
fixed-frozen,1,684,306,4,True
fixed-frozen,1,685,306,4,True
fixed-frozen,1,686,306,4,True
fixed-frozen,1,687,306,4,True
fixed-frozen,1,688,306,4,True
fixed-frozen,1,689,306,4,True
fixed-frozen,1,690,306,4,True
fixed-frozen,1,691,306,4,True
fixed-frozen,1,692,306,4,True
fixed-frozen,1,693,306,4,True
fixed-frozen,1,694,306,4,True
fixed-frozen,1,695,306,4,True
fixed-frozen,1,696,306,4,True
fixed-frozen,1,697,306,4,True
fixed-frozen,1,698,306,4,True
fixed-frozen,1,699,306,4,True
fixed-frozen,1,700,306,4,True
fixed-frozen,1,701,306,4,True
fixed-frozen,1,702,306,4,True
fixed-frozen,1,703,306,4,True
fixed-frozen,1,704,306,4,True
fixed-frozen,1,705,306,4,True
fixed-frozen,1,706,306,4,True
fixed-frozen,1,707,306,4,True
fixed-frozen,1,708,306,4,True
fixed-frozen,1,709,306,4,True
fixed-frozen,1,710,306,4,True
fixed-frozen,1,711,306,4,True
fixed-frozen,1,712,306,4,True
fixed-frozen,1,713,306,4,True
fixed-frozen,1,714,306,4,True
fixed-frozen,1,715,306,4,True
fixed-frozen,1,716,306,4,True
fixed-frozen,1,717,306,4,True
fixed-frozen,1,718,306,4,True
fixed-frozen,1,719,306,4,True
fixed-frozen,1,720,306,4,True
fixed-frozen,1,721,306,4,True
fixed-frozen,1,722,306,4,True
fixed-frozen,1,723,306,4,True
fixed-frozen,1,724,306,4,True
fixed-frozen,1,725,306,4,True
fixed-frozen,1,726,306,4,True
fixed-frozen,1,727,306,4,True
fixed-frozen,1,728,306,4,True
fixed-frozen,1,729,306,4,True
fixed-frozen,1,730,306,4,True
fixed-frozen,1,731,306,4,True
fixed-frozen,1,732,306,4,True
fixed-frozen,1,733,306,4,True
fixed-frozen,1,734,306,4,True
fixed-frozen,1,735,306,4,True
fixed-frozen,1,736,306,4,True
fixed-frozen,1,737,306,4,True
fixed-frozen,1,738,306,4,True
fixed-frozen,1,739,306,4,True
fixed-frozen,1,740,306,4,True
fixed-frozen,1,741,306,4,True
fixed-frozen,1,742,306,4,True
fixed-frozen,1,743,306,4,True
fixed-frozen,1,744,306,4,True
fixed-frozen,1,745,306,4,True
fixed-frozen,1,746,306,4,True
fixed-frozen,1,747,306,4,True
fixed-frozen,1,748,306,4,True
fixed-frozen,1,749,306,4,True
fixed-frozen,1,750,306,4,True
fixed-frozen,1,751,306,4,True
fixed-frozen,1,752,306,4,True
fixed-frozen,1,753,306,4,True
fixed-frozen,1,754,306,4,True
fixed-frozen,1,755,306,4,True
fixed-frozen,1,756,306,4,True
fixed-frozen,1,757,306,4,True
fixed-frozen,1,758,306,4,True
fixed-frozen,1,759,306,4,True
fixed-frozen,1,760,306,4,True
fixed-frozen,1,761,306,4,True
fixed-frozen,1,762,306,4,True
fixed-frozen,1,763,306,4,True
fixed-frozen,1,764,306,4,True
fixed-frozen,1,765,306,4,True
fixed-frozen,1,766,306,4,True
fixed-frozen,1,767,306,4,True
fixed-frozen,1,768,306,4,True
fixed-frozen,1,769,306,4,True
fixed-frozen,1,770,306,4,True
fixed-frozen,1,771,306,4,True
fixed-frozen,1,772,306,4,True
fixed-frozen,1,773,306,4,True
fixed-frozen,1,774,306,4,True
fixed-frozen,1,775,306,4,True
fixed-frozen,1,776,306,4,True
fixed-frozen,1,777,306,4,True
fixed-frozen,1,778,306,4,True
fixed-frozen,1,779,306,4,True
fixed-frozen,1,780,306,4,True
fixed-frozen,1,781,306,4,True
fixed-frozen,1,782,306,4,True
fixed-frozen,1,783,306,4,True
fixed-frozen,1,784,306,4,True
fixed-frozen,1,785,306,4,True
fixed-frozen,1,786,306,4,True
fixed-frozen,1,787,306,4,True
fixed-frozen,1,788,306,4,True
fixed-frozen,1,789,306,4,True
fixed-frozen,1,790,306,4,True
fixed-frozen,1,791,306,4,True
fixed-frozen,1,792,306,4,True
fixed-frozen,1,793,306,4,True
fixed-frozen,1,794,306,4,True
fixed-frozen,1,795,306,4,True
fixed-frozen,1,796,306,4,True
fixed-frozen,1,797,306,4,True
fixed-frozen,1,798,306,4,True
fixed-frozen,1,799,306,4,True
fixed-frozen,1,800,306,4,True
fixed-frozen,1,801,306,4,True
fixed-frozen,1,802,306,4,True
fixed-frozen,1,803,306,4,True
fixed-frozen,1,804,306,4,True
fixed-frozen,1,805,306,4,True
fixed-frozen,1,806,306,4,True
fixed-frozen,1,807,306,4,True
fixed-frozen,1,808,306,4,True
fixed-frozen,1,809,306,4,True
fixed-frozen,1,810,306,4,True
fixed-frozen,1,811,306,4,True
fixed-frozen,1,812,306,4,True
fixed-frozen,1,813,306,4,True
fixed-frozen,1,814,306,4,True
fixed-frozen,1,815,306,4,True
fixed-frozen,1,816,306,4,True
fixed-frozen,1,817,306,4,True
fixed-frozen,1,818,306,4,True
fixed-frozen,1,819,306,4,True
fixed-frozen,1,820,306,4,True
fixed-frozen,1,821,306,4,True
fixed-frozen,1,822,306,4,True
fixed-frozen,1,823,306,4,True
fixed-frozen,1,824,306,4,True
fixed-frozen,1,825,306,4,True
fixed-frozen,1,826,306,4,True
fixed-frozen,1,827,306,4,True
fixed-frozen,1,828,306,4,True
fixed-frozen,1,829,306,4,True
fixed-frozen,1,830,306,4,True
fixed-frozen,1,831,306,4,True
fixed-frozen,1,832,306,4,True
fixed-frozen,1,833,306,4,True
fixed-frozen,1,834,306,4,True
fixed-frozen,1,835,306,4,True
fixed-frozen,1,836,306,4,True
fixed-frozen,1,837,306,4,True
fixed-frozen,1,838,306,4,True
fixed-frozen,1,839,306,4,True
fixed-frozen,1,840,306,4,True
fixed-frozen,1,841,306,4,True
fixed-frozen,1,842,306,4,True
fixed-frozen,1,843,306,4,True
fixed-frozen,1,844,306,4,True
fixed-frozen,1,845,306,4,True
fixed-frozen,1,846,306,4,True
fixed-frozen,1,847,306,4,True
fixed-frozen,1,848,306,4,True
fixed-frozen,1,849,306,4,True
fixed-frozen,1,850,306,4,True
fixed-frozen,1,851,306,4,True
fixed-frozen,1,852,306,4,True
fixed-frozen,1,853,306,4,True
fixed-frozen,1,854,306,4,True
fixed-frozen,1,855,306,4,True
fixed-frozen,1,856,306,4,True
fixed-frozen,1,857,306,4,True
fixed-frozen,1,858,306,4,True
fixed-frozen,1,859,306,4,True
fixed-frozen,1,860,306,4,True
fixed-frozen,1,861,306,4,True
fixed-frozen,1,862,306,4,True
fixed-frozen,1,863,306,4,True
fixed-frozen,1,864,306,4,True
fixed-frozen,1,865,306,4,True
fixed-frozen,1,866,306,4,True
fixed-frozen,1,867,306,4,True
fixed-frozen,1,868,306,4,True
fixed-frozen,1,869,306,4,True
fixed-frozen,1,870,306,4,True
fixed-frozen,1,871,306,4,True
fixed-frozen,1,872,306,4,True
fixed-frozen,1,873,306,4,True
fixed-frozen,1,874,306,4,True
fixed-frozen,1,875,306,4,True
fixed-frozen,1,876,306,4,True
fixed-frozen,1,877,306,4,True
fixed-frozen,1,878,306,4,True
fixed-frozen,1,879,306,4,True
fixed-frozen,1,880,306,4,True
fixed-frozen,1,881,306,4,True
fixed-frozen,1,882,306,4,True
fixed-frozen,1,883,306,4,True
fixed-frozen,1,884,306,4,True
fixed-frozen,1,885,306,4,True
fixed-frozen,1,886,306,4,True
fixed-frozen,1,887,306,4,True
fixed-frozen,1,888,306,4,True
fixed-frozen,1,889,306,4,True
fixed-frozen,1,890,306,4,True
fixed-frozen,1,891,306,4,True
fixed-frozen,1,892,306,4,True
fixed-frozen,1,893,306,4,True
fixed-frozen,1,894,306,4,True
fixed-frozen,1,895,306,4,True
fixed-frozen,1,896,306,4,True
fixed-frozen,1,897,306,4,True
fixed-frozen,1,898,306,4,True
fixed-frozen,1,899,306,4,True
fixed-frozen,1,900,306,4,True
fixed-frozen,1,901,306,4,True
fixed-frozen,1,902,306,4,True
fixed-frozen,1,903,306,4,True
fixed-frozen,1,904,306,4,True
fixed-frozen,1,905,306,4,True
fixed-frozen,1,906,306,4,True
fixed-frozen,1,907,306,4,True
fixed-frozen,1,908,306,4,True
fixed-frozen,1,909,306,4,True
fixed-frozen,1,910,306,4,True
fixed-frozen,1,911,306,4,True
fixed-frozen,1,912,306,4,True
fixed-frozen,1,913,306,4,True
fixed-frozen,1,914,306,4,True
fixed-frozen,1,915,306,4,True
fixed-frozen,1,916,306,4,True
fixed-frozen,1,917,306,4,True
fixed-frozen,1,918,306,4,True
fixed-frozen,1,919,306,4,True
fixed-frozen,1,920,306,4,True
fixed-frozen,1,921,306,4,True
fixed-frozen,1,922,306,4,True
fixed-frozen,1,923,306,4,True
fixed-frozen,1,924,306,4,True
fixed-frozen,1,925,306,4,True
fixed-frozen,1,926,306,4,True
fixed-frozen,1,927,306,4,True
fixed-frozen,1,928,306,4,True
fixed-frozen,1,929,306,4,True
fixed-frozen,1,930,306,4,True
fixed-frozen,1,931,306,4,True
fixed-frozen,1,932,306,4,True
fixed-frozen,1,933,306,4,True
fixed-frozen,1,934,306,4,True
fixed-frozen,1,935,306,4,True
fixed-frozen,1,936,306,4,True
fixed-frozen,1,937,306,4,True
fixed-frozen,1,938,306,4,True
fixed-frozen,1,939,306,4,True
fixed-frozen,1,940,306,4,True
fixed-frozen,1,941,306,4,True
fixed-frozen,1,942,306,4,True
fixed-frozen,1,943,306,4,True
fixed-frozen,1,944,306,4,True
fixed-frozen,1,945,306,4,True
fixed-frozen,1,946,306,4,True
fixed-frozen,1,947,306,4,True
fixed-frozen,1,948,306,4,True
fixed-frozen,1,949,306,4,True
fixed-frozen,1,950,306,4,True
fixed-frozen,1,951,306,4,True
fixed-frozen,1,952,306,4,True
fixed-frozen,1,953,306,4,True
fixed-frozen,1,954,306,4,True
fixed-frozen,1,955,306,4,True
fixed-frozen,1,956,306,4,True
fixed-frozen,1,957,306,4,True
fixed-frozen,1,958,306,4,True
fixed-frozen,1,959,304,4,True
fixed-frozen,1,960,303,4,True
fixed-frozen,1,961,303,4,True
fixed-frozen,1,962,303,4,True
fixed-frozen,1,963,303,4,True
fixed-frozen,1,964,303,4,True
fixed-frozen,1,965,303,4,True
fixed-frozen,1,966,303,4,True
fixed-frozen,1,967,303,4,True
fixed-frozen,1,968,303,4,True
fixed-frozen,1,969,303,4,True
fixed-frozen,1,970,303,4,True
fixed-frozen,1,971,303,4,True
fixed-frozen,1,972,303,4,True
fixed-frozen,1,973,303,4,True
fixed-frozen,1,974,303,4,True
fixed-frozen,1,975,303,4,True
fixed-frozen,1,976,303,4,True
fixed-frozen,1,977,303,4,True
fixed-frozen,1,978,303,4,True
fixed-frozen,1,979,303,4,True
fixed-frozen,1,980,303,4,True
fixed-frozen,1,981,303,4,True
fixed-frozen,1,982,303,4,True
fixed-frozen,1,983,303,4,True
fixed-frozen,1,984,303,4,True
fixed-frozen,1,985,303,4,True
fixed-frozen,1,986,303,4,True
fixed-frozen,1,987,303,4,True
fixed-frozen,1,988,303,4,True
fixed-frozen,1,989,303,4,True
fixed-frozen,1,990,303,4,True
fixed-frozen,1,991,303,4,True
fixed-frozen,1,992,303,4,True
fixed-frozen,1,993,303,4,True
fixed-frozen,1,994,303,4,True
fixed-frozen,1,995,303,4,True
fixed-frozen,1,996,303,4,True
fixed-frozen,1,997,303,4,True
fixed-frozen,1,998,303,4,True
fixed-frozen,1,999,303,4,True
fixed-frozen,1,1000,303,4,True
fixed-frozen,2,0,365,4,True
fixed-frozen,2,1,340,4,True
fixed-frozen,2,2,340,4,True
fixed-frozen,2,3,332,4,True
fixed-frozen,2,4,331,4,True
fixed-frozen,2,5,331,4,True
fixed-frozen,2,6,327,4,True
fixed-frozen,2,7,327,4,True
fixed-frozen,2,8,327,4,True
fixed-frozen,2,9,323,4,True
fixed-frozen,2,10,323,4,True
fixed-frozen,2,11,323,4,True
fixed-frozen,2,12,323,4,True
fixed-frozen,2,13,323,4,True
fixed-frozen,2,14,323,4,True
fixed-frozen,2,15,323,4,True
fixed-frozen,2,16,323,4,True
fixed-frozen,2,17,320,4,True
fixed-frozen,2,18,318,4,True
fixed-frozen,2,19,316,4,True
fixed-frozen,2,20,316,4,True
fixed-frozen,2,21,316,4,True
fixed-frozen,2,22,316,4,True
fixed-frozen,2,23,316,4,True
fixed-frozen,2,24,316,4,True
fixed-frozen,2,25,316,4,True
fixed-frozen,2,26,316,4,True
fixed-frozen,2,27,316,4,True
fixed-frozen,2,28,316,4,True
fixed-frozen,2,29,316,4,True
fixed-frozen,2,30,316,4,True
fixed-frozen,2,31,316,4,True
fixed-frozen,2,32,316,4,True
fixed-frozen,2,33,316,4,True
fixed-frozen,2,34,316,4,True
fixed-frozen,2,35,316,4,True
fixed-frozen,2,36,316,4,True
fixed-frozen,2,37,316,4,True
fixed-frozen,2,38,315,4,True
fixed-frozen,2,39,315,4,True
fixed-frozen,2,40,315,4,True
fixed-frozen,2,41,315,4,True
fixed-frozen,2,42,315,4,True
fixed-frozen,2,43,315,4,True
fixed-frozen,2,44,315,4,True
fixed-frozen,2,45,315,4,True
fixed-frozen,2,46,315,4,True
fixed-frozen,2,47,315,4,True
fixed-frozen,2,48,315,4,True
fixed-frozen,2,49,315,4,True
fixed-frozen,2,50,315,4,True
fixed-frozen,2,51,315,4,True
fixed-frozen,2,52,315,4,True
fixed-frozen,2,53,315,4,True
fixed-frozen,2,54,315,4,True
fixed-frozen,2,55,315,4,True
fixed-frozen,2,56,315,4,True
fixed-frozen,2,57,315,4,True
fixed-frozen,2,58,315,4,True
fixed-frozen,2,59,315,4,True
fixed-frozen,2,60,315,4,True
fixed-frozen,2,61,315,4,True
fixed-frozen,2,62,315,4,True
fixed-frozen,2,63,315,4,True
fixed-frozen,2,64,315,4,True
fixed-frozen,2,65,315,4,True
fixed-frozen,2,66,315,4,True
fixed-frozen,2,67,315,4,True
fixed-frozen,2,68,315,4,True
fixed-frozen,2,69,315,4,True
fixed-frozen,2,70,315,4,True
fixed-frozen,2,71,315,4,True
fixed-frozen,2,72,315,4,True
fixed-frozen,2,73,315,4,True
fixed-frozen,2,74,315,4,True
fixed-frozen,2,75,315,4,True
fixed-frozen,2,76,315,4,True
fixed-frozen,2,77,315,4,True
fixed-frozen,2,78,315,4,True
fixed-frozen,2,79,315,4,True
fixed-frozen,2,80,315,4,True
fixed-frozen,2,81,315,4,True
fixed-frozen,2,82,315,4,True
fixed-frozen,2,83,315,4,True
fixed-frozen,2,84,315,4,True
fixed-frozen,2,85,315,4,True
fixed-frozen,2,86,315,4,True
fixed-frozen,2,87,315,4,True
fixed-frozen,2,88,315,4,True
fixed-frozen,2,89,315,4,True
fixed-frozen,2,90,315,4,True
fixed-frozen,2,91,315,4,True
fixed-frozen,2,92,315,4,True
fixed-frozen,2,93,315,4,True
fixed-frozen,2,94,315,4,True
fixed-frozen,2,95,315,4,True
fixed-frozen,2,96,315,4,True
fixed-frozen,2,97,315,4,True
fixed-frozen,2,98,315,4,True
fixed-frozen,2,99,315,4,True
fixed-frozen,2,100,315,4,True
fixed-frozen,2,101,315,4,True
fixed-frozen,2,102,315,4,True
fixed-frozen,2,103,315,4,True
fixed-frozen,2,104,315,4,True
fixed-frozen,2,105,315,4,True
fixed-frozen,2,106,315,4,True
fixed-frozen,2,107,315,4,True
fixed-frozen,2,108,315,4,True
fixed-frozen,2,109,315,4,True
fixed-frozen,2,110,315,4,True
fixed-frozen,2,111,315,4,True
fixed-frozen,2,112,315,4,True
fixed-frozen,2,113,315,4,True
fixed-frozen,2,114,315,4,True
fixed-frozen,2,115,315,4,True
fixed-frozen,2,116,315,4,True
fixed-frozen,2,117,315,4,True
fixed-frozen,2,118,315,4,True
fixed-frozen,2,119,315,4,True
fixed-frozen,2,120,315,4,True
fixed-frozen,2,121,315,4,True
fixed-frozen,2,122,315,4,True
fixed-frozen,2,123,315,4,True
fixed-frozen,2,124,315,4,True
fixed-frozen,2,125,315,4,True
fixed-frozen,2,126,315,4,True
fixed-frozen,2,127,315,4,True
fixed-frozen,2,128,315,4,True
fixed-frozen,2,129,315,4,True
fixed-frozen,2,130,315,4,True
fixed-frozen,2,131,315,4,True
fixed-frozen,2,132,315,4,True
fixed-frozen,2,133,315,4,True
fixed-frozen,2,134,315,4,True
fixed-frozen,2,135,315,4,True
fixed-frozen,2,136,315,4,True
fixed-frozen,2,137,315,4,True
fixed-frozen,2,138,315,4,True
fixed-frozen,2,139,315,4,True
fixed-frozen,2,140,315,4,True
fixed-frozen,2,141,315,4,True
fixed-frozen,2,142,315,4,True
fixed-frozen,2,143,315,4,True
fixed-frozen,2,144,315,4,True
fixed-frozen,2,145,315,4,True
fixed-frozen,2,146,315,4,True
fixed-frozen,2,147,315,4,True
fixed-frozen,2,148,315,4,True
fixed-frozen,2,149,315,4,True
fixed-frozen,2,150,315,4,True
fixed-frozen,2,151,315,4,True
fixed-frozen,2,152,315,4,True
fixed-frozen,2,153,315,4,True
fixed-frozen,2,154,315,4,True
fixed-frozen,2,155,315,4,True
fixed-frozen,2,156,315,4,True
fixed-frozen,2,157,315,4,True
fixed-frozen,2,158,315,4,True
fixed-frozen,2,159,315,4,True
fixed-frozen,2,160,315,4,True
fixed-frozen,2,161,315,4,True
fixed-frozen,2,162,315,4,True
fixed-frozen,2,163,315,4,True
fixed-frozen,2,164,315,4,True
fixed-frozen,2,165,315,4,True
fixed-frozen,2,166,315,4,True
fixed-frozen,2,167,315,4,True
fixed-frozen,2,168,315,4,True
fixed-frozen,2,169,315,4,True
fixed-frozen,2,170,315,4,True
fixed-frozen,2,171,315,4,True
fixed-frozen,2,172,315,4,True
fixed-frozen,2,173,315,4,True
fixed-frozen,2,174,315,4,True
fixed-frozen,2,175,315,4,True
fixed-frozen,2,176,315,4,True
fixed-frozen,2,177,315,4,True
fixed-frozen,2,178,315,4,True
fixed-frozen,2,179,315,4,True
fixed-frozen,2,180,315,4,True
fixed-frozen,2,181,315,4,True
fixed-frozen,2,182,315,4,True
fixed-frozen,2,183,315,4,True
fixed-frozen,2,184,315,4,True
fixed-frozen,2,185,315,4,True
fixed-frozen,2,186,315,4,True
fixed-frozen,2,187,315,4,True
fixed-frozen,2,188,315,4,True
fixed-frozen,2,189,315,4,True
fixed-frozen,2,190,315,4,True
fixed-frozen,2,191,315,4,True
fixed-frozen,2,192,315,4,True
fixed-frozen,2,193,315,4,True
fixed-frozen,2,194,315,4,True
fixed-frozen,2,195,315,4,True
fixed-frozen,2,196,315,4,True
fixed-frozen,2,197,315,4,True
fixed-frozen,2,198,315,4,True
fixed-frozen,2,199,315,4,True
fixed-frozen,2,200,315,4,True
fixed-frozen,2,201,315,4,True
fixed-frozen,2,202,315,4,True
fixed-frozen,2,203,315,4,True
fixed-frozen,2,204,315,4,True
fixed-frozen,2,205,315,4,True
fixed-frozen,2,206,315,4,True
fixed-frozen,2,207,315,4,True
fixed-frozen,2,208,315,4,True
fixed-frozen,2,209,311,4,True
fixed-frozen,2,210,309,4,True
fixed-frozen,2,211,309,4,True
fixed-frozen,2,212,309,4,True
fixed-frozen,2,213,309,4,True
fixed-frozen,2,214,309,4,True
fixed-frozen,2,215,309,4,True
fixed-frozen,2,216,309,4,True
fixed-frozen,2,217,309,4,True
fixed-frozen,2,218,309,4,True
fixed-frozen,2,219,309,4,True
fixed-frozen,2,220,309,4,True
fixed-frozen,2,221,309,4,True
fixed-frozen,2,222,309,4,True
fixed-frozen,2,223,309,4,True
fixed-frozen,2,224,309,4,True
fixed-frozen,2,225,309,4,True
fixed-frozen,2,226,309,4,True
fixed-frozen,2,227,309,4,True
fixed-frozen,2,228,309,4,True
fixed-frozen,2,229,309,4,True
fixed-frozen,2,230,309,4,True
fixed-frozen,2,231,309,4,True
fixed-frozen,2,232,309,4,True
fixed-frozen,2,233,309,4,True
fixed-frozen,2,234,309,4,True
fixed-frozen,2,235,309,4,True
fixed-frozen,2,236,309,4,True
fixed-frozen,2,237,309,4,True
fixed-frozen,2,238,309,4,True
fixed-frozen,2,239,309,4,True
fixed-frozen,2,240,309,4,True
fixed-frozen,2,241,309,4,True
fixed-frozen,2,242,309,4,True
fixed-frozen,2,243,309,4,True
fixed-frozen,2,244,309,4,True
fixed-frozen,2,245,309,4,True
fixed-frozen,2,246,309,4,True
fixed-frozen,2,247,309,4,True
fixed-frozen,2,248,309,4,True
fixed-frozen,2,249,309,4,True
fixed-frozen,2,250,309,4,True
fixed-frozen,2,251,309,4,True
fixed-frozen,2,252,309,4,True
fixed-frozen,2,253,309,4,True
fixed-frozen,2,254,309,4,True
fixed-frozen,2,255,309,4,True
fixed-frozen,2,256,309,4,True
fixed-frozen,2,257,309,4,True
fixed-frozen,2,258,309,4,True
fixed-frozen,2,259,309,4,True
fixed-frozen,2,260,309,4,True
fixed-frozen,2,261,309,4,True
fixed-frozen,2,262,309,4,True
fixed-frozen,2,263,309,4,True
fixed-frozen,2,264,309,4,True
fixed-frozen,2,265,309,4,True
fixed-frozen,2,266,309,4,True
fixed-frozen,2,267,309,4,True
fixed-frozen,2,268,309,4,True
fixed-frozen,2,269,309,4,True
fixed-frozen,2,270,309,4,True
fixed-frozen,2,271,309,4,True
fixed-frozen,2,272,309,4,True
fixed-frozen,2,273,309,4,True
fixed-frozen,2,274,309,4,True
fixed-frozen,2,275,309,4,True
fixed-frozen,2,276,309,4,True
fixed-frozen,2,277,309,4,True
fixed-frozen,2,278,309,4,True
fixed-frozen,2,279,309,4,True
fixed-frozen,2,280,309,4,True
fixed-frozen,2,281,309,4,True
fixed-frozen,2,282,309,4,True
fixed-frozen,2,283,309,4,True
fixed-frozen,2,284,309,4,True
fixed-frozen,2,285,309,4,True
fixed-frozen,2,286,309,4,True
fixed-frozen,2,287,309,4,True
fixed-frozen,2,288,309,4,True
fixed-frozen,2,289,309,4,True
fixed-frozen,2,290,309,4,True
fixed-frozen,2,291,309,4,True
fixed-frozen,2,292,309,4,True
fixed-frozen,2,293,309,4,True
fixed-frozen,2,294,309,4,True
fixed-frozen,2,295,309,4,True
fixed-frozen,2,296,309,4,True
fixed-frozen,2,297,309,4,True
fixed-frozen,2,298,309,4,True
fixed-frozen,2,299,309,4,True
fixed-frozen,2,300,309,4,True
fixed-frozen,2,301,309,4,True
fixed-frozen,2,302,309,4,True
fixed-frozen,2,303,309,4,True
fixed-frozen,2,304,309,4,True
fixed-frozen,2,305,309,4,True
fixed-frozen,2,306,309,4,True
fixed-frozen,2,307,309,4,True
fixed-frozen,2,308,309,4,True
fixed-frozen,2,309,309,4,True
fixed-frozen,2,310,309,4,True
fixed-frozen,2,311,309,4,True
fixed-frozen,2,312,309,4,True
fixed-frozen,2,313,309,4,True
fixed-frozen,2,314,309,4,True
fixed-frozen,2,315,309,4,True
fixed-frozen,2,316,309,4,True
fixed-frozen,2,317,309,4,True
fixed-frozen,2,318,309,4,True
fixed-frozen,2,319,309,4,True
fixed-frozen,2,320,309,4,True
fixed-frozen,2,321,309,4,True
fixed-frozen,2,322,309,4,True
fixed-frozen,2,323,309,4,True
fixed-frozen,2,324,309,4,True
fixed-frozen,2,325,309,4,True
fixed-frozen,2,326,309,4,True
fixed-frozen,2,327,309,4,True
fixed-frozen,2,328,309,4,True
fixed-frozen,2,329,309,4,True
fixed-frozen,2,330,309,4,True
fixed-frozen,2,331,309,4,True
fixed-frozen,2,332,309,4,True
fixed-frozen,2,333,309,4,True
fixed-frozen,2,334,309,4,True
fixed-frozen,2,335,309,4,True
fixed-frozen,2,336,309,4,True
fixed-frozen,2,337,309,4,True
fixed-frozen,2,338,309,4,True
fixed-frozen,2,339,309,4,True
fixed-frozen,2,340,309,4,True
fixed-frozen,2,341,309,4,True
fixed-frozen,2,342,309,4,True
fixed-frozen,2,343,309,4,True
fixed-frozen,2,344,309,4,True
fixed-frozen,2,345,309,4,True
fixed-frozen,2,346,309,4,True
fixed-frozen,2,347,309,4,True
fixed-frozen,2,348,309,4,True
fixed-frozen,2,349,309,4,True
fixed-frozen,2,350,309,4,True
fixed-frozen,2,351,309,4,True
fixed-frozen,2,352,309,4,True
fixed-frozen,2,353,309,4,True
fixed-frozen,2,354,309,4,True
fixed-frozen,2,355,309,4,True
fixed-frozen,2,356,309,4,True
fixed-frozen,2,357,309,4,True
fixed-frozen,2,358,309,4,True
fixed-frozen,2,359,309,4,True
fixed-frozen,2,360,309,4,True
fixed-frozen,2,361,309,4,True
fixed-frozen,2,362,309,4,True
fixed-frozen,2,363,309,4,True
fixed-frozen,2,364,309,4,True
fixed-frozen,2,365,309,4,True
fixed-frozen,2,366,309,4,True
fixed-frozen,2,367,309,4,True
fixed-frozen,2,368,309,4,True
fixed-frozen,2,369,309,4,True
fixed-frozen,2,370,309,4,True
fixed-frozen,2,371,309,4,True
fixed-frozen,2,372,309,4,True
fixed-frozen,2,373,309,4,True
fixed-frozen,2,374,309,4,True
fixed-frozen,2,375,309,4,True
fixed-frozen,2,376,309,4,True
fixed-frozen,2,377,309,4,True
fixed-frozen,2,378,309,4,True
fixed-frozen,2,379,309,4,True
fixed-frozen,2,380,309,4,True
fixed-frozen,2,381,309,4,True
fixed-frozen,2,382,309,4,True
fixed-frozen,2,383,309,4,True
fixed-frozen,2,384,309,4,True
fixed-frozen,2,385,309,4,True
fixed-frozen,2,386,309,4,True
fixed-frozen,2,387,309,4,True
fixed-frozen,2,388,309,4,True
fixed-frozen,2,389,309,4,True
fixed-frozen,2,390,309,4,True
fixed-frozen,2,391,309,4,True
fixed-frozen,2,392,309,4,True
fixed-frozen,2,393,309,4,True
fixed-frozen,2,394,309,4,True
fixed-frozen,2,395,309,4,True
fixed-frozen,2,396,309,4,True
fixed-frozen,2,397,309,4,True
fixed-frozen,2,398,309,4,True
fixed-frozen,2,399,309,4,True
fixed-frozen,2,400,309,4,True
fixed-frozen,2,401,309,4,True
fixed-frozen,2,402,309,4,True
fixed-frozen,2,403,309,4,True
fixed-frozen,2,404,309,4,True
fixed-frozen,2,405,309,4,True
fixed-frozen,2,406,309,4,True
fixed-frozen,2,407,309,4,True
fixed-frozen,2,408,309,4,True
fixed-frozen,2,409,309,4,True
fixed-frozen,2,410,309,4,True
fixed-frozen,2,411,309,4,True
fixed-frozen,2,412,309,4,True
fixed-frozen,2,413,309,4,True
fixed-frozen,2,414,309,4,True
fixed-frozen,2,415,309,4,True
fixed-frozen,2,416,309,4,True
fixed-frozen,2,417,309,4,True
fixed-frozen,2,418,309,4,True
fixed-frozen,2,419,309,4,True
fixed-frozen,2,420,309,4,True
fixed-frozen,2,421,309,4,True
fixed-frozen,2,422,309,4,True
fixed-frozen,2,423,309,4,True
fixed-frozen,2,424,309,4,True
fixed-frozen,2,425,309,4,True
fixed-frozen,2,426,309,4,True
fixed-frozen,2,427,309,4,True
fixed-frozen,2,428,309,4,True
fixed-frozen,2,429,309,4,True
fixed-frozen,2,430,309,4,True
fixed-frozen,2,431,309,4,True
fixed-frozen,2,432,309,4,True
fixed-frozen,2,433,309,4,True
fixed-frozen,2,434,309,4,True
fixed-frozen,2,435,309,4,True
fixed-frozen,2,436,309,4,True
fixed-frozen,2,437,309,4,True
fixed-frozen,2,438,309,4,True
fixed-frozen,2,439,309,4,True
fixed-frozen,2,440,309,4,True
fixed-frozen,2,441,309,4,True
fixed-frozen,2,442,309,4,True
fixed-frozen,2,443,309,4,True
fixed-frozen,2,444,309,4,True
fixed-frozen,2,445,309,4,True
fixed-frozen,2,446,309,4,True
fixed-frozen,2,447,309,4,True
fixed-frozen,2,448,309,4,True
fixed-frozen,2,449,309,4,True
fixed-frozen,2,450,309,4,True
fixed-frozen,2,451,309,4,True
fixed-frozen,2,452,309,4,True
fixed-frozen,2,453,309,4,True
fixed-frozen,2,454,309,4,True
fixed-frozen,2,455,309,4,True
fixed-frozen,2,456,309,4,True
fixed-frozen,2,457,309,4,True
fixed-frozen,2,458,309,4,True
fixed-frozen,2,459,309,4,True
fixed-frozen,2,460,309,4,True
fixed-frozen,2,461,309,4,True
fixed-frozen,2,462,309,4,True
fixed-frozen,2,463,309,4,True
fixed-frozen,2,464,309,4,True
fixed-frozen,2,465,309,4,True
fixed-frozen,2,466,309,4,True
fixed-frozen,2,467,309,4,True
fixed-frozen,2,468,309,4,True
fixed-frozen,2,469,309,4,True
fixed-frozen,2,470,308,4,True
fixed-frozen,2,471,308,4,True
fixed-frozen,2,472,308,4,True
fixed-frozen,2,473,308,4,True
fixed-frozen,2,474,308,4,True
fixed-frozen,2,475,308,4,True
fixed-frozen,2,476,308,4,True
fixed-frozen,2,477,308,4,True
fixed-frozen,2,478,308,4,True
fixed-frozen,2,479,308,4,True
fixed-frozen,2,480,308,4,True
fixed-frozen,2,481,308,4,True
fixed-frozen,2,482,308,4,True
fixed-frozen,2,483,308,4,True
fixed-frozen,2,484,308,4,True
fixed-frozen,2,485,308,4,True
fixed-frozen,2,486,308,4,True
fixed-frozen,2,487,308,4,True
fixed-frozen,2,488,308,4,True
fixed-frozen,2,489,308,4,True
fixed-frozen,2,490,308,4,True
fixed-frozen,2,491,308,4,True
fixed-frozen,2,492,308,4,True
fixed-frozen,2,493,308,4,True
fixed-frozen,2,494,308,4,True
fixed-frozen,2,495,308,4,True
fixed-frozen,2,496,308,4,True
fixed-frozen,2,497,308,4,True
fixed-frozen,2,498,308,4,True
fixed-frozen,2,499,308,4,True
fixed-frozen,2,500,308,4,True
fixed-frozen,2,501,308,4,True
fixed-frozen,2,502,308,4,True
fixed-frozen,2,503,308,4,True
fixed-frozen,2,504,308,4,True
fixed-frozen,2,505,308,4,True
fixed-frozen,2,506,308,4,True
fixed-frozen,2,507,308,4,True
fixed-frozen,2,508,308,4,True
fixed-frozen,2,509,308,4,True
fixed-frozen,2,510,308,4,True
fixed-frozen,2,511,308,4,True
fixed-frozen,2,512,308,4,True
fixed-frozen,2,513,308,4,True
fixed-frozen,2,514,308,4,True
fixed-frozen,2,515,308,4,True
fixed-frozen,2,516,308,4,True
fixed-frozen,2,517,308,4,True
fixed-frozen,2,518,308,4,True
fixed-frozen,2,519,308,4,True
fixed-frozen,2,520,308,4,True
fixed-frozen,2,521,308,4,True
fixed-frozen,2,522,308,4,True
fixed-frozen,2,523,308,4,True
fixed-frozen,2,524,308,4,True
fixed-frozen,2,525,308,4,True
fixed-frozen,2,526,308,4,True
fixed-frozen,2,527,308,4,True
fixed-frozen,2,528,308,4,True
fixed-frozen,2,529,308,4,True
fixed-frozen,2,530,308,4,True
fixed-frozen,2,531,308,4,True
fixed-frozen,2,532,308,4,True
fixed-frozen,2,533,308,4,True
fixed-frozen,2,534,308,4,True
fixed-frozen,2,535,308,4,True
fixed-frozen,2,536,308,4,True
fixed-frozen,2,537,308,4,True
fixed-frozen,2,538,308,4,True
fixed-frozen,2,539,308,4,True
fixed-frozen,2,540,308,4,True
fixed-frozen,2,541,308,4,True
fixed-frozen,2,542,308,4,True
fixed-frozen,2,543,308,4,True
fixed-frozen,2,544,308,4,True
fixed-frozen,2,545,308,4,True
fixed-frozen,2,546,308,4,True
fixed-frozen,2,547,308,4,True
fixed-frozen,2,548,308,4,True
fixed-frozen,2,549,308,4,True
fixed-frozen,2,550,308,4,True
fixed-frozen,2,551,308,4,True
fixed-frozen,2,552,308,4,True
fixed-frozen,2,553,308,4,True
fixed-frozen,2,554,308,4,True
fixed-frozen,2,555,308,4,True
fixed-frozen,2,556,308,4,True
fixed-frozen,2,557,308,4,True
fixed-frozen,2,558,308,4,True
fixed-frozen,2,559,308,4,True
fixed-frozen,2,560,308,4,True
fixed-frozen,2,561,308,4,True
fixed-frozen,2,562,308,4,True
fixed-frozen,2,563,308,4,True
fixed-frozen,2,564,308,4,True
fixed-frozen,2,565,308,4,True
fixed-frozen,2,566,308,4,True
fixed-frozen,2,567,308,4,True
fixed-frozen,2,568,308,4,True
fixed-frozen,2,569,308,4,True
fixed-frozen,2,570,308,4,True
fixed-frozen,2,571,308,4,True
fixed-frozen,2,572,308,4,True
fixed-frozen,2,573,308,4,True
fixed-frozen,2,574,308,4,True
fixed-frozen,2,575,308,4,True
fixed-frozen,2,576,308,4,True
fixed-frozen,2,577,308,4,True
fixed-frozen,2,578,308,4,True
fixed-frozen,2,579,308,4,True
fixed-frozen,2,580,308,4,True
fixed-frozen,2,581,308,4,True
fixed-frozen,2,582,308,4,True
fixed-frozen,2,583,308,4,True
fixed-frozen,2,584,308,4,True
fixed-frozen,2,585,308,4,True
fixed-frozen,2,586,308,4,True
fixed-frozen,2,587,308,4,True
fixed-frozen,2,588,308,4,True
fixed-frozen,2,589,308,4,True
fixed-frozen,2,590,308,4,True
fixed-frozen,2,591,308,4,True
fixed-frozen,2,592,308,4,True
fixed-frozen,2,593,308,4,True
fixed-frozen,2,594,308,4,True
fixed-frozen,2,595,308,4,True
fixed-frozen,2,596,308,4,True
fixed-frozen,2,597,308,4,True
fixed-frozen,2,598,308,4,True
fixed-frozen,2,599,308,4,True
fixed-frozen,2,600,308,4,True
fixed-frozen,2,601,308,4,True
fixed-frozen,2,602,308,4,True
fixed-frozen,2,603,308,4,True
fixed-frozen,2,604,308,4,True
fixed-frozen,2,605,308,4,True
fixed-frozen,2,606,308,4,True
fixed-frozen,2,607,308,4,True
fixed-frozen,2,608,308,4,True
fixed-frozen,2,609,308,4,True
fixed-frozen,2,610,308,4,True
fixed-frozen,2,611,308,4,True
fixed-frozen,2,612,308,4,True
fixed-frozen,2,613,308,4,True
fixed-frozen,2,614,308,4,True
fixed-frozen,2,615,308,4,True
fixed-frozen,2,616,308,4,True
fixed-frozen,2,617,308,4,True
fixed-frozen,2,618,307,4,True
fixed-frozen,2,619,303,4,True
fixed-frozen,2,620,303,4,True
fixed-frozen,2,621,303,4,True
fixed-frozen,2,622,303,4,True
fixed-frozen,2,623,303,4,True
fixed-frozen,2,624,303,4,True
fixed-frozen,2,625,303,4,True
fixed-frozen,2,626,303,4,True
fixed-frozen,2,627,303,4,True
fixed-frozen,2,628,303,4,True
fixed-frozen,2,629,303,4,True
fixed-frozen,2,630,303,4,True
fixed-frozen,2,631,303,4,True
fixed-frozen,2,632,303,4,True
fixed-frozen,2,633,303,4,True
fixed-frozen,2,634,303,4,True
fixed-frozen,2,635,303,4,True
fixed-frozen,2,636,303,4,True
fixed-frozen,2,637,303,4,True
fixed-frozen,2,638,303,4,True
fixed-frozen,2,639,303,4,True
fixed-frozen,2,640,303,4,True
fixed-frozen,2,641,303,4,True
fixed-frozen,2,642,303,4,True
fixed-frozen,2,643,303,4,True
fixed-frozen,2,644,303,4,True
fixed-frozen,2,645,303,4,True
fixed-frozen,2,646,303,4,True
fixed-frozen,2,647,303,4,True
fixed-frozen,2,648,303,4,True
fixed-frozen,2,649,303,4,True
fixed-frozen,2,650,303,4,True
fixed-frozen,2,651,303,4,True
fixed-frozen,2,652,303,4,True
fixed-frozen,2,653,303,4,True
fixed-frozen,2,654,303,4,True
fixed-frozen,2,655,303,4,True
fixed-frozen,2,656,303,4,True
fixed-frozen,2,657,303,4,True
fixed-frozen,2,658,303,4,True
fixed-frozen,2,659,303,4,True
fixed-frozen,2,660,303,4,True
fixed-frozen,2,661,303,4,True
fixed-frozen,2,662,303,4,True
fixed-frozen,2,663,303,4,True
fixed-frozen,2,664,303,4,True
fixed-frozen,2,665,303,4,True
fixed-frozen,2,666,303,4,True
fixed-frozen,2,667,303,4,True
fixed-frozen,2,668,303,4,True
fixed-frozen,2,669,303,4,True
fixed-frozen,2,670,303,4,True
fixed-frozen,2,671,303,4,True
fixed-frozen,2,672,303,4,True
fixed-frozen,2,673,303,4,True
fixed-frozen,2,674,303,4,True
fixed-frozen,2,675,303,4,True
fixed-frozen,2,676,303,4,True
fixed-frozen,2,677,303,4,True
fixed-frozen,2,678,303,4,True
fixed-frozen,2,679,303,4,True
fixed-frozen,2,680,303,4,True
fixed-frozen,2,681,303,4,True
fixed-frozen,2,682,303,4,True
fixed-frozen,2,683,303,4,True
fixed-frozen,2,684,303,4,True
fixed-frozen,2,685,303,4,True
fixed-frozen,2,686,303,4,True
fixed-frozen,2,687,303,4,True
fixed-frozen,2,688,303,4,True
fixed-frozen,2,689,303,4,True
fixed-frozen,2,690,303,4,True
fixed-frozen,2,691,303,4,True
fixed-frozen,2,692,303,4,True
fixed-frozen,2,693,303,4,True
fixed-frozen,2,694,303,4,True
fixed-frozen,2,695,303,4,True
fixed-frozen,2,696,303,4,True
fixed-frozen,2,697,303,4,True
fixed-frozen,2,698,303,4,True
fixed-frozen,2,699,303,4,True
fixed-frozen,2,700,303,4,True
fixed-frozen,2,701,303,4,True
fixed-frozen,2,702,303,4,True
fixed-frozen,2,703,303,4,True
fixed-frozen,2,704,303,4,True
fixed-frozen,2,705,303,4,True
fixed-frozen,2,706,303,4,True
fixed-frozen,2,707,303,4,True
fixed-frozen,2,708,303,4,True
fixed-frozen,2,709,303,4,True
fixed-frozen,2,710,303,4,True
fixed-frozen,2,711,303,4,True
fixed-frozen,2,712,303,4,True
fixed-frozen,2,713,303,4,True
fixed-frozen,2,714,303,4,True
fixed-frozen,2,715,303,4,True
fixed-frozen,2,716,303,4,True
fixed-frozen,2,717,303,4,True
fixed-frozen,2,718,303,4,True
fixed-frozen,2,719,303,4,True
fixed-frozen,2,720,303,4,True
fixed-frozen,2,721,303,4,True
fixed-frozen,2,722,303,4,True
fixed-frozen,2,723,303,4,True
fixed-frozen,2,724,303,4,True
fixed-frozen,2,725,303,4,True
fixed-frozen,2,726,303,4,True
fixed-frozen,2,727,303,4,True
fixed-frozen,2,728,303,4,True
fixed-frozen,2,729,303,4,True
fixed-frozen,2,730,303,4,True
fixed-frozen,2,731,303,4,True
fixed-frozen,2,732,303,4,True
fixed-frozen,2,733,303,4,True
fixed-frozen,2,734,303,4,True
fixed-frozen,2,735,303,4,True
fixed-frozen,2,736,303,4,True
fixed-frozen,2,737,303,4,True
fixed-frozen,2,738,303,4,True
fixed-frozen,2,739,303,4,True
fixed-frozen,2,740,303,4,True
fixed-frozen,2,741,303,4,True
fixed-frozen,2,742,303,4,True
fixed-frozen,2,743,303,4,True
fixed-frozen,2,744,303,4,True
fixed-frozen,2,745,303,4,True
fixed-frozen,2,746,303,4,True
fixed-frozen,2,747,303,4,True
fixed-frozen,2,748,303,4,True
fixed-frozen,2,749,303,4,True
fixed-frozen,2,750,303,4,True
fixed-frozen,2,751,303,4,True
fixed-frozen,2,752,303,4,True
fixed-frozen,2,753,303,4,True
fixed-frozen,2,754,303,4,True
fixed-frozen,2,755,303,4,True
fixed-frozen,2,756,303,4,True
fixed-frozen,2,757,303,4,True
fixed-frozen,2,758,303,4,True
fixed-frozen,2,759,303,4,True
fixed-frozen,2,760,303,4,True
fixed-frozen,2,761,303,4,True
fixed-frozen,2,762,303,4,True
fixed-frozen,2,763,303,4,True
fixed-frozen,2,764,303,4,True
fixed-frozen,2,765,303,4,True
fixed-frozen,2,766,303,4,True
fixed-frozen,2,767,303,4,True
fixed-frozen,2,768,303,4,True
fixed-frozen,2,769,303,4,True
fixed-frozen,2,770,303,4,True
fixed-frozen,2,771,303,4,True
fixed-frozen,2,772,303,4,True
fixed-frozen,2,773,303,4,True
fixed-frozen,2,774,303,4,True
fixed-frozen,2,775,303,4,True
fixed-frozen,2,776,303,4,True
fixed-frozen,2,777,303,4,True
fixed-frozen,2,778,303,4,True
fixed-frozen,2,779,303,4,True
fixed-frozen,2,780,303,4,True
fixed-frozen,2,781,303,4,True
fixed-frozen,2,782,303,4,True
fixed-frozen,2,783,303,4,True
fixed-frozen,2,784,303,4,True
fixed-frozen,2,785,303,4,True
fixed-frozen,2,786,303,4,True
fixed-frozen,2,787,303,4,True
fixed-frozen,2,788,303,4,True
fixed-frozen,2,789,303,4,True
fixed-frozen,2,790,303,4,True
fixed-frozen,2,791,303,4,True
fixed-frozen,2,792,303,4,True
fixed-frozen,2,793,303,4,True
fixed-frozen,2,794,303,4,True
fixed-frozen,2,795,303,4,True
fixed-frozen,2,796,303,4,True
fixed-frozen,2,797,303,4,True
fixed-frozen,2,798,303,4,True
fixed-frozen,2,799,303,4,True
fixed-frozen,2,800,303,4,True
fixed-frozen,2,801,303,4,True
fixed-frozen,2,802,303,4,True
fixed-frozen,2,803,303,4,True
fixed-frozen,2,804,303,4,True
fixed-frozen,2,805,303,4,True
fixed-frozen,2,806,303,4,True
fixed-frozen,2,807,303,4,True
fixed-frozen,2,808,303,4,True
fixed-frozen,2,809,303,4,True
fixed-frozen,2,810,303,4,True
fixed-frozen,2,811,303,4,True
fixed-frozen,2,812,303,4,True
fixed-frozen,2,813,303,4,True
fixed-frozen,2,814,303,4,True
fixed-frozen,2,815,303,4,True
fixed-frozen,2,816,303,4,True
fixed-frozen,2,817,303,4,True
fixed-frozen,2,818,303,4,True
fixed-frozen,2,819,303,4,True
fixed-frozen,2,820,303,4,True
fixed-frozen,2,821,303,4,True
fixed-frozen,2,822,303,4,True
fixed-frozen,2,823,303,4,True
fixed-frozen,2,824,303,4,True
fixed-frozen,2,825,303,4,True
fixed-frozen,2,826,303,4,True
fixed-frozen,2,827,303,4,True
fixed-frozen,2,828,303,4,True
fixed-frozen,2,829,303,4,True
fixed-frozen,2,830,303,4,True
fixed-frozen,2,831,303,4,True
fixed-frozen,2,832,303,4,True
fixed-frozen,2,833,303,4,True
fixed-frozen,2,834,303,4,True
fixed-frozen,2,835,303,4,True
fixed-frozen,2,836,303,4,True
fixed-frozen,2,837,303,4,True
fixed-frozen,2,838,303,4,True
fixed-frozen,2,839,303,4,True
fixed-frozen,2,840,303,4,True
fixed-frozen,2,841,303,4,True
fixed-frozen,2,842,303,4,True
fixed-frozen,2,843,303,4,True
fixed-frozen,2,844,303,4,True
fixed-frozen,2,845,303,4,True
fixed-frozen,2,846,303,4,True
fixed-frozen,2,847,303,4,True
fixed-frozen,2,848,303,4,True
fixed-frozen,2,849,303,4,True
fixed-frozen,2,850,303,4,True
fixed-frozen,2,851,303,4,True
fixed-frozen,2,852,303,4,True
fixed-frozen,2,853,303,4,True
fixed-frozen,2,854,303,4,True
fixed-frozen,2,855,303,4,True
fixed-frozen,2,856,303,4,True
fixed-frozen,2,857,303,4,True
fixed-frozen,2,858,303,4,True
fixed-frozen,2,859,303,4,True
fixed-frozen,2,860,303,4,True
fixed-frozen,2,861,303,4,True
fixed-frozen,2,862,303,4,True
fixed-frozen,2,863,303,4,True
fixed-frozen,2,864,303,4,True
fixed-frozen,2,865,303,4,True
fixed-frozen,2,866,303,4,True
fixed-frozen,2,867,303,4,True
fixed-frozen,2,868,303,4,True
fixed-frozen,2,869,303,4,True
fixed-frozen,2,870,303,4,True
fixed-frozen,2,871,303,4,True
fixed-frozen,2,872,303,4,True
fixed-frozen,2,873,303,4,True
fixed-frozen,2,874,303,4,True
fixed-frozen,2,875,303,4,True
fixed-frozen,2,876,303,4,True
fixed-frozen,2,877,303,4,True
fixed-frozen,2,878,303,4,True
fixed-frozen,2,879,303,4,True
fixed-frozen,2,880,303,4,True
fixed-frozen,2,881,303,4,True
fixed-frozen,2,882,303,4,True
fixed-frozen,2,883,303,4,True
fixed-frozen,2,884,303,4,True
fixed-frozen,2,885,303,4,True
fixed-frozen,2,886,303,4,True
fixed-frozen,2,887,303,4,True
fixed-frozen,2,888,303,4,True
fixed-frozen,2,889,303,4,True
fixed-frozen,2,890,303,4,True
fixed-frozen,2,891,303,4,True
fixed-frozen,2,892,303,4,True
fixed-frozen,2,893,303,4,True
fixed-frozen,2,894,303,4,True
fixed-frozen,2,895,303,4,True
fixed-frozen,2,896,303,4,True
fixed-frozen,2,897,303,4,True
fixed-frozen,2,898,303,4,True
fixed-frozen,2,899,303,4,True
fixed-frozen,2,900,303,4,True
fixed-frozen,2,901,303,4,True
fixed-frozen,2,902,303,4,True
fixed-frozen,2,903,303,4,True
fixed-frozen,2,904,303,4,True
fixed-frozen,2,905,303,4,True
fixed-frozen,2,906,303,4,True
fixed-frozen,2,907,303,4,True
fixed-frozen,2,908,303,4,True
fixed-frozen,2,909,303,4,True
fixed-frozen,2,910,303,4,True
fixed-frozen,2,911,303,4,True
fixed-frozen,2,912,303,4,True
fixed-frozen,2,913,303,4,True
fixed-frozen,2,914,303,4,True
fixed-frozen,2,915,303,4,True
fixed-frozen,2,916,303,4,True
fixed-frozen,2,917,303,4,True
fixed-frozen,2,918,303,4,True
fixed-frozen,2,919,303,4,True
fixed-frozen,2,920,303,4,True
fixed-frozen,2,921,303,4,True
fixed-frozen,2,922,303,4,True
fixed-frozen,2,923,303,4,True
fixed-frozen,2,924,303,4,True
fixed-frozen,2,925,303,4,True
fixed-frozen,2,926,303,4,True
fixed-frozen,2,927,303,4,True
fixed-frozen,2,928,303,4,True
fixed-frozen,2,929,303,4,True
fixed-frozen,2,930,303,4,True
fixed-frozen,2,931,303,4,True
fixed-frozen,2,932,303,4,True
fixed-frozen,2,933,303,4,True
fixed-frozen,2,934,303,4,True
fixed-frozen,2,935,303,4,True
fixed-frozen,2,936,303,4,True
fixed-frozen,2,937,303,4,True
fixed-frozen,2,938,303,4,True
fixed-frozen,2,939,303,4,True
fixed-frozen,2,940,303,4,True
fixed-frozen,2,941,303,4,True
fixed-frozen,2,942,303,4,True
fixed-frozen,2,943,303,4,True
fixed-frozen,2,944,303,4,True
fixed-frozen,2,945,303,4,True
fixed-frozen,2,946,303,4,True
fixed-frozen,2,947,303,4,True
fixed-frozen,2,948,303,4,True
fixed-frozen,2,949,303,4,True
fixed-frozen,2,950,303,4,True
fixed-frozen,2,951,303,4,True
fixed-frozen,2,952,303,4,True
fixed-frozen,2,953,303,4,True
fixed-frozen,2,954,303,4,True
fixed-frozen,2,955,303,4,True
fixed-frozen,2,956,303,4,True
fixed-frozen,2,957,303,4,True
fixed-frozen,2,958,303,4,True
fixed-frozen,2,959,303,4,True
fixed-frozen,2,960,303,4,True
fixed-frozen,2,961,303,4,True
fixed-frozen,2,962,303,4,True
fixed-frozen,2,963,303,4,True
fixed-frozen,2,964,303,4,True
fixed-frozen,2,965,303,4,True
fixed-frozen,2,966,303,4,True
fixed-frozen,2,967,303,4,True
fixed-frozen,2,968,303,4,True
fixed-frozen,2,969,303,4,True
fixed-frozen,2,970,303,4,True
fixed-frozen,2,971,303,4,True
fixed-frozen,2,972,303,4,True
fixed-frozen,2,973,303,4,True
fixed-frozen,2,974,303,4,True
fixed-frozen,2,975,303,4,True
fixed-frozen,2,976,303,4,True
fixed-frozen,2,977,303,4,True
fixed-frozen,2,978,303,4,True
fixed-frozen,2,979,303,4,True
fixed-frozen,2,980,303,4,True
fixed-frozen,2,981,303,4,True
fixed-frozen,2,982,303,4,True
fixed-frozen,2,983,303,4,True
fixed-frozen,2,984,303,4,True
fixed-frozen,2,985,303,4,True
fixed-frozen,2,986,303,4,True
fixed-frozen,2,987,303,4,True
fixed-frozen,2,988,303,4,True
fixed-frozen,2,989,303,4,True
fixed-frozen,2,990,303,4,True
fixed-frozen,2,991,303,4,True
fixed-frozen,2,992,303,4,True
fixed-frozen,2,993,303,4,True
fixed-frozen,2,994,303,4,True
fixed-frozen,2,995,303,4,True
fixed-frozen,2,996,303,4,True
fixed-frozen,2,997,303,4,True
fixed-frozen,2,998,303,4,True
fixed-frozen,2,999,303,4,True
fixed-frozen,2,1000,303,4,True
uniform,0,0,365,4,True
uniform,0,1,353,4,True
uniform,0,2,330,4,True
uniform,0,3,330,4,True
uniform,0,4,330,4,True
uniform,0,5,325,4,True
uniform,0,6,323,4,True
uniform,0,7,318,4,True
uniform,0,8,315,4,True
uniform,0,9,315,4,True
uniform,0,10,315,4,True
uniform,0,11,315,4,True
uniform,0,12,315,4,True
uniform,0,13,315,4,True
uniform,0,14,315,4,True
uniform,0,15,315,4,True
uniform,0,16,315,4,True
uniform,0,17,315,4,True
uniform,0,18,315,4,True
uniform,0,19,315,4,True
uniform,0,20,315,4,True
uniform,0,21,315,4,True
uniform,0,22,315,4,True
uniform,0,23,315,4,True
uniform,0,24,315,4,True
uniform,0,25,315,4,True
uniform,0,26,315,4,True
uniform,0,27,315,4,True
uniform,0,28,315,4,True
uniform,0,29,315,4,True
uniform,0,30,315,4,True
uniform,0,31,315,4,True
uniform,0,32,315,4,True
uniform,0,33,315,4,True
uniform,0,34,315,4,True
uniform,0,35,315,4,True
uniform,0,36,315,4,True
uniform,0,37,315,4,True
uniform,0,38,315,4,True
uniform,0,39,315,4,True
uniform,0,40,315,4,True
uniform,0,41,315,4,True
uniform,0,42,315,4,True
uniform,0,43,315,4,True
uniform,0,44,315,4,True
uniform,0,45,315,4,True
uniform,0,46,315,4,True
uniform,0,47,315,4,True
uniform,0,48,315,4,True
uniform,0,49,315,4,True
uniform,0,50,315,4,True
uniform,0,51,315,4,True
uniform,0,52,315,4,True
uniform,0,53,315,4,True
uniform,0,54,315,4,True
uniform,0,55,315,4,True
uniform,0,56,315,4,True
uniform,0,57,315,4,True
uniform,0,58,314,4,True
uniform,0,59,310,4,True
uniform,0,60,310,4,True
uniform,0,61,310,4,True
uniform,0,62,310,4,True
uniform,0,63,310,4,True
uniform,0,64,310,4,True
uniform,0,65,310,4,True
uniform,0,66,310,4,True
uniform,0,67,310,4,True
uniform,0,68,310,4,True
uniform,0,69,310,4,True
uniform,0,70,310,4,True
uniform,0,71,310,4,True
uniform,0,72,310,4,True
uniform,0,73,310,4,True
uniform,0,74,310,4,True
uniform,0,75,310,4,True
uniform,0,76,310,4,True
uniform,0,77,310,4,True
uniform,0,78,310,4,True
uniform,0,79,310,4,True
uniform,0,80,310,4,True
uniform,0,81,310,4,True
uniform,0,82,310,4,True
uniform,0,83,310,4,True
uniform,0,84,310,4,True
uniform,0,85,310,4,True
uniform,0,86,310,4,True
uniform,0,87,310,4,True
uniform,0,88,310,4,True
uniform,0,89,310,4,True
uniform,0,90,310,4,True
uniform,0,91,310,4,True
uniform,0,92,310,4,True
uniform,0,93,310,4,True
uniform,0,94,310,4,True
uniform,0,95,310,4,True
uniform,0,96,310,4,True
uniform,0,97,310,4,True
uniform,0,98,310,4,True
uniform,0,99,310,4,True
uniform,0,100,310,4,True
uniform,0,101,310,4,True
uniform,0,102,310,4,True
uniform,0,103,310,4,True
uniform,0,104,310,4,True
uniform,0,105,310,4,True
uniform,0,106,310,4,True
uniform,0,107,310,4,True
uniform,0,108,310,4,True
uniform,0,109,310,4,True
uniform,0,110,310,4,True
uniform,0,111,310,4,True
uniform,0,112,310,4,True
uniform,0,113,310,4,True
uniform,0,114,310,4,True
uniform,0,115,310,4,True
uniform,0,116,310,4,True
uniform,0,117,310,4,True
uniform,0,118,310,4,True
uniform,0,119,310,4,True
uniform,0,120,310,4,True
uniform,0,121,310,4,True
uniform,0,122,310,4,True
uniform,0,123,310,4,True
uniform,0,124,310,4,True
uniform,0,125,310,4,True
uniform,0,126,310,4,True
uniform,0,127,310,4,True
uniform,0,128,310,4,True
uniform,0,129,310,4,True
uniform,0,130,310,4,True
uniform,0,131,310,4,True
uniform,0,132,310,4,True
uniform,0,133,310,4,True
uniform,0,134,310,4,True
uniform,0,135,310,4,True
uniform,0,136,310,4,True
uniform,0,137,310,4,True
uniform,0,138,310,4,True
uniform,0,139,310,4,True
uniform,0,140,310,4,True
uniform,0,141,310,4,True
uniform,0,142,310,4,True
uniform,0,143,310,4,True
uniform,0,144,310,4,True
uniform,0,145,310,4,True
uniform,0,146,310,4,True
uniform,0,147,310,4,True
uniform,0,148,310,4,True
uniform,0,149,310,4,True
uniform,0,150,310,4,True
uniform,0,151,310,4,True
uniform,0,152,310,4,True
uniform,0,153,310,4,True
uniform,0,154,310,4,True
uniform,0,155,310,4,True
uniform,0,156,310,4,True
uniform,0,157,310,4,True
uniform,0,158,310,4,True
uniform,0,159,310,4,True
uniform,0,160,310,4,True
uniform,0,161,310,4,True
uniform,0,162,310,4,True
uniform,0,163,310,4,True
uniform,0,164,310,4,True
uniform,0,165,310,4,True
uniform,0,166,310,4,True
uniform,0,167,310,4,True
uniform,0,168,310,4,True
uniform,0,169,310,4,True
uniform,0,170,310,4,True
uniform,0,171,310,4,True
uniform,0,172,310,4,True
uniform,0,173,310,4,True
uniform,0,174,310,4,True
uniform,0,175,310,4,True
uniform,0,176,310,4,True
uniform,0,177,310,4,True
uniform,0,178,310,4,True
uniform,0,179,310,4,True
uniform,0,180,310,4,True
uniform,0,181,310,4,True
uniform,0,182,310,4,True
uniform,0,183,310,4,True
uniform,0,184,310,4,True
uniform,0,185,310,4,True
uniform,0,186,310,4,True
uniform,0,187,310,4,True
uniform,0,188,310,4,True
uniform,0,189,310,4,True
uniform,0,190,310,4,True
uniform,0,191,310,4,True
uniform,0,192,310,4,True
uniform,0,193,310,4,True
uniform,0,194,310,4,True
uniform,0,195,310,4,True
uniform,0,196,310,4,True
uniform,0,197,310,4,True
uniform,0,198,310,4,True
uniform,0,199,310,4,True
uniform,0,200,310,4,True
uniform,0,201,310,4,True
uniform,0,202,310,4,True
uniform,0,203,310,4,True
uniform,0,204,310,4,True
uniform,0,205,310,4,True
uniform,0,206,310,4,True
uniform,0,207,310,4,True
uniform,0,208,310,4,True
uniform,0,209,310,4,True
uniform,0,210,310,4,True
uniform,0,211,310,4,True
uniform,0,212,310,4,True
uniform,0,213,310,4,True
uniform,0,214,310,4,True
uniform,0,215,310,4,True
uniform,0,216,310,4,True
uniform,0,217,310,4,True
uniform,0,218,310,4,True
uniform,0,219,310,4,True
uniform,0,220,310,4,True
uniform,0,221,310,4,True
uniform,0,222,310,4,True
uniform,0,223,310,4,True
uniform,0,224,310,4,True
uniform,0,225,310,4,True
uniform,0,226,310,4,True
uniform,0,227,310,4,True
uniform,0,228,310,4,True
uniform,0,229,310,4,True
uniform,0,230,310,4,True
uniform,0,231,310,4,True
uniform,0,232,310,4,True
uniform,0,233,310,4,True
uniform,0,234,310,4,True
uniform,0,235,310,4,True
uniform,0,236,310,4,True
uniform,0,237,310,4,True
uniform,0,238,310,4,True
uniform,0,239,310,4,True
uniform,0,240,310,4,True
uniform,0,241,310,4,True
uniform,0,242,310,4,True
uniform,0,243,310,4,True
uniform,0,244,310,4,True
uniform,0,245,310,4,True
uniform,0,246,310,4,True
uniform,0,247,310,4,True
uniform,0,248,310,4,True
uniform,0,249,310,4,True
uniform,0,250,310,4,True
uniform,0,251,310,4,True
uniform,0,252,310,4,True
uniform,0,253,310,4,True
uniform,0,254,310,4,True
uniform,0,255,310,4,True
uniform,0,256,310,4,True
uniform,0,257,310,4,True
uniform,0,258,310,4,True
uniform,0,259,309,4,True
uniform,0,260,309,4,True
uniform,0,261,309,4,True
uniform,0,262,309,4,True
uniform,0,263,309,4,True
uniform,0,264,309,4,True
uniform,0,265,309,4,True
uniform,0,266,309,4,True
uniform,0,267,309,4,True
uniform,0,268,309,4,True
uniform,0,269,309,4,True
uniform,0,270,309,4,True
uniform,0,271,309,4,True
uniform,0,272,309,4,True
uniform,0,273,309,4,True
uniform,0,274,309,4,True
uniform,0,275,309,4,True
uniform,0,276,309,4,True
uniform,0,277,309,4,True
uniform,0,278,309,4,True
uniform,0,279,309,4,True
uniform,0,280,309,4,True
uniform,0,281,309,4,True
uniform,0,282,309,4,True
uniform,0,283,309,4,True
uniform,0,284,309,4,True
uniform,0,285,309,4,True
uniform,0,286,309,4,True
uniform,0,287,309,4,True
uniform,0,288,309,4,True
uniform,0,289,309,4,True
uniform,0,290,309,4,True
uniform,0,291,309,4,True
uniform,0,292,309,4,True
uniform,0,293,309,4,True
uniform,0,294,309,4,True
uniform,0,295,309,4,True
uniform,0,296,309,4,True
uniform,0,297,309,4,True
uniform,0,298,309,4,True
uniform,0,299,309,4,True
uniform,0,300,309,4,True
uniform,0,301,309,4,True
uniform,0,302,309,4,True
uniform,0,303,309,4,True
uniform,0,304,309,4,True
uniform,0,305,309,4,True
uniform,0,306,309,4,True
uniform,0,307,309,4,True
uniform,0,308,309,4,True
uniform,0,309,309,4,True
uniform,0,310,309,4,True
uniform,0,311,309,4,True
uniform,0,312,309,4,True
uniform,0,313,309,4,True
uniform,0,314,309,4,True
uniform,0,315,309,4,True
uniform,0,316,309,4,True
uniform,0,317,309,4,True
uniform,0,318,309,4,True
uniform,0,319,309,4,True
uniform,0,320,309,4,True
uniform,0,321,309,4,True
uniform,0,322,309,4,True
uniform,0,323,309,4,True
uniform,0,324,309,4,True
uniform,0,325,309,4,True
uniform,0,326,309,4,True
uniform,0,327,309,4,True
uniform,0,328,309,4,True
uniform,0,329,309,4,True
uniform,0,330,309,4,True
uniform,0,331,309,4,True
uniform,0,332,309,4,True
uniform,0,333,309,4,True
uniform,0,334,309,4,True
uniform,0,335,309,4,True
uniform,0,336,309,4,True
uniform,0,337,309,4,True
uniform,0,338,309,4,True
uniform,0,339,309,4,True
uniform,0,340,309,4,True
uniform,0,341,309,4,True
uniform,0,342,309,4,True
uniform,0,343,309,4,True
uniform,0,344,309,4,True
uniform,0,345,309,4,True
uniform,0,346,309,4,True
uniform,0,347,309,4,True
uniform,0,348,309,4,True
uniform,0,349,309,4,True
uniform,0,350,309,4,True
uniform,0,351,309,4,True
uniform,0,352,309,4,True
uniform,0,353,309,4,True
uniform,0,354,309,4,True
uniform,0,355,309,4,True
uniform,0,356,309,4,True
uniform,0,357,309,4,True
uniform,0,358,309,4,True
uniform,0,359,309,4,True
uniform,0,360,309,4,True
uniform,0,361,309,4,True
uniform,0,362,309,4,True
uniform,0,363,309,4,True
uniform,0,364,309,4,True
uniform,0,365,309,4,True
uniform,0,366,309,4,True
uniform,0,367,309,4,True
uniform,0,368,309,4,True
uniform,0,369,309,4,True
uniform,0,370,309,4,True
uniform,0,371,309,4,True
uniform,0,372,309,4,True
uniform,0,373,309,4,True
uniform,0,374,309,4,True
uniform,0,375,309,4,True
uniform,0,376,309,4,True
uniform,0,377,309,4,True
uniform,0,378,309,4,True
uniform,0,379,309,4,True
uniform,0,380,309,4,True
uniform,0,381,309,4,True
uniform,0,382,309,4,True
uniform,0,383,309,4,True
uniform,0,384,309,4,True
uniform,0,385,309,4,True
uniform,0,386,309,4,True
uniform,0,387,309,4,True
uniform,0,388,309,4,True
uniform,0,389,309,4,True
uniform,0,390,309,4,True
uniform,0,391,309,4,True
uniform,0,392,309,4,True
uniform,0,393,309,4,True
uniform,0,394,309,4,True
uniform,0,395,309,4,True
uniform,0,396,309,4,True
uniform,0,397,309,4,True
uniform,0,398,309,4,True
uniform,0,399,309,4,True
uniform,0,400,309,4,True
uniform,0,401,309,4,True
uniform,0,402,309,4,True
uniform,0,403,309,4,True
uniform,0,404,309,4,True
uniform,0,405,309,4,True
uniform,0,406,309,4,True
uniform,0,407,305,4,True
uniform,0,408,305,4,True
uniform,0,409,304,4,True
uniform,0,410,304,4,True
uniform,0,411,304,4,True
uniform,0,412,304,4,True
uniform,0,413,304,4,True
uniform,0,414,304,4,True
uniform,0,415,304,4,True
uniform,0,416,304,4,True
uniform,0,417,304,4,True
uniform,0,418,304,4,True
uniform,0,419,304,4,True
uniform,0,420,304,4,True
uniform,0,421,304,4,True
uniform,0,422,304,4,True
uniform,0,423,304,4,True
uniform,0,424,304,4,True
uniform,0,425,304,4,True
uniform,0,426,304,4,True
uniform,0,427,304,4,True
uniform,0,428,304,4,True
uniform,0,429,304,4,True
uniform,0,430,304,4,True
uniform,0,431,304,4,True
uniform,0,432,304,4,True
uniform,0,433,304,4,True
uniform,0,434,304,4,True
uniform,0,435,304,4,True
uniform,0,436,304,4,True
uniform,0,437,304,4,True
uniform,0,438,304,4,True
uniform,0,439,304,4,True
uniform,0,440,304,4,True
uniform,0,441,304,4,True
uniform,0,442,304,4,True
uniform,0,443,304,4,True
uniform,0,444,304,4,True
uniform,0,445,304,4,True
uniform,0,446,304,4,True
uniform,0,447,304,4,True
uniform,0,448,304,4,True
uniform,0,449,304,4,True
uniform,0,450,304,4,True
uniform,0,451,304,4,True
uniform,0,452,304,4,True
uniform,0,453,304,4,True
uniform,0,454,304,4,True
uniform,0,455,304,4,True
uniform,0,456,304,4,True
uniform,0,457,304,4,True
uniform,0,458,304,4,True
uniform,0,459,304,4,True
uniform,0,460,304,4,True
uniform,0,461,304,4,True
uniform,0,462,304,4,True
uniform,0,463,304,4,True
uniform,0,464,304,4,True
uniform,0,465,304,4,True
uniform,0,466,304,4,True
uniform,0,467,304,4,True
uniform,0,468,304,4,True
uniform,0,469,304,4,True
uniform,0,470,304,4,True
uniform,0,471,304,4,True
uniform,0,472,304,4,True
uniform,0,473,304,4,True
uniform,0,474,304,4,True
uniform,0,475,304,4,True
uniform,0,476,304,4,True
uniform,0,477,304,4,True
uniform,0,478,304,4,True
uniform,0,479,304,4,True
uniform,0,480,304,4,True
uniform,0,481,304,4,True
uniform,0,482,304,4,True
uniform,0,483,304,4,True
uniform,0,484,304,4,True
uniform,0,485,304,4,True
uniform,0,486,304,4,True
uniform,0,487,304,4,True
uniform,0,488,304,4,True
uniform,0,489,304,4,True
uniform,0,490,304,4,True
uniform,0,491,304,4,True
uniform,0,492,304,4,True
uniform,0,493,304,4,True
uniform,0,494,304,4,True
uniform,0,495,304,4,True
uniform,0,496,304,4,True
uniform,0,497,304,4,True
uniform,0,498,304,4,True
uniform,0,499,304,4,True
uniform,0,500,304,4,True
uniform,0,501,304,4,True
uniform,0,502,304,4,True
uniform,0,503,304,4,True
uniform,0,504,304,4,True
uniform,0,505,304,4,True
uniform,0,506,304,4,True
uniform,0,507,304,4,True
uniform,0,508,304,4,True
uniform,0,509,304,4,True
uniform,0,510,304,4,True
uniform,0,511,304,4,True
uniform,0,512,304,4,True
uniform,0,513,304,4,True
uniform,0,514,304,4,True
uniform,0,515,304,4,True
uniform,0,516,304,4,True
uniform,0,517,304,4,True
uniform,0,518,304,4,True
uniform,0,519,304,4,True
uniform,0,520,304,4,True
uniform,0,521,304,4,True
uniform,0,522,304,4,True
uniform,0,523,304,4,True
uniform,0,524,304,4,True
uniform,0,525,304,4,True
uniform,0,526,304,4,True
uniform,0,527,304,4,True
uniform,0,528,304,4,True
uniform,0,529,304,4,True
uniform,0,530,304,4,True
uniform,0,531,304,4,True
uniform,0,532,304,4,True
uniform,0,533,304,4,True
uniform,0,534,304,4,True
uniform,0,535,304,4,True
uniform,0,536,304,4,True
uniform,0,537,304,4,True
uniform,0,538,304,4,True
uniform,0,539,304,4,True
uniform,0,540,304,4,True
uniform,0,541,304,4,True
uniform,0,542,304,4,True
uniform,0,543,304,4,True
uniform,0,544,304,4,True
uniform,0,545,304,4,True
uniform,0,546,304,4,True
uniform,0,547,304,4,True
uniform,0,548,304,4,True
uniform,0,549,304,4,True
uniform,0,550,304,4,True
uniform,0,551,304,4,True
uniform,0,552,304,4,True
uniform,0,553,304,4,True
uniform,0,554,304,4,True
uniform,0,555,304,4,True
uniform,0,556,304,4,True
uniform,0,557,304,4,True
uniform,0,558,304,4,True
uniform,0,559,304,4,True
uniform,0,560,304,4,True
uniform,0,561,304,4,True
uniform,0,562,304,4,True
uniform,0,563,304,4,True
uniform,0,564,304,4,True
uniform,0,565,304,4,True
uniform,0,566,304,4,True
uniform,0,567,304,4,True
uniform,0,568,304,4,True
uniform,0,569,304,4,True
uniform,0,570,304,4,True
uniform,0,571,304,4,True
uniform,0,572,304,4,True
uniform,0,573,304,4,True
uniform,0,574,304,4,True
uniform,0,575,304,4,True
uniform,0,576,304,4,True
uniform,0,577,304,4,True
uniform,0,578,304,4,True
uniform,0,579,304,4,True
uniform,0,580,304,4,True
uniform,0,581,304,4,True
uniform,0,582,304,4,True
uniform,0,583,304,4,True
uniform,0,584,304,4,True
uniform,0,585,304,4,True
uniform,0,586,304,4,True
uniform,0,587,304,4,True
uniform,0,588,304,4,True
uniform,0,589,304,4,True
uniform,0,590,304,4,True
uniform,0,591,304,4,True
uniform,0,592,304,4,True
uniform,0,593,304,4,True
uniform,0,594,304,4,True
uniform,0,595,304,4,True
uniform,0,596,304,4,True
uniform,0,597,304,4,True
uniform,0,598,304,4,True
uniform,0,599,304,4,True
uniform,0,600,304,4,True
uniform,0,601,304,4,True
uniform,0,602,304,4,True
uniform,0,603,304,4,True
uniform,0,604,304,4,True
uniform,0,605,304,4,True
uniform,0,606,304,4,True
uniform,0,607,304,4,True
uniform,0,608,304,4,True
uniform,0,609,304,4,True
uniform,0,610,304,4,True
uniform,0,611,304,4,True
uniform,0,612,304,4,True
uniform,0,613,304,4,True
uniform,0,614,304,4,True
uniform,0,615,304,4,True
uniform,0,616,304,4,True
uniform,0,617,304,4,True
uniform,0,618,304,4,True
uniform,0,619,304,4,True
uniform,0,620,304,4,True
uniform,0,621,304,4,True
uniform,0,622,304,4,True
uniform,0,623,304,4,True
uniform,0,624,304,4,True
uniform,0,625,304,4,True
uniform,0,626,304,4,True
uniform,0,627,304,4,True
uniform,0,628,304,4,True
uniform,0,629,304,4,True
uniform,0,630,304,4,True
uniform,0,631,304,4,True
uniform,0,632,304,4,True
uniform,0,633,304,4,True
uniform,0,634,304,4,True
uniform,0,635,304,4,True
uniform,0,636,304,4,True
uniform,0,637,304,4,True
uniform,0,638,304,4,True
uniform,0,639,304,4,True
uniform,0,640,304,4,True
uniform,0,641,304,4,True
uniform,0,642,304,4,True
uniform,0,643,304,4,True
uniform,0,644,304,4,True
uniform,0,645,304,4,True
uniform,0,646,304,4,True
uniform,0,647,304,4,True
uniform,0,648,304,4,True
uniform,0,649,304,4,True
uniform,0,650,304,4,True
uniform,0,651,304,4,True
uniform,0,652,304,4,True
uniform,0,653,304,4,True
uniform,0,654,304,4,True
uniform,0,655,304,4,True
uniform,0,656,304,4,True
uniform,0,657,304,4,True
uniform,0,658,304,4,True
uniform,0,659,304,4,True
uniform,0,660,304,4,True
uniform,0,661,304,4,True
uniform,0,662,304,4,True
uniform,0,663,304,4,True
uniform,0,664,304,4,True
uniform,0,665,304,4,True
uniform,0,666,304,4,True
uniform,0,667,304,4,True
uniform,0,668,304,4,True
uniform,0,669,304,4,True
uniform,0,670,304,4,True
uniform,0,671,304,4,True
uniform,0,672,304,4,True
uniform,0,673,304,4,True
uniform,0,674,304,4,True
uniform,0,675,304,4,True
uniform,0,676,304,4,True
uniform,0,677,304,4,True
uniform,0,678,304,4,True
uniform,0,679,304,4,True
uniform,0,680,304,4,True
uniform,0,681,304,4,True
uniform,0,682,304,4,True
uniform,0,683,304,4,True
uniform,0,684,304,4,True
uniform,0,685,304,4,True
uniform,0,686,304,4,True
uniform,0,687,304,4,True
uniform,0,688,304,4,True
uniform,0,689,304,4,True
uniform,0,690,304,4,True
uniform,0,691,304,4,True
uniform,0,692,304,4,True
uniform,0,693,304,4,True
uniform,0,694,304,4,True
uniform,0,695,304,4,True
uniform,0,696,304,4,True
uniform,0,697,304,4,True
uniform,0,698,304,4,True
uniform,0,699,304,4,True
uniform,0,700,304,4,True
uniform,0,701,304,4,True
uniform,0,702,304,4,True
uniform,0,703,304,4,True
uniform,0,704,304,4,True
uniform,0,705,304,4,True
uniform,0,706,304,4,True
uniform,0,707,304,4,True
uniform,0,708,304,4,True
uniform,0,709,304,4,True
uniform,0,710,304,4,True
uniform,0,711,304,4,True
uniform,0,712,304,4,True
uniform,0,713,304,4,True
uniform,0,714,304,4,True
uniform,0,715,304,4,True
uniform,0,716,304,4,True
uniform,0,717,304,4,True
uniform,0,718,304,4,True
uniform,0,719,304,4,True
uniform,0,720,304,4,True
uniform,0,721,304,4,True
uniform,0,722,304,4,True
uniform,0,723,304,4,True
uniform,0,724,304,4,True
uniform,0,725,304,4,True
uniform,0,726,304,4,True
uniform,0,727,304,4,True
uniform,0,728,304,4,True
uniform,0,729,304,4,True
uniform,0,730,304,4,True
uniform,0,731,304,4,True
uniform,0,732,304,4,True
uniform,0,733,304,4,True
uniform,0,734,304,4,True
uniform,0,735,304,4,True
uniform,0,736,304,4,True
uniform,0,737,304,4,True
uniform,0,738,304,4,True
uniform,0,739,304,4,True
uniform,0,740,304,4,True
uniform,0,741,304,4,True
uniform,0,742,304,4,True
uniform,0,743,304,4,True
uniform,0,744,304,4,True
uniform,0,745,304,4,True
uniform,0,746,304,4,True
uniform,0,747,304,4,True
uniform,0,748,304,4,True
uniform,0,749,304,4,True
uniform,0,750,304,4,True
uniform,0,751,304,4,True
uniform,0,752,304,4,True
uniform,0,753,304,4,True
uniform,0,754,304,4,True
uniform,0,755,304,4,True
uniform,0,756,304,4,True
uniform,0,757,304,4,True
uniform,0,758,304,4,True
uniform,0,759,304,4,True
uniform,0,760,304,4,True
uniform,0,761,304,4,True
uniform,0,762,304,4,True
uniform,0,763,304,4,True
uniform,0,764,304,4,True
uniform,0,765,304,4,True
uniform,0,766,304,4,True
uniform,0,767,304,4,True
uniform,0,768,304,4,True
uniform,0,769,304,4,True
uniform,0,770,304,4,True
uniform,0,771,304,4,True
uniform,0,772,304,4,True
uniform,0,773,304,4,True
uniform,0,774,304,4,True
uniform,0,775,304,4,True
uniform,0,776,304,4,True
uniform,0,777,304,4,True
uniform,0,778,304,4,True
uniform,0,779,304,4,True
uniform,0,780,304,4,True
uniform,0,781,304,4,True
uniform,0,782,304,4,True
uniform,0,783,304,4,True
uniform,0,784,304,4,True
uniform,0,785,304,4,True
uniform,0,786,304,4,True
uniform,0,787,304,4,True
uniform,0,788,304,4,True
uniform,0,789,304,4,True
uniform,0,790,304,4,True
uniform,0,791,304,4,True
uniform,0,792,304,4,True
uniform,0,793,304,4,True
uniform,0,794,304,4,True
uniform,0,795,304,4,True
uniform,0,796,304,4,True
uniform,0,797,304,4,True
uniform,0,798,304,4,True
uniform,0,799,304,4,True
uniform,0,800,304,4,True
uniform,0,801,304,4,True
uniform,0,802,304,4,True
uniform,0,803,304,4,True
uniform,0,804,304,4,True
uniform,0,805,304,4,True
uniform,0,806,304,4,True
uniform,0,807,304,4,True
uniform,0,808,304,4,True
uniform,0,809,304,4,True
uniform,0,810,304,4,True
uniform,0,811,304,4,True
uniform,0,812,304,4,True
uniform,0,813,304,4,True
uniform,0,814,304,4,True
uniform,0,815,304,4,True
uniform,0,816,304,4,True
uniform,0,817,304,4,True
uniform,0,818,304,4,True
uniform,0,819,304,4,True
uniform,0,820,304,4,True
uniform,0,821,304,4,True
uniform,0,822,304,4,True
uniform,0,823,304,4,True
uniform,0,824,304,4,True
uniform,0,825,304,4,True
uniform,0,826,304,4,True
uniform,0,827,304,4,True
uniform,0,828,304,4,True
uniform,0,829,304,4,True
uniform,0,830,304,4,True
uniform,0,831,304,4,True
uniform,0,832,304,4,True
uniform,0,833,304,4,True
uniform,0,834,304,4,True
uniform,0,835,304,4,True
uniform,0,836,304,4,True
uniform,0,837,304,4,True
uniform,0,838,304,4,True
uniform,0,839,304,4,True
uniform,0,840,304,4,True
uniform,0,841,304,4,True
uniform,0,842,304,4,True
uniform,0,843,304,4,True
uniform,0,844,304,4,True
uniform,0,845,304,4,True
uniform,0,846,304,4,True
uniform,0,847,304,4,True
uniform,0,848,304,4,True
uniform,0,849,304,4,True
uniform,0,850,304,4,True
uniform,0,851,304,4,True
uniform,0,852,304,4,True
uniform,0,853,304,4,True
uniform,0,854,304,4,True
uniform,0,855,304,4,True
uniform,0,856,304,4,True
uniform,0,857,304,4,True
uniform,0,858,304,4,True
uniform,0,859,304,4,True
uniform,0,860,304,4,True
uniform,0,861,304,4,True
uniform,0,862,304,4,True
uniform,0,863,304,4,True
uniform,0,864,304,4,True
uniform,0,865,304,4,True
uniform,0,866,304,4,True
uniform,0,867,304,4,True
uniform,0,868,304,4,True
uniform,0,869,304,4,True
uniform,0,870,304,4,True
uniform,0,871,304,4,True
uniform,0,872,304,4,True
uniform,0,873,304,4,True
uniform,0,874,304,4,True
uniform,0,875,304,4,True
uniform,0,876,304,4,True
uniform,0,877,304,4,True
uniform,0,878,304,4,True
uniform,0,879,304,4,True
uniform,0,880,304,4,True
uniform,0,881,304,4,True
uniform,0,882,304,4,True
uniform,0,883,304,4,True
uniform,0,884,304,4,True
uniform,0,885,304,4,True
uniform,0,886,304,4,True
uniform,0,887,304,4,True
uniform,0,888,304,4,True
uniform,0,889,304,4,True
uniform,0,890,304,4,True
uniform,0,891,304,4,True
uniform,0,892,304,4,True
uniform,0,893,304,4,True
uniform,0,894,304,4,True
uniform,0,895,304,4,True
uniform,0,896,304,4,True
uniform,0,897,304,4,True
uniform,0,898,304,4,True
uniform,0,899,304,4,True
uniform,0,900,304,4,True
uniform,0,901,304,4,True
uniform,0,902,304,4,True
uniform,0,903,304,4,True
uniform,0,904,304,4,True
uniform,0,905,304,4,True
uniform,0,906,304,4,True
uniform,0,907,304,4,True
uniform,0,908,304,4,True
uniform,0,909,304,4,True
uniform,0,910,304,4,True
uniform,0,911,304,4,True
uniform,0,912,304,4,True
uniform,0,913,304,4,True
uniform,0,914,304,4,True
uniform,0,915,304,4,True
uniform,0,916,304,4,True
uniform,0,917,304,4,True
uniform,0,918,304,4,True
uniform,0,919,304,4,True
uniform,0,920,304,4,True
uniform,0,921,304,4,True
uniform,0,922,304,4,True
uniform,0,923,304,4,True
uniform,0,924,304,4,True
uniform,0,925,304,4,True
uniform,0,926,304,4,True
uniform,0,927,304,4,True
uniform,0,928,304,4,True
uniform,0,929,304,4,True
uniform,0,930,304,4,True
uniform,0,931,304,4,True
uniform,0,932,304,4,True
uniform,0,933,304,4,True
uniform,0,934,304,4,True
uniform,0,935,304,4,True
uniform,0,936,304,4,True
uniform,0,937,304,4,True
uniform,0,938,304,4,True
uniform,0,939,304,4,True
uniform,0,940,304,4,True
uniform,0,941,304,4,True
uniform,0,942,304,4,True
uniform,0,943,304,4,True
uniform,0,944,304,4,True
uniform,0,945,304,4,True
uniform,0,946,304,4,True
uniform,0,947,304,4,True
uniform,0,948,304,4,True
uniform,0,949,304,4,True
uniform,0,950,304,4,True
uniform,0,951,304,4,True
uniform,0,952,304,4,True
uniform,0,953,304,4,True
uniform,0,954,304,4,True
uniform,0,955,304,4,True
uniform,0,956,304,4,True
uniform,0,957,304,4,True
uniform,0,958,304,4,True
uniform,0,959,304,4,True
uniform,0,960,304,4,True
uniform,0,961,304,4,True
uniform,0,962,304,4,True
uniform,0,963,304,4,True
uniform,0,964,304,4,True
uniform,0,965,304,4,True
uniform,0,966,304,4,True
uniform,0,967,304,4,True
uniform,0,968,304,4,True
uniform,0,969,304,4,True
uniform,0,970,304,4,True
uniform,0,971,304,4,True
uniform,0,972,304,4,True
uniform,0,973,304,4,True
uniform,0,974,304,4,True
uniform,0,975,304,4,True
uniform,0,976,304,4,True
uniform,0,977,304,4,True
uniform,0,978,304,4,True
uniform,0,979,304,4,True
uniform,0,980,304,4,True
uniform,0,981,304,4,True
uniform,0,982,304,4,True
uniform,0,983,304,4,True
uniform,0,984,304,4,True
uniform,0,985,304,4,True
uniform,0,986,304,4,True
uniform,0,987,304,4,True
uniform,0,988,304,4,True
uniform,0,989,304,4,True
uniform,0,990,304,4,True
uniform,0,991,304,4,True
uniform,0,992,304,4,True
uniform,0,993,304,4,True
uniform,0,994,304,4,True
uniform,0,995,304,4,True
uniform,0,996,304,4,True
uniform,0,997,304,4,True
uniform,0,998,304,4,True
uniform,0,999,304,4,True
uniform,0,1000,304,4,True
uniform,1,0,365,4,True
uniform,1,1,354,4,True
uniform,1,2,342,4,True
uniform,1,3,342,4,True
uniform,1,4,342,4,True
uniform,1,5,342,4,True
uniform,1,6,342,4,True
uniform,1,7,342,4,True
uniform,1,8,342,4,True
uniform,1,9,340,4,True
uniform,1,10,334,4,True
uniform,1,11,334,4,True
uniform,1,12,334,4,True
uniform,1,13,334,4,True
uniform,1,14,334,4,True
uniform,1,15,334,4,True
uniform,1,16,334,4,True
uniform,1,17,333,4,True
uniform,1,18,328,4,True
uniform,1,19,326,4,True
uniform,1,20,323,4,True
uniform,1,21,323,4,True
uniform,1,22,323,4,True
uniform,1,23,323,4,True
uniform,1,24,323,4,True
uniform,1,25,323,4,True
uniform,1,26,323,4,True
uniform,1,27,321,4,True
uniform,1,28,318,4,True
uniform,1,29,315,4,True
uniform,1,30,315,4,True
uniform,1,31,315,4,True
uniform,1,32,315,4,True
uniform,1,33,315,4,True
uniform,1,34,315,4,True
uniform,1,35,315,4,True
uniform,1,36,315,4,True
uniform,1,37,315,4,True
uniform,1,38,315,4,True
uniform,1,39,315,4,True
uniform,1,40,315,4,True
uniform,1,41,315,4,True
uniform,1,42,315,4,True
uniform,1,43,315,4,True
uniform,1,44,315,4,True
uniform,1,45,315,4,True
uniform,1,46,315,4,True
uniform,1,47,315,4,True
uniform,1,48,314,4,True
uniform,1,49,313,4,True
uniform,1,50,306,4,True
uniform,1,51,306,4,True
uniform,1,52,306,4,True
uniform,1,53,306,4,True
uniform,1,54,306,4,True
uniform,1,55,306,4,True
uniform,1,56,306,4,True
uniform,1,57,306,4,True
uniform,1,58,306,4,True
uniform,1,59,306,4,True
uniform,1,60,306,4,True
uniform,1,61,306,4,True
uniform,1,62,306,4,True
uniform,1,63,306,4,True
uniform,1,64,306,4,True
uniform,1,65,306,4,True
uniform,1,66,306,4,True
uniform,1,67,306,4,True
uniform,1,68,306,4,True
uniform,1,69,306,4,True
uniform,1,70,306,4,True
uniform,1,71,306,4,True
uniform,1,72,306,4,True
uniform,1,73,306,4,True
uniform,1,74,306,4,True
uniform,1,75,306,4,True
uniform,1,76,306,4,True
uniform,1,77,306,4,True
uniform,1,78,306,4,True
uniform,1,79,306,4,True
uniform,1,80,306,4,True
uniform,1,81,306,4,True
uniform,1,82,306,4,True
uniform,1,83,306,4,True
uniform,1,84,306,4,True
uniform,1,85,306,4,True
uniform,1,86,306,4,True
uniform,1,87,306,4,True
uniform,1,88,306,4,True
uniform,1,89,306,4,True
uniform,1,90,306,4,True
uniform,1,91,306,4,True
uniform,1,92,306,4,True
uniform,1,93,306,4,True
uniform,1,94,306,4,True
uniform,1,95,306,4,True
uniform,1,96,306,4,True
uniform,1,97,306,4,True
uniform,1,98,306,4,True
uniform,1,99,306,4,True
uniform,1,100,306,4,True
uniform,1,101,306,4,True
uniform,1,102,306,4,True
uniform,1,103,306,4,True
uniform,1,104,306,4,True
uniform,1,105,306,4,True
uniform,1,106,306,4,True
uniform,1,107,306,4,True
uniform,1,108,306,4,True
uniform,1,109,306,4,True
uniform,1,110,306,4,True
uniform,1,111,306,4,True
uniform,1,112,306,4,True
uniform,1,113,306,4,True
uniform,1,114,306,4,True
uniform,1,115,306,4,True
uniform,1,116,306,4,True
uniform,1,117,306,4,True
uniform,1,118,306,4,True
uniform,1,119,306,4,True
uniform,1,120,306,4,True
uniform,1,121,306,4,True
uniform,1,122,306,4,True
uniform,1,123,306,4,True
uniform,1,124,306,4,True
uniform,1,125,306,4,True
uniform,1,126,306,4,True
uniform,1,127,306,4,True
uniform,1,128,306,4,True
uniform,1,129,306,4,True
uniform,1,130,306,4,True
uniform,1,131,306,4,True
uniform,1,132,306,4,True
uniform,1,133,306,4,True
uniform,1,134,306,4,True
uniform,1,135,306,4,True
uniform,1,136,306,4,True
uniform,1,137,306,4,True
uniform,1,138,306,4,True
uniform,1,139,306,4,True
uniform,1,140,306,4,True
uniform,1,141,306,4,True
uniform,1,142,306,4,True
uniform,1,143,306,4,True
uniform,1,144,306,4,True
uniform,1,145,306,4,True
uniform,1,146,306,4,True
uniform,1,147,306,4,True
uniform,1,148,306,4,True
uniform,1,149,306,4,True
uniform,1,150,306,4,True
uniform,1,151,306,4,True
uniform,1,152,306,4,True
uniform,1,153,306,4,True
uniform,1,154,306,4,True
uniform,1,155,306,4,True
uniform,1,156,306,4,True
uniform,1,157,306,4,True
uniform,1,158,306,4,True
uniform,1,159,306,4,True
uniform,1,160,306,4,True
uniform,1,161,306,4,True
uniform,1,162,306,4,True
uniform,1,163,306,4,True
uniform,1,164,306,4,True
uniform,1,165,306,4,True
uniform,1,166,306,4,True
uniform,1,167,306,4,True
uniform,1,168,306,4,True
uniform,1,169,306,4,True
uniform,1,170,306,4,True
uniform,1,171,306,4,True
uniform,1,172,306,4,True
uniform,1,173,306,4,True
uniform,1,174,306,4,True
uniform,1,175,306,4,True
uniform,1,176,306,4,True
uniform,1,177,306,4,True
uniform,1,178,306,4,True
uniform,1,179,306,4,True
uniform,1,180,306,4,True
uniform,1,181,306,4,True
uniform,1,182,306,4,True
uniform,1,183,306,4,True
uniform,1,184,306,4,True
uniform,1,185,306,4,True
uniform,1,186,306,4,True
uniform,1,187,306,4,True
uniform,1,188,306,4,True
uniform,1,189,306,4,True
uniform,1,190,306,4,True
uniform,1,191,306,4,True
uniform,1,192,306,4,True
uniform,1,193,306,4,True
uniform,1,194,306,4,True
uniform,1,195,306,4,True
uniform,1,196,306,4,True
uniform,1,197,306,4,True
uniform,1,198,306,4,True
uniform,1,199,306,4,True
uniform,1,200,306,4,True
uniform,1,201,306,4,True
uniform,1,202,306,4,True
uniform,1,203,306,4,True
uniform,1,204,306,4,True
uniform,1,205,306,4,True
uniform,1,206,306,4,True
uniform,1,207,306,4,True
uniform,1,208,306,4,True
uniform,1,209,306,4,True
uniform,1,210,306,4,True
uniform,1,211,306,4,True
uniform,1,212,306,4,True
uniform,1,213,306,4,True
uniform,1,214,306,4,True
uniform,1,215,306,4,True
uniform,1,216,306,4,True
uniform,1,217,306,4,True
uniform,1,218,306,4,True
uniform,1,219,306,4,True
uniform,1,220,306,4,True
uniform,1,221,306,4,True
uniform,1,222,306,4,True
uniform,1,223,306,4,True
uniform,1,224,306,4,True
uniform,1,225,306,4,True
uniform,1,226,306,4,True
uniform,1,227,306,4,True
uniform,1,228,306,4,True
uniform,1,229,306,4,True
uniform,1,230,306,4,True
uniform,1,231,306,4,True
uniform,1,232,306,4,True
uniform,1,233,306,4,True
uniform,1,234,306,4,True
uniform,1,235,306,4,True
uniform,1,236,306,4,True
uniform,1,237,306,4,True
uniform,1,238,306,4,True
uniform,1,239,306,4,True
uniform,1,240,306,4,True
uniform,1,241,306,4,True
uniform,1,242,306,4,True
uniform,1,243,306,4,True
uniform,1,244,306,4,True
uniform,1,245,306,4,True
uniform,1,246,306,4,True
uniform,1,247,306,4,True
uniform,1,248,306,4,True
uniform,1,249,306,4,True
uniform,1,250,306,4,True
uniform,1,251,306,4,True
uniform,1,252,306,4,True
uniform,1,253,306,4,True
uniform,1,254,306,4,True
uniform,1,255,306,4,True
uniform,1,256,306,4,True
uniform,1,257,306,4,True
uniform,1,258,306,4,True
uniform,1,259,306,4,True
uniform,1,260,306,4,True
uniform,1,261,306,4,True
uniform,1,262,306,4,True
uniform,1,263,306,4,True
uniform,1,264,306,4,True
uniform,1,265,306,4,True
uniform,1,266,306,4,True
uniform,1,267,306,4,True
uniform,1,268,306,4,True
uniform,1,269,306,4,True
uniform,1,270,306,4,True
uniform,1,271,306,4,True
uniform,1,272,306,4,True
uniform,1,273,306,4,True
uniform,1,274,306,4,True
uniform,1,275,306,4,True
uniform,1,276,306,4,True
uniform,1,277,306,4,True
uniform,1,278,306,4,True
uniform,1,279,306,4,True
uniform,1,280,306,4,True
uniform,1,281,306,4,True
uniform,1,282,306,4,True
uniform,1,283,306,4,True
uniform,1,284,306,4,True
uniform,1,285,306,4,True
uniform,1,286,306,4,True
uniform,1,287,306,4,True
uniform,1,288,306,4,True
uniform,1,289,306,4,True
uniform,1,290,306,4,True
uniform,1,291,306,4,True
uniform,1,292,306,4,True
uniform,1,293,306,4,True
uniform,1,294,306,4,True
uniform,1,295,306,4,True
uniform,1,296,306,4,True
uniform,1,297,306,4,True
uniform,1,298,306,4,True
uniform,1,299,306,4,True
uniform,1,300,306,4,True
uniform,1,301,306,4,True
uniform,1,302,306,4,True
uniform,1,303,306,4,True
uniform,1,304,306,4,True
uniform,1,305,306,4,True
uniform,1,306,306,4,True
uniform,1,307,306,4,True
uniform,1,308,306,4,True
uniform,1,309,306,4,True
uniform,1,310,306,4,True
uniform,1,311,306,4,True
uniform,1,312,306,4,True
uniform,1,313,306,4,True
uniform,1,314,306,4,True
uniform,1,315,306,4,True
uniform,1,316,306,4,True
uniform,1,317,306,4,True
uniform,1,318,306,4,True
uniform,1,319,306,4,True
uniform,1,320,306,4,True
uniform,1,321,306,4,True
uniform,1,322,306,4,True
uniform,1,323,306,4,True
uniform,1,324,306,4,True
uniform,1,325,306,4,True
uniform,1,326,306,4,True
uniform,1,327,306,4,True
uniform,1,328,306,4,True
uniform,1,329,306,4,True
uniform,1,330,306,4,True
uniform,1,331,306,4,True
uniform,1,332,306,4,True
uniform,1,333,306,4,True
uniform,1,334,306,4,True
uniform,1,335,306,4,True
uniform,1,336,306,4,True
uniform,1,337,306,4,True
uniform,1,338,306,4,True
uniform,1,339,306,4,True
uniform,1,340,306,4,True
uniform,1,341,306,4,True
uniform,1,342,306,4,True
uniform,1,343,306,4,True
uniform,1,344,306,4,True
uniform,1,345,306,4,True
uniform,1,346,306,4,True
uniform,1,347,306,4,True
uniform,1,348,306,4,True
uniform,1,349,306,4,True
uniform,1,350,306,4,True
uniform,1,351,306,4,True
uniform,1,352,306,4,True
uniform,1,353,306,4,True
uniform,1,354,306,4,True
uniform,1,355,306,4,True
uniform,1,356,306,4,True
uniform,1,357,306,4,True
uniform,1,358,306,4,True
uniform,1,359,306,4,True
uniform,1,360,306,4,True
uniform,1,361,306,4,True
uniform,1,362,306,4,True
uniform,1,363,306,4,True
uniform,1,364,306,4,True
uniform,1,365,306,4,True
uniform,1,366,306,4,True
uniform,1,367,306,4,True
uniform,1,368,306,4,True
uniform,1,369,306,4,True
uniform,1,370,306,4,True
uniform,1,371,306,4,True
uniform,1,372,306,4,True
uniform,1,373,306,4,True
uniform,1,374,306,4,True
uniform,1,375,306,4,True
uniform,1,376,306,4,True
uniform,1,377,306,4,True
uniform,1,378,306,4,True
uniform,1,379,306,4,True
uniform,1,380,306,4,True
uniform,1,381,306,4,True
uniform,1,382,306,4,True
uniform,1,383,306,4,True
uniform,1,384,306,4,True
uniform,1,385,306,4,True
uniform,1,386,306,4,True
uniform,1,387,306,4,True
uniform,1,388,306,4,True
uniform,1,389,306,4,True
uniform,1,390,306,4,True
uniform,1,391,306,4,True
uniform,1,392,306,4,True
uniform,1,393,306,4,True
uniform,1,394,306,4,True
uniform,1,395,306,4,True
uniform,1,396,306,4,True
uniform,1,397,306,4,True
uniform,1,398,306,4,True
uniform,1,399,306,4,True
uniform,1,400,306,4,True
uniform,1,401,306,4,True
uniform,1,402,306,4,True
uniform,1,403,306,4,True
uniform,1,404,306,4,True
uniform,1,405,306,4,True
uniform,1,406,306,4,True
uniform,1,407,306,4,True
uniform,1,408,306,4,True
uniform,1,409,306,4,True
uniform,1,410,306,4,True
uniform,1,411,306,4,True
uniform,1,412,306,4,True
uniform,1,413,306,4,True
uniform,1,414,306,4,True
uniform,1,415,306,4,True
uniform,1,416,306,4,True
uniform,1,417,306,4,True
uniform,1,418,306,4,True
uniform,1,419,306,4,True
uniform,1,420,306,4,True
uniform,1,421,306,4,True
uniform,1,422,306,4,True
uniform,1,423,306,4,True
uniform,1,424,306,4,True
uniform,1,425,306,4,True
uniform,1,426,306,4,True
uniform,1,427,306,4,True
uniform,1,428,306,4,True
uniform,1,429,306,4,True
uniform,1,430,306,4,True
uniform,1,431,306,4,True
uniform,1,432,306,4,True
uniform,1,433,306,4,True
uniform,1,434,306,4,True
uniform,1,435,306,4,True
uniform,1,436,306,4,True
uniform,1,437,306,4,True
uniform,1,438,306,4,True
uniform,1,439,306,4,True
uniform,1,440,306,4,True
uniform,1,441,306,4,True
uniform,1,442,306,4,True
uniform,1,443,306,4,True
uniform,1,444,306,4,True
uniform,1,445,306,4,True
uniform,1,446,306,4,True
uniform,1,447,306,4,True
uniform,1,448,306,4,True
uniform,1,449,306,4,True
uniform,1,450,306,4,True
uniform,1,451,306,4,True
uniform,1,452,306,4,True
uniform,1,453,306,4,True
uniform,1,454,306,4,True
uniform,1,455,306,4,True
uniform,1,456,306,4,True
uniform,1,457,306,4,True
uniform,1,458,306,4,True
uniform,1,459,306,4,True
uniform,1,460,306,4,True
uniform,1,461,306,4,True
uniform,1,462,306,4,True
uniform,1,463,306,4,True
uniform,1,464,306,4,True
uniform,1,465,306,4,True
uniform,1,466,306,4,True
uniform,1,467,306,4,True
uniform,1,468,306,4,True
uniform,1,469,306,4,True
uniform,1,470,306,4,True
uniform,1,471,306,4,True
uniform,1,472,306,4,True
uniform,1,473,306,4,True
uniform,1,474,306,4,True
uniform,1,475,306,4,True
uniform,1,476,306,4,True
uniform,1,477,306,4,True
uniform,1,478,306,4,True
uniform,1,479,306,4,True
uniform,1,480,306,4,True
uniform,1,481,306,4,True
uniform,1,482,306,4,True
uniform,1,483,306,4,True
uniform,1,484,306,4,True
uniform,1,485,306,4,True
uniform,1,486,306,4,True
uniform,1,487,306,4,True
uniform,1,488,306,4,True
uniform,1,489,306,4,True
uniform,1,490,306,4,True
uniform,1,491,306,4,True
uniform,1,492,306,4,True
uniform,1,493,306,4,True
uniform,1,494,306,4,True
uniform,1,495,306,4,True
uniform,1,496,306,4,True
uniform,1,497,306,4,True
uniform,1,498,306,4,True
uniform,1,499,306,4,True
uniform,1,500,306,4,True
uniform,1,501,306,4,True
uniform,1,502,306,4,True
uniform,1,503,306,4,True
uniform,1,504,306,4,True
uniform,1,505,306,4,True
uniform,1,506,306,4,True
uniform,1,507,306,4,True
uniform,1,508,306,4,True
uniform,1,509,306,4,True
uniform,1,510,306,4,True
uniform,1,511,306,4,True
uniform,1,512,306,4,True
uniform,1,513,306,4,True
uniform,1,514,306,4,True
uniform,1,515,306,4,True
uniform,1,516,306,4,True
uniform,1,517,306,4,True
uniform,1,518,306,4,True
uniform,1,519,306,4,True
uniform,1,520,306,4,True
uniform,1,521,306,4,True
uniform,1,522,306,4,True
uniform,1,523,306,4,True
uniform,1,524,306,4,True
uniform,1,525,306,4,True
uniform,1,526,306,4,True
uniform,1,527,306,4,True
uniform,1,528,306,4,True
uniform,1,529,306,4,True
uniform,1,530,306,4,True
uniform,1,531,306,4,True
uniform,1,532,306,4,True
uniform,1,533,306,4,True
uniform,1,534,306,4,True
uniform,1,535,306,4,True
uniform,1,536,306,4,True
uniform,1,537,306,4,True
uniform,1,538,306,4,True
uniform,1,539,306,4,True
uniform,1,540,306,4,True
uniform,1,541,306,4,True
uniform,1,542,306,4,True
uniform,1,543,306,4,True
uniform,1,544,306,4,True
uniform,1,545,306,4,True
uniform,1,546,306,4,True
uniform,1,547,306,4,True
uniform,1,548,306,4,True
uniform,1,549,306,4,True
uniform,1,550,306,4,True
uniform,1,551,306,4,True
uniform,1,552,306,4,True
uniform,1,553,306,4,True
uniform,1,554,306,4,True
uniform,1,555,306,4,True
uniform,1,556,306,4,True
uniform,1,557,306,4,True
uniform,1,558,306,4,True
uniform,1,559,306,4,True
uniform,1,560,306,4,True
uniform,1,561,306,4,True
uniform,1,562,306,4,True
uniform,1,563,306,4,True
uniform,1,564,306,4,True
uniform,1,565,306,4,True
uniform,1,566,306,4,True
uniform,1,567,306,4,True
uniform,1,568,306,4,True
uniform,1,569,306,4,True
uniform,1,570,306,4,True
uniform,1,571,306,4,True
uniform,1,572,306,4,True
uniform,1,573,306,4,True
uniform,1,574,306,4,True
uniform,1,575,306,4,True
uniform,1,576,306,4,True
uniform,1,577,306,4,True
uniform,1,578,306,4,True
uniform,1,579,306,4,True
uniform,1,580,306,4,True
uniform,1,581,306,4,True
uniform,1,582,306,4,True
uniform,1,583,306,4,True
uniform,1,584,306,4,True
uniform,1,585,306,4,True
uniform,1,586,306,4,True
uniform,1,587,306,4,True
uniform,1,588,306,4,True
uniform,1,589,306,4,True
uniform,1,590,306,4,True
uniform,1,591,306,4,True
uniform,1,592,306,4,True
uniform,1,593,306,4,True
uniform,1,594,306,4,True
uniform,1,595,306,4,True
uniform,1,596,306,4,True
uniform,1,597,306,4,True
uniform,1,598,306,4,True
uniform,1,599,306,4,True
uniform,1,600,306,4,True
uniform,1,601,306,4,True
uniform,1,602,306,4,True
uniform,1,603,306,4,True
uniform,1,604,306,4,True
uniform,1,605,306,4,True
uniform,1,606,306,4,True
uniform,1,607,306,4,True
uniform,1,608,306,4,True
uniform,1,609,305,4,True
uniform,1,610,304,4,True
uniform,1,611,304,4,True
uniform,1,612,304,4,True
uniform,1,613,304,4,True
uniform,1,614,304,4,True
uniform,1,615,304,4,True
uniform,1,616,304,4,True
uniform,1,617,304,4,True
uniform,1,618,304,4,True
uniform,1,619,304,4,True
uniform,1,620,304,4,True
uniform,1,621,304,4,True
uniform,1,622,304,4,True
uniform,1,623,304,4,True
uniform,1,624,304,4,True
uniform,1,625,304,4,True
uniform,1,626,304,4,True
uniform,1,627,304,4,True
uniform,1,628,304,4,True
uniform,1,629,304,4,True
uniform,1,630,304,4,True
uniform,1,631,304,4,True
uniform,1,632,304,4,True
uniform,1,633,304,4,True
uniform,1,634,304,4,True
uniform,1,635,304,4,True
uniform,1,636,304,4,True
uniform,1,637,304,4,True
uniform,1,638,304,4,True
uniform,1,639,304,4,True
uniform,1,640,304,4,True
uniform,1,641,304,4,True
uniform,1,642,304,4,True
uniform,1,643,304,4,True
uniform,1,644,304,4,True
uniform,1,645,304,4,True
uniform,1,646,304,4,True
uniform,1,647,304,4,True
uniform,1,648,304,4,True
uniform,1,649,304,4,True
uniform,1,650,304,4,True
uniform,1,651,304,4,True
uniform,1,652,304,4,True
uniform,1,653,304,4,True
uniform,1,654,304,4,True
uniform,1,655,304,4,True
uniform,1,656,304,4,True
uniform,1,657,304,4,True
uniform,1,658,304,4,True
uniform,1,659,304,4,True
uniform,1,660,304,4,True
uniform,1,661,304,4,True
uniform,1,662,304,4,True
uniform,1,663,304,4,True
uniform,1,664,304,4,True
uniform,1,665,304,4,True
uniform,1,666,304,4,True
uniform,1,667,304,4,True
uniform,1,668,304,4,True
uniform,1,669,304,4,True
uniform,1,670,304,4,True
uniform,1,671,304,4,True
uniform,1,672,304,4,True
uniform,1,673,304,4,True
uniform,1,674,304,4,True
uniform,1,675,304,4,True
uniform,1,676,304,4,True
uniform,1,677,304,4,True
uniform,1,678,304,4,True
uniform,1,679,304,4,True
uniform,1,680,304,4,True
uniform,1,681,304,4,True
uniform,1,682,304,4,True
uniform,1,683,304,4,True
uniform,1,684,304,4,True
uniform,1,685,304,4,True
uniform,1,686,304,4,True
uniform,1,687,304,4,True
uniform,1,688,304,4,True
uniform,1,689,304,4,True
uniform,1,690,304,4,True
uniform,1,691,304,4,True
uniform,1,692,304,4,True
uniform,1,693,304,4,True
uniform,1,694,304,4,True
uniform,1,695,304,4,True
uniform,1,696,304,4,True
uniform,1,697,304,4,True
uniform,1,698,304,4,True
uniform,1,699,304,4,True
uniform,1,700,304,4,True
uniform,1,701,304,4,True
uniform,1,702,304,4,True
uniform,1,703,304,4,True
uniform,1,704,304,4,True
uniform,1,705,304,4,True
uniform,1,706,304,4,True
uniform,1,707,304,4,True
uniform,1,708,304,4,True
uniform,1,709,304,4,True
uniform,1,710,304,4,True
uniform,1,711,304,4,True
uniform,1,712,304,4,True
uniform,1,713,304,4,True
uniform,1,714,304,4,True
uniform,1,715,304,4,True
uniform,1,716,304,4,True
uniform,1,717,304,4,True
uniform,1,718,304,4,True
uniform,1,719,304,4,True
uniform,1,720,304,4,True
uniform,1,721,304,4,True
uniform,1,722,304,4,True
uniform,1,723,304,4,True
uniform,1,724,304,4,True
uniform,1,725,304,4,True
uniform,1,726,304,4,True
uniform,1,727,304,4,True
uniform,1,728,304,4,True
uniform,1,729,304,4,True
uniform,1,730,304,4,True
uniform,1,731,304,4,True
uniform,1,732,304,4,True
uniform,1,733,304,4,True
uniform,1,734,304,4,True
uniform,1,735,304,4,True
uniform,1,736,304,4,True
uniform,1,737,304,4,True
uniform,1,738,304,4,True
uniform,1,739,304,4,True
uniform,1,740,304,4,True
uniform,1,741,304,4,True
uniform,1,742,304,4,True
uniform,1,743,304,4,True
uniform,1,744,304,4,True
uniform,1,745,304,4,True
uniform,1,746,304,4,True
uniform,1,747,304,4,True
uniform,1,748,304,4,True
uniform,1,749,304,4,True
uniform,1,750,304,4,True
uniform,1,751,304,4,True
uniform,1,752,304,4,True
uniform,1,753,304,4,True
uniform,1,754,304,4,True
uniform,1,755,304,4,True
uniform,1,756,304,4,True
uniform,1,757,304,4,True
uniform,1,758,304,4,True
uniform,1,759,304,4,True
uniform,1,760,304,4,True
uniform,1,761,304,4,True
uniform,1,762,304,4,True
uniform,1,763,304,4,True
uniform,1,764,304,4,True
uniform,1,765,304,4,True
uniform,1,766,304,4,True
uniform,1,767,304,4,True
uniform,1,768,304,4,True
uniform,1,769,304,4,True
uniform,1,770,304,4,True
uniform,1,771,304,4,True
uniform,1,772,304,4,True
uniform,1,773,304,4,True
uniform,1,774,304,4,True
uniform,1,775,304,4,True
uniform,1,776,304,4,True
uniform,1,777,304,4,True
uniform,1,778,304,4,True
uniform,1,779,304,4,True
uniform,1,780,304,4,True
uniform,1,781,304,4,True
uniform,1,782,304,4,True
uniform,1,783,304,4,True
uniform,1,784,304,4,True
uniform,1,785,304,4,True
uniform,1,786,304,4,True
uniform,1,787,304,4,True
uniform,1,788,304,4,True
uniform,1,789,304,4,True
uniform,1,790,304,4,True
uniform,1,791,304,4,True
uniform,1,792,304,4,True
uniform,1,793,304,4,True
uniform,1,794,304,4,True
uniform,1,795,304,4,True
uniform,1,796,304,4,True
uniform,1,797,304,4,True
uniform,1,798,304,4,True
uniform,1,799,304,4,True
uniform,1,800,304,4,True
uniform,1,801,304,4,True
uniform,1,802,304,4,True
uniform,1,803,304,4,True
uniform,1,804,304,4,True
uniform,1,805,304,4,True
uniform,1,806,304,4,True
uniform,1,807,304,4,True
uniform,1,808,304,4,True
uniform,1,809,304,4,True
uniform,1,810,304,4,True
uniform,1,811,304,4,True
uniform,1,812,304,4,True
uniform,1,813,304,4,True
uniform,1,814,304,4,True
uniform,1,815,304,4,True
uniform,1,816,304,4,True
uniform,1,817,304,4,True
uniform,1,818,304,4,True
uniform,1,819,304,4,True
uniform,1,820,304,4,True
uniform,1,821,304,4,True
uniform,1,822,304,4,True
uniform,1,823,304,4,True
uniform,1,824,304,4,True
uniform,1,825,304,4,True
uniform,1,826,304,4,True
uniform,1,827,304,4,True
uniform,1,828,304,4,True
uniform,1,829,304,4,True
uniform,1,830,304,4,True
uniform,1,831,304,4,True
uniform,1,832,304,4,True
uniform,1,833,304,4,True
uniform,1,834,304,4,True
uniform,1,835,304,4,True
uniform,1,836,304,4,True
uniform,1,837,304,4,True
uniform,1,838,304,4,True
uniform,1,839,304,4,True
uniform,1,840,304,4,True
uniform,1,841,304,4,True
uniform,1,842,304,4,True
uniform,1,843,304,4,True
uniform,1,844,304,4,True
uniform,1,845,304,4,True
uniform,1,846,304,4,True
uniform,1,847,304,4,True
uniform,1,848,304,4,True
uniform,1,849,304,4,True
uniform,1,850,304,4,True
uniform,1,851,304,4,True
uniform,1,852,304,4,True
uniform,1,853,304,4,True
uniform,1,854,304,4,True
uniform,1,855,304,4,True
uniform,1,856,304,4,True
uniform,1,857,304,4,True
uniform,1,858,304,4,True
uniform,1,859,304,4,True
uniform,1,860,304,4,True
uniform,1,861,304,4,True
uniform,1,862,304,4,True
uniform,1,863,304,4,True
uniform,1,864,304,4,True
uniform,1,865,304,4,True
uniform,1,866,304,4,True
uniform,1,867,304,4,True
uniform,1,868,304,4,True
uniform,1,869,304,4,True
uniform,1,870,304,4,True
uniform,1,871,304,4,True
uniform,1,872,304,4,True
uniform,1,873,304,4,True
uniform,1,874,304,4,True
uniform,1,875,304,4,True
uniform,1,876,304,4,True
uniform,1,877,304,4,True
uniform,1,878,304,4,True
uniform,1,879,304,4,True
uniform,1,880,304,4,True
uniform,1,881,304,4,True
uniform,1,882,304,4,True
uniform,1,883,304,4,True
uniform,1,884,304,4,True
uniform,1,885,304,4,True
uniform,1,886,304,4,True
uniform,1,887,304,4,True
uniform,1,888,304,4,True
uniform,1,889,304,4,True
uniform,1,890,304,4,True
uniform,1,891,304,4,True
uniform,1,892,304,4,True
uniform,1,893,304,4,True
uniform,1,894,304,4,True
uniform,1,895,304,4,True
uniform,1,896,304,4,True
uniform,1,897,304,4,True
uniform,1,898,304,4,True
uniform,1,899,304,4,True
uniform,1,900,304,4,True
uniform,1,901,304,4,True
uniform,1,902,304,4,True
uniform,1,903,304,4,True
uniform,1,904,304,4,True
uniform,1,905,304,4,True
uniform,1,906,304,4,True
uniform,1,907,304,4,True
uniform,1,908,304,4,True
uniform,1,909,304,4,True
uniform,1,910,304,4,True
uniform,1,911,304,4,True
uniform,1,912,304,4,True
uniform,1,913,304,4,True
uniform,1,914,304,4,True
uniform,1,915,304,4,True
uniform,1,916,304,4,True
uniform,1,917,304,4,True
uniform,1,918,304,4,True
uniform,1,919,304,4,True
uniform,1,920,304,4,True
uniform,1,921,304,4,True
uniform,1,922,304,4,True
uniform,1,923,304,4,True
uniform,1,924,304,4,True
uniform,1,925,304,4,True
uniform,1,926,304,4,True
uniform,1,927,304,4,True
uniform,1,928,304,4,True
uniform,1,929,304,4,True
uniform,1,930,304,4,True
uniform,1,931,304,4,True
uniform,1,932,304,4,True
uniform,1,933,304,4,True
uniform,1,934,304,4,True
uniform,1,935,304,4,True
uniform,1,936,304,4,True
uniform,1,937,304,4,True
uniform,1,938,304,4,True
uniform,1,939,304,4,True
uniform,1,940,304,4,True
uniform,1,941,304,4,True
uniform,1,942,304,4,True
uniform,1,943,304,4,True
uniform,1,944,304,4,True
uniform,1,945,304,4,True
uniform,1,946,304,4,True
uniform,1,947,304,4,True
uniform,1,948,304,4,True
uniform,1,949,304,4,True
uniform,1,950,304,4,True
uniform,1,951,304,4,True
uniform,1,952,304,4,True
uniform,1,953,304,4,True
uniform,1,954,304,4,True
uniform,1,955,304,4,True
uniform,1,956,304,4,True
uniform,1,957,304,4,True
uniform,1,958,304,4,True
uniform,1,959,304,4,True
uniform,1,960,304,4,True
uniform,1,961,304,4,True
uniform,1,962,304,4,True
uniform,1,963,304,4,True
uniform,1,964,304,4,True
uniform,1,965,304,4,True
uniform,1,966,304,4,True
uniform,1,967,304,4,True
uniform,1,968,304,4,True
uniform,1,969,304,4,True
uniform,1,970,304,4,True
uniform,1,971,304,4,True
uniform,1,972,304,4,True
uniform,1,973,304,4,True
uniform,1,974,304,4,True
uniform,1,975,304,4,True
uniform,1,976,304,4,True
uniform,1,977,304,4,True
uniform,1,978,304,4,True
uniform,1,979,304,4,True
uniform,1,980,304,4,True
uniform,1,981,304,4,True
uniform,1,982,304,4,True
uniform,1,983,304,4,True
uniform,1,984,304,4,True
uniform,1,985,304,4,True
uniform,1,986,304,4,True
uniform,1,987,304,4,True
uniform,1,988,304,4,True
uniform,1,989,304,4,True
uniform,1,990,304,4,True
uniform,1,991,304,4,True
uniform,1,992,304,4,True
uniform,1,993,304,4,True
uniform,1,994,304,4,True
uniform,1,995,304,4,True
uniform,1,996,304,4,True
uniform,1,997,304,4,True
uniform,1,998,304,4,True
uniform,1,999,304,4,True
uniform,1,1000,304,4,True
uniform,2,0,365,4,True
uniform,2,1,340,4,True
uniform,2,2,340,4,True
uniform,2,3,332,4,True
uniform,2,4,331,4,True
uniform,2,5,331,4,True
uniform,2,6,327,4,True
uniform,2,7,327,4,True
uniform,2,8,327,4,True
uniform,2,9,323,4,True
uniform,2,10,323,4,True
uniform,2,11,323,4,True
uniform,2,12,323,4,True
uniform,2,13,323,4,True
uniform,2,14,323,4,True
uniform,2,15,323,4,True
uniform,2,16,323,4,True
uniform,2,17,320,4,True
uniform,2,18,318,4,True
uniform,2,19,316,4,True
uniform,2,20,316,4,True
uniform,2,21,316,4,True
uniform,2,22,316,4,True
uniform,2,23,316,4,True
uniform,2,24,316,4,True
uniform,2,25,316,4,True
uniform,2,26,316,4,True
uniform,2,27,316,4,True
uniform,2,28,316,4,True
uniform,2,29,316,4,True
uniform,2,30,316,4,True
uniform,2,31,316,4,True
uniform,2,32,316,4,True
uniform,2,33,316,4,True
uniform,2,34,316,4,True
uniform,2,35,316,4,True
uniform,2,36,316,4,True
uniform,2,37,316,4,True
uniform,2,38,315,4,True
uniform,2,39,315,4,True
uniform,2,40,315,4,True
uniform,2,41,315,4,True
uniform,2,42,315,4,True
uniform,2,43,315,4,True
uniform,2,44,315,4,True
uniform,2,45,315,4,True
uniform,2,46,315,4,True
uniform,2,47,315,4,True
uniform,2,48,315,4,True
uniform,2,49,315,4,True
uniform,2,50,315,4,True
uniform,2,51,315,4,True
uniform,2,52,315,4,True
uniform,2,53,315,4,True
uniform,2,54,315,4,True
uniform,2,55,315,4,True
uniform,2,56,315,4,True
uniform,2,57,315,4,True
uniform,2,58,315,4,True
uniform,2,59,315,4,True
uniform,2,60,315,4,True
uniform,2,61,315,4,True
uniform,2,62,315,4,True
uniform,2,63,315,4,True
uniform,2,64,315,4,True
uniform,2,65,315,4,True
uniform,2,66,315,4,True
uniform,2,67,315,4,True
uniform,2,68,315,4,True
uniform,2,69,315,4,True
uniform,2,70,315,4,True
uniform,2,71,315,4,True
uniform,2,72,315,4,True
uniform,2,73,315,4,True
uniform,2,74,315,4,True
uniform,2,75,315,4,True
uniform,2,76,315,4,True
uniform,2,77,315,4,True
uniform,2,78,315,4,True
uniform,2,79,315,4,True
uniform,2,80,315,4,True
uniform,2,81,315,4,True
uniform,2,82,315,4,True
uniform,2,83,315,4,True
uniform,2,84,315,4,True
uniform,2,85,315,4,True
uniform,2,86,315,4,True
uniform,2,87,315,4,True
uniform,2,88,315,4,True
uniform,2,89,315,4,True
uniform,2,90,315,4,True
uniform,2,91,315,4,True
uniform,2,92,315,4,True
uniform,2,93,315,4,True
uniform,2,94,315,4,True
uniform,2,95,315,4,True
uniform,2,96,315,4,True
uniform,2,97,315,4,True
uniform,2,98,315,4,True
uniform,2,99,315,4,True
uniform,2,100,315,4,True
uniform,2,101,315,4,True
uniform,2,102,315,4,True
uniform,2,103,315,4,True
uniform,2,104,315,4,True
uniform,2,105,315,4,True
uniform,2,106,315,4,True
uniform,2,107,315,4,True
uniform,2,108,315,4,True
uniform,2,109,315,4,True
uniform,2,110,315,4,True
uniform,2,111,315,4,True
uniform,2,112,315,4,True
uniform,2,113,315,4,True
uniform,2,114,315,4,True
uniform,2,115,315,4,True
uniform,2,116,315,4,True
uniform,2,117,315,4,True
uniform,2,118,315,4,True
uniform,2,119,315,4,True
uniform,2,120,315,4,True
uniform,2,121,315,4,True
uniform,2,122,315,4,True
uniform,2,123,315,4,True
uniform,2,124,315,4,True
uniform,2,125,315,4,True
uniform,2,126,315,4,True
uniform,2,127,315,4,True
uniform,2,128,315,4,True
uniform,2,129,315,4,True
uniform,2,130,315,4,True
uniform,2,131,315,4,True
uniform,2,132,315,4,True
uniform,2,133,315,4,True
uniform,2,134,315,4,True
uniform,2,135,315,4,True
uniform,2,136,315,4,True
uniform,2,137,315,4,True
uniform,2,138,315,4,True
uniform,2,139,315,4,True
uniform,2,140,315,4,True
uniform,2,141,315,4,True
uniform,2,142,315,4,True
uniform,2,143,315,4,True
uniform,2,144,315,4,True
uniform,2,145,315,4,True
uniform,2,146,315,4,True
uniform,2,147,315,4,True
uniform,2,148,315,4,True
uniform,2,149,315,4,True
uniform,2,150,315,4,True
uniform,2,151,315,4,True
uniform,2,152,315,4,True
uniform,2,153,315,4,True
uniform,2,154,315,4,True
uniform,2,155,315,4,True
uniform,2,156,315,4,True
uniform,2,157,315,4,True
uniform,2,158,315,4,True
uniform,2,159,315,4,True
uniform,2,160,315,4,True
uniform,2,161,315,4,True
uniform,2,162,315,4,True
uniform,2,163,315,4,True
uniform,2,164,315,4,True
uniform,2,165,315,4,True
uniform,2,166,315,4,True
uniform,2,167,315,4,True
uniform,2,168,315,4,True
uniform,2,169,315,4,True
uniform,2,170,315,4,True
uniform,2,171,315,4,True
uniform,2,172,315,4,True
uniform,2,173,315,4,True
uniform,2,174,315,4,True
uniform,2,175,315,4,True
uniform,2,176,315,4,True
uniform,2,177,315,4,True
uniform,2,178,315,4,True
uniform,2,179,315,4,True
uniform,2,180,315,4,True
uniform,2,181,315,4,True
uniform,2,182,315,4,True
uniform,2,183,315,4,True
uniform,2,184,315,4,True
uniform,2,185,315,4,True
uniform,2,186,315,4,True
uniform,2,187,315,4,True
uniform,2,188,315,4,True
uniform,2,189,315,4,True
uniform,2,190,315,4,True
uniform,2,191,315,4,True
uniform,2,192,315,4,True
uniform,2,193,315,4,True
uniform,2,194,315,4,True
uniform,2,195,315,4,True
uniform,2,196,315,4,True
uniform,2,197,315,4,True
uniform,2,198,315,4,True
uniform,2,199,315,4,True
uniform,2,200,315,4,True
uniform,2,201,315,4,True
uniform,2,202,315,4,True
uniform,2,203,315,4,True
uniform,2,204,315,4,True
uniform,2,205,315,4,True
uniform,2,206,315,4,True
uniform,2,207,315,4,True
uniform,2,208,315,4,True
uniform,2,209,311,4,True
uniform,2,210,309,4,True
uniform,2,211,309,4,True
uniform,2,212,309,4,True
uniform,2,213,309,4,True
uniform,2,214,309,4,True
uniform,2,215,309,4,True
uniform,2,216,309,4,True
uniform,2,217,309,4,True
uniform,2,218,309,4,True
uniform,2,219,309,4,True
uniform,2,220,309,4,True
uniform,2,221,309,4,True
uniform,2,222,309,4,True
uniform,2,223,309,4,True
uniform,2,224,309,4,True
uniform,2,225,309,4,True
uniform,2,226,309,4,True
uniform,2,227,309,4,True
uniform,2,228,309,4,True
uniform,2,229,309,4,True
uniform,2,230,309,4,True
uniform,2,231,309,4,True
uniform,2,232,309,4,True
uniform,2,233,309,4,True
uniform,2,234,309,4,True
uniform,2,235,309,4,True
uniform,2,236,309,4,True
uniform,2,237,309,4,True
uniform,2,238,309,4,True
uniform,2,239,309,4,True
uniform,2,240,309,4,True
uniform,2,241,309,4,True
uniform,2,242,309,4,True
uniform,2,243,309,4,True
uniform,2,244,309,4,True
uniform,2,245,309,4,True
uniform,2,246,309,4,True
uniform,2,247,309,4,True
uniform,2,248,309,4,True
uniform,2,249,309,4,True
uniform,2,250,309,4,True
uniform,2,251,309,4,True
uniform,2,252,309,4,True
uniform,2,253,309,4,True
uniform,2,254,309,4,True
uniform,2,255,309,4,True
uniform,2,256,309,4,True
uniform,2,257,309,4,True
uniform,2,258,309,4,True
uniform,2,259,309,4,True
uniform,2,260,309,4,True
uniform,2,261,309,4,True
uniform,2,262,309,4,True
uniform,2,263,309,4,True
uniform,2,264,309,4,True
uniform,2,265,309,4,True
uniform,2,266,309,4,True
uniform,2,267,309,4,True
uniform,2,268,309,4,True
uniform,2,269,309,4,True
uniform,2,270,309,4,True
uniform,2,271,309,4,True
uniform,2,272,309,4,True
uniform,2,273,309,4,True
uniform,2,274,309,4,True
uniform,2,275,309,4,True
uniform,2,276,309,4,True
uniform,2,277,309,4,True
uniform,2,278,309,4,True
uniform,2,279,309,4,True
uniform,2,280,309,4,True
uniform,2,281,309,4,True
uniform,2,282,309,4,True
uniform,2,283,309,4,True
uniform,2,284,309,4,True
uniform,2,285,309,4,True
uniform,2,286,309,4,True
uniform,2,287,309,4,True
uniform,2,288,309,4,True
uniform,2,289,309,4,True
uniform,2,290,309,4,True
uniform,2,291,309,4,True
uniform,2,292,309,4,True
uniform,2,293,309,4,True
uniform,2,294,309,4,True
uniform,2,295,309,4,True
uniform,2,296,309,4,True
uniform,2,297,309,4,True
uniform,2,298,309,4,True
uniform,2,299,309,4,True
uniform,2,300,309,4,True
uniform,2,301,309,4,True
uniform,2,302,309,4,True
uniform,2,303,309,4,True
uniform,2,304,309,4,True
uniform,2,305,309,4,True
uniform,2,306,309,4,True
uniform,2,307,309,4,True
uniform,2,308,309,4,True
uniform,2,309,309,4,True
uniform,2,310,309,4,True
uniform,2,311,309,4,True
uniform,2,312,309,4,True
uniform,2,313,309,4,True
uniform,2,314,309,4,True
uniform,2,315,309,4,True
uniform,2,316,309,4,True
uniform,2,317,309,4,True
uniform,2,318,309,4,True
uniform,2,319,309,4,True
uniform,2,320,309,4,True
uniform,2,321,309,4,True
uniform,2,322,309,4,True
uniform,2,323,309,4,True
uniform,2,324,309,4,True
uniform,2,325,309,4,True
uniform,2,326,309,4,True
uniform,2,327,309,4,True
uniform,2,328,309,4,True
uniform,2,329,309,4,True
uniform,2,330,309,4,True
uniform,2,331,309,4,True
uniform,2,332,309,4,True
uniform,2,333,309,4,True
uniform,2,334,309,4,True
uniform,2,335,309,4,True
uniform,2,336,309,4,True
uniform,2,337,309,4,True
uniform,2,338,309,4,True
uniform,2,339,309,4,True
uniform,2,340,309,4,True
uniform,2,341,309,4,True
uniform,2,342,309,4,True
uniform,2,343,309,4,True
uniform,2,344,309,4,True
uniform,2,345,309,4,True
uniform,2,346,309,4,True
uniform,2,347,309,4,True
uniform,2,348,309,4,True
uniform,2,349,309,4,True
uniform,2,350,309,4,True
uniform,2,351,309,4,True
uniform,2,352,309,4,True
uniform,2,353,309,4,True
uniform,2,354,309,4,True
uniform,2,355,309,4,True
uniform,2,356,309,4,True
uniform,2,357,309,4,True
uniform,2,358,309,4,True
uniform,2,359,309,4,True
uniform,2,360,309,4,True
uniform,2,361,309,4,True
uniform,2,362,309,4,True
uniform,2,363,309,4,True
uniform,2,364,309,4,True
uniform,2,365,309,4,True
uniform,2,366,309,4,True
uniform,2,367,309,4,True
uniform,2,368,309,4,True
uniform,2,369,309,4,True
uniform,2,370,309,4,True
uniform,2,371,309,4,True
uniform,2,372,309,4,True
uniform,2,373,309,4,True
uniform,2,374,309,4,True
uniform,2,375,309,4,True
uniform,2,376,309,4,True
uniform,2,377,309,4,True
uniform,2,378,309,4,True
uniform,2,379,309,4,True
uniform,2,380,309,4,True
uniform,2,381,309,4,True
uniform,2,382,309,4,True
uniform,2,383,309,4,True
uniform,2,384,309,4,True
uniform,2,385,309,4,True
uniform,2,386,309,4,True
uniform,2,387,309,4,True
uniform,2,388,309,4,True
uniform,2,389,309,4,True
uniform,2,390,309,4,True
uniform,2,391,309,4,True
uniform,2,392,309,4,True
uniform,2,393,309,4,True
uniform,2,394,309,4,True
uniform,2,395,309,4,True
uniform,2,396,309,4,True
uniform,2,397,309,4,True
uniform,2,398,309,4,True
uniform,2,399,309,4,True
uniform,2,400,309,4,True
uniform,2,401,309,4,True
uniform,2,402,309,4,True
uniform,2,403,309,4,True
uniform,2,404,309,4,True
uniform,2,405,309,4,True
uniform,2,406,309,4,True
uniform,2,407,309,4,True
uniform,2,408,309,4,True
uniform,2,409,309,4,True
uniform,2,410,309,4,True
uniform,2,411,309,4,True
uniform,2,412,309,4,True
uniform,2,413,309,4,True
uniform,2,414,309,4,True
uniform,2,415,309,4,True
uniform,2,416,309,4,True
uniform,2,417,309,4,True
uniform,2,418,309,4,True
uniform,2,419,309,4,True
uniform,2,420,309,4,True
uniform,2,421,309,4,True
uniform,2,422,309,4,True
uniform,2,423,309,4,True
uniform,2,424,309,4,True
uniform,2,425,309,4,True
uniform,2,426,309,4,True
uniform,2,427,309,4,True
uniform,2,428,309,4,True
uniform,2,429,309,4,True
uniform,2,430,309,4,True
uniform,2,431,309,4,True
uniform,2,432,309,4,True
uniform,2,433,309,4,True
uniform,2,434,309,4,True
uniform,2,435,309,4,True
uniform,2,436,309,4,True
uniform,2,437,309,4,True
uniform,2,438,309,4,True
uniform,2,439,309,4,True
uniform,2,440,309,4,True
uniform,2,441,309,4,True
uniform,2,442,309,4,True
uniform,2,443,309,4,True
uniform,2,444,309,4,True
uniform,2,445,309,4,True
uniform,2,446,309,4,True
uniform,2,447,309,4,True
uniform,2,448,309,4,True
uniform,2,449,309,4,True
uniform,2,450,309,4,True
uniform,2,451,309,4,True
uniform,2,452,309,4,True
uniform,2,453,309,4,True
uniform,2,454,309,4,True
uniform,2,455,309,4,True
uniform,2,456,309,4,True
uniform,2,457,309,4,True
uniform,2,458,309,4,True
uniform,2,459,309,4,True
uniform,2,460,309,4,True
uniform,2,461,309,4,True
uniform,2,462,309,4,True
uniform,2,463,309,4,True
uniform,2,464,309,4,True
uniform,2,465,309,4,True
uniform,2,466,309,4,True
uniform,2,467,309,4,True
uniform,2,468,309,4,True
uniform,2,469,309,4,True
uniform,2,470,309,4,True
uniform,2,471,309,4,True
uniform,2,472,309,4,True
uniform,2,473,309,4,True
uniform,2,474,309,4,True
uniform,2,475,309,4,True
uniform,2,476,309,4,True
uniform,2,477,309,4,True
uniform,2,478,309,4,True
uniform,2,479,309,4,True
uniform,2,480,309,4,True
uniform,2,481,309,4,True
uniform,2,482,309,4,True
uniform,2,483,309,4,True
uniform,2,484,309,4,True
uniform,2,485,309,4,True
uniform,2,486,309,4,True
uniform,2,487,309,4,True
uniform,2,488,309,4,True
uniform,2,489,309,4,True
uniform,2,490,309,4,True
uniform,2,491,309,4,True
uniform,2,492,309,4,True
uniform,2,493,309,4,True
uniform,2,494,309,4,True
uniform,2,495,309,4,True
uniform,2,496,309,4,True
uniform,2,497,309,4,True
uniform,2,498,309,4,True
uniform,2,499,309,4,True
uniform,2,500,309,4,True
uniform,2,501,309,4,True
uniform,2,502,309,4,True
uniform,2,503,309,4,True
uniform,2,504,309,4,True
uniform,2,505,309,4,True
uniform,2,506,309,4,True
uniform,2,507,309,4,True
uniform,2,508,309,4,True
uniform,2,509,309,4,True
uniform,2,510,309,4,True
uniform,2,511,309,4,True
uniform,2,512,309,4,True
uniform,2,513,309,4,True
uniform,2,514,309,4,True
uniform,2,515,309,4,True
uniform,2,516,309,4,True
uniform,2,517,309,4,True
uniform,2,518,309,4,True
uniform,2,519,309,4,True
uniform,2,520,309,4,True
uniform,2,521,309,4,True
uniform,2,522,309,4,True
uniform,2,523,309,4,True
uniform,2,524,309,4,True
uniform,2,525,309,4,True
uniform,2,526,309,4,True
uniform,2,527,309,4,True
uniform,2,528,309,4,True
uniform,2,529,309,4,True
uniform,2,530,309,4,True
uniform,2,531,309,4,True
uniform,2,532,309,4,True
uniform,2,533,309,4,True
uniform,2,534,309,4,True
uniform,2,535,309,4,True
uniform,2,536,309,4,True
uniform,2,537,309,4,True
uniform,2,538,309,4,True
uniform,2,539,309,4,True
uniform,2,540,309,4,True
uniform,2,541,309,4,True
uniform,2,542,309,4,True
uniform,2,543,309,4,True
uniform,2,544,309,4,True
uniform,2,545,309,4,True
uniform,2,546,309,4,True
uniform,2,547,309,4,True
uniform,2,548,309,4,True
uniform,2,549,309,4,True
uniform,2,550,309,4,True
uniform,2,551,309,4,True
uniform,2,552,309,4,True
uniform,2,553,309,4,True
uniform,2,554,309,4,True
uniform,2,555,309,4,True
uniform,2,556,309,4,True
uniform,2,557,309,4,True
uniform,2,558,309,4,True
uniform,2,559,309,4,True
uniform,2,560,309,4,True
uniform,2,561,309,4,True
uniform,2,562,309,4,True
uniform,2,563,309,4,True
uniform,2,564,309,4,True
uniform,2,565,309,4,True
uniform,2,566,309,4,True
uniform,2,567,309,4,True
uniform,2,568,309,4,True
uniform,2,569,309,4,True
uniform,2,570,309,4,True
uniform,2,571,309,4,True
uniform,2,572,309,4,True
uniform,2,573,309,4,True
uniform,2,574,309,4,True
uniform,2,575,309,4,True
uniform,2,576,309,4,True
uniform,2,577,309,4,True
uniform,2,578,309,4,True
uniform,2,579,309,4,True
uniform,2,580,309,4,True
uniform,2,581,309,4,True
uniform,2,582,309,4,True
uniform,2,583,309,4,True
uniform,2,584,309,4,True
uniform,2,585,309,4,True
uniform,2,586,309,4,True
uniform,2,587,309,4,True
uniform,2,588,309,4,True
uniform,2,589,309,4,True
uniform,2,590,309,4,True
uniform,2,591,309,4,True
uniform,2,592,309,4,True
uniform,2,593,309,4,True
uniform,2,594,309,4,True
uniform,2,595,309,4,True
uniform,2,596,309,4,True
uniform,2,597,309,4,True
uniform,2,598,309,4,True
uniform,2,599,309,4,True
uniform,2,600,309,4,True
uniform,2,601,309,4,True
uniform,2,602,309,4,True
uniform,2,603,309,4,True
uniform,2,604,309,4,True
uniform,2,605,309,4,True
uniform,2,606,309,4,True
uniform,2,607,309,4,True
uniform,2,608,309,4,True
uniform,2,609,309,4,True
uniform,2,610,309,4,True
uniform,2,611,309,4,True
uniform,2,612,309,4,True
uniform,2,613,309,4,True
uniform,2,614,309,4,True
uniform,2,615,309,4,True
uniform,2,616,309,4,True
uniform,2,617,309,4,True
uniform,2,618,309,4,True
uniform,2,619,309,4,True
uniform,2,620,309,4,True
uniform,2,621,309,4,True
uniform,2,622,309,4,True
uniform,2,623,309,4,True
uniform,2,624,309,4,True
uniform,2,625,309,4,True
uniform,2,626,309,4,True
uniform,2,627,309,4,True
uniform,2,628,309,4,True
uniform,2,629,309,4,True
uniform,2,630,309,4,True
uniform,2,631,309,4,True
uniform,2,632,309,4,True
uniform,2,633,309,4,True
uniform,2,634,309,4,True
uniform,2,635,309,4,True
uniform,2,636,309,4,True
uniform,2,637,309,4,True
uniform,2,638,309,4,True
uniform,2,639,309,4,True
uniform,2,640,309,4,True
uniform,2,641,309,4,True
uniform,2,642,309,4,True
uniform,2,643,309,4,True
uniform,2,644,309,4,True
uniform,2,645,309,4,True
uniform,2,646,309,4,True
uniform,2,647,309,4,True
uniform,2,648,309,4,True
uniform,2,649,309,4,True
uniform,2,650,309,4,True
uniform,2,651,309,4,True
uniform,2,652,309,4,True
uniform,2,653,309,4,True
uniform,2,654,309,4,True
uniform,2,655,309,4,True
uniform,2,656,309,4,True
uniform,2,657,309,4,True
uniform,2,658,309,4,True
uniform,2,659,309,4,True
uniform,2,660,309,4,True
uniform,2,661,309,4,True
uniform,2,662,309,4,True
uniform,2,663,309,4,True
uniform,2,664,309,4,True
uniform,2,665,309,4,True
uniform,2,666,309,4,True
uniform,2,667,309,4,True
uniform,2,668,309,4,True
uniform,2,669,309,4,True
uniform,2,670,309,4,True
uniform,2,671,309,4,True
uniform,2,672,309,4,True
uniform,2,673,309,4,True
uniform,2,674,309,4,True
uniform,2,675,309,4,True
uniform,2,676,309,4,True
uniform,2,677,309,4,True
uniform,2,678,309,4,True
uniform,2,679,309,4,True
uniform,2,680,309,4,True
uniform,2,681,309,4,True
uniform,2,682,309,4,True
uniform,2,683,309,4,True
uniform,2,684,309,4,True
uniform,2,685,309,4,True
uniform,2,686,309,4,True
uniform,2,687,309,4,True
uniform,2,688,309,4,True
uniform,2,689,309,4,True
uniform,2,690,309,4,True
uniform,2,691,309,4,True
uniform,2,692,309,4,True
uniform,2,693,309,4,True
uniform,2,694,309,4,True
uniform,2,695,309,4,True
uniform,2,696,309,4,True
uniform,2,697,309,4,True
uniform,2,698,309,4,True
uniform,2,699,309,4,True
uniform,2,700,309,4,True
uniform,2,701,309,4,True
uniform,2,702,309,4,True
uniform,2,703,309,4,True
uniform,2,704,309,4,True
uniform,2,705,309,4,True
uniform,2,706,309,4,True
uniform,2,707,309,4,True
uniform,2,708,309,4,True
uniform,2,709,309,4,True
uniform,2,710,309,4,True
uniform,2,711,309,4,True
uniform,2,712,309,4,True
uniform,2,713,309,4,True
uniform,2,714,309,4,True
uniform,2,715,309,4,True
uniform,2,716,309,4,True
uniform,2,717,309,4,True
uniform,2,718,309,4,True
uniform,2,719,309,4,True
uniform,2,720,309,4,True
uniform,2,721,309,4,True
uniform,2,722,309,4,True
uniform,2,723,309,4,True
uniform,2,724,309,4,True
uniform,2,725,309,4,True
uniform,2,726,309,4,True
uniform,2,727,309,4,True
uniform,2,728,309,4,True
uniform,2,729,309,4,True
uniform,2,730,309,4,True
uniform,2,731,309,4,True
uniform,2,732,309,4,True
uniform,2,733,309,4,True
uniform,2,734,309,4,True
uniform,2,735,309,4,True
uniform,2,736,309,4,True
uniform,2,737,309,4,True
uniform,2,738,309,4,True
uniform,2,739,309,4,True
uniform,2,740,309,4,True
uniform,2,741,309,4,True
uniform,2,742,309,4,True
uniform,2,743,309,4,True
uniform,2,744,309,4,True
uniform,2,745,309,4,True
uniform,2,746,309,4,True
uniform,2,747,309,4,True
uniform,2,748,309,4,True
uniform,2,749,309,4,True
uniform,2,750,309,4,True
uniform,2,751,309,4,True
uniform,2,752,309,4,True
uniform,2,753,309,4,True
uniform,2,754,309,4,True
uniform,2,755,309,4,True
uniform,2,756,309,4,True
uniform,2,757,309,4,True
uniform,2,758,309,4,True
uniform,2,759,309,4,True
uniform,2,760,309,4,True
uniform,2,761,309,4,True
uniform,2,762,309,4,True
uniform,2,763,309,4,True
uniform,2,764,309,4,True
uniform,2,765,309,4,True
uniform,2,766,309,4,True
uniform,2,767,309,4,True
uniform,2,768,309,4,True
uniform,2,769,309,4,True
uniform,2,770,309,4,True
uniform,2,771,309,4,True
uniform,2,772,309,4,True
uniform,2,773,309,4,True
uniform,2,774,309,4,True
uniform,2,775,309,4,True
uniform,2,776,309,4,True
uniform,2,777,309,4,True
uniform,2,778,309,4,True
uniform,2,779,309,4,True
uniform,2,780,309,4,True
uniform,2,781,309,4,True
uniform,2,782,309,4,True
uniform,2,783,309,4,True
uniform,2,784,309,4,True
uniform,2,785,309,4,True
uniform,2,786,309,4,True
uniform,2,787,309,4,True
uniform,2,788,309,4,True
uniform,2,789,309,4,True
uniform,2,790,309,4,True
uniform,2,791,309,4,True
uniform,2,792,309,4,True
uniform,2,793,309,4,True
uniform,2,794,309,4,True
uniform,2,795,309,4,True
uniform,2,796,309,4,True
uniform,2,797,309,4,True
uniform,2,798,309,4,True
uniform,2,799,309,4,True
uniform,2,800,309,4,True
uniform,2,801,309,4,True
uniform,2,802,309,4,True
uniform,2,803,309,4,True
uniform,2,804,309,4,True
uniform,2,805,309,4,True
uniform,2,806,309,4,True
uniform,2,807,309,4,True
uniform,2,808,309,4,True
uniform,2,809,309,4,True
uniform,2,810,309,4,True
uniform,2,811,309,4,True
uniform,2,812,309,4,True
uniform,2,813,309,4,True
uniform,2,814,309,4,True
uniform,2,815,309,4,True
uniform,2,816,309,4,True
uniform,2,817,309,4,True
uniform,2,818,309,4,True
uniform,2,819,309,4,True
uniform,2,820,309,4,True
uniform,2,821,309,4,True
uniform,2,822,309,4,True
uniform,2,823,309,4,True
uniform,2,824,309,4,True
uniform,2,825,309,4,True
uniform,2,826,309,4,True
uniform,2,827,309,4,True
uniform,2,828,309,4,True
uniform,2,829,309,4,True
uniform,2,830,309,4,True
uniform,2,831,309,4,True
uniform,2,832,309,4,True
uniform,2,833,309,4,True
uniform,2,834,309,4,True
uniform,2,835,309,4,True
uniform,2,836,309,4,True
uniform,2,837,309,4,True
uniform,2,838,309,4,True
uniform,2,839,309,4,True
uniform,2,840,309,4,True
uniform,2,841,309,4,True
uniform,2,842,309,4,True
uniform,2,843,309,4,True
uniform,2,844,309,4,True
uniform,2,845,309,4,True
uniform,2,846,309,4,True
uniform,2,847,309,4,True
uniform,2,848,309,4,True
uniform,2,849,309,4,True
uniform,2,850,309,4,True
uniform,2,851,309,4,True
uniform,2,852,309,4,True
uniform,2,853,309,4,True
uniform,2,854,309,4,True
uniform,2,855,309,4,True
uniform,2,856,309,4,True
uniform,2,857,309,4,True
uniform,2,858,309,4,True
uniform,2,859,309,4,True
uniform,2,860,309,4,True
uniform,2,861,309,4,True
uniform,2,862,309,4,True
uniform,2,863,309,4,True
uniform,2,864,309,4,True
uniform,2,865,309,4,True
uniform,2,866,309,4,True
uniform,2,867,309,4,True
uniform,2,868,309,4,True
uniform,2,869,309,4,True
uniform,2,870,309,4,True
uniform,2,871,309,4,True
uniform,2,872,309,4,True
uniform,2,873,309,4,True
uniform,2,874,309,4,True
uniform,2,875,309,4,True
uniform,2,876,309,4,True
uniform,2,877,309,4,True
uniform,2,878,309,4,True
uniform,2,879,308,4,True
uniform,2,880,308,4,True
uniform,2,881,308,4,True
uniform,2,882,308,4,True
uniform,2,883,308,4,True
uniform,2,884,308,4,True
uniform,2,885,308,4,True
uniform,2,886,308,4,True
uniform,2,887,308,4,True
uniform,2,888,308,4,True
uniform,2,889,308,4,True
uniform,2,890,308,4,True
uniform,2,891,308,4,True
uniform,2,892,308,4,True
uniform,2,893,308,4,True
uniform,2,894,308,4,True
uniform,2,895,308,4,True
uniform,2,896,308,4,True
uniform,2,897,308,4,True
uniform,2,898,308,4,True
uniform,2,899,308,4,True
uniform,2,900,308,4,True
uniform,2,901,308,4,True
uniform,2,902,308,4,True
uniform,2,903,308,4,True
uniform,2,904,308,4,True
uniform,2,905,308,4,True
uniform,2,906,308,4,True
uniform,2,907,308,4,True
uniform,2,908,308,4,True
uniform,2,909,308,4,True
uniform,2,910,308,4,True
uniform,2,911,308,4,True
uniform,2,912,308,4,True
uniform,2,913,308,4,True
uniform,2,914,308,4,True
uniform,2,915,308,4,True
uniform,2,916,308,4,True
uniform,2,917,308,4,True
uniform,2,918,308,4,True
uniform,2,919,308,4,True
uniform,2,920,308,4,True
uniform,2,921,308,4,True
uniform,2,922,308,4,True
uniform,2,923,308,4,True
uniform,2,924,308,4,True
uniform,2,925,308,4,True
uniform,2,926,308,4,True
uniform,2,927,308,4,True
uniform,2,928,308,4,True
uniform,2,929,308,4,True
uniform,2,930,308,4,True
uniform,2,931,308,4,True
uniform,2,932,308,4,True
uniform,2,933,308,4,True
uniform,2,934,308,4,True
uniform,2,935,308,4,True
uniform,2,936,308,4,True
uniform,2,937,308,4,True
uniform,2,938,308,4,True
uniform,2,939,308,4,True
uniform,2,940,308,4,True
uniform,2,941,308,4,True
uniform,2,942,308,4,True
uniform,2,943,308,4,True
uniform,2,944,308,4,True
uniform,2,945,308,4,True
uniform,2,946,308,4,True
uniform,2,947,308,4,True
uniform,2,948,308,4,True
uniform,2,949,308,4,True
uniform,2,950,308,4,True
uniform,2,951,308,4,True
uniform,2,952,308,4,True
uniform,2,953,308,4,True
uniform,2,954,308,4,True
uniform,2,955,308,4,True
uniform,2,956,308,4,True
uniform,2,957,308,4,True
uniform,2,958,308,4,True
uniform,2,959,308,4,True
uniform,2,960,308,4,True
uniform,2,961,308,4,True
uniform,2,962,308,4,True
uniform,2,963,308,4,True
uniform,2,964,308,4,True
uniform,2,965,308,4,True
uniform,2,966,308,4,True
uniform,2,967,308,4,True
uniform,2,968,308,4,True
uniform,2,969,308,4,True
uniform,2,970,308,4,True
uniform,2,971,308,4,True
uniform,2,972,308,4,True
uniform,2,973,308,4,True
uniform,2,974,308,4,True
uniform,2,975,308,4,True
uniform,2,976,308,4,True
uniform,2,977,308,4,True
uniform,2,978,308,4,True
uniform,2,979,308,4,True
uniform,2,980,308,4,True
uniform,2,981,308,4,True
uniform,2,982,308,4,True
uniform,2,983,308,4,True
uniform,2,984,308,4,True
uniform,2,985,308,4,True
uniform,2,986,308,4,True
uniform,2,987,308,4,True
uniform,2,988,308,4,True
uniform,2,989,308,4,True
uniform,2,990,308,4,True
uniform,2,991,308,4,True
uniform,2,992,308,4,True
uniform,2,993,308,4,True
uniform,2,994,308,4,True
uniform,2,995,308,4,True
uniform,2,996,308,4,True
uniform,2,997,308,4,True
uniform,2,998,308,4,True
uniform,2,999,308,4,True
uniform,2,1000,305,4,True
