group,circuit,seed,episode,best_luts,best_feasible,terminal_luts,terminal_levels,terminal_feasible,reward
trained,int2float,0,1,46,True,46,3,True,5.0
trained,int2float,0,2,49,True,50,3,True,4.0
trained,int2float,0,3,49,True,49,4,False,-3.0
trained,int2float,0,4,49,True,48,4,False,-7.0
trained,int2float,0,5,47,True,50,3,True,2.0
trained,int2float,0,6,49,True,46,4,False,1.0
trained,int2float,0,7,48,True,48,3,True,5.0
trained,int2float,0,8,48,True,48,3,True,5.0
trained,int2float,0,9,45,True,45,3,True,7.0
trained,int2float,0,10,48,True,50,3,True,-2.0
trained,int2float,0,11,47,True,53,3,True,5.0
trained,int2float,0,12,48,True,50,3,True,0.0
trained,int2float,0,13,47,True,48,3,True,3.0
trained,int2float,0,14,48,True,49,3,True,-5.0
trained,int2float,0,15,47,True,52,3,True,2.0
trained,int2float,0,16,47,True,54,3,True,3.0
trained,int2float,0,17,46,True,46,3,True,-2.0
trained,int2float,0,18,45,True,47,3,True,2.0
trained,int2float,0,19,49,True,50,3,True,2.0
trained,int2float,0,20,47,True,48,3,True,5.0
trained,int2float,0,21,49,True,54,3,True,2.0
trained,int2float,0,22,45,True,46,3,True,4.0
trained,int2float,0,23,48,True,48,3,True,2.0
trained,int2float,0,24,46,True,47,3,True,6.0
trained,int2float,0,25,47,True,44,4,False,1.0
trained,int2float,0,26,46,True,50,3,True,4.0
trained,int2float,0,27,47,True,50,3,True,5.0
trained,int2float,0,28,47,True,47,3,True,10.0
trained,int2float,0,29,49,True,52,3,True,-5.0
trained,int2float,0,30,45,True,46,3,True,9.0
trained,int2float,0,31,45,True,46,3,True,6.0
trained,int2float,0,32,48,True,49,3,True,0.0
trained,int2float,0,33,48,True,48,3,True,4.0
trained,int2float,0,34,49,True,51,3,True,-1.0
trained,int2float,0,35,48,True,49,3,True,4.0
trained,int2float,0,36,47,True,47,3,True,8.0
trained,int2float,0,37,45,True,45,3,True,0.0
trained,int2float,0,38,46,True,46,3,True,3.0
trained,int2float,0,39,46,True,44,4,False,4.0
trained,int2float,0,40,46,True,45,4,False,6.0
trained,int2float,0,41,49,True,49,3,True,3.0
trained,int2float,0,42,47,True,49,3,True,6.0
trained,int2float,0,43,47,True,46,4,False,0.0
trained,int2float,0,44,45,True,43,4,False,0.0
trained,int2float,0,45,49,True,46,4,False,-6.0
trained,int2float,0,46,46,True,49,3,True,1.0
trained,int2float,0,47,48,True,45,4,False,-1.0
trained,int2float,0,48,48,True,48,3,True,5.0
trained,int2float,0,49,48,True,52,3,True,0.0
trained,int2float,0,50,46,True,47,3,True,5.0
trained,int2float,0,51,46,True,48,3,True,1.0
trained,int2float,0,52,48,True,52,3,True,5.0
trained,int2float,0,53,45,True,45,3,True,-2.0
trained,int2float,0,54,48,True,50,3,True,-3.0
trained,int2float,0,55,47,True,54,3,True,3.0
trained,int2float,0,56,47,True,45,4,False,-4.0
trained,int2float,0,57,46,True,46,3,True,0.0
trained,int2float,0,58,48,True,48,3,True,-5.0
trained,int2float,0,59,48,True,48,3,True,3.0
trained,int2float,0,60,47,True,48,3,True,3.0
trained,int2float,0,61,47,True,50,3,True,1.0
trained,int2float,0,62,48,True,51,3,True,1.0
trained,int2float,0,63,46,True,46,3,True,8.0
trained,int2float,0,64,46,True,46,3,True,6.0
trained,int2float,0,65,47,True,47,3,True,8.0
trained,int2float,0,66,48,True,49,3,True,1.0
trained,int2float,0,67,47,True,47,3,True,1.0
trained,int2float,0,68,48,True,46,4,False,0.0
trained,int2float,0,69,45,True,49,3,True,5.0
trained,int2float,0,70,46,True,50,3,True,-2.0
trained,int2float,0,71,47,True,48,3,True,15.0
trained,int2float,0,72,46,True,49,3,True,-1.0
trained,int2float,0,73,48,True,48,3,True,-1.0
trained,int2float,0,74,48,True,48,3,True,2.0
trained,int2float,0,75,48,True,48,3,True,2.0
trained,int2float,0,76,46,True,47,3,True,2.0
trained,int2float,0,77,47,True,51,3,True,-6.0
trained,int2float,0,78,48,True,48,3,True,1.0
trained,int2float,0,79,49,True,51,3,True,-3.0
trained,int2float,0,80,46,True,45,4,False,5.0
trained,int2float,0,81,47,True,48,3,True,6.0
trained,int2float,0,82,48,True,52,3,True,2.0
trained,int2float,0,83,47,True,47,3,True,3.0
trained,int2float,0,84,47,True,47,3,True,5.0
trained,int2float,0,85,49,True,49,3,True,1.0
trained,int2float,0,86,47,True,47,4,False,-2.0
trained,int2float,0,87,45,True,47,3,True,3.0
trained,int2float,0,88,46,True,46,3,True,3.0
trained,int2float,0,89,49,True,51,3,True,-1.0
trained,int2float,0,90,49,True,43,4,False,2.0
trained,int2float,0,91,47,True,46,4,False,-2.0
trained,int2float,0,92,48,True,44,4,False,-5.0
trained,int2float,0,93,49,True,58,3,True,-3.0
trained,int2float,0,94,47,True,47,3,True,5.0
trained,int2float,0,95,48,True,49,3,True,6.0
trained,int2float,0,96,47,True,49,3,True,2.0
trained,int2float,0,97,47,True,49,3,True,-1.0
trained,int2float,0,98,47,True,47,3,True,5.0
trained,int2float,0,99,48,True,49,3,True,1.0
trained,int2float,0,100,46,True,47,3,True,4.0
trained,int2float,1,1,46,True,46,3,True,11.0
trained,int2float,1,2,47,True,49,3,True,3.0
trained,int2float,1,3,48,True,49,3,True,-3.0
trained,int2float,1,4,48,True,44,4,False,3.0
trained,int2float,1,5,49,True,51,3,True,-1.0
trained,int2float,1,6,47,True,48,3,True,5.0
trained,int2float,1,7,44,True,41,4,False,-2.0
trained,int2float,1,8,47,True,49,3,True,4.0
trained,int2float,1,9,49,True,49,3,True,2.0
trained,int2float,1,10,47,True,47,3,True,5.0
trained,int2float,1,11,47,True,47,3,True,7.0
trained,int2float,1,12,48,True,46,4,False,0.0
trained,int2float,1,13,48,True,49,3,True,-2.0
trained,int2float,1,14,48,True,48,3,True,1.0
trained,int2float,1,15,46,True,46,3,True,9.0
trained,int2float,1,16,48,True,48,3,True,-1.0
trained,int2float,1,17,47,True,48,3,True,4.0
trained,int2float,1,18,45,True,50,3,True,7.0
trained,int2float,1,19,49,True,52,3,True,-3.0
trained,int2float,1,20,46,True,44,4,False,9.0
trained,int2float,1,21,47,True,50,3,True,1.0
trained,int2float,1,22,47,True,49,3,True,4.0
trained,int2float,1,23,47,True,50,3,True,4.0
trained,int2float,1,24,46,True,46,3,True,-5.0
trained,int2float,1,25,48,True,48,3,True,5.0
trained,int2float,1,26,46,True,47,3,True,3.0
trained,int2float,1,27,47,True,47,3,True,1.0
trained,int2float,1,28,47,True,47,3,True,7.0
trained,int2float,1,29,46,True,46,3,True,5.0
trained,int2float,1,30,48,True,48,3,True,2.0
trained,int2float,1,31,49,True,50,3,True,1.0
trained,int2float,1,32,44,True,45,3,True,5.0
trained,int2float,1,33,46,True,47,3,True,-1.0
trained,int2float,1,34,47,True,47,3,True,7.0
trained,int2float,1,35,47,True,47,3,True,2.0
trained,int2float,1,36,48,True,48,3,True,3.0
trained,int2float,1,37,46,True,46,3,True,10.0
trained,int2float,1,38,47,True,47,3,True,2.0
trained,int2float,1,39,47,True,48,3,True,6.0
trained,int2float,1,40,48,True,44,4,False,6.0
trained,int2float,1,41,47,True,48,3,True,4.0
trained,int2float,1,42,44,True,45,3,True,3.0
trained,int2float,1,43,49,True,52,3,True,2.0
trained,int2float,1,44,45,True,45,3,True,4.0
trained,int2float,1,45,46,True,46,3,True,5.0
trained,int2float,1,46,48,True,45,4,False,3.0
trained,int2float,1,47,47,True,48,3,True,5.0
trained,int2float,1,48,47,True,49,3,True,4.0
trained,int2float,1,49,48,True,48,3,True,1.0
trained,int2float,1,50,47,True,47,3,True,2.0
trained,int2float,1,51,48,True,50,3,True,3.0
trained,int2float,1,52,47,True,47,3,True,0.0
trained,int2float,1,53,48,True,48,4,False,1.0
trained,int2float,1,54,45,True,45,3,True,8.0
trained,int2float,1,55,48,True,48,3,True,3.0
trained,int2float,1,56,47,True,48,3,True,2.0
trained,int2float,1,57,47,True,48,3,True,4.0
trained,int2float,1,58,46,True,46,3,True,7.0
trained,int2float,1,59,46,True,46,3,True,8.0
trained,int2float,1,60,47,True,49,3,True,5.0
trained,int2float,1,61,46,True,49,3,True,8.0
trained,int2float,1,62,49,True,51,3,True,-1.0
trained,int2float,1,63,48,True,48,3,True,5.0
trained,int2float,1,64,46,True,46,3,True,-3.0
trained,int2float,1,65,47,True,47,3,True,8.0
trained,int2float,1,66,46,True,46,3,True,9.0
trained,int2float,1,67,46,True,47,3,True,7.0
trained,int2float,1,68,48,True,48,3,True,5.0
trained,int2float,1,69,46,True,47,3,True,5.0
trained,int2float,1,70,44,True,44,3,True,10.0
trained,int2float,1,71,48,True,48,3,True,7.0
trained,int2float,1,72,47,True,48,3,True,4.0
trained,int2float,1,73,45,True,46,3,True,10.0
trained,int2float,1,74,47,True,49,3,True,2.0
trained,int2float,1,75,46,True,46,3,True,4.0
trained,int2float,1,76,49,True,44,4,False,3.0
trained,int2float,1,77,49,True,49,3,True,0.0
trained,int2float,1,78,47,True,49,3,True,2.0
trained,int2float,1,79,44,True,43,4,False,7.0
trained,int2float,1,80,48,True,51,3,True,4.0
trained,int2float,1,81,46,True,44,4,False,7.0
trained,int2float,1,82,46,True,50,3,True,10.0
trained,int2float,1,83,46,True,45,4,False,0.0
trained,int2float,1,84,48,True,48,3,True,4.0
trained,int2float,1,85,49,True,49,3,True,4.0
trained,int2float,1,86,46,True,46,3,True,6.0
trained,int2float,1,87,48,True,48,3,True,3.0
trained,int2float,1,88,47,True,47,3,True,4.0
trained,int2float,1,89,47,True,48,3,True,5.0
trained,int2float,1,90,47,True,48,4,False,-2.0
trained,int2float,1,91,46,True,49,3,True,0.0
trained,int2float,1,92,46,True,46,3,True,9.0
trained,int2float,1,93,47,True,47,3,True,6.0
trained,int2float,1,94,47,True,47,3,True,10.0
trained,int2float,1,95,46,True,46,3,True,9.0
trained,int2float,1,96,48,True,49,3,True,1.0
trained,int2float,1,97,48,True,48,3,True,7.0
trained,int2float,1,98,47,True,48,3,True,4.0
trained,int2float,1,99,49,True,52,3,True,-1.0
trained,int2float,1,100,47,True,47,3,True,8.0
trained,int2float,2,1,46,True,47,3,True,7.0
trained,int2float,2,2,49,True,53,3,True,0.0
trained,int2float,2,3,46,True,46,3,True,-3.0
trained,int2float,2,4,48,True,51,3,True,-1.0
trained,int2float,2,5,47,True,48,3,True,4.0
trained,int2float,2,6,48,True,44,4,False,1.0
trained,int2float,2,7,47,True,50,3,True,6.0
trained,int2float,2,8,47,True,47,3,True,6.0
trained,int2float,2,9,46,True,46,3,True,4.0
trained,int2float,2,10,47,True,48,3,True,10.0
trained,int2float,2,11,47,True,50,3,True,-2.0
trained,int2float,2,12,49,True,53,3,True,1.0
trained,int2float,2,13,46,True,48,3,True,6.0
trained,int2float,2,14,49,True,49,3,True,6.0
trained,int2float,2,15,45,True,47,3,True,1.0
trained,int2float,2,16,48,True,46,4,False,2.0
trained,int2float,2,17,46,True,48,3,True,4.0
trained,int2float,2,18,47,True,47,3,True,2.0
trained,int2float,2,19,47,True,49,3,True,2.0
trained,int2float,2,20,47,True,47,3,True,5.0
trained,int2float,2,21,45,True,45,3,True,6.0
trained,int2float,2,22,46,True,45,4,False,8.0
trained,int2float,2,23,49,True,54,3,True,-2.0
trained,int2float,2,24,46,True,46,3,True,5.0
trained,int2float,2,25,48,True,50,3,True,1.0
trained,int2float,2,26,48,True,48,3,True,2.0
trained,int2float,2,27,46,True,46,3,True,7.0
trained,int2float,2,28,47,True,48,3,True,3.0
trained,int2float,2,29,49,True,51,3,True,-5.0
trained,int2float,2,30,48,True,50,3,True,2.0
trained,int2float,2,31,47,True,45,4,False,5.0
trained,int2float,2,32,49,True,51,3,True,2.0
trained,int2float,2,33,47,True,46,4,False,6.0
trained,int2float,2,34,47,True,47,3,True,5.0
trained,int2float,2,35,45,True,51,3,True,5.0
trained,int2float,2,36,46,True,48,3,True,5.0
trained,int2float,2,37,46,True,46,3,True,8.0
trained,int2float,2,38,47,True,44,4,False,5.0
trained,int2float,2,39,49,True,50,4,False,2.0
trained,int2float,2,40,45,True,45,3,True,2.0
trained,int2float,2,41,47,True,51,3,True,5.0
trained,int2float,2,42,49,True,49,3,True,2.0
trained,int2float,2,43,49,True,50,3,True,1.0
trained,int2float,2,44,49,True,49,3,True,0.0
trained,int2float,2,45,46,True,46,3,True,6.0
trained,int2float,2,46,45,True,48,3,True,4.0
trained,int2float,2,47,46,True,46,3,True,0.0
trained,int2float,2,48,45,True,48,3,True,3.0
trained,int2float,2,49,45,True,49,3,True,6.0
trained,int2float,2,50,48,True,45,4,False,2.0
trained,int2float,2,51,44,True,44,3,True,4.0
trained,int2float,2,52,49,True,51,3,True,4.0
trained,int2float,2,53,48,True,48,3,True,9.0
trained,int2float,2,54,48,True,51,3,True,-4.0
trained,int2float,2,55,48,True,51,3,True,2.0
trained,int2float,2,56,49,True,47,4,False,0.0
trained,int2float,2,57,48,True,49,3,True,0.0
trained,int2float,2,58,45,True,48,3,True,8.0
trained,int2float,2,59,48,True,48,3,True,6.0
trained,int2float,2,60,46,True,46,3,True,1.0
trained,int2float,2,61,49,True,49,3,True,2.0
trained,int2float,2,62,48,True,49,3,True,1.0
trained,int2float,2,63,47,True,47,3,True,0.0
trained,int2float,2,64,48,True,49,3,True,1.0
trained,int2float,2,65,45,True,45,3,True,10.0
trained,int2float,2,66,48,True,48,3,True,4.0
trained,int2float,2,67,49,True,50,3,True,2.0
trained,int2float,2,68,46,True,46,3,True,3.0
trained,int2float,2,69,47,True,49,3,True,0.0
trained,int2float,2,70,48,True,51,3,True,3.0
trained,int2float,2,71,46,True,46,3,True,3.0
trained,int2float,2,72,49,True,52,3,True,0.0
trained,int2float,2,73,46,True,47,3,True,8.0
trained,int2float,2,74,47,True,47,3,True,10.0
trained,int2float,2,75,45,True,45,3,True,6.0
trained,int2float,2,76,46,True,48,3,True,3.0
trained,int2float,2,77,48,True,48,3,True,3.0
trained,int2float,2,78,48,True,48,3,True,4.0
trained,int2float,2,79,48,True,48,3,True,3.0
trained,int2float,2,80,48,True,49,3,True,9.0
trained,int2float,2,81,45,True,51,3,True,1.0
trained,int2float,2,82,48,True,46,4,False,3.0
trained,int2float,2,83,47,True,47,3,True,7.0
trained,int2float,2,84,47,True,48,3,True,6.0
trained,int2float,2,85,46,True,46,3,True,2.0
trained,int2float,2,86,46,True,47,3,True,10.0
trained,int2float,2,87,45,True,46,3,True,7.0
trained,int2float,2,88,47,True,47,3,True,5.0
trained,int2float,2,89,46,True,46,3,True,2.0
trained,int2float,2,90,46,True,46,3,True,12.0
trained,int2float,2,91,48,True,48,3,True,5.0
trained,int2float,2,92,45,True,46,3,True,6.0
trained,int2float,2,93,47,True,49,3,True,4.0
trained,int2float,2,94,45,True,45,3,True,14.0
trained,int2float,2,95,47,True,49,3,True,4.0
trained,int2float,2,96,46,True,46,3,True,8.0
trained,int2float,2,97,43,True,43,3,True,9.0
trained,int2float,2,98,46,True,46,3,True,10.0
trained,int2float,2,99,48,True,48,3,True,4.0
trained,int2float,2,100,46,True,46,3,True,7.0
trained,i2c,0,1,317,True,320,4,True,20.0
trained,i2c,0,2,335,True,335,4,True,11.0
trained,i2c,0,3,320,True,320,4,True,17.0
trained,i2c,0,4,318,True,318,4,True,18.0
trained,i2c,0,5,317,True,322,4,True,12.0
trained,i2c,0,6,309,True,311,4,True,17.0
trained,i2c,0,7,307,True,307,4,True,16.0
trained,i2c,0,8,322,True,323,4,True,16.0
trained,i2c,0,9,325,True,327,4,True,19.0
trained,i2c,0,10,321,True,321,4,True,23.0
trained,i2c,0,11,329,True,329,4,True,18.0
trained,i2c,0,12,314,True,316,4,True,20.0
trained,i2c,0,13,311,True,311,4,True,20.0
trained,i2c,0,14,321,True,321,4,True,17.0
trained,i2c,0,15,313,True,313,4,True,19.0
trained,i2c,0,16,318,True,319,4,True,22.0
trained,i2c,0,17,312,True,312,4,True,18.0
trained,i2c,0,18,320,True,320,4,True,16.0
trained,i2c,0,19,314,True,317,4,True,23.0
trained,i2c,0,20,321,True,325,4,True,17.0
trained,i2c,0,21,315,True,319,4,True,19.0
trained,i2c,0,22,311,True,311,4,True,23.0
trained,i2c,0,23,300,True,300,4,True,23.0
trained,i2c,0,24,318,True,318,4,True,15.0
trained,i2c,0,25,311,True,311,4,True,23.0
trained,i2c,0,26,324,True,324,4,True,19.0
trained,i2c,0,27,323,True,323,4,True,30.0
trained,i2c,0,28,316,True,325,4,True,15.0
trained,i2c,0,29,318,True,318,4,True,24.0
trained,i2c,0,30,326,True,326,4,True,19.0
trained,i2c,0,31,317,True,317,4,True,19.0
trained,i2c,0,32,314,True,320,4,True,17.0
trained,i2c,0,33,317,True,317,4,True,17.0
trained,i2c,0,34,310,True,316,4,True,19.0
trained,i2c,0,35,313,True,313,4,True,24.0
trained,i2c,0,36,320,True,320,4,True,19.0
trained,i2c,0,37,317,True,317,4,True,16.0
trained,i2c,0,38,320,True,321,4,True,19.0
trained,i2c,0,39,321,True,321,4,True,16.0
trained,i2c,0,40,321,True,321,4,True,16.0
trained,i2c,0,41,308,True,311,4,True,19.0
trained,i2c,0,42,325,True,325,4,True,22.0
trained,i2c,0,43,315,True,315,4,True,17.0
trained,i2c,0,44,313,True,313,4,True,13.0
trained,i2c,0,45,314,True,316,4,True,12.0
trained,i2c,0,46,330,True,330,4,True,15.0
trained,i2c,0,47,324,True,324,4,True,17.0
trained,i2c,0,48,318,True,318,4,True,18.0
trained,i2c,0,49,314,True,314,4,True,23.0
trained,i2c,0,50,317,True,317,4,True,23.0
trained,i2c,0,51,324,True,324,4,True,12.0
trained,i2c,0,52,305,True,305,4,True,26.0
trained,i2c,0,53,333,True,334,4,True,13.0
trained,i2c,0,54,311,True,311,4,True,16.0
trained,i2c,0,55,322,True,322,4,True,22.0
trained,i2c,0,56,323,True,328,4,True,15.0
trained,i2c,0,57,324,True,324,4,True,12.0
trained,i2c,0,58,313,True,313,4,True,18.0
trained,i2c,0,59,321,True,322,4,True,17.0
trained,i2c,0,60,330,True,330,4,True,11.0
trained,i2c,0,61,309,True,309,4,True,23.0
trained,i2c,0,62,312,True,316,4,True,15.0
trained,i2c,0,63,323,True,323,4,True,17.0
trained,i2c,0,64,313,True,314,4,True,19.0
trained,i2c,0,65,319,True,319,4,True,16.0
trained,i2c,0,66,303,True,305,4,True,12.0
trained,i2c,0,67,312,True,312,4,True,23.0
trained,i2c,0,68,310,True,313,4,True,15.0
trained,i2c,0,69,328,True,329,4,True,16.0
trained,i2c,0,70,316,True,316,4,True,23.0
trained,i2c,0,71,319,True,319,4,True,18.0
trained,i2c,0,72,310,True,310,4,True,16.0
trained,i2c,0,73,308,True,311,4,True,16.0
trained,i2c,0,74,323,True,323,4,True,19.0
trained,i2c,0,75,314,True,314,4,True,16.0
trained,i2c,0,76,312,True,312,4,True,23.0
trained,i2c,0,77,313,True,313,4,True,22.0
trained,i2c,0,78,309,True,309,4,True,22.0
trained,i2c,0,79,302,True,302,4,True,22.0
trained,i2c,0,80,322,True,322,4,True,18.0
trained,i2c,0,81,329,True,332,4,True,19.0
trained,i2c,0,82,314,True,314,4,True,22.0
trained,i2c,0,83,312,True,312,4,True,19.0
trained,i2c,0,84,327,True,328,4,True,15.0
trained,i2c,0,85,315,True,315,4,True,23.0
trained,i2c,0,86,308,True,309,4,True,16.0
trained,i2c,0,87,311,True,311,4,True,26.0
trained,i2c,0,88,307,True,307,4,True,18.0
trained,i2c,0,89,320,True,320,4,True,18.0
trained,i2c,0,90,323,True,323,4,True,18.0
trained,i2c,0,91,313,True,313,4,True,23.0
trained,i2c,0,92,313,True,313,4,True,19.0
trained,i2c,0,93,320,True,322,4,True,20.0
trained,i2c,0,94,311,True,316,4,True,12.0
trained,i2c,0,95,318,True,318,4,True,22.0
trained,i2c,0,96,322,True,322,4,True,20.0
trained,i2c,0,97,313,True,313,4,True,15.0
trained,i2c,0,98,319,True,319,4,True,30.0
trained,i2c,0,99,315,True,317,4,True,18.0
trained,i2c,0,100,328,True,328,4,True,12.0
trained,i2c,1,1,330,True,330,4,True,13.0
trained,i2c,1,2,334,True,334,4,True,14.0
trained,i2c,1,3,321,True,322,4,True,12.0
trained,i2c,1,4,319,True,319,4,True,18.0
trained,i2c,1,5,312,True,314,4,True,16.0
trained,i2c,1,6,325,True,350,3,True,5.0
trained,i2c,1,7,311,True,315,4,True,16.0
trained,i2c,1,8,347,True,354,4,True,2.0
trained,i2c,1,9,333,True,334,4,True,7.0
trained,i2c,1,10,344,True,347,4,True,6.0
trained,i2c,1,11,324,True,324,4,True,14.0
trained,i2c,1,12,322,True,323,4,True,16.0
trained,i2c,1,13,319,True,319,4,True,20.0
trained,i2c,1,14,323,True,323,4,True,14.0
trained,i2c,1,15,317,True,317,4,True,19.0
trained,i2c,1,16,320,True,325,4,True,16.0
trained,i2c,1,17,332,True,332,4,True,13.0
trained,i2c,1,18,314,True,314,4,True,17.0
trained,i2c,1,19,333,True,333,4,True,20.0
trained,i2c,1,20,326,True,327,4,True,23.0
trained,i2c,1,21,326,True,326,4,True,23.0
trained,i2c,1,22,337,True,338,4,True,17.0
trained,i2c,1,23,321,True,321,4,True,26.0
trained,i2c,1,24,318,True,319,4,True,12.0
trained,i2c,1,25,313,True,342,3,True,13.0
trained,i2c,1,26,322,True,325,4,True,9.0
trained,i2c,1,27,318,True,321,4,True,15.0
trained,i2c,1,28,332,True,335,4,True,13.0
trained,i2c,1,29,314,True,316,4,True,26.0
trained,i2c,1,30,330,True,331,4,True,14.0
trained,i2c,1,31,320,True,322,4,True,14.0
trained,i2c,1,32,327,True,327,4,True,10.0
trained,i2c,1,33,319,True,322,4,True,16.0
trained,i2c,1,34,319,True,319,4,True,19.0
trained,i2c,1,35,317,True,317,4,True,20.0
trained,i2c,1,36,324,True,324,4,True,13.0
trained,i2c,1,37,316,True,319,4,True,12.0
trained,i2c,1,38,325,True,325,4,True,23.0
trained,i2c,1,39,327,True,327,4,True,10.0
trained,i2c,1,40,321,True,321,4,True,27.0
trained,i2c,1,41,328,True,329,4,True,16.0
trained,i2c,1,42,317,True,347,3,True,16.0
trained,i2c,1,43,326,True,328,4,True,10.0
trained,i2c,1,44,323,True,326,4,True,18.0
trained,i2c,1,45,333,True,333,4,True,27.0
trained,i2c,1,46,326,True,326,4,True,16.0
trained,i2c,1,47,328,True,330,4,True,10.0
trained,i2c,1,48,318,True,318,4,True,17.0
trained,i2c,1,49,318,True,318,4,True,20.0
trained,i2c,1,50,327,True,347,3,True,17.0
trained,i2c,1,51,305,True,305,4,True,21.0
trained,i2c,1,52,325,True,325,4,True,23.0
trained,i2c,1,53,326,True,327,4,True,11.0
trained,i2c,1,54,321,True,321,4,True,16.0
trained,i2c,1,55,343,True,343,4,True,14.0
trained,i2c,1,56,321,True,321,4,True,14.0
trained,i2c,1,57,327,True,327,4,True,15.0
trained,i2c,1,58,337,True,337,4,True,15.0
trained,i2c,1,59,334,True,336,4,True,9.0
trained,i2c,1,60,325,True,328,4,True,14.0
trained,i2c,1,61,318,True,318,4,True,23.0
trained,i2c,1,62,324,True,324,4,True,16.0
trained,i2c,1,63,316,True,316,4,True,15.0
trained,i2c,1,64,322,True,322,4,True,22.0
trained,i2c,1,65,325,True,325,4,True,21.0
trained,i2c,1,66,341,True,341,4,True,10.0
trained,i2c,1,67,331,True,331,4,True,17.0
trained,i2c,1,68,324,True,324,4,True,14.0
trained,i2c,1,69,329,True,336,4,True,13.0
trained,i2c,1,70,312,True,312,4,True,19.0
trained,i2c,1,71,323,True,323,4,True,20.0
trained,i2c,1,72,320,True,321,4,True,11.0
trained,i2c,1,73,327,True,327,4,True,17.0
trained,i2c,1,74,319,True,319,4,True,12.0
trained,i2c,1,75,317,True,319,4,True,19.0
trained,i2c,1,76,319,True,319,4,True,21.0
trained,i2c,1,77,311,True,311,4,True,21.0
trained,i2c,1,78,327,True,331,4,True,11.0
trained,i2c,1,79,329,True,348,3,True,17.0
trained,i2c,1,80,319,True,319,4,True,22.0
trained,i2c,1,81,320,True,324,4,True,23.0
trained,i2c,1,82,322,True,322,4,True,16.0
trained,i2c,1,83,326,True,326,4,True,16.0
trained,i2c,1,84,323,True,326,4,True,22.0
trained,i2c,1,85,330,True,330,4,True,16.0
trained,i2c,1,86,328,True,328,4,True,12.0
trained,i2c,1,87,320,True,320,4,True,14.0
trained,i2c,1,88,332,True,333,4,True,11.0
trained,i2c,1,89,325,True,331,4,True,9.0
trained,i2c,1,90,315,True,315,4,True,22.0
trained,i2c,1,91,312,True,313,4,True,16.0
trained,i2c,1,92,321,True,340,3,True,15.0
trained,i2c,1,93,313,True,313,4,True,24.0
trained,i2c,1,94,336,True,337,4,True,13.0
trained,i2c,1,95,320,True,321,4,True,12.0
trained,i2c,1,96,319,True,319,4,True,20.0
trained,i2c,1,97,318,True,318,4,True,16.0
trained,i2c,1,98,316,True,320,4,True,13.0
trained,i2c,1,99,328,True,328,4,True,14.0
trained,i2c,1,100,318,True,342,3,True,15.0
trained,i2c,2,1,323,True,324,4,True,12.0
trained,i2c,2,2,310,True,310,4,True,26.0
trained,i2c,2,3,332,True,332,4,True,19.0
trained,i2c,2,4,322,True,324,4,True,14.0
trained,i2c,2,5,320,True,320,4,True,15.0
trained,i2c,2,6,322,True,322,4,True,18.0
trained,i2c,2,7,329,True,329,4,True,23.0
trained,i2c,2,8,317,True,317,4,True,17.0
trained,i2c,2,9,313,True,313,4,True,23.0
trained,i2c,2,10,321,True,321,4,True,16.0
trained,i2c,2,11,318,True,318,4,True,17.0
trained,i2c,2,12,315,True,316,4,True,23.0
trained,i2c,2,13,319,True,323,4,True,15.0
trained,i2c,2,14,327,True,327,4,True,13.0
trained,i2c,2,15,317,True,317,4,True,24.0
trained,i2c,2,16,323,True,323,4,True,16.0
trained,i2c,2,17,328,True,328,4,True,14.0
trained,i2c,2,18,324,True,327,4,True,14.0
trained,i2c,2,19,326,True,363,3,True,15.0
trained,i2c,2,20,327,True,340,3,True,14.0
trained,i2c,2,21,311,True,311,4,True,27.0
trained,i2c,2,22,322,True,322,4,True,17.0
trained,i2c,2,23,317,True,317,4,True,23.0
trained,i2c,2,24,313,True,315,4,True,8.0
trained,i2c,2,25,320,True,321,4,True,20.0
trained,i2c,2,26,320,True,320,4,True,16.0
trained,i2c,2,27,325,True,325,4,True,19.0
trained,i2c,2,28,324,True,324,4,True,17.0
trained,i2c,2,29,320,True,320,4,True,17.0
trained,i2c,2,30,337,True,337,4,True,14.0
trained,i2c,2,31,332,True,335,4,True,11.0
trained,i2c,2,32,317,True,321,4,True,16.0
trained,i2c,2,33,326,True,326,4,True,23.0
trained,i2c,2,34,320,True,321,4,True,14.0
trained,i2c,2,35,320,True,323,4,True,19.0
trained,i2c,2,36,321,True,321,4,True,20.0
trained,i2c,2,37,329,True,332,4,True,11.0
trained,i2c,2,38,318,True,320,4,True,12.0
trained,i2c,2,39,323,True,325,4,True,20.0
trained,i2c,2,40,324,True,325,4,True,13.0
trained,i2c,2,41,322,True,328,4,True,14.0
trained,i2c,2,42,318,True,318,4,True,23.0
trained,i2c,2,43,321,True,321,4,True,14.0
trained,i2c,2,44,316,True,323,4,True,17.0
trained,i2c,2,45,321,True,321,4,True,16.0
trained,i2c,2,46,317,True,318,4,True,8.0
trained,i2c,2,47,314,True,314,4,True,22.0
trained,i2c,2,48,324,True,325,4,True,20.0
trained,i2c,2,49,321,True,321,4,True,17.0
trained,i2c,2,50,317,True,319,4,True,13.0
trained,i2c,2,51,317,True,317,4,True,18.0
trained,i2c,2,52,309,True,313,4,True,22.0
trained,i2c,2,53,322,True,326,4,True,12.0
trained,i2c,2,54,321,True,321,4,True,24.0
trained,i2c,2,55,331,True,331,4,True,19.0
trained,i2c,2,56,312,True,315,4,True,16.0
trained,i2c,2,57,313,True,313,4,True,16.0
trained,i2c,2,58,327,True,327,4,True,16.0
trained,i2c,2,59,320,True,323,4,True,20.0
trained,i2c,2,60,322,True,323,4,True,12.0
trained,i2c,2,61,320,True,321,4,True,16.0
trained,i2c,2,62,313,True,313,4,True,11.0
trained,i2c,2,63,319,True,319,4,True,11.0
trained,i2c,2,64,324,True,329,4,True,18.0
trained,i2c,2,65,328,True,328,4,True,19.0
trained,i2c,2,66,322,True,322,4,True,16.0
trained,i2c,2,67,317,True,317,4,True,19.0
trained,i2c,2,68,316,True,316,4,True,21.0
trained,i2c,2,69,321,True,321,4,True,18.0
trained,i2c,2,70,317,True,317,4,True,20.0
trained,i2c,2,71,306,True,306,4,True,22.0
trained,i2c,2,72,327,True,328,4,True,16.0
trained,i2c,2,73,317,True,321,4,True,19.0
trained,i2c,2,74,309,True,309,4,True,20.0
trained,i2c,2,75,318,True,321,4,True,18.0
trained,i2c,2,76,320,True,329,4,True,15.0
trained,i2c,2,77,325,True,325,4,True,20.0
trained,i2c,2,78,313,True,313,4,True,24.0
trained,i2c,2,79,314,True,317,4,True,22.0
trained,i2c,2,80,318,True,318,4,True,16.0
trained,i2c,2,81,306,True,306,4,True,30.0
trained,i2c,2,82,326,True,326,4,True,19.0
trained,i2c,2,83,318,True,318,4,True,20.0
trained,i2c,2,84,319,True,323,4,True,20.0
trained,i2c,2,85,319,True,320,4,True,16.0
trained,i2c,2,86,325,True,326,4,True,14.0
trained,i2c,2,87,328,True,333,4,True,11.0
trained,i2c,2,88,319,True,319,4,True,15.0
trained,i2c,2,89,309,True,309,4,True,23.0
trained,i2c,2,90,321,True,326,4,True,16.0
trained,i2c,2,91,319,True,319,4,True,14.0
trained,i2c,2,92,324,True,324,4,True,19.0
trained,i2c,2,93,323,True,323,4,True,20.0
trained,i2c,2,94,329,True,329,4,True,16.0
trained,i2c,2,95,322,True,323,4,True,13.0
trained,i2c,2,96,323,True,323,4,True,17.0
trained,i2c,2,97,321,True,323,4,True,19.0
trained,i2c,2,98,313,True,313,4,True,22.0
trained,i2c,2,99,328,True,328,4,True,14.0
trained,i2c,2,100,313,True,313,4,True,22.0
trained,max,0,1,786,True,790,40,True,1.0
trained,max,0,2,826,False,826,46,False,5.0
trained,max,0,3,791,False,791,42,False,6.0
trained,max,0,4,797,True,808,39,True,5.0
trained,max,0,5,793,False,793,42,False,8.0
trained,max,0,6,817,False,828,51,False,2.0
trained,max,0,7,788,False,788,47,False,4.0
trained,max,0,8,768,False,768,44,False,5.0
trained,max,0,9,767,False,770,42,False,4.0
trained,max,0,10,800,True,800,39,True,11.0
trained,max,0,11,791,False,792,42,False,6.0
trained,max,0,12,844,False,844,43,False,2.0
trained,max,0,13,772,False,772,45,False,2.0
trained,max,0,14,790,False,791,42,False,3.0
trained,max,0,15,782,False,782,42,False,-3.0
trained,max,0,16,769,False,784,45,False,0.0
trained,max,0,17,769,False,769,42,False,6.0
trained,max,0,18,793,False,805,42,False,6.0
trained,max,0,19,768,False,775,43,False,0.0
trained,max,0,20,782,False,791,42,False,2.0
trained,max,0,21,768,False,779,42,False,2.0
trained,max,0,22,767,False,767,42,False,6.0
trained,max,0,23,797,False,797,49,False,4.0
trained,max,0,24,791,False,809,42,False,2.0
trained,max,0,25,768,False,777,43,False,-2.0
trained,max,0,26,792,True,798,41,True,2.0
trained,max,0,27,782,False,803,43,False,1.0
trained,max,0,28,769,True,769,41,True,6.0
trained,max,0,29,782,False,777,44,False,0.0
trained,max,0,30,791,False,791,42,False,6.0
trained,max,0,31,790,True,791,41,True,6.0
trained,max,0,32,814,False,814,49,False,4.0
trained,max,0,33,842,False,842,56,False,0.0
trained,max,0,34,777,False,777,43,False,9.0
trained,max,0,35,789,False,789,45,False,5.0
trained,max,0,36,793,False,793,42,False,10.0
trained,max,0,37,786,True,786,41,True,2.0
trained,max,0,38,782,False,791,42,False,2.0
trained,max,0,39,781,True,792,41,True,2.0
trained,max,0,40,782,False,782,42,False,6.0
trained,max,0,41,826,False,829,50,False,1.0
trained,max,0,42,793,False,804,42,False,6.0
trained,max,0,43,769,False,784,45,False,0.0
trained,max,0,44,791,False,794,42,False,1.0
trained,max,0,45,779,True,779,41,True,4.0
trained,max,0,46,767,False,767,43,False,5.0
trained,max,0,47,790,False,775,43,False,2.0
trained,max,0,48,783,True,783,41,True,4.0
trained,max,0,49,753,False,797,42,False,0.0
trained,max,0,50,791,False,801,42,False,2.0
trained,max,0,51,792,True,832,41,True,-3.0
trained,max,0,52,788,False,788,42,False,6.0
trained,max,0,53,768,False,769,44,False,3.0
trained,max,0,54,786,False,786,42,False,-1.0
trained,max,0,55,781,True,788,41,True,4.0
trained,max,0,56,782,False,778,43,False,3.0
trained,max,0,57,776,False,776,42,False,4.0
trained,max,0,58,784,True,784,41,True,3.0
trained,max,0,59,790,False,790,42,False,3.0
trained,max,0,60,781,True,781,41,True,5.0
trained,max,0,61,791,True,791,40,True,5.0
trained,max,0,62,778,False,778,43,False,7.0
trained,max,0,63,769,False,769,44,False,3.0
trained,max,0,64,788,True,788,41,True,-1.0
trained,max,0,65,782,False,798,42,False,2.0
trained,max,0,66,790,False,790,42,False,3.0
trained,max,0,67,808,True,808,40,True,1.0
trained,max,0,68,769,True,777,41,True,2.0
trained,max,0,69,801,True,802,41,True,8.0
trained,max,0,70,791,False,795,42,False,6.0
trained,max,0,71,782,False,797,42,False,2.0
trained,max,0,72,770,False,770,47,False,4.0
trained,max,0,73,790,False,783,43,False,2.0
trained,max,0,74,782,False,791,42,False,4.0
trained,max,0,75,768,False,768,44,False,5.0
trained,max,0,76,771,False,778,42,False,3.0
trained,max,0,77,770,False,774,42,False,2.0
trained,max,0,78,764,False,764,43,False,4.0
trained,max,0,79,767,False,775,43,False,2.0
trained,max,0,80,792,True,821,39,True,4.0
trained,max,0,81,782,False,791,42,False,4.0
trained,max,0,82,766,False,775,43,False,1.0
trained,max,0,83,782,False,782,42,False,4.0
trained,max,0,84,782,False,807,42,False,0.0
trained,max,0,85,781,True,790,40,True,4.0
trained,max,0,86,768,False,777,43,False,-2.0
trained,max,0,87,795,True,795,41,True,8.0
trained,max,0,88,767,False,776,42,False,-5.0
trained,max,0,89,808,True,815,39,True,7.0
trained,max,0,90,782,False,794,42,False,0.0
trained,max,0,91,767,False,776,42,False,2.0
trained,max,0,92,842,False,836,57,False,3.0
trained,max,0,93,781,True,811,41,True,1.0
trained,max,0,94,771,False,771,42,False,2.0
trained,max,0,95,792,True,812,41,True,2.0
trained,max,0,96,769,False,775,43,False,3.0
trained,max,0,97,766,False,766,42,False,3.0
trained,max,0,98,791,False,809,42,False,2.0
trained,max,0,99,792,True,792,39,True,9.0
trained,max,0,100,793,False,793,42,False,8.0
trained,max,1,1,791,False,791,42,False,6.0
trained,max,1,2,828,False,837,47,False,0.0
trained,max,1,3,766,False,770,43,False,3.0
trained,max,1,4,782,False,790,42,False,4.0
trained,max,1,5,785,True,796,40,True,-2.0
trained,max,1,6,780,False,780,45,False,3.0
trained,max,1,7,775,True,775,41,True,9.0
trained,max,1,8,791,False,802,42,False,6.0
trained,max,1,9,782,False,782,42,False,4.0
trained,max,1,10,826,False,832,46,False,3.0
trained,max,1,11,768,False,768,44,False,5.0
trained,max,1,12,768,False,783,43,False,-2.0
trained,max,1,13,767,False,771,43,False,0.0
trained,max,1,14,769,False,769,45,False,3.0
trained,max,1,15,808,True,808,40,True,5.0
trained,max,1,16,783,False,783,44,False,7.0
trained,max,1,17,769,False,769,44,False,3.0
trained,max,1,18,766,False,777,42,False,-3.0
trained,max,1,19,768,False,767,46,False,1.0
trained,max,1,20,791,False,794,42,False,4.0
trained,max,1,21,811,True,811,40,True,1.0
trained,max,1,22,826,False,811,47,False,4.0
trained,max,1,23,782,False,790,42,False,4.0
trained,max,1,24,788,True,788,41,True,1.0
trained,max,1,25,790,False,790,42,False,3.0
trained,max,1,26,765,False,765,42,False,6.0
trained,max,1,27,782,False,789,42,False,4.0
trained,max,1,28,782,False,788,42,False,4.0
trained,max,1,29,765,False,765,42,False,8.0
trained,max,1,30,792,True,792,41,True,0.0
trained,max,1,31,842,False,842,57,False,-1.0
trained,max,1,32,827,False,827,46,False,5.0
trained,max,1,33,767,False,782,43,False,0.0
trained,max,1,34,782,False,791,42,False,2.0
trained,max,1,35,789,False,789,50,False,2.0
trained,max,1,36,767,False,769,42,False,1.0
trained,max,1,37,765,False,773,42,False,1.0
trained,max,1,38,818,False,818,46,False,5.0
trained,max,1,39,790,False,792,42,False,1.0
trained,max,1,40,768,False,786,45,False,2.0
trained,max,1,41,791,False,793,42,False,4.0
trained,max,1,42,794,True,794,39,True,4.0
trained,max,1,43,782,False,798,42,False,0.0
trained,max,1,44,808,True,808,40,True,7.0
trained,max,1,45,791,False,807,42,False,4.0
trained,max,1,46,782,False,789,43,False,3.0
trained,max,1,47,787,True,787,40,True,7.0
trained,max,1,48,768,False,771,43,False,0.0
trained,max,1,49,767,False,769,42,False,2.0
trained,max,1,50,782,False,791,42,False,2.0
trained,max,1,51,790,False,792,42,False,1.0
trained,max,1,52,771,False,771,42,False,5.0
trained,max,1,53,782,False,790,42,False,4.0
trained,max,1,54,765,False,767,42,False,6.0
trained,max,1,55,793,False,793,42,False,10.0
trained,max,1,56,768,False,770,43,False,1.0
trained,max,1,57,793,False,795,42,False,6.0
trained,max,1,58,797,True,805,40,True,5.0
trained,max,1,59,781,True,781,41,True,5.0
trained,max,1,60,765,False,765,42,False,4.0
trained,max,1,61,769,False,777,42,False,1.0
trained,max,1,62,801,True,801,41,True,5.0
trained,max,1,63,769,False,769,42,False,2.0
trained,max,1,64,792,False,799,42,False,10.0
trained,max,1,65,782,False,782,42,False,4.0
trained,max,1,66,782,False,798,42,False,2.0
trained,max,1,67,793,False,793,42,False,8.0
trained,max,1,68,842,False,842,56,False,0.0
trained,max,1,69,798,True,798,41,True,3.0
trained,max,1,70,784,False,784,42,False,3.0
trained,max,1,71,803,True,803,40,True,-1.0
trained,max,1,72,779,False,779,43,False,5.0
trained,max,1,73,791,False,801,42,False,6.0
trained,max,1,74,782,False,791,42,False,2.0
trained,max,1,75,766,False,770,43,False,0.0
trained,max,1,76,782,False,794,42,False,2.0
trained,max,1,77,771,False,771,42,False,2.0
trained,max,1,78,790,True,790,41,True,6.0
trained,max,1,79,827,False,829,46,False,7.0
trained,max,1,80,790,True,790,41,True,8.0
trained,max,1,81,768,False,784,45,False,0.0
trained,max,1,82,782,False,794,42,False,2.0
trained,max,1,83,791,False,795,42,False,6.0
trained,max,1,84,782,False,782,42,False,6.0
trained,max,1,85,768,False,767,46,False,1.0
trained,max,1,86,791,False,801,42,False,6.0
trained,max,1,87,782,False,782,42,False,4.0
trained,max,1,88,798,True,798,41,True,3.0
trained,max,1,89,791,False,809,42,False,2.0
trained,max,1,90,788,True,788,40,True,8.0
trained,max,1,91,790,False,799,42,False,-1.0
trained,max,1,92,791,False,792,42,False,6.0
trained,max,1,93,769,False,782,44,False,0.0
trained,max,1,94,768,False,768,42,False,3.0
trained,max,1,95,767,False,771,43,False,0.0
trained,max,1,96,783,False,783,44,False,5.0
trained,max,1,97,779,False,790,46,False,0.0
trained,max,1,98,767,False,779,43,False,0.0
trained,max,1,99,791,False,791,42,False,6.0
trained,max,1,100,782,False,791,42,False,2.0
trained,max,2,1,790,False,776,43,False,0.0
trained,max,2,2,842,False,834,57,False,1.0
trained,max,2,3,777,True,777,41,True,5.0
trained,max,2,4,781,True,798,41,True,1.0
trained,max,2,5,782,False,792,42,False,2.0
trained,max,2,6,782,False,803,43,False,3.0
trained,max,2,7,808,True,808,40,True,5.0
trained,max,2,8,773,True,770,42,False,1.0
trained,max,2,9,767,False,767,42,False,8.0
trained,max,2,10,782,False,786,42,False,4.0
trained,max,2,11,801,False,801,44,False,6.0
trained,max,2,12,842,False,826,57,False,1.0
trained,max,2,13,805,True,805,40,True,8.0
trained,max,2,14,791,False,793,42,False,4.0
trained,max,2,15,795,True,795,41,True,11.0
trained,max,2,16,788,False,788,42,False,10.0
trained,max,2,17,791,False,791,42,False,6.0
trained,max,2,18,767,False,768,42,False,1.0
trained,max,2,19,806,True,806,40,True,3.0
trained,max,2,20,782,False,791,42,False,2.0
trained,max,2,21,767,False,771,43,False,1.0
trained,max,2,22,768,False,786,45,False,2.0
trained,max,2,23,783,False,783,44,False,7.0
trained,max,2,24,789,False,791,44,False,2.0
trained,max,2,25,826,False,833,46,False,3.0
trained,max,2,26,811,False,811,46,False,5.0
trained,max,2,27,785,False,785,42,False,4.0
trained,max,2,28,768,False,768,44,False,5.0
trained,max,2,29,798,True,798,41,True,3.0
trained,max,2,30,791,False,796,42,False,6.0
trained,max,2,31,826,False,834,46,False,-1.0
trained,max,2,32,766,False,768,45,False,1.0
trained,max,2,33,782,False,790,42,False,4.0
trained,max,2,34,791,False,794,42,False,2.0
trained,max,2,35,792,False,793,42,False,8.0
trained,max,2,36,798,True,798,41,True,3.0
trained,max,2,37,782,False,798,42,False,0.0
trained,max,2,38,769,False,767,46,False,-1.0
trained,max,2,39,828,False,815,47,False,0.0
trained,max,2,40,782,False,788,42,False,4.0
trained,max,2,41,782,False,795,42,False,0.0
trained,max,2,42,764,False,766,43,False,2.0
trained,max,2,43,824,False,824,46,False,3.0
trained,max,2,44,781,True,781,41,True,3.0
trained,max,2,45,767,False,767,42,False,3.0
trained,max,2,46,766,False,771,42,False,-1.0
trained,max,2,47,777,True,779,41,True,4.0
trained,max,2,48,793,False,796,42,False,8.0
trained,max,2,49,793,True,793,41,True,0.0
trained,max,2,50,783,False,794,45,False,-1.0
trained,max,2,51,767,False,771,43,False,0.0
trained,max,2,52,771,False,771,43,False,7.0
trained,max,2,53,769,False,773,42,False,1.0
trained,max,2,54,790,False,790,42,False,3.0
trained,max,2,55,791,False,791,42,False,6.0
trained,max,2,56,781,False,781,49,False,0.0
trained,max,2,57,769,False,769,42,False,2.0
trained,max,2,58,801,True,801,41,True,5.0
trained,max,2,59,771,False,771,42,False,2.0
trained,max,2,60,798,True,798,41,True,3.0
trained,max,2,61,782,False,782,42,False,6.0
trained,max,2,62,774,True,774,41,True,8.0
trained,max,2,63,791,False,809,42,False,2.0
trained,max,2,64,766,False,770,42,False,1.0
trained,max,2,65,768,False,769,44,False,3.0
trained,max,2,66,782,False,774,43,False,1.0
trained,max,2,67,781,True,781,41,True,5.0
trained,max,2,68,790,False,790,42,False,3.0
trained,max,2,69,783,True,783,41,True,-1.0
trained,max,2,70,779,False,790,46,False,0.0
trained,max,2,71,790,False,798,42,False,-3.0
trained,max,2,72,791,False,791,42,False,6.0
trained,max,2,73,772,False,776,42,False,4.0
trained,max,2,74,798,True,798,41,True,3.0
trained,max,2,75,780,True,780,41,True,0.0
trained,max,2,76,782,False,798,42,False,0.0
trained,max,2,77,791,False,794,42,False,4.0
trained,max,2,78,769,False,769,42,False,2.0
trained,max,2,79,797,True,803,37,True,7.0
trained,max,2,80,782,False,791,42,False,2.0
trained,max,2,81,767,False,786,42,False,1.0
trained,max,2,82,811,False,816,46,False,3.0
trained,max,2,83,791,False,791,42,False,8.0
trained,max,2,84,767,False,767,42,False,3.0
trained,max,2,85,786,True,786,41,True,6.0
trained,max,2,86,763,False,763,43,False,7.0
trained,max,2,87,791,False,802,42,False,8.0
trained,max,2,88,775,True,775,41,True,3.0
trained,max,2,89,762,False,762,42,False,6.0
trained,max,2,90,765,False,770,42,False,1.0
trained,max,2,91,791,True,791,40,True,5.0
trained,max,2,92,792,True,794,41,True,-1.0
trained,max,2,93,766,False,782,43,False,1.0
trained,max,2,94,782,False,791,42,False,2.0
trained,max,2,95,766,False,770,43,False,1.0
trained,max,2,96,791,False,791,42,False,6.0
trained,max,2,97,786,False,794,43,False,2.0
trained,max,2,98,765,False,768,42,False,3.0
trained,max,2,99,811,False,829,46,False,3.0
trained,max,2,100,790,False,792,42,False,1.0
frozen,int2float,0,1,46,True,46,3,True,5.0
frozen,int2float,0,2,49,True,50,3,True,4.0
frozen,int2float,0,3,49,True,49,4,False,-3.0
frozen,int2float,0,4,49,True,48,4,False,-7.0
frozen,int2float,0,5,47,True,50,3,True,2.0
frozen,int2float,0,6,49,True,46,4,False,1.0
frozen,int2float,0,7,48,True,48,3,True,5.0
frozen,int2float,0,8,48,True,48,3,True,5.0
frozen,int2float,0,9,45,True,45,3,True,7.0
frozen,int2float,0,10,48,True,50,3,True,-2.0
frozen,int2float,0,11,47,True,53,3,True,5.0
frozen,int2float,0,12,48,True,50,3,True,0.0
frozen,int2float,0,13,47,True,48,3,True,3.0
frozen,int2float,0,14,48,True,49,3,True,-5.0
frozen,int2float,0,15,47,True,52,3,True,2.0
frozen,int2float,0,16,47,True,54,3,True,3.0
frozen,int2float,0,17,46,True,46,3,True,-2.0
frozen,int2float,0,18,45,True,47,3,True,2.0
frozen,int2float,0,19,49,True,50,3,True,2.0
frozen,int2float,0,20,47,True,48,3,True,5.0
frozen,int2float,0,21,49,True,54,3,True,2.0
frozen,int2float,0,22,45,True,46,3,True,4.0
frozen,int2float,0,23,48,True,48,3,True,2.0
frozen,int2float,0,24,46,True,48,3,True,5.0
frozen,int2float,0,25,47,True,44,4,False,1.0
frozen,int2float,0,26,46,True,50,3,True,4.0
frozen,int2float,0,27,47,True,50,3,True,5.0
frozen,int2float,0,28,47,True,47,3,True,10.0
frozen,int2float,0,29,49,True,52,3,True,-5.0
frozen,int2float,0,30,45,True,45,3,True,10.0
frozen,int2float,0,31,45,True,46,3,True,6.0
frozen,int2float,0,32,48,True,49,3,True,0.0
frozen,int2float,0,33,48,True,48,3,True,4.0
frozen,int2float,0,34,49,True,51,3,True,-1.0
frozen,int2float,0,35,48,True,49,3,True,4.0
frozen,int2float,0,36,47,True,47,3,True,8.0
frozen,int2float,0,37,45,True,45,3,True,0.0
frozen,int2float,0,38,46,True,46,3,True,3.0
frozen,int2float,0,39,46,True,44,4,False,4.0
frozen,int2float,0,40,46,True,45,4,False,6.0
frozen,int2float,0,41,49,True,49,3,True,3.0
frozen,int2float,0,42,47,True,49,3,True,6.0
frozen,int2float,0,43,47,True,46,4,False,0.0
frozen,int2float,0,44,45,True,43,4,False,0.0
frozen,int2float,0,45,49,True,46,4,False,-6.0
frozen,int2float,0,46,46,True,49,3,True,1.0
frozen,int2float,0,47,47,True,53,3,True,6.0
frozen,int2float,0,48,48,True,48,3,True,3.0
frozen,int2float,0,49,48,True,50,3,True,-1.0
frozen,int2float,0,50,46,True,47,3,True,5.0
frozen,int2float,0,51,46,True,48,3,True,1.0
frozen,int2float,0,52,48,True,52,3,True,5.0
frozen,int2float,0,53,45,True,45,3,True,-2.0
frozen,int2float,0,54,48,True,50,3,True,-3.0
frozen,int2float,0,55,47,True,54,3,True,3.0
frozen,int2float,0,56,47,True,45,4,False,-4.0
frozen,int2float,0,57,46,True,46,3,True,0.0
frozen,int2float,0,58,48,True,48,3,True,-5.0
frozen,int2float,0,59,48,True,48,3,True,3.0
frozen,int2float,0,60,47,True,48,3,True,3.0
frozen,int2float,0,61,47,True,50,3,True,1.0
frozen,int2float,0,62,48,True,51,3,True,1.0
frozen,int2float,0,63,46,True,46,3,True,8.0
frozen,int2float,0,64,46,True,46,3,True,6.0
frozen,int2float,0,65,46,True,49,3,True,-2.0
frozen,int2float,0,66,48,True,48,3,True,5.0
frozen,int2float,0,67,47,True,47,3,True,1.0
frozen,int2float,0,68,48,True,46,4,False,0.0
frozen,int2float,0,69,45,True,49,3,True,5.0
frozen,int2float,0,70,47,True,49,3,True,1.0
frozen,int2float,0,71,46,True,52,3,True,15.0
frozen,int2float,0,72,46,True,49,3,True,-1.0
frozen,int2float,0,73,48,True,50,3,True,-3.0
frozen,int2float,0,74,48,True,48,3,True,2.0
frozen,int2float,0,75,48,True,48,3,True,2.0
frozen,int2float,0,76,46,True,47,3,True,2.0
frozen,int2float,0,77,47,True,51,3,True,-6.0
frozen,int2float,0,78,48,True,48,3,True,1.0
frozen,int2float,0,79,49,True,51,3,True,-3.0
frozen,int2float,0,80,46,True,45,4,False,5.0
frozen,int2float,0,81,47,True,48,3,True,6.0
frozen,int2float,0,82,48,True,54,3,True,2.0
frozen,int2float,0,83,47,True,46,4,False,1.0
frozen,int2float,0,84,47,True,47,3,True,5.0
frozen,int2float,0,85,49,True,49,3,True,1.0
frozen,int2float,0,86,47,True,44,4,False,0.0
frozen,int2float,0,87,45,True,47,3,True,4.0
frozen,int2float,0,88,48,True,50,3,True,-1.0
frozen,int2float,0,89,47,True,50,3,True,-6.0
frozen,int2float,0,90,49,True,43,4,False,2.0
frozen,int2float,0,91,47,True,46,4,False,-2.0
frozen,int2float,0,92,48,True,44,4,False,-5.0
frozen,int2float,0,93,49,True,58,3,True,-3.0
frozen,int2float,0,94,47,True,47,3,True,5.0
frozen,int2float,0,95,48,True,51,3,True,7.0
frozen,int2float,0,96,46,True,50,3,True,-1.0
frozen,int2float,0,97,46,True,46,3,True,4.0
frozen,int2float,0,98,44,True,50,3,True,8.0
frozen,int2float,0,99,48,True,49,3,True,1.0
frozen,int2float,0,100,46,True,47,3,True,4.0
frozen,int2float,1,1,46,True,46,3,True,11.0
frozen,int2float,1,2,47,True,49,3,True,3.0
frozen,int2float,1,3,48,True,49,3,True,-3.0
frozen,int2float,1,4,48,True,44,4,False,3.0
frozen,int2float,1,5,49,True,51,3,True,-1.0
frozen,int2float,1,6,47,True,48,3,True,5.0
frozen,int2float,1,7,44,True,41,4,False,-2.0
frozen,int2float,1,8,47,True,49,3,True,4.0
frozen,int2float,1,9,49,True,49,3,True,2.0
frozen,int2float,1,10,47,True,47,3,True,5.0
frozen,int2float,1,11,47,True,47,3,True,7.0
frozen,int2float,1,12,48,True,46,4,False,0.0
frozen,int2float,1,13,48,True,49,3,True,-2.0
frozen,int2float,1,14,48,True,48,3,True,1.0
frozen,int2float,1,15,46,True,46,3,True,9.0
frozen,int2float,1,16,49,True,50,3,True,-1.0
frozen,int2float,1,17,47,True,48,3,True,4.0
frozen,int2float,1,18,45,True,50,3,True,7.0
frozen,int2float,1,19,49,True,53,3,True,-4.0
frozen,int2float,1,20,46,True,44,4,False,9.0
frozen,int2float,1,21,47,True,50,3,True,1.0
frozen,int2float,1,22,47,True,49,3,True,4.0
frozen,int2float,1,23,47,True,50,3,True,6.0
frozen,int2float,1,24,46,True,46,3,True,-6.0
frozen,int2float,1,25,48,True,48,3,True,7.0
frozen,int2float,1,26,46,True,47,3,True,3.0
frozen,int2float,1,27,47,True,47,3,True,1.0
frozen,int2float,1,28,47,True,47,3,True,7.0
frozen,int2float,1,29,46,True,46,3,True,5.0
frozen,int2float,1,30,48,True,44,4,False,5.0
frozen,int2float,1,31,47,True,47,3,True,0.0
frozen,int2float,1,32,46,True,47,3,True,5.0
frozen,int2float,1,33,46,True,47,3,True,-1.0
frozen,int2float,1,34,47,True,47,3,True,7.0
frozen,int2float,1,35,48,True,50,3,True,4.0
frozen,int2float,1,36,48,True,48,3,True,3.0
frozen,int2float,1,37,46,True,46,3,True,10.0
frozen,int2float,1,38,47,True,49,3,True,0.0
frozen,int2float,1,39,47,True,48,3,True,6.0
frozen,int2float,1,40,48,True,44,4,False,6.0
frozen,int2float,1,41,46,True,46,3,True,6.0
frozen,int2float,1,42,46,True,47,3,True,-1.0
frozen,int2float,1,43,48,True,50,3,True,6.0
frozen,int2float,1,44,45,True,45,3,True,4.0
frozen,int2float,1,45,47,True,45,4,False,1.0
frozen,int2float,1,46,48,True,45,4,False,3.0
frozen,int2float,1,47,46,True,47,3,True,3.0
frozen,int2float,1,48,47,True,51,3,True,3.0
frozen,int2float,1,49,48,True,48,3,True,1.0
frozen,int2float,1,50,47,True,47,3,True,8.0
frozen,int2float,1,51,48,True,50,3,True,3.0
frozen,int2float,1,52,47,True,47,3,True,3.0
frozen,int2float,1,53,48,True,48,4,False,1.0
frozen,int2float,1,54,45,True,45,3,True,8.0
frozen,int2float,1,55,47,True,47,3,True,6.0
frozen,int2float,1,56,46,True,47,3,True,1.0
frozen,int2float,1,57,47,True,48,3,True,4.0
frozen,int2float,1,58,46,True,46,3,True,7.0
frozen,int2float,1,59,46,True,47,3,True,3.0
frozen,int2float,1,60,47,True,49,3,True,-2.0
frozen,int2float,1,61,49,True,50,3,True,5.0
frozen,int2float,1,62,49,True,51,3,True,-1.0
frozen,int2float,1,63,48,True,49,3,True,1.0
frozen,int2float,1,64,46,True,46,3,True,-3.0
frozen,int2float,1,65,47,True,47,3,True,8.0
frozen,int2float,1,66,46,True,46,3,True,8.0
frozen,int2float,1,67,46,True,47,3,True,7.0
frozen,int2float,1,68,48,True,48,3,True,5.0
frozen,int2float,1,69,46,True,48,3,True,3.0
frozen,int2float,1,70,45,True,45,3,True,10.0
frozen,int2float,1,71,48,True,48,3,True,7.0
frozen,int2float,1,72,47,True,50,3,True,2.0
frozen,int2float,1,73,46,True,46,3,True,11.0
frozen,int2float,1,74,47,True,46,4,False,1.0
frozen,int2float,1,75,46,True,46,3,True,4.0
frozen,int2float,1,76,49,True,44,4,False,3.0
frozen,int2float,1,77,49,True,49,3,True,0.0
frozen,int2float,1,78,47,True,49,3,True,2.0
frozen,int2float,1,79,44,True,43,4,False,7.0
frozen,int2float,1,80,48,True,51,3,True,4.0
frozen,int2float,1,81,46,True,44,4,False,7.0
frozen,int2float,1,82,46,True,50,3,True,10.0
frozen,int2float,1,83,46,True,45,4,False,0.0
frozen,int2float,1,84,48,True,48,3,True,4.0
frozen,int2float,1,85,49,True,49,3,True,4.0
frozen,int2float,1,86,46,True,46,3,True,6.0
frozen,int2float,1,87,48,True,48,3,True,3.0
frozen,int2float,1,88,47,True,47,3,True,4.0
frozen,int2float,1,89,48,True,49,3,True,3.0
frozen,int2float,1,90,47,True,48,4,False,-2.0
frozen,int2float,1,91,46,True,49,3,True,0.0
frozen,int2float,1,92,46,True,46,3,True,9.0
frozen,int2float,1,93,47,True,50,3,True,6.0
frozen,int2float,1,94,48,True,48,3,True,10.0
frozen,int2float,1,95,47,True,47,3,True,6.0
frozen,int2float,1,96,48,True,48,3,True,4.0
frozen,int2float,1,97,47,True,48,3,True,1.0
frozen,int2float,1,98,47,True,45,4,False,5.0
frozen,int2float,1,99,49,True,52,3,True,-1.0
frozen,int2float,1,100,47,True,47,3,True,8.0
frozen,int2float,2,1,46,True,47,3,True,7.0
frozen,int2float,2,2,49,True,53,3,True,0.0
frozen,int2float,2,3,46,True,46,3,True,-3.0
frozen,int2float,2,4,48,True,51,3,True,-1.0
frozen,int2float,2,5,47,True,48,3,True,4.0
frozen,int2float,2,6,48,True,44,4,False,1.0
frozen,int2float,2,7,47,True,50,3,True,6.0
frozen,int2float,2,8,47,True,47,3,True,6.0
frozen,int2float,2,9,46,True,46,3,True,4.0
frozen,int2float,2,10,47,True,48,3,True,10.0
frozen,int2float,2,11,47,True,50,3,True,-2.0
frozen,int2float,2,12,49,True,53,3,True,1.0
frozen,int2float,2,13,46,True,48,3,True,6.0
frozen,int2float,2,14,49,True,49,3,True,6.0
frozen,int2float,2,15,44,True,45,3,True,14.0
frozen,int2float,2,16,48,True,46,4,False,2.0
frozen,int2float,2,17,46,True,48,3,True,4.0
frozen,int2float,2,18,47,True,47,3,True,2.0
frozen,int2float,2,19,47,True,49,3,True,2.0
frozen,int2float,2,20,47,True,47,3,True,5.0
frozen,int2float,2,21,45,True,45,3,True,6.0
frozen,int2float,2,22,46,True,45,4,False,8.0
frozen,int2float,2,23,49,True,54,3,True,-2.0
frozen,int2float,2,24,46,True,46,3,True,5.0
frozen,int2float,2,25,49,True,50,3,True,-3.0
frozen,int2float,2,26,48,True,48,3,True,2.0
frozen,int2float,2,27,47,True,49,3,True,-1.0
frozen,int2float,2,28,47,True,48,3,True,3.0
frozen,int2float,2,29,49,True,51,3,True,-5.0
frozen,int2float,2,30,47,True,43,4,False,6.0
frozen,int2float,2,31,47,True,45,4,False,5.0
frozen,int2float,2,32,49,True,51,3,True,2.0
frozen,int2float,2,33,47,True,46,4,False,6.0
frozen,int2float,2,34,47,True,47,3,True,5.0
frozen,int2float,2,35,45,True,51,3,True,6.0
frozen,int2float,2,36,46,True,48,3,True,5.0
frozen,int2float,2,37,46,True,46,3,True,8.0
frozen,int2float,2,38,47,True,48,3,True,3.0
frozen,int2float,2,39,49,True,50,4,False,2.0
frozen,int2float,2,40,45,True,45,3,True,2.0
frozen,int2float,2,41,47,True,45,4,False,6.0
frozen,int2float,2,42,49,True,49,3,True,2.0
frozen,int2float,2,43,47,True,47,3,True,-1.0
frozen,int2float,2,44,49,True,49,3,True,0.0
frozen,int2float,2,45,47,True,52,3,True,5.0
frozen,int2float,2,46,45,True,45,3,True,5.0
frozen,int2float,2,47,43,True,43,3,True,2.0
frozen,int2float,2,48,45,True,44,4,False,1.0
frozen,int2float,2,49,45,True,45,3,True,4.0
frozen,int2float,2,50,46,True,46,4,False,0.0
frozen,int2float,2,51,44,True,44,3,True,4.0
frozen,int2float,2,52,49,True,51,3,True,4.0
frozen,int2float,2,53,48,True,48,3,True,6.0
frozen,int2float,2,54,48,True,51,3,True,-4.0
frozen,int2float,2,55,48,True,51,3,True,2.0
frozen,int2float,2,56,49,True,47,4,False,0.0
frozen,int2float,2,57,48,True,48,3,True,-1.0
frozen,int2float,2,58,45,True,48,3,True,8.0
frozen,int2float,2,59,47,True,47,3,True,9.0
frozen,int2float,2,60,49,True,49,3,True,0.0
frozen,int2float,2,61,49,True,49,3,True,2.0
frozen,int2float,2,62,49,True,51,3,True,-1.0
frozen,int2float,2,63,47,True,47,3,True,0.0
frozen,int2float,2,64,48,True,49,3,True,1.0
frozen,int2float,2,65,48,True,48,3,True,4.0
frozen,int2float,2,66,48,True,49,3,True,5.0
frozen,int2float,2,67,49,True,50,3,True,2.0
frozen,int2float,2,68,46,True,46,3,True,3.0
frozen,int2float,2,69,47,True,48,3,True,1.0
frozen,int2float,2,70,48,True,45,4,False,4.0
frozen,int2float,2,71,49,True,49,4,False,-1.0
frozen,int2float,2,72,49,True,51,3,True,1.0
frozen,int2float,2,73,47,True,48,3,True,-3.0
frozen,int2float,2,74,47,True,47,3,True,10.0
frozen,int2float,2,75,45,True,45,3,True,6.0
frozen,int2float,2,76,46,True,48,3,True,3.0
frozen,int2float,2,77,46,True,47,4,False,1.0
frozen,int2float,2,78,48,True,48,3,True,4.0
frozen,int2float,2,79,48,True,48,3,True,3.0
frozen,int2float,2,80,46,True,46,3,True,9.0
frozen,int2float,2,81,45,True,51,3,True,1.0
frozen,int2float,2,82,48,True,46,4,False,3.0
frozen,int2float,2,83,47,True,47,3,True,7.0
frozen,int2float,2,84,47,True,47,3,True,7.0
frozen,int2float,2,85,47,True,47,3,True,1.0
frozen,int2float,2,86,47,True,49,3,True,4.0
frozen,int2float,2,87,45,True,46,3,True,7.0
frozen,int2float,2,88,46,True,46,3,True,-1.0
frozen,int2float,2,89,48,True,48,3,True,0.0
frozen,int2float,2,90,46,True,46,3,True,12.0
frozen,int2float,2,91,48,True,50,3,True,7.0
frozen,int2float,2,92,46,True,46,3,True,4.0
frozen,int2float,2,93,47,True,47,3,True,2.0
frozen,int2float,2,94,46,True,46,3,True,10.0
frozen,int2float,2,95,46,True,46,3,True,3.0
frozen,int2float,2,96,46,True,46,3,True,9.0
frozen,int2float,2,97,48,True,49,3,True,-1.0
frozen,int2float,2,98,48,True,50,3,True,-2.0
frozen,int2float,2,99,48,True,48,3,True,4.0
frozen,int2float,2,100,46,True,46,3,True,10.0
frozen,i2c,0,1,317,True,320,4,True,20.0
frozen,i2c,0,2,335,True,335,4,True,11.0
frozen,i2c,0,3,320,True,320,4,True,17.0
frozen,i2c,0,4,320,True,324,4,True,14.0
frozen,i2c,0,5,317,True,322,4,True,12.0
frozen,i2c,0,6,309,True,311,4,True,17.0
frozen,i2c,0,7,307,True,307,4,True,16.0
frozen,i2c,0,8,322,True,323,4,True,16.0
frozen,i2c,0,9,320,True,320,4,True,17.0
frozen,i2c,0,10,312,True,315,4,True,19.0
frozen,i2c,0,11,329,True,329,4,True,18.0
frozen,i2c,0,12,314,True,316,4,True,20.0
frozen,i2c,0,13,312,True,312,4,True,17.0
frozen,i2c,0,14,321,True,321,4,True,17.0
frozen,i2c,0,15,313,True,313,4,True,19.0
frozen,i2c,0,16,318,True,319,4,True,22.0
frozen,i2c,0,17,312,True,312,4,True,18.0
frozen,i2c,0,18,326,True,326,4,True,17.0
frozen,i2c,0,19,314,True,315,4,True,23.0
frozen,i2c,0,20,321,True,321,4,True,14.0
frozen,i2c,0,21,318,True,323,4,True,16.0
frozen,i2c,0,22,320,True,320,4,True,19.0
frozen,i2c,0,23,304,True,304,4,True,20.0
frozen,i2c,0,24,326,True,326,4,True,15.0
frozen,i2c,0,25,312,True,313,4,True,20.0
frozen,i2c,0,26,324,True,324,4,True,19.0
frozen,i2c,0,27,323,True,323,4,True,30.0
frozen,i2c,0,28,316,True,325,4,True,15.0
frozen,i2c,0,29,324,True,324,4,True,23.0
frozen,i2c,0,30,332,True,332,4,True,10.0
frozen,i2c,0,31,317,True,317,4,True,13.0
frozen,i2c,0,32,314,True,320,4,True,17.0
frozen,i2c,0,33,325,True,325,4,True,14.0
frozen,i2c,0,34,310,True,316,4,True,19.0
frozen,i2c,0,35,321,True,321,4,True,21.0
frozen,i2c,0,36,320,True,320,4,True,19.0
frozen,i2c,0,37,317,True,317,4,True,16.0
frozen,i2c,0,38,315,True,315,4,True,19.0
frozen,i2c,0,39,321,True,321,4,True,16.0
frozen,i2c,0,40,321,True,321,4,True,16.0
frozen,i2c,0,41,308,True,311,4,True,19.0
frozen,i2c,0,42,325,True,325,4,True,22.0
frozen,i2c,0,43,316,True,322,4,True,12.0
frozen,i2c,0,44,313,True,313,4,True,13.0
frozen,i2c,0,45,314,True,316,4,True,12.0
frozen,i2c,0,46,321,True,321,4,True,14.0
frozen,i2c,0,47,323,True,323,4,True,17.0
frozen,i2c,0,48,318,True,322,4,True,15.0
frozen,i2c,0,49,312,True,312,4,True,23.0
frozen,i2c,0,50,315,True,315,4,True,20.0
frozen,i2c,0,51,324,True,324,4,True,12.0
frozen,i2c,0,52,303,True,306,4,True,22.0
frozen,i2c,0,53,333,True,334,4,True,13.0
frozen,i2c,0,54,313,True,313,4,True,16.0
frozen,i2c,0,55,322,True,322,4,True,22.0
frozen,i2c,0,56,325,True,325,4,True,23.0
frozen,i2c,0,57,324,True,324,4,True,12.0
frozen,i2c,0,58,313,True,318,4,True,22.0
frozen,i2c,0,59,316,True,327,4,True,16.0
frozen,i2c,0,60,330,True,330,4,True,11.0
frozen,i2c,0,61,309,True,309,4,True,23.0
frozen,i2c,0,62,312,True,316,4,True,15.0
frozen,i2c,0,63,322,True,322,4,True,17.0
frozen,i2c,0,64,301,True,301,4,True,23.0
frozen,i2c,0,65,319,True,319,4,True,16.0
frozen,i2c,0,66,318,True,318,4,True,15.0
frozen,i2c,0,67,322,True,322,4,True,15.0
frozen,i2c,0,68,311,True,313,4,True,14.0
frozen,i2c,0,69,325,True,325,4,True,17.0
frozen,i2c,0,70,319,True,320,4,True,14.0
frozen,i2c,0,71,323,True,323,4,True,19.0
frozen,i2c,0,72,308,True,309,4,True,13.0
frozen,i2c,0,73,319,True,320,4,True,13.0
frozen,i2c,0,74,317,True,317,4,True,23.0
frozen,i2c,0,75,320,True,320,4,True,14.0
frozen,i2c,0,76,315,True,315,4,True,22.0
frozen,i2c,0,77,310,True,310,4,True,22.0
frozen,i2c,0,78,315,True,315,4,True,20.0
frozen,i2c,0,79,309,True,311,4,True,16.0
frozen,i2c,0,80,322,True,322,4,True,18.0
frozen,i2c,0,81,328,True,357,3,True,19.0
frozen,i2c,0,82,314,True,314,4,True,22.0
frozen,i2c,0,83,316,True,318,4,True,12.0
frozen,i2c,0,84,327,True,328,4,True,15.0
frozen,i2c,0,85,315,True,315,4,True,23.0
frozen,i2c,0,86,306,True,306,4,True,17.0
frozen,i2c,0,87,317,True,317,4,True,30.0
frozen,i2c,0,88,309,True,310,4,True,14.0
frozen,i2c,0,89,315,True,317,4,True,22.0
frozen,i2c,0,90,323,True,323,4,True,18.0
frozen,i2c,0,91,313,True,313,4,True,23.0
frozen,i2c,0,92,312,True,312,4,True,17.0
frozen,i2c,0,93,316,True,316,4,True,27.0
frozen,i2c,0,94,321,True,321,4,True,15.0
frozen,i2c,0,95,320,True,320,4,True,23.0
frozen,i2c,0,96,324,True,326,4,True,15.0
frozen,i2c,0,97,318,True,321,4,True,6.0
frozen,i2c,0,98,328,True,328,4,True,26.0
frozen,i2c,0,99,315,True,317,4,True,18.0
frozen,i2c,0,100,328,True,328,4,True,12.0
frozen,i2c,1,1,330,True,330,4,True,13.0
frozen,i2c,1,2,334,True,334,4,True,14.0
frozen,i2c,1,3,321,True,322,4,True,12.0
frozen,i2c,1,4,319,True,319,4,True,18.0
frozen,i2c,1,5,312,True,312,4,True,14.0
frozen,i2c,1,6,325,True,350,3,True,5.0
frozen,i2c,1,7,311,True,315,4,True,16.0
frozen,i2c,1,8,347,True,354,4,True,2.0
frozen,i2c,1,9,333,True,334,4,True,7.0
frozen,i2c,1,10,344,True,347,4,True,6.0
frozen,i2c,1,11,324,True,324,4,True,14.0
frozen,i2c,1,12,322,True,323,4,True,16.0
frozen,i2c,1,13,319,True,319,4,True,20.0
frozen,i2c,1,14,323,True,323,4,True,14.0
frozen,i2c,1,15,317,True,317,4,True,19.0
frozen,i2c,1,16,320,True,325,4,True,16.0
frozen,i2c,1,17,332,True,332,4,True,13.0
frozen,i2c,1,18,316,True,319,4,True,16.0
frozen,i2c,1,19,333,True,333,4,True,20.0
frozen,i2c,1,20,326,True,327,4,True,23.0
frozen,i2c,1,21,326,True,326,4,True,23.0
frozen,i2c,1,22,337,True,338,4,True,17.0
frozen,i2c,1,23,324,True,324,4,True,20.0
frozen,i2c,1,24,318,True,319,4,True,12.0
frozen,i2c,1,25,313,True,342,3,True,13.0
frozen,i2c,1,26,323,True,323,4,True,8.0
frozen,i2c,1,27,318,True,321,4,True,15.0
frozen,i2c,1,28,325,True,325,4,True,16.0
frozen,i2c,1,29,314,True,316,4,True,26.0
frozen,i2c,1,30,324,True,332,4,True,16.0
frozen,i2c,1,31,320,True,322,4,True,14.0
frozen,i2c,1,32,327,True,327,4,True,10.0
frozen,i2c,1,33,316,True,322,4,True,16.0
frozen,i2c,1,34,319,True,319,4,True,19.0
frozen,i2c,1,35,317,True,317,4,True,20.0
frozen,i2c,1,36,324,True,324,4,True,13.0
frozen,i2c,1,37,323,True,326,4,True,16.0
frozen,i2c,1,38,325,True,325,4,True,23.0
frozen,i2c,1,39,327,True,327,4,True,10.0
frozen,i2c,1,40,321,True,321,4,True,27.0
frozen,i2c,1,41,328,True,329,4,True,16.0
frozen,i2c,1,42,321,True,321,4,True,12.0
frozen,i2c,1,43,326,True,328,4,True,10.0
frozen,i2c,1,44,324,True,326,4,True,19.0
frozen,i2c,1,45,333,True,333,4,True,27.0
frozen,i2c,1,46,326,True,326,4,True,16.0
frozen,i2c,1,47,327,True,329,4,True,13.0
frozen,i2c,1,48,318,True,318,4,True,17.0
frozen,i2c,1,49,318,True,318,4,True,20.0
frozen,i2c,1,50,326,True,350,3,True,19.0
frozen,i2c,1,51,316,True,316,4,True,16.0
frozen,i2c,1,52,316,True,316,4,True,26.0
frozen,i2c,1,53,325,True,325,4,True,11.0
frozen,i2c,1,54,320,True,320,4,True,16.0
frozen,i2c,1,55,343,True,343,4,True,14.0
frozen,i2c,1,56,317,True,320,4,True,11.0
frozen,i2c,1,57,329,True,329,4,True,12.0
frozen,i2c,1,58,335,True,335,4,True,13.0
frozen,i2c,1,59,323,True,323,4,True,16.0
frozen,i2c,1,60,319,True,319,4,True,20.0
frozen,i2c,1,61,318,True,318,4,True,23.0
frozen,i2c,1,62,328,True,328,4,True,13.0
frozen,i2c,1,63,316,True,316,4,True,15.0
frozen,i2c,1,64,323,True,323,4,True,22.0
frozen,i2c,1,65,325,True,325,4,True,21.0
frozen,i2c,1,66,334,True,334,4,True,13.0
frozen,i2c,1,67,329,True,329,4,True,16.0
frozen,i2c,1,68,324,True,324,4,True,14.0
frozen,i2c,1,69,321,True,321,4,True,19.0
frozen,i2c,1,70,307,True,310,4,True,22.0
frozen,i2c,1,71,323,True,323,4,True,20.0
frozen,i2c,1,72,317,True,319,4,True,8.0
frozen,i2c,1,73,327,True,327,4,True,17.0
frozen,i2c,1,74,319,True,322,4,True,11.0
frozen,i2c,1,75,326,True,326,4,True,13.0
frozen,i2c,1,76,326,True,326,4,True,16.0
frozen,i2c,1,77,317,True,317,4,True,18.0
frozen,i2c,1,78,328,True,329,4,True,11.0
frozen,i2c,1,79,329,True,348,3,True,17.0
frozen,i2c,1,80,319,True,319,4,True,22.0
frozen,i2c,1,81,320,True,320,4,True,22.0
frozen,i2c,1,82,322,True,322,4,True,23.0
frozen,i2c,1,83,326,True,326,4,True,16.0
frozen,i2c,1,84,323,True,326,4,True,22.0
frozen,i2c,1,85,334,True,334,4,True,20.0
frozen,i2c,1,86,328,True,328,4,True,12.0
frozen,i2c,1,87,320,True,320,4,True,14.0
frozen,i2c,1,88,327,True,327,4,True,13.0
frozen,i2c,1,89,324,True,326,4,True,6.0
frozen,i2c,1,90,318,True,318,4,True,21.0
frozen,i2c,1,91,329,True,330,4,True,14.0
frozen,i2c,1,92,320,True,320,4,True,19.0
frozen,i2c,1,93,324,True,324,4,True,17.0
frozen,i2c,1,94,336,True,337,4,True,13.0
frozen,i2c,1,95,321,True,321,4,True,14.0
frozen,i2c,1,96,317,True,317,4,True,21.0
frozen,i2c,1,97,318,True,318,4,True,16.0
frozen,i2c,1,98,316,True,317,4,True,13.0
frozen,i2c,1,99,326,True,326,4,True,20.0
frozen,i2c,1,100,318,True,342,3,True,15.0
frozen,i2c,2,1,323,True,324,4,True,12.0
frozen,i2c,2,2,310,True,310,4,True,26.0
frozen,i2c,2,3,332,True,332,4,True,19.0
frozen,i2c,2,4,322,True,324,4,True,14.0
frozen,i2c,2,5,320,True,320,4,True,15.0
frozen,i2c,2,6,322,True,322,4,True,18.0
frozen,i2c,2,7,327,True,328,4,True,19.0
frozen,i2c,2,8,317,True,317,4,True,17.0
frozen,i2c,2,9,313,True,313,4,True,23.0
frozen,i2c,2,10,321,True,321,4,True,16.0
frozen,i2c,2,11,318,True,318,4,True,17.0
frozen,i2c,2,12,315,True,316,4,True,23.0
frozen,i2c,2,13,319,True,323,4,True,15.0
frozen,i2c,2,14,327,True,327,4,True,13.0
frozen,i2c,2,15,317,True,317,4,True,24.0
frozen,i2c,2,16,323,True,323,4,True,16.0
frozen,i2c,2,17,328,True,328,4,True,14.0
frozen,i2c,2,18,324,True,327,4,True,14.0
frozen,i2c,2,19,326,True,363,3,True,15.0
frozen,i2c,2,20,318,True,319,4,True,10.0
frozen,i2c,2,21,311,True,311,4,True,27.0
frozen,i2c,2,22,322,True,322,4,True,17.0
frozen,i2c,2,23,317,True,317,4,True,23.0
frozen,i2c,2,24,313,True,315,4,True,8.0
frozen,i2c,2,25,320,True,321,4,True,20.0
frozen,i2c,2,26,320,True,320,4,True,16.0
frozen,i2c,2,27,325,True,325,4,True,19.0
frozen,i2c,2,28,324,True,324,4,True,17.0
frozen,i2c,2,29,320,True,320,4,True,17.0
frozen,i2c,2,30,337,True,337,4,True,14.0
frozen,i2c,2,31,332,True,335,4,True,11.0
frozen,i2c,2,32,314,True,314,4,True,23.0
frozen,i2c,2,33,326,True,326,4,True,23.0
frozen,i2c,2,34,320,True,321,4,True,14.0
frozen,i2c,2,35,320,True,323,4,True,19.0
frozen,i2c,2,36,321,True,321,4,True,20.0
frozen,i2c,2,37,329,True,332,4,True,11.0
frozen,i2c,2,38,318,True,320,4,True,12.0
frozen,i2c,2,39,323,True,325,4,True,20.0
frozen,i2c,2,40,324,True,325,4,True,13.0
frozen,i2c,2,41,322,True,328,4,True,14.0
frozen,i2c,2,42,318,True,318,4,True,23.0
frozen,i2c,2,43,321,True,321,4,True,14.0
frozen,i2c,2,44,316,True,323,4,True,17.0
frozen,i2c,2,45,321,True,321,4,True,16.0
frozen,i2c,2,46,313,True,314,4,True,15.0
frozen,i2c,2,47,313,True,313,4,True,15.0
frozen,i2c,2,48,324,True,325,4,True,20.0
frozen,i2c,2,49,321,True,321,4,True,17.0
frozen,i2c,2,50,317,True,319,4,True,13.0
frozen,i2c,2,51,317,True,317,4,True,18.0
frozen,i2c,2,52,309,True,313,4,True,22.0
frozen,i2c,2,53,322,True,326,4,True,12.0
frozen,i2c,2,54,318,True,321,4,True,12.0
frozen,i2c,2,55,331,True,331,4,True,19.0
frozen,i2c,2,56,312,True,315,4,True,16.0
frozen,i2c,2,57,313,True,313,4,True,16.0
frozen,i2c,2,58,327,True,327,4,True,16.0
frozen,i2c,2,59,323,True,324,4,True,14.0
frozen,i2c,2,60,322,True,323,4,True,12.0
frozen,i2c,2,61,320,True,321,4,True,16.0
frozen,i2c,2,62,313,True,313,4,True,11.0
frozen,i2c,2,63,319,True,319,4,True,11.0
frozen,i2c,2,64,324,True,329,4,True,18.0
frozen,i2c,2,65,328,True,328,4,True,19.0
frozen,i2c,2,66,318,True,318,4,True,15.0
frozen,i2c,2,67,317,True,317,4,True,19.0
frozen,i2c,2,68,316,True,316,4,True,21.0
frozen,i2c,2,69,321,True,321,4,True,18.0
frozen,i2c,2,70,317,True,317,4,True,20.0
frozen,i2c,2,71,307,True,307,4,True,22.0
frozen,i2c,2,72,329,True,330,4,True,19.0
frozen,i2c,2,73,317,True,321,4,True,19.0
frozen,i2c,2,74,326,True,326,4,True,19.0
frozen,i2c,2,75,318,True,321,4,True,18.0
frozen,i2c,2,76,320,True,329,4,True,15.0
frozen,i2c,2,77,325,True,325,4,True,20.0
frozen,i2c,2,78,313,True,313,4,True,24.0
frozen,i2c,2,79,314,True,317,4,True,22.0
frozen,i2c,2,80,323,True,327,4,True,16.0
frozen,i2c,2,81,306,True,306,4,True,30.0
frozen,i2c,2,82,326,True,326,4,True,19.0
frozen,i2c,2,83,318,True,318,4,True,20.0
frozen,i2c,2,84,319,True,323,4,True,20.0
frozen,i2c,2,85,319,True,320,4,True,16.0
frozen,i2c,2,86,325,True,326,4,True,14.0
frozen,i2c,2,87,323,True,324,4,True,16.0
frozen,i2c,2,88,319,True,319,4,True,15.0
frozen,i2c,2,89,309,True,309,4,True,23.0
frozen,i2c,2,90,321,True,326,4,True,16.0
frozen,i2c,2,91,319,True,319,4,True,14.0
frozen,i2c,2,92,324,True,324,4,True,19.0
frozen,i2c,2,93,321,True,321,4,True,20.0
frozen,i2c,2,94,322,True,323,4,True,15.0
frozen,i2c,2,95,322,True,323,4,True,13.0
frozen,i2c,2,96,323,True,323,4,True,17.0
frozen,i2c,2,97,321,True,323,4,True,19.0
frozen,i2c,2,98,313,True,313,4,True,22.0
frozen,i2c,2,99,328,True,328,4,True,14.0
frozen,i2c,2,100,314,True,314,4,True,22.0
frozen,max,0,1,786,True,790,40,True,1.0
frozen,max,0,2,826,False,826,46,False,5.0
frozen,max,0,3,791,False,791,42,False,6.0
frozen,max,0,4,797,True,808,39,True,5.0
frozen,max,0,5,793,False,793,42,False,8.0
frozen,max,0,6,817,False,828,51,False,2.0
frozen,max,0,7,788,False,788,47,False,4.0
frozen,max,0,8,768,False,768,44,False,5.0
frozen,max,0,9,781,True,781,41,True,6.0
frozen,max,0,10,800,True,800,39,True,11.0
frozen,max,0,11,791,False,792,42,False,6.0
frozen,max,0,12,844,False,844,43,False,2.0
frozen,max,0,13,772,False,772,45,False,2.0
frozen,max,0,14,790,False,791,42,False,3.0
frozen,max,0,15,782,False,782,42,False,-3.0
frozen,max,0,16,769,False,784,45,False,0.0
frozen,max,0,17,769,False,769,42,False,6.0
frozen,max,0,18,793,False,805,42,False,6.0
frozen,max,0,19,764,False,764,42,False,1.0
frozen,max,0,20,782,False,791,42,False,2.0
frozen,max,0,21,768,False,779,42,False,2.0
frozen,max,0,22,767,False,770,42,False,4.0
frozen,max,0,23,797,False,797,49,False,4.0
frozen,max,0,24,791,False,809,42,False,2.0
frozen,max,0,25,768,False,777,43,False,-2.0
frozen,max,0,26,792,True,798,41,True,2.0
frozen,max,0,27,782,False,803,43,False,1.0
frozen,max,0,28,769,True,769,41,True,6.0
frozen,max,0,29,782,False,777,44,False,0.0
frozen,max,0,30,791,False,791,42,False,6.0
frozen,max,0,31,790,True,791,41,True,6.0
frozen,max,0,32,814,False,814,49,False,4.0
frozen,max,0,33,842,False,842,56,False,0.0
frozen,max,0,34,777,False,777,43,False,9.0
frozen,max,0,35,789,False,789,45,False,5.0
frozen,max,0,36,793,False,793,42,False,10.0
frozen,max,0,37,786,True,786,41,True,2.0
frozen,max,0,38,782,False,791,42,False,2.0
frozen,max,0,39,781,True,792,41,True,2.0
frozen,max,0,40,782,False,782,42,False,6.0
frozen,max,0,41,826,False,829,50,False,1.0
frozen,max,0,42,793,False,798,42,False,6.0
frozen,max,0,43,769,False,784,45,False,0.0
frozen,max,0,44,791,False,794,42,False,1.0
frozen,max,0,45,779,True,779,41,True,4.0
frozen,max,0,46,767,False,767,43,False,5.0
frozen,max,0,47,790,False,791,42,False,1.0
frozen,max,0,48,763,True,763,41,True,6.0
frozen,max,0,49,755,False,799,42,False,0.0
frozen,max,0,50,791,False,795,42,False,4.0
frozen,max,0,51,792,True,832,41,True,-3.0
frozen,max,0,52,788,False,788,42,False,6.0
frozen,max,0,53,768,False,769,44,False,3.0
frozen,max,0,54,786,False,786,42,False,-1.0
frozen,max,0,55,781,True,788,41,True,4.0
frozen,max,0,56,782,False,778,43,False,3.0
frozen,max,0,57,776,False,776,42,False,4.0
frozen,max,0,58,773,True,773,41,True,5.0
frozen,max,0,59,790,False,790,42,False,3.0
frozen,max,0,60,781,True,781,41,True,5.0
frozen,max,0,61,782,False,782,42,False,6.0
frozen,max,0,62,778,False,778,43,False,3.0
frozen,max,0,63,769,False,769,44,False,3.0
frozen,max,0,64,788,True,788,41,True,-1.0
frozen,max,0,65,782,False,798,42,False,0.0
frozen,max,0,66,767,False,767,43,False,2.0
frozen,max,0,67,808,True,808,40,True,1.0
frozen,max,0,68,769,True,777,41,True,2.0
frozen,max,0,69,827,False,838,47,False,2.0
frozen,max,0,70,791,False,795,42,False,6.0
frozen,max,0,71,782,False,797,42,False,2.0
frozen,max,0,72,762,False,787,44,False,4.0
frozen,max,0,73,790,False,790,42,False,3.0
frozen,max,0,74,782,False,782,42,False,6.0
frozen,max,0,75,768,False,768,44,False,5.0
frozen,max,0,76,771,False,778,42,False,3.0
frozen,max,0,77,782,False,791,49,False,0.0
frozen,max,0,78,764,False,764,43,False,4.0
frozen,max,0,79,767,False,775,43,False,2.0
frozen,max,0,80,805,True,818,39,True,9.0
frozen,max,0,81,782,False,791,42,False,4.0
frozen,max,0,82,766,False,775,43,False,1.0
frozen,max,0,83,842,False,842,56,False,0.0
frozen,max,0,84,782,False,807,42,False,0.0
frozen,max,0,85,781,True,790,40,True,4.0
frozen,max,0,86,768,False,777,43,False,-2.0
frozen,max,0,87,806,True,806,41,True,5.0
frozen,max,0,88,785,False,785,43,False,9.0
frozen,max,0,89,806,True,806,39,True,11.0
frozen,max,0,90,782,False,794,42,False,0.0
frozen,max,0,91,770,False,772,42,False,6.0
frozen,max,0,92,842,False,836,57,False,3.0
frozen,max,0,93,781,True,811,41,True,1.0
frozen,max,0,94,772,False,772,45,False,2.0
frozen,max,0,95,771,False,770,43,False,-1.0
frozen,max,0,96,769,False,775,43,False,3.0
frozen,max,0,97,766,False,766,42,False,3.0
frozen,max,0,98,791,False,796,42,False,4.0
frozen,max,0,99,792,True,792,39,True,9.0
frozen,max,0,100,793,False,793,42,False,8.0
frozen,max,1,1,791,False,791,42,False,6.0
frozen,max,1,2,828,False,837,47,False,0.0
frozen,max,1,3,766,False,770,43,False,3.0
frozen,max,1,4,782,False,790,42,False,4.0
frozen,max,1,5,785,True,796,40,True,-2.0
frozen,max,1,6,780,False,780,45,False,3.0
frozen,max,1,7,775,True,775,41,True,9.0
frozen,max,1,8,791,False,802,42,False,6.0
frozen,max,1,9,782,False,782,42,False,4.0
frozen,max,1,10,826,False,832,46,False,3.0
frozen,max,1,11,768,False,768,44,False,5.0
frozen,max,1,12,768,False,783,43,False,-2.0
frozen,max,1,13,767,False,771,43,False,0.0
frozen,max,1,14,769,False,769,45,False,3.0
frozen,max,1,15,808,True,808,40,True,5.0
frozen,max,1,16,783,False,783,44,False,7.0
frozen,max,1,17,769,False,769,44,False,3.0
frozen,max,1,18,766,False,769,43,False,-2.0
frozen,max,1,19,768,False,767,46,False,1.0
frozen,max,1,20,791,False,794,42,False,4.0
frozen,max,1,21,811,True,811,40,True,1.0
frozen,max,1,22,826,False,811,47,False,4.0
frozen,max,1,23,782,False,807,42,False,2.0
frozen,max,1,24,788,True,788,41,True,1.0
frozen,max,1,25,766,False,766,43,False,5.0
frozen,max,1,26,765,False,765,42,False,6.0
frozen,max,1,27,782,False,789,42,False,4.0
frozen,max,1,28,782,False,788,42,False,4.0
frozen,max,1,29,765,False,765,42,False,8.0
frozen,max,1,30,782,False,789,43,False,1.0
frozen,max,1,31,842,False,842,57,False,-1.0
frozen,max,1,32,827,False,827,46,False,5.0
frozen,max,1,33,767,False,782,43,False,0.0
frozen,max,1,34,782,False,791,42,False,2.0
frozen,max,1,35,789,False,789,50,False,2.0
frozen,max,1,36,767,False,769,42,False,1.0
frozen,max,1,37,765,False,773,42,False,1.0
frozen,max,1,38,818,False,818,46,False,5.0
frozen,max,1,39,790,False,792,42,False,1.0
frozen,max,1,40,768,False,786,45,False,2.0
frozen,max,1,41,791,False,793,42,False,4.0
frozen,max,1,42,794,True,794,39,True,4.0
frozen,max,1,43,782,False,798,42,False,0.0
frozen,max,1,44,808,True,808,40,True,7.0
frozen,max,1,45,791,False,807,42,False,4.0
frozen,max,1,46,782,False,796,43,False,3.0
frozen,max,1,47,787,True,787,40,True,7.0
frozen,max,1,48,768,False,783,43,False,-2.0
frozen,max,1,49,767,False,769,42,False,2.0
frozen,max,1,50,782,False,791,42,False,2.0
frozen,max,1,51,790,False,792,42,False,1.0
frozen,max,1,52,771,False,771,42,False,5.0
frozen,max,1,53,782,False,794,42,False,0.0
frozen,max,1,54,775,False,775,42,False,8.0
frozen,max,1,55,793,False,793,42,False,10.0
frozen,max,1,56,768,False,770,43,False,1.0
frozen,max,1,57,793,False,795,42,False,6.0
frozen,max,1,58,797,True,805,40,True,5.0
frozen,max,1,59,781,True,781,41,True,5.0
frozen,max,1,60,765,False,765,42,False,4.0
frozen,max,1,61,769,False,777,42,False,1.0
frozen,max,1,62,801,True,801,41,True,5.0
frozen,max,1,63,769,False,769,42,False,2.0
frozen,max,1,64,792,False,799,42,False,10.0
frozen,max,1,65,828,False,828,46,False,3.0
frozen,max,1,66,782,False,798,42,False,2.0
frozen,max,1,67,793,False,793,42,False,8.0
frozen,max,1,68,842,False,842,56,False,0.0
frozen,max,1,69,798,True,798,41,True,3.0
frozen,max,1,70,784,False,784,42,False,3.0
frozen,max,1,71,803,True,803,40,True,-1.0
frozen,max,1,72,759,False,759,43,False,4.0
frozen,max,1,73,793,False,804,42,False,4.0
frozen,max,1,74,782,False,782,42,False,4.0
frozen,max,1,75,766,False,770,43,False,0.0
frozen,max,1,76,782,False,778,43,False,3.0
frozen,max,1,77,771,False,771,42,False,2.0
frozen,max,1,78,790,True,790,41,True,6.0
frozen,max,1,79,827,False,829,46,False,7.0
frozen,max,1,80,790,True,790,41,True,8.0
frozen,max,1,81,769,False,782,43,False,1.0
frozen,max,1,82,782,False,782,42,False,8.0
frozen,max,1,83,791,False,795,42,False,6.0
frozen,max,1,84,782,False,782,42,False,6.0
frozen,max,1,85,768,False,767,46,False,1.0
frozen,max,1,86,791,False,801,42,False,6.0
frozen,max,1,87,782,False,782,42,False,4.0
frozen,max,1,88,798,True,798,41,True,3.0
frozen,max,1,89,779,False,779,42,False,1.0
frozen,max,1,90,788,True,788,40,True,8.0
frozen,max,1,91,789,False,789,42,False,3.0
frozen,max,1,92,791,False,792,42,False,6.0
frozen,max,1,93,757,False,757,44,False,4.0
frozen,max,1,94,786,True,786,40,True,4.0
frozen,max,1,95,768,False,772,43,False,-2.0
frozen,max,1,96,783,False,783,44,False,5.0
frozen,max,1,97,779,False,790,46,False,0.0
frozen,max,1,98,821,False,821,55,False,2.0
frozen,max,1,99,798,True,798,41,True,3.0
frozen,max,1,100,782,False,791,42,False,2.0
frozen,max,2,1,790,False,776,43,False,0.0
frozen,max,2,2,842,False,834,57,False,1.0
frozen,max,2,3,777,True,777,41,True,5.0
frozen,max,2,4,781,True,798,41,True,1.0
frozen,max,2,5,782,False,792,42,False,2.0
frozen,max,2,6,782,False,803,43,False,3.0
frozen,max,2,7,808,True,808,40,True,5.0
frozen,max,2,8,773,False,794,43,False,1.0
frozen,max,2,9,766,False,766,43,False,5.0
frozen,max,2,10,782,False,786,42,False,4.0
frozen,max,2,11,801,False,801,44,False,6.0
frozen,max,2,12,842,False,826,57,False,1.0
frozen,max,2,13,805,True,805,40,True,8.0
frozen,max,2,14,791,False,793,42,False,4.0
frozen,max,2,15,795,True,795,41,True,11.0
frozen,max,2,16,788,False,788,42,False,10.0
frozen,max,2,17,791,False,791,42,False,6.0
frozen,max,2,18,767,False,768,42,False,1.0
frozen,max,2,19,806,True,806,40,True,3.0
frozen,max,2,20,782,False,791,42,False,2.0
frozen,max,2,21,767,False,771,43,False,1.0
frozen,max,2,22,768,False,786,45,False,2.0
frozen,max,2,23,818,False,818,55,False,4.0
frozen,max,2,24,789,False,791,44,False,2.0
frozen,max,2,25,826,False,833,46,False,3.0
frozen,max,2,26,826,False,835,46,False,3.0
frozen,max,2,27,785,False,785,42,False,4.0
frozen,max,2,28,768,False,768,44,False,5.0
frozen,max,2,29,798,True,798,41,True,3.0
frozen,max,2,30,791,False,796,42,False,6.0
frozen,max,2,31,826,False,834,46,False,-1.0
frozen,max,2,32,794,False,794,45,False,1.0
frozen,max,2,33,782,False,790,42,False,4.0
frozen,max,2,34,798,False,798,49,False,-2.0
frozen,max,2,35,792,False,793,42,False,8.0
frozen,max,2,36,798,True,798,41,True,3.0
frozen,max,2,37,782,False,798,42,False,0.0
frozen,max,2,38,769,False,767,46,False,-1.0
frozen,max,2,39,828,False,815,47,False,0.0
frozen,max,2,40,782,False,788,42,False,4.0
frozen,max,2,41,782,False,795,42,False,0.0
frozen,max,2,42,764,False,766,43,False,2.0
frozen,max,2,43,824,False,824,46,False,3.0
frozen,max,2,44,767,False,767,43,False,2.0
frozen,max,2,45,767,False,767,42,False,3.0
frozen,max,2,46,767,False,776,42,False,-1.0
frozen,max,2,47,777,True,777,41,True,5.0
frozen,max,2,48,790,True,810,41,True,10.0
frozen,max,2,49,793,True,793,41,True,0.0
frozen,max,2,50,783,False,778,46,False,0.0
frozen,max,2,51,767,False,771,43,False,0.0
frozen,max,2,52,812,False,815,49,False,0.0
frozen,max,2,53,784,True,784,41,True,3.0
frozen,max,2,54,790,False,790,42,False,3.0
frozen,max,2,55,826,False,826,46,False,7.0
frozen,max,2,56,781,False,781,49,False,0.0
frozen,max,2,57,769,False,769,42,False,2.0
frozen,max,2,58,801,True,801,41,True,7.0
frozen,max,2,59,771,False,771,42,False,2.0
frozen,max,2,60,799,True,799,40,True,0.0
frozen,max,2,61,782,False,782,42,False,6.0
frozen,max,2,62,774,True,774,41,True,8.0
frozen,max,2,63,791,False,809,42,False,2.0
frozen,max,2,64,766,False,770,42,False,1.0
frozen,max,2,65,768,False,769,44,False,3.0
frozen,max,2,66,782,False,778,43,False,5.0
frozen,max,2,67,781,True,781,41,True,5.0
frozen,max,2,68,790,False,790,42,False,3.0
frozen,max,2,69,768,False,768,42,False,2.0
frozen,max,2,70,842,False,826,57,False,1.0
frozen,max,2,71,792,False,792,49,False,0.0
frozen,max,2,72,793,False,793,42,False,8.0
frozen,max,2,73,772,False,776,42,False,4.0
frozen,max,2,74,781,True,781,41,True,5.0
frozen,max,2,75,767,False,786,42,False,-1.0
frozen,max,2,76,782,False,798,42,False,0.0
frozen,max,2,77,791,False,794,42,False,4.0
frozen,max,2,78,769,False,769,42,False,2.0
frozen,max,2,79,781,True,790,40,True,3.0
frozen,max,2,80,791,False,806,42,False,4.0
frozen,max,2,81,767,False,786,42,False,1.0
frozen,max,2,82,811,False,816,46,False,3.0
frozen,max,2,83,791,False,791,42,False,8.0
frozen,max,2,84,768,False,786,43,False,-2.0
frozen,max,2,85,786,True,786,41,True,6.0
frozen,max,2,86,767,False,782,43,False,0.0
frozen,max,2,87,791,False,802,42,False,8.0
frozen,max,2,88,775,True,775,41,True,3.0
frozen,max,2,89,780,True,780,41,True,6.0
frozen,max,2,90,765,False,770,42,False,1.0
frozen,max,2,91,788,True,788,40,True,8.0
frozen,max,2,92,782,False,789,42,False,2.0
frozen,max,2,93,769,False,784,45,False,0.0
frozen,max,2,94,782,False,791,42,False,2.0
frozen,max,2,95,766,False,770,43,False,1.0
frozen,max,2,96,791,False,791,42,False,6.0
frozen,max,2,97,786,False,794,43,False,2.0
frozen,max,2,98,765,False,766,42,False,5.0
frozen,max,2,99,811,False,829,46,False,3.0
frozen,max,2,100,773,True,773,41,True,8.0
uniform,int2float,0,1,47,True,47,3,True,5.0
uniform,int2float,0,2,49,True,49,3,True,2.0
uniform,int2float,0,3,49,True,51,3,True,0.0
uniform,int2float,0,4,49,True,48,4,False,-7.0
uniform,int2float,0,5,47,True,50,3,True,2.0
uniform,int2float,0,6,49,True,49,3,True,5.0
uniform,int2float,0,7,47,True,47,3,True,5.0
uniform,int2float,0,8,48,True,48,3,True,5.0
uniform,int2float,0,9,48,True,50,3,True,0.0
uniform,int2float,0,10,48,True,50,3,True,-2.0
uniform,int2float,0,11,47,True,53,3,True,5.0
uniform,int2float,0,12,48,True,49,3,True,5.0
uniform,int2float,0,13,47,True,48,3,True,3.0
uniform,int2float,0,14,48,True,48,3,True,1.0
uniform,int2float,0,15,47,True,51,3,True,5.0
uniform,int2float,0,16,48,True,51,3,True,1.0
uniform,int2float,0,17,48,True,49,3,True,5.0
uniform,int2float,0,18,46,True,46,3,True,4.0
uniform,int2float,0,19,49,True,50,3,True,2.0
uniform,int2float,0,20,47,True,48,3,True,5.0
uniform,int2float,0,21,47,True,50,3,True,-1.0
uniform,int2float,0,22,46,True,50,3,True,4.0
uniform,int2float,0,23,49,True,53,3,True,4.0
uniform,int2float,0,24,46,True,48,3,True,3.0
uniform,int2float,0,25,47,True,44,4,False,1.0
uniform,int2float,0,26,48,True,53,3,True,-1.0
uniform,int2float,0,27,47,True,50,3,True,5.0
uniform,int2float,0,28,47,True,47,3,True,10.0
uniform,int2float,0,29,49,True,45,4,False,0.0
uniform,int2float,0,30,47,True,47,3,True,6.0
uniform,int2float,0,31,45,True,48,3,True,5.0
uniform,int2float,0,32,49,True,47,4,False,-3.0
uniform,int2float,0,33,49,True,50,3,True,1.0
uniform,int2float,0,34,47,True,48,3,True,-1.0
uniform,int2float,0,35,48,True,49,3,True,4.0
uniform,int2float,0,36,47,True,47,3,True,8.0
uniform,int2float,0,37,45,True,45,3,True,0.0
uniform,int2float,0,38,48,True,52,3,True,-1.0
uniform,int2float,0,39,46,True,44,4,False,4.0
uniform,int2float,0,40,46,True,46,4,False,4.0
uniform,int2float,0,41,49,True,49,3,True,3.0
uniform,int2float,0,42,47,True,48,3,True,7.0
uniform,int2float,0,43,48,True,48,4,False,3.0
uniform,int2float,0,44,45,True,43,4,False,4.0
uniform,int2float,0,45,48,True,49,3,True,-1.0
uniform,int2float,0,46,46,True,48,3,True,5.0
uniform,int2float,0,47,48,True,49,3,True,0.0
uniform,int2float,0,48,48,True,48,3,True,5.0
uniform,int2float,0,49,48,True,52,3,True,0.0
uniform,int2float,0,50,46,True,47,3,True,5.0
uniform,int2float,0,51,46,True,50,3,True,-2.0
uniform,int2float,0,52,44,True,44,3,True,6.0
uniform,int2float,0,53,48,True,48,3,True,4.0
uniform,int2float,0,54,49,True,51,3,True,-3.0
uniform,int2float,0,55,47,True,48,3,True,4.0
uniform,int2float,0,56,48,True,50,3,True,0.0
uniform,int2float,0,57,46,True,46,3,True,0.0
uniform,int2float,0,58,48,True,48,3,True,-5.0
uniform,int2float,0,59,46,True,47,3,True,2.0
uniform,int2float,0,60,47,True,48,3,True,3.0
uniform,int2float,0,61,48,True,51,3,True,-1.0
uniform,int2float,0,62,46,True,47,3,True,2.0
uniform,int2float,0,63,48,True,48,3,True,2.0
uniform,int2float,0,64,48,True,48,3,True,6.0
uniform,int2float,0,65,47,True,47,3,True,7.0
uniform,int2float,0,66,48,True,49,3,True,-2.0
uniform,int2float,0,67,47,True,47,3,True,5.0
uniform,int2float,0,68,48,True,46,4,False,-2.0
uniform,int2float,0,69,45,True,49,3,True,5.0
uniform,int2float,0,70,47,True,50,3,True,0.0
uniform,int2float,0,71,47,True,47,3,True,7.0
uniform,int2float,0,72,47,True,47,3,True,7.0
uniform,int2float,0,73,48,True,48,3,True,-1.0
uniform,int2float,0,74,48,True,48,3,True,2.0
uniform,int2float,0,75,48,True,48,3,True,2.0
uniform,int2float,0,76,46,True,47,3,True,2.0
uniform,int2float,0,77,49,True,49,4,False,-3.0
uniform,int2float,0,78,49,True,51,3,True,-3.0
uniform,int2float,0,79,49,True,52,3,True,-3.0
uniform,int2float,0,80,46,True,45,4,False,5.0
uniform,int2float,0,81,47,True,48,3,True,6.0
uniform,int2float,0,82,48,True,51,3,True,3.0
uniform,int2float,0,83,48,True,48,3,True,3.0
uniform,int2float,0,84,47,True,47,3,True,5.0
uniform,int2float,0,85,48,True,50,3,True,3.0
uniform,int2float,0,86,47,True,47,4,False,-2.0
uniform,int2float,0,87,47,True,44,4,False,1.0
uniform,int2float,0,88,46,True,46,3,True,3.0
uniform,int2float,0,89,47,True,48,3,True,2.0
uniform,int2float,0,90,47,True,43,4,False,4.0
uniform,int2float,0,91,47,True,46,4,False,-2.0
uniform,int2float,0,92,48,True,44,4,False,-5.0
uniform,int2float,0,93,49,True,58,3,True,-3.0
uniform,int2float,0,94,47,True,47,3,True,5.0
uniform,int2float,0,95,48,True,45,4,False,2.0
uniform,int2float,0,96,48,True,48,3,True,2.0
uniform,int2float,0,97,46,True,46,3,True,4.0
uniform,int2float,0,98,46,True,47,3,True,5.0
uniform,int2float,0,99,47,True,47,3,True,5.0
uniform,int2float,0,100,45,True,47,3,True,7.0
uniform,int2float,1,1,47,True,47,3,True,4.0
uniform,int2float,1,2,47,True,50,3,True,6.0
uniform,int2float,1,3,47,True,47,3,True,3.0
uniform,int2float,1,4,48,True,44,4,False,3.0
uniform,int2float,1,5,49,True,51,3,True,-1.0
uniform,int2float,1,6,49,True,50,3,True,7.0
uniform,int2float,1,7,48,True,48,3,True,-4.0
uniform,int2float,1,8,47,True,49,3,True,4.0
uniform,int2float,1,9,49,True,49,3,True,2.0
uniform,int2float,1,10,47,True,47,3,True,5.0
uniform,int2float,1,11,48,True,50,3,True,0.0
uniform,int2float,1,12,48,True,46,4,False,-3.0
uniform,int2float,1,13,49,True,45,4,False,-2.0
uniform,int2float,1,14,46,True,46,3,True,7.0
uniform,int2float,1,15,46,True,47,3,True,2.0
uniform,int2float,1,16,48,True,49,3,True,-2.0
uniform,int2float,1,17,48,True,48,3,True,4.0
uniform,int2float,1,18,49,True,42,4,False,1.0
uniform,int2float,1,19,49,True,54,3,True,-3.0
uniform,int2float,1,20,45,True,47,3,True,5.0
uniform,int2float,1,21,47,True,47,3,True,2.0
uniform,int2float,1,22,47,True,49,3,True,4.0
uniform,int2float,1,23,47,True,47,4,False,3.0
uniform,int2float,1,24,46,True,46,3,True,-5.0
uniform,int2float,1,25,45,True,47,3,True,1.0
uniform,int2float,1,26,46,True,49,3,True,1.0
uniform,int2float,1,27,47,True,47,3,True,1.0
uniform,int2float,1,28,47,True,47,3,True,7.0
uniform,int2float,1,29,47,True,48,3,True,6.0
uniform,int2float,1,30,48,True,44,4,False,5.0
uniform,int2float,1,31,47,True,47,3,True,0.0
uniform,int2float,1,32,48,True,49,3,True,2.0
uniform,int2float,1,33,47,True,46,4,False,5.0
uniform,int2float,1,34,47,True,48,3,True,2.0
uniform,int2float,1,35,48,True,50,3,True,4.0
uniform,int2float,1,36,46,True,46,3,True,4.0
uniform,int2float,1,37,48,True,50,3,True,8.0
uniform,int2float,1,38,47,True,49,3,True,0.0
uniform,int2float,1,39,49,True,52,3,True,-2.0
uniform,int2float,1,40,48,True,44,4,False,6.0
uniform,int2float,1,41,47,True,50,3,True,3.0
uniform,int2float,1,42,46,True,46,3,True,0.0
uniform,int2float,1,43,47,True,47,3,True,7.0
uniform,int2float,1,44,46,True,48,3,True,8.0
uniform,int2float,1,45,46,True,46,3,True,8.0
uniform,int2float,1,46,48,True,45,4,False,3.0
uniform,int2float,1,47,46,True,46,3,True,4.0
uniform,int2float,1,48,47,True,51,3,True,2.0
uniform,int2float,1,49,48,True,48,3,True,1.0
uniform,int2float,1,50,47,True,47,3,True,8.0
uniform,int2float,1,51,48,True,49,3,True,9.0
uniform,int2float,1,52,45,True,45,3,True,3.0
uniform,int2float,1,53,46,True,46,3,True,7.0
uniform,int2float,1,54,47,True,42,4,False,5.0
uniform,int2float,1,55,48,True,48,3,True,3.0
uniform,int2float,1,56,49,True,52,3,True,1.0
uniform,int2float,1,57,47,True,47,4,False,2.0
uniform,int2float,1,58,47,True,46,4,False,4.0
uniform,int2float,1,59,45,True,49,3,True,5.0
uniform,int2float,1,60,47,True,48,3,True,1.0
uniform,int2float,1,61,48,True,50,3,True,1.0
uniform,int2float,1,62,48,True,51,3,True,2.0
uniform,int2float,1,63,48,True,48,3,True,2.0
uniform,int2float,1,64,49,True,46,4,False,0.0
uniform,int2float,1,65,47,True,47,3,True,8.0
uniform,int2float,1,66,46,True,46,3,True,8.0
uniform,int2float,1,67,45,True,45,3,True,11.0
uniform,int2float,1,68,49,True,49,3,True,2.0
uniform,int2float,1,69,46,True,48,3,True,3.0
uniform,int2float,1,70,46,True,46,3,True,4.0
uniform,int2float,1,71,49,True,49,3,True,4.0
uniform,int2float,1,72,47,True,50,3,True,2.0
uniform,int2float,1,73,45,True,46,3,True,10.0
uniform,int2float,1,74,47,True,46,4,False,1.0
uniform,int2float,1,75,48,True,49,3,True,-3.0
uniform,int2float,1,76,47,True,48,3,True,3.0
uniform,int2float,1,77,47,True,47,3,True,2.0
uniform,int2float,1,78,45,True,47,3,True,3.0
uniform,int2float,1,79,44,True,46,4,False,5.0
uniform,int2float,1,80,48,True,48,3,True,5.0
uniform,int2float,1,81,46,True,45,4,False,3.0
uniform,int2float,1,82,47,True,48,3,True,10.0
uniform,int2float,1,83,47,True,45,4,False,5.0
uniform,int2float,1,84,48,True,48,3,True,2.0
uniform,int2float,1,85,49,True,51,3,True,1.0
uniform,int2float,1,86,48,True,46,4,False,2.0
uniform,int2float,1,87,48,True,48,3,True,3.0
uniform,int2float,1,88,46,True,47,3,True,5.0
uniform,int2float,1,89,48,True,49,3,True,3.0
uniform,int2float,1,90,46,True,50,3,True,3.0
uniform,int2float,1,91,45,True,48,3,True,0.0
uniform,int2float,1,92,47,True,50,3,True,5.0
uniform,int2float,1,93,47,True,50,3,True,7.0
uniform,int2float,1,94,48,True,48,3,True,6.0
uniform,int2float,1,95,49,True,48,4,False,-1.0
uniform,int2float,1,96,49,True,53,3,True,3.0
uniform,int2float,1,97,48,True,50,3,True,3.0
uniform,int2float,1,98,49,True,46,4,False,1.0
uniform,int2float,1,99,49,True,52,3,True,-4.0
uniform,int2float,1,100,47,True,47,3,True,8.0
uniform,int2float,2,1,46,True,47,3,True,7.0
uniform,int2float,2,2,49,True,53,3,True,0.0
uniform,int2float,2,3,46,True,46,3,True,-3.0
uniform,int2float,2,4,46,True,46,3,True,4.0
uniform,int2float,2,5,47,True,48,3,True,4.0
uniform,int2float,2,6,47,True,44,4,False,1.0
uniform,int2float,2,7,46,True,48,3,True,3.0
uniform,int2float,2,8,49,True,50,3,True,3.0
uniform,int2float,2,9,46,True,47,3,True,2.0
uniform,int2float,2,10,47,True,48,3,True,13.0
uniform,int2float,2,11,47,True,50,3,True,-2.0
uniform,int2float,2,12,49,True,53,3,True,1.0
uniform,int2float,2,13,46,True,49,3,True,6.0
uniform,int2float,2,14,45,True,45,3,True,4.0
uniform,int2float,2,15,44,True,47,3,True,5.0
uniform,int2float,2,16,46,True,48,3,True,4.0
uniform,int2float,2,17,46,True,48,3,True,4.0
uniform,int2float,2,18,47,True,47,3,True,2.0
uniform,int2float,2,19,47,True,49,3,True,2.0
uniform,int2float,2,20,46,True,47,3,True,2.0
uniform,int2float,2,21,45,True,45,3,True,6.0
uniform,int2float,2,22,46,True,45,4,False,8.0
uniform,int2float,2,23,49,True,54,3,True,-2.0
uniform,int2float,2,24,48,True,48,3,True,10.0
uniform,int2float,2,25,48,True,50,3,True,1.0
uniform,int2float,2,26,48,True,43,4,False,5.0
uniform,int2float,2,27,46,True,48,3,True,3.0
uniform,int2float,2,28,48,True,48,3,True,5.0
uniform,int2float,2,29,49,True,51,3,True,-5.0
uniform,int2float,2,30,48,True,52,3,True,3.0
uniform,int2float,2,31,47,True,45,4,False,5.0
uniform,int2float,2,32,49,True,51,3,True,2.0
uniform,int2float,2,33,47,True,46,4,False,6.0
uniform,int2float,2,34,49,True,51,3,True,2.0
uniform,int2float,2,35,45,True,51,3,True,6.0
uniform,int2float,2,36,46,True,48,3,True,5.0
uniform,int2float,2,37,47,True,47,3,True,7.0
uniform,int2float,2,38,47,True,48,3,True,3.0
uniform,int2float,2,39,49,True,50,4,False,2.0
uniform,int2float,2,40,45,True,45,3,True,2.0
uniform,int2float,2,41,48,True,50,3,True,3.0
uniform,int2float,2,42,47,True,47,3,True,2.0
uniform,int2float,2,43,47,True,47,3,True,-1.0
uniform,int2float,2,44,49,True,45,4,False,3.0
uniform,int2float,2,45,49,True,51,3,True,-2.0
uniform,int2float,2,46,45,True,45,3,True,5.0
uniform,int2float,2,47,47,True,46,4,False,1.0
uniform,int2float,2,48,45,True,44,4,False,1.0
uniform,int2float,2,49,45,True,45,3,True,4.0
uniform,int2float,2,50,47,True,50,3,True,4.0
uniform,int2float,2,51,44,True,44,3,True,4.0
uniform,int2float,2,52,49,True,51,3,True,4.0
uniform,int2float,2,53,48,True,48,3,True,2.0
uniform,int2float,2,54,48,True,50,3,True,-4.0
uniform,int2float,2,55,48,True,48,3,True,3.0
uniform,int2float,2,56,49,True,47,4,False,0.0
uniform,int2float,2,57,48,True,48,3,True,-1.0
uniform,int2float,2,58,45,True,49,3,True,5.0
uniform,int2float,2,59,48,True,49,3,True,6.0
uniform,int2float,2,60,49,True,49,3,True,2.0
uniform,int2float,2,61,49,True,49,3,True,2.0
uniform,int2float,2,62,47,True,50,3,True,0.0
uniform,int2float,2,63,48,True,48,3,True,4.0
uniform,int2float,2,64,48,True,48,3,True,7.0
uniform,int2float,2,65,48,True,48,3,True,4.0
uniform,int2float,2,66,48,True,51,3,True,4.0
uniform,int2float,2,67,49,True,51,3,True,1.0
uniform,int2float,2,68,46,True,46,3,True,3.0
uniform,int2float,2,69,47,True,48,3,True,1.0
uniform,int2float,2,70,49,True,45,4,False,-1.0
uniform,int2float,2,71,49,True,45,4,False,1.0
uniform,int2float,2,72,49,True,51,3,True,1.0
uniform,int2float,2,73,47,True,48,3,True,-3.0
uniform,int2float,2,74,47,True,50,3,True,0.0
uniform,int2float,2,75,48,True,48,3,True,-1.0
uniform,int2float,2,76,46,True,46,3,True,4.0
uniform,int2float,2,77,46,True,47,4,False,1.0
uniform,int2float,2,78,47,True,48,3,True,1.0
uniform,int2float,2,79,48,True,48,3,True,3.0
uniform,int2float,2,80,46,True,46,3,True,8.0
uniform,int2float,2,81,48,True,50,3,True,3.0
uniform,int2float,2,82,48,True,47,4,False,3.0
uniform,int2float,2,83,47,True,47,3,True,7.0
uniform,int2float,2,84,47,True,47,3,True,7.0
uniform,int2float,2,85,47,True,47,3,True,1.0
uniform,int2float,2,86,49,True,45,4,False,1.0
uniform,int2float,2,87,47,True,47,3,True,5.0
uniform,int2float,2,88,49,True,44,4,False,-4.0
uniform,int2float,2,89,48,True,48,3,True,0.0
uniform,int2float,2,90,48,True,49,3,True,6.0
uniform,int2float,2,91,48,True,50,3,True,7.0
uniform,int2float,2,92,46,True,46,3,True,4.0
uniform,int2float,2,93,48,True,45,4,False,3.0
uniform,int2float,2,94,46,True,46,3,True,10.0
uniform,int2float,2,95,46,True,46,3,True,3.0
uniform,int2float,2,96,46,True,46,3,True,9.0
uniform,int2float,2,97,47,True,47,3,True,3.0
uniform,int2float,2,98,48,True,50,3,True,-2.0
uniform,int2float,2,99,48,True,48,3,True,4.0
uniform,int2float,2,100,47,True,47,3,True,7.0
uniform,i2c,0,1,315,True,315,4,True,17.0
uniform,i2c,0,2,337,True,339,4,True,6.0
uniform,i2c,0,3,325,True,327,4,True,13.0
uniform,i2c,0,4,320,True,321,4,True,14.0
uniform,i2c,0,5,317,True,322,4,True,12.0
uniform,i2c,0,6,310,True,312,4,True,12.0
uniform,i2c,0,7,310,True,310,4,True,17.0
uniform,i2c,0,8,322,True,323,4,True,16.0
uniform,i2c,0,9,325,True,326,4,True,16.0
uniform,i2c,0,10,312,True,315,4,True,19.0
uniform,i2c,0,11,329,True,329,4,True,18.0
uniform,i2c,0,12,317,True,317,4,True,21.0
uniform,i2c,0,13,319,True,319,4,True,18.0
uniform,i2c,0,14,319,True,319,4,True,21.0
uniform,i2c,0,15,312,True,312,4,True,20.0
uniform,i2c,0,16,324,True,324,4,True,18.0
uniform,i2c,0,17,310,True,310,4,True,20.0
uniform,i2c,0,18,328,True,332,4,True,9.0
uniform,i2c,0,19,314,True,315,4,True,23.0
uniform,i2c,0,20,321,True,321,4,True,14.0
uniform,i2c,0,21,319,True,319,4,True,21.0
uniform,i2c,0,22,319,True,320,4,True,15.0
uniform,i2c,0,23,313,True,316,4,True,19.0
uniform,i2c,0,24,322,True,322,4,True,15.0
uniform,i2c,0,25,312,True,313,4,True,20.0
uniform,i2c,0,26,309,True,310,4,True,19.0
uniform,i2c,0,27,323,True,323,4,True,30.0
uniform,i2c,0,28,316,True,325,4,True,15.0
uniform,i2c,0,29,315,True,315,4,True,23.0
uniform,i2c,0,30,329,True,329,4,True,11.0
uniform,i2c,0,31,320,True,320,4,True,19.0
uniform,i2c,0,32,319,True,325,4,True,12.0
uniform,i2c,0,33,341,True,341,4,True,11.0
uniform,i2c,0,34,315,True,315,4,True,23.0
uniform,i2c,0,35,322,True,324,4,True,20.0
uniform,i2c,0,36,331,True,331,4,True,15.0
uniform,i2c,0,37,317,True,317,4,True,16.0
uniform,i2c,0,38,317,True,319,4,True,18.0
uniform,i2c,0,39,321,True,321,4,True,16.0
uniform,i2c,0,40,324,True,324,4,True,10.0
uniform,i2c,0,41,304,True,307,4,True,19.0
uniform,i2c,0,42,326,True,326,4,True,19.0
uniform,i2c,0,43,322,True,324,4,True,17.0
uniform,i2c,0,44,319,True,319,4,True,17.0
uniform,i2c,0,45,311,True,311,4,True,17.0
uniform,i2c,0,46,316,True,316,4,True,21.0
uniform,i2c,0,47,326,True,326,4,True,14.0
uniform,i2c,0,48,317,True,321,4,True,19.0
uniform,i2c,0,49,314,True,314,4,True,27.0
uniform,i2c,0,50,320,True,320,4,True,20.0
uniform,i2c,0,51,318,True,318,4,True,12.0
uniform,i2c,0,52,312,True,315,4,True,19.0
uniform,i2c,0,53,326,True,326,4,True,15.0
uniform,i2c,0,54,313,True,313,4,True,16.0
uniform,i2c,0,55,321,True,321,4,True,22.0
uniform,i2c,0,56,320,True,320,4,True,12.0
uniform,i2c,0,57,324,True,324,4,True,12.0
uniform,i2c,0,58,313,True,318,4,True,22.0
uniform,i2c,0,59,324,True,343,3,True,12.0
uniform,i2c,0,60,330,True,330,4,True,11.0
uniform,i2c,0,61,314,True,314,4,True,18.0
uniform,i2c,0,62,321,True,328,4,True,8.0
uniform,i2c,0,63,322,True,322,4,True,17.0
uniform,i2c,0,64,318,True,321,4,True,13.0
uniform,i2c,0,65,326,True,328,4,True,13.0
uniform,i2c,0,66,319,True,319,4,True,13.0
uniform,i2c,0,67,324,True,324,4,True,14.0
uniform,i2c,0,68,315,True,315,4,True,19.0
uniform,i2c,0,69,325,True,325,4,True,17.0
uniform,i2c,0,70,320,True,324,4,True,19.0
uniform,i2c,0,71,321,True,321,4,True,18.0
uniform,i2c,0,72,319,True,319,4,True,10.0
uniform,i2c,0,73,316,True,316,4,True,20.0
uniform,i2c,0,74,329,True,335,4,True,17.0
uniform,i2c,0,75,320,True,320,4,True,14.0
uniform,i2c,0,76,312,True,312,4,True,23.0
uniform,i2c,0,77,314,True,314,4,True,18.0
uniform,i2c,0,78,321,True,321,4,True,22.0
uniform,i2c,0,79,311,True,311,4,True,22.0
uniform,i2c,0,80,322,True,322,4,True,18.0
uniform,i2c,0,81,328,True,357,3,True,19.0
uniform,i2c,0,82,320,True,322,4,True,22.0
uniform,i2c,0,83,333,True,333,4,True,11.0
uniform,i2c,0,84,327,True,330,4,True,15.0
uniform,i2c,0,85,312,True,313,4,True,19.0
uniform,i2c,0,86,314,True,314,4,True,14.0
uniform,i2c,0,87,319,True,320,4,True,23.0
uniform,i2c,0,88,305,True,305,4,True,14.0
uniform,i2c,0,89,314,True,317,4,True,23.0
uniform,i2c,0,90,327,True,328,4,True,16.0
uniform,i2c,0,91,313,True,313,4,True,23.0
uniform,i2c,0,92,312,True,312,4,True,20.0
uniform,i2c,0,93,316,True,316,4,True,27.0
uniform,i2c,0,94,321,True,321,4,True,15.0
uniform,i2c,0,95,322,True,324,4,True,14.0
uniform,i2c,0,96,331,True,347,3,True,10.0
uniform,i2c,0,97,318,True,321,4,True,6.0
uniform,i2c,0,98,325,True,349,3,True,19.0
uniform,i2c,0,99,321,True,324,4,True,16.0
uniform,i2c,0,100,331,True,334,4,True,6.0
uniform,i2c,1,1,334,True,334,4,True,10.0
uniform,i2c,1,2,323,True,323,4,True,20.0
uniform,i2c,1,3,315,True,315,4,True,20.0
uniform,i2c,1,4,320,True,328,4,True,12.0
uniform,i2c,1,5,306,True,306,4,True,23.0
uniform,i2c,1,6,317,True,317,4,True,9.0
uniform,i2c,1,7,315,True,315,4,True,20.0
uniform,i2c,1,8,347,True,354,4,True,2.0
uniform,i2c,1,9,333,True,334,4,True,7.0
uniform,i2c,1,10,344,True,345,4,True,9.0
uniform,i2c,1,11,326,True,326,4,True,17.0
uniform,i2c,1,12,323,True,326,4,True,13.0
uniform,i2c,1,13,318,True,318,4,True,10.0
uniform,i2c,1,14,315,True,315,4,True,21.0
uniform,i2c,1,15,321,True,321,4,True,18.0
uniform,i2c,1,16,316,True,317,4,True,23.0
uniform,i2c,1,17,327,True,327,4,True,14.0
uniform,i2c,1,18,319,True,321,4,True,15.0
uniform,i2c,1,19,318,True,318,4,True,23.0
uniform,i2c,1,20,326,True,326,4,True,27.0
uniform,i2c,1,21,314,True,314,4,True,27.0
uniform,i2c,1,22,335,True,335,4,True,14.0
uniform,i2c,1,23,334,True,334,4,True,16.0
uniform,i2c,1,24,318,True,322,4,True,12.0
uniform,i2c,1,25,320,True,320,4,True,17.0
uniform,i2c,1,26,323,True,324,4,True,9.0
uniform,i2c,1,27,318,True,321,4,True,15.0
uniform,i2c,1,28,332,True,335,4,True,13.0
uniform,i2c,1,29,319,True,323,4,True,22.0
uniform,i2c,1,30,324,True,325,4,True,19.0
uniform,i2c,1,31,320,True,320,4,True,15.0
uniform,i2c,1,32,332,True,332,4,True,11.0
uniform,i2c,1,33,317,True,318,4,True,13.0
uniform,i2c,1,34,324,True,324,4,True,19.0
uniform,i2c,1,35,317,True,317,4,True,20.0
uniform,i2c,1,36,317,True,317,4,True,13.0
uniform,i2c,1,37,313,True,313,4,True,15.0
uniform,i2c,1,38,321,True,321,4,True,19.0
uniform,i2c,1,39,320,True,320,4,True,19.0
uniform,i2c,1,40,321,True,321,4,True,27.0
uniform,i2c,1,41,325,True,325,4,True,22.0
uniform,i2c,1,42,318,True,322,4,True,19.0
uniform,i2c,1,43,325,True,325,4,True,23.0
uniform,i2c,1,44,320,True,320,4,True,22.0
uniform,i2c,1,45,321,True,321,4,True,21.0
uniform,i2c,1,46,323,True,324,4,True,12.0
uniform,i2c,1,47,327,True,330,4,True,13.0
uniform,i2c,1,48,323,True,325,4,True,13.0
uniform,i2c,1,49,317,True,317,4,True,20.0
uniform,i2c,1,50,326,True,328,4,True,20.0
uniform,i2c,1,51,315,True,317,4,True,16.0
uniform,i2c,1,52,311,True,313,4,True,23.0
uniform,i2c,1,53,323,True,323,4,True,13.0
uniform,i2c,1,54,310,True,310,4,True,23.0
uniform,i2c,1,55,336,True,337,4,True,13.0
uniform,i2c,1,56,312,True,313,4,True,13.0
uniform,i2c,1,57,322,True,322,4,True,23.0
uniform,i2c,1,58,338,True,338,4,True,15.0
uniform,i2c,1,59,327,True,327,4,True,17.0
uniform,i2c,1,60,312,True,312,4,True,23.0
uniform,i2c,1,61,304,True,304,4,True,26.0
uniform,i2c,1,62,323,True,327,4,True,19.0
uniform,i2c,1,63,316,True,316,4,True,15.0
uniform,i2c,1,64,322,True,326,4,True,16.0
uniform,i2c,1,65,340,True,341,4,True,15.0
uniform,i2c,1,66,334,True,334,4,True,13.0
uniform,i2c,1,67,329,True,329,4,True,16.0
uniform,i2c,1,68,333,True,333,4,True,8.0
uniform,i2c,1,69,321,True,321,4,True,19.0
uniform,i2c,1,70,313,True,316,4,True,18.0
uniform,i2c,1,71,323,True,323,4,True,22.0
uniform,i2c,1,72,316,True,318,4,True,12.0
uniform,i2c,1,73,325,True,325,4,True,12.0
uniform,i2c,1,74,321,True,323,4,True,8.0
uniform,i2c,1,75,322,True,322,4,True,17.0
uniform,i2c,1,76,328,True,329,4,True,18.0
uniform,i2c,1,77,316,True,316,4,True,17.0
uniform,i2c,1,78,323,True,325,4,True,13.0
uniform,i2c,1,79,326,True,326,4,True,20.0
uniform,i2c,1,80,323,True,323,4,True,23.0
uniform,i2c,1,81,315,True,318,4,True,18.0
uniform,i2c,1,82,322,True,322,4,True,17.0
uniform,i2c,1,83,324,True,325,4,True,12.0
uniform,i2c,1,84,325,True,326,4,True,17.0
uniform,i2c,1,85,328,True,328,4,True,19.0
uniform,i2c,1,86,329,True,329,4,True,14.0
uniform,i2c,1,87,322,True,324,4,True,11.0
uniform,i2c,1,88,322,True,323,4,True,15.0
uniform,i2c,1,89,317,True,317,4,True,17.0
uniform,i2c,1,90,309,True,309,4,True,23.0
uniform,i2c,1,91,308,True,311,4,True,16.0
uniform,i2c,1,92,323,True,325,4,True,15.0
uniform,i2c,1,93,308,True,308,4,True,20.0
uniform,i2c,1,94,320,True,320,4,True,16.0
uniform,i2c,1,95,321,True,321,4,True,14.0
uniform,i2c,1,96,307,True,308,4,True,18.0
uniform,i2c,1,97,318,True,318,4,True,24.0
uniform,i2c,1,98,309,True,311,4,True,20.0
uniform,i2c,1,99,321,True,322,4,True,15.0
uniform,i2c,1,100,318,True,342,3,True,15.0
uniform,i2c,2,1,323,True,324,4,True,12.0
uniform,i2c,2,2,316,True,316,4,True,23.0
uniform,i2c,2,3,325,True,325,4,True,19.0
uniform,i2c,2,4,315,True,319,4,True,14.0
uniform,i2c,2,5,320,True,320,4,True,15.0
uniform,i2c,2,6,321,True,321,4,True,15.0
uniform,i2c,2,7,325,True,325,4,True,15.0
uniform,i2c,2,8,321,True,321,4,True,18.0
uniform,i2c,2,9,316,True,316,4,True,26.0
uniform,i2c,2,10,330,True,330,4,True,12.0
uniform,i2c,2,11,318,True,318,4,True,17.0
uniform,i2c,2,12,315,True,316,4,True,23.0
uniform,i2c,2,13,317,True,322,4,True,20.0
uniform,i2c,2,14,325,True,326,4,True,18.0
uniform,i2c,2,15,319,True,319,4,True,23.0
uniform,i2c,2,16,320,True,320,4,True,22.0
uniform,i2c,2,17,328,True,328,4,True,14.0
uniform,i2c,2,18,322,True,324,4,True,17.0
uniform,i2c,2,19,326,True,363,3,True,15.0
uniform,i2c,2,20,328,True,328,4,True,8.0
uniform,i2c,2,21,309,True,309,4,True,30.0
uniform,i2c,2,22,322,True,322,4,True,17.0
uniform,i2c,2,23,317,True,317,4,True,23.0
uniform,i2c,2,24,318,True,319,4,True,6.0
uniform,i2c,2,25,334,True,338,4,True,8.0
uniform,i2c,2,26,330,True,330,4,True,16.0
uniform,i2c,2,27,323,True,323,4,True,17.0
uniform,i2c,2,28,325,True,327,4,True,11.0
uniform,i2c,2,29,320,True,320,4,True,17.0
uniform,i2c,2,30,339,True,339,4,True,18.0
uniform,i2c,2,31,331,True,331,4,True,16.0
uniform,i2c,2,32,314,True,314,4,True,23.0
uniform,i2c,2,33,326,True,326,4,True,23.0
uniform,i2c,2,34,318,True,320,4,True,16.0
uniform,i2c,2,35,318,True,320,4,True,19.0
uniform,i2c,2,36,321,True,321,4,True,20.0
uniform,i2c,2,37,322,True,330,4,True,6.0
uniform,i2c,2,38,318,True,320,4,True,12.0
uniform,i2c,2,39,323,True,325,4,True,20.0
uniform,i2c,2,40,324,True,325,4,True,13.0
uniform,i2c,2,41,329,True,333,4,True,16.0
uniform,i2c,2,42,315,True,315,4,True,23.0
uniform,i2c,2,43,321,True,321,4,True,14.0
uniform,i2c,2,44,319,True,319,4,True,15.0
uniform,i2c,2,45,320,True,321,4,True,16.0
uniform,i2c,2,46,314,True,316,4,True,9.0
uniform,i2c,2,47,313,True,313,4,True,15.0
uniform,i2c,2,48,326,True,326,4,True,20.0
uniform,i2c,2,49,321,True,321,4,True,17.0
uniform,i2c,2,50,315,True,315,4,True,13.0
uniform,i2c,2,51,317,True,317,4,True,18.0
uniform,i2c,2,52,312,True,312,4,True,22.0
uniform,i2c,2,53,313,True,313,4,True,17.0
uniform,i2c,2,54,319,True,319,4,True,16.0
uniform,i2c,2,55,343,True,343,4,True,10.0
uniform,i2c,2,56,312,True,315,4,True,16.0
uniform,i2c,2,57,313,True,313,4,True,16.0
uniform,i2c,2,58,325,True,325,4,True,16.0
uniform,i2c,2,59,320,True,320,4,True,18.0
uniform,i2c,2,60,312,True,316,4,True,15.0
uniform,i2c,2,61,320,True,321,4,True,16.0
uniform,i2c,2,62,310,True,310,4,True,16.0
uniform,i2c,2,63,321,True,321,4,True,16.0
uniform,i2c,2,64,324,True,324,4,True,19.0
uniform,i2c,2,65,326,True,326,4,True,16.0
uniform,i2c,2,66,318,True,318,4,True,15.0
uniform,i2c,2,67,328,True,330,4,True,19.0
uniform,i2c,2,68,313,True,313,4,True,24.0
uniform,i2c,2,69,323,True,323,4,True,19.0
uniform,i2c,2,70,317,True,318,4,True,12.0
uniform,i2c,2,71,317,True,317,4,True,19.0
uniform,i2c,2,72,327,True,327,4,True,17.0
uniform,i2c,2,73,317,True,321,4,True,19.0
uniform,i2c,2,74,323,True,323,4,True,20.0
uniform,i2c,2,75,329,True,329,4,True,12.0
uniform,i2c,2,76,320,True,327,4,True,16.0
uniform,i2c,2,77,325,True,325,4,True,20.0
uniform,i2c,2,78,317,True,317,4,True,20.0
uniform,i2c,2,79,314,True,317,4,True,22.0
uniform,i2c,2,80,327,True,327,4,True,20.0
uniform,i2c,2,81,309,True,310,4,True,22.0
uniform,i2c,2,82,324,True,324,4,True,20.0
uniform,i2c,2,83,317,True,317,4,True,23.0
uniform,i2c,2,84,316,True,322,4,True,23.0
uniform,i2c,2,85,319,True,320,4,True,16.0
uniform,i2c,2,86,321,True,324,4,True,13.0
uniform,i2c,2,87,338,True,342,4,True,7.0
uniform,i2c,2,88,308,True,308,4,True,23.0
uniform,i2c,2,89,309,True,309,4,True,23.0
uniform,i2c,2,90,317,True,320,4,True,20.0
uniform,i2c,2,91,319,True,319,4,True,14.0
uniform,i2c,2,92,324,True,324,4,True,19.0
uniform,i2c,2,93,319,True,319,4,True,23.0
uniform,i2c,2,94,322,True,323,4,True,15.0
uniform,i2c,2,95,322,True,323,4,True,13.0
uniform,i2c,2,96,332,True,332,4,True,15.0
uniform,i2c,2,97,329,True,332,4,True,13.0
uniform,i2c,2,98,313,True,313,4,True,22.0
uniform,i2c,2,99,328,True,328,4,True,14.0
uniform,i2c,2,100,305,True,305,4,True,23.0
uniform,max,0,1,792,True,794,41,True,0.0
uniform,max,0,2,828,False,828,46,False,3.0
uniform,max,0,3,791,False,791,42,False,6.0
uniform,max,0,4,797,True,818,40,True,2.0
uniform,max,0,5,827,False,835,46,False,5.0
uniform,max,0,6,817,False,828,51,False,2.0
uniform,max,0,7,788,False,788,47,False,4.0
uniform,max,0,8,768,False,768,44,False,5.0
uniform,max,0,9,828,False,833,46,False,3.0
uniform,max,0,10,777,True,777,41,True,6.0
uniform,max,0,11,791,False,792,42,False,6.0
uniform,max,0,12,827,False,827,46,False,5.0
uniform,max,0,13,772,False,772,45,False,2.0
uniform,max,0,14,800,False,800,49,False,0.0
uniform,max,0,15,782,False,782,42,False,-3.0
uniform,max,0,16,768,False,786,45,False,2.0
uniform,max,0,17,797,True,797,41,True,3.0
uniform,max,0,18,791,False,802,42,False,8.0
uniform,max,0,19,768,False,780,43,False,-2.0
uniform,max,0,20,782,False,791,42,False,2.0
uniform,max,0,21,775,False,769,44,False,2.0
uniform,max,0,22,778,False,778,43,False,3.0
uniform,max,0,23,798,False,798,49,False,2.0
uniform,max,0,24,791,False,809,42,False,2.0
uniform,max,0,25,768,False,777,43,False,-2.0
uniform,max,0,26,777,True,777,41,True,2.0
uniform,max,0,27,782,False,803,43,False,1.0
uniform,max,0,28,769,True,769,41,True,6.0
uniform,max,0,29,782,False,767,44,False,2.0
uniform,max,0,30,826,False,833,46,False,-1.0
uniform,max,0,31,790,True,805,40,True,6.0
uniform,max,0,32,814,False,814,49,False,4.0
uniform,max,0,33,842,False,842,56,False,0.0
uniform,max,0,34,778,False,778,43,False,7.0
uniform,max,0,35,789,False,789,45,False,5.0
uniform,max,0,36,793,False,793,42,False,10.0
uniform,max,0,37,786,True,786,41,True,2.0
uniform,max,0,38,792,True,792,41,True,1.0
uniform,max,0,39,781,True,792,41,True,2.0
uniform,max,0,40,782,False,782,42,False,6.0
uniform,max,0,41,826,False,826,50,False,3.0
uniform,max,0,42,793,False,804,42,False,6.0
uniform,max,0,43,769,False,784,45,False,0.0
uniform,max,0,44,778,False,779,45,False,1.0
uniform,max,0,45,767,False,767,43,False,2.0
uniform,max,0,46,767,False,767,43,False,5.0
uniform,max,0,47,790,False,791,42,False,1.0
uniform,max,0,48,780,True,780,41,True,4.0
uniform,max,0,49,755,False,799,42,False,0.0
uniform,max,0,50,784,False,784,42,False,4.0
uniform,max,0,51,792,True,810,41,True,-2.0
uniform,max,0,52,788,False,788,42,False,6.0
uniform,max,0,53,768,False,769,44,False,3.0
uniform,max,0,54,812,False,812,49,False,2.0
uniform,max,0,55,781,True,781,41,True,5.0
uniform,max,0,56,782,False,778,43,False,3.0
uniform,max,0,57,776,False,776,42,False,4.0
uniform,max,0,58,773,True,773,41,True,5.0
uniform,max,0,59,790,False,790,42,False,3.0
uniform,max,0,60,781,True,781,41,True,5.0
uniform,max,0,61,782,False,767,44,False,2.0
uniform,max,0,62,782,False,782,42,False,4.0
uniform,max,0,63,769,False,769,44,False,3.0
uniform,max,0,64,784,True,784,41,True,3.0
uniform,max,0,65,782,False,791,42,False,2.0
uniform,max,0,66,767,False,767,43,False,2.0
uniform,max,0,67,782,False,800,42,False,-2.0
uniform,max,0,68,786,False,763,44,False,2.0
uniform,max,0,69,781,True,781,41,True,5.0
uniform,max,0,70,798,True,816,40,True,2.0
uniform,max,0,71,782,False,791,42,False,4.0
uniform,max,0,72,772,False,784,45,False,0.0
uniform,max,0,73,801,False,807,49,False,-2.0
uniform,max,0,74,782,False,782,42,False,6.0
uniform,max,0,75,768,False,768,44,False,5.0
uniform,max,0,76,766,False,767,42,False,4.0
uniform,max,0,77,792,False,825,50,False,0.0
uniform,max,0,78,768,False,768,43,False,0.0
uniform,max,0,79,768,False,775,43,False,0.0
uniform,max,0,80,805,True,818,39,True,9.0
uniform,max,0,81,782,False,791,42,False,4.0
uniform,max,0,82,771,False,771,42,False,0.0
uniform,max,0,83,842,False,842,56,False,0.0
uniform,max,0,84,782,False,791,42,False,2.0
uniform,max,0,85,784,True,784,41,True,3.0
uniform,max,0,86,768,False,780,43,False,-2.0
uniform,max,0,87,792,False,793,42,False,8.0
uniform,max,0,88,785,False,785,43,False,9.0
uniform,max,0,89,783,True,813,38,True,3.0
uniform,max,0,90,782,False,794,42,False,0.0
uniform,max,0,91,770,False,772,42,False,6.0
uniform,max,0,92,842,False,836,57,False,3.0
uniform,max,0,93,781,True,811,41,True,1.0
uniform,max,0,94,772,False,772,45,False,2.0
uniform,max,0,95,766,False,781,43,False,3.0
uniform,max,0,96,782,False,791,42,False,2.0
uniform,max,0,97,766,False,766,42,False,3.0
uniform,max,0,98,791,False,791,42,False,6.0
uniform,max,0,99,800,True,800,40,True,8.0
uniform,max,0,100,793,False,793,42,False,8.0
uniform,max,1,1,826,False,826,46,False,5.0
uniform,max,1,2,790,True,790,41,True,1.0
uniform,max,1,3,766,False,770,43,False,3.0
uniform,max,1,4,782,False,796,43,False,1.0
uniform,max,1,5,783,True,794,41,True,-1.0
uniform,max,1,6,792,False,794,50,False,0.0
uniform,max,1,7,785,False,785,45,False,3.0
uniform,max,1,8,791,False,802,42,False,6.0
uniform,max,1,9,782,False,782,42,False,4.0
uniform,max,1,10,826,False,832,46,False,3.0
uniform,max,1,11,768,False,768,44,False,5.0
uniform,max,1,12,768,False,783,43,False,-2.0
uniform,max,1,13,842,False,838,57,False,-1.0
uniform,max,1,14,769,False,769,45,False,3.0
uniform,max,1,15,808,True,808,40,True,5.0
uniform,max,1,16,802,False,802,50,False,7.0
uniform,max,1,17,769,False,769,44,False,3.0
uniform,max,1,18,790,False,790,50,False,2.0
uniform,max,1,19,768,False,767,46,False,1.0
uniform,max,1,20,792,False,792,42,False,10.0
uniform,max,1,21,802,True,802,39,True,3.0
uniform,max,1,22,826,False,812,47,False,6.0
uniform,max,1,23,782,False,799,42,False,2.0
uniform,max,1,24,772,False,772,42,False,6.0
uniform,max,1,25,766,False,766,43,False,5.0
uniform,max,1,26,759,False,759,43,False,2.0
uniform,max,1,27,782,False,789,42,False,4.0
uniform,max,1,28,792,True,794,41,True,0.0
uniform,max,1,29,768,False,768,42,False,2.0
uniform,max,1,30,782,False,774,43,False,-1.0
uniform,max,1,31,842,False,842,57,False,-1.0
uniform,max,1,32,827,False,827,46,False,5.0
uniform,max,1,33,767,False,785,42,False,1.0
uniform,max,1,34,792,True,792,41,True,4.0
uniform,max,1,35,789,False,789,50,False,2.0
uniform,max,1,36,767,False,767,42,False,1.0
uniform,max,1,37,786,False,797,42,False,-5.0
uniform,max,1,38,818,False,818,46,False,5.0
uniform,max,1,39,778,True,778,41,True,7.0
uniform,max,1,40,768,False,786,45,False,2.0
uniform,max,1,41,781,True,781,41,True,3.0
uniform,max,1,42,822,False,822,44,False,1.0
uniform,max,1,43,792,True,794,41,True,-1.0
uniform,max,1,44,801,True,801,41,True,5.0
uniform,max,1,45,779,False,779,42,False,6.0
uniform,max,1,46,782,False,796,43,False,3.0
uniform,max,1,47,800,True,800,40,True,1.0
uniform,max,1,48,768,False,786,43,False,-2.0
uniform,max,1,49,767,False,769,42,False,2.0
uniform,max,1,50,782,False,782,42,False,4.0
uniform,max,1,51,798,False,798,49,False,0.0
uniform,max,1,52,769,False,769,42,False,3.0
uniform,max,1,53,787,True,787,41,True,5.0
uniform,max,1,54,766,False,767,42,False,6.0
uniform,max,1,55,826,False,826,46,False,7.0
uniform,max,1,56,812,False,813,49,False,0.0
uniform,max,1,57,801,True,806,40,True,4.0
uniform,max,1,58,797,True,805,40,True,5.0
uniform,max,1,59,781,True,781,41,True,5.0
uniform,max,1,60,772,False,772,42,False,4.0
uniform,max,1,61,778,False,778,42,False,1.0
uniform,max,1,62,801,True,801,41,True,5.0
uniform,max,1,63,769,False,769,42,False,2.0
uniform,max,1,64,792,False,799,42,False,10.0
uniform,max,1,65,828,False,828,46,False,3.0
uniform,max,1,66,782,False,798,42,False,2.0
uniform,max,1,67,793,False,793,42,False,8.0
uniform,max,1,68,842,False,842,56,False,0.0
uniform,max,1,69,798,True,798,41,True,3.0
uniform,max,1,70,784,False,784,42,False,3.0
uniform,max,1,71,782,False,787,42,False,0.0
uniform,max,1,72,759,False,759,43,False,4.0
uniform,max,1,73,793,False,804,42,False,4.0
uniform,max,1,74,782,False,770,43,False,3.0
uniform,max,1,75,766,False,770,43,False,0.0
uniform,max,1,76,782,False,784,42,False,2.0
uniform,max,1,77,766,False,770,43,False,3.0
uniform,max,1,78,790,True,803,40,True,5.0
uniform,max,1,79,816,False,816,46,False,9.0
uniform,max,1,80,826,False,835,46,False,5.0
uniform,max,1,81,769,False,782,43,False,1.0
uniform,max,1,82,782,False,778,43,False,5.0
uniform,max,1,83,793,False,794,42,False,6.0
uniform,max,1,84,782,False,782,42,False,6.0
uniform,max,1,85,768,False,767,46,False,1.0
uniform,max,1,86,826,False,826,46,False,7.0
uniform,max,1,87,768,False,768,44,False,5.0
uniform,max,1,88,797,True,797,41,True,3.0
uniform,max,1,89,790,False,769,43,False,0.0
uniform,max,1,90,788,True,788,40,True,8.0
uniform,max,1,91,789,False,789,42,False,3.0
uniform,max,1,92,774,False,774,42,False,10.0
uniform,max,1,93,798,False,798,45,False,-1.0
uniform,max,1,94,786,True,786,40,True,4.0
uniform,max,1,95,842,False,849,57,False,-3.0
uniform,max,1,96,834,False,834,55,False,5.0
uniform,max,1,97,779,False,790,46,False,0.0
uniform,max,1,98,836,False,836,56,False,2.0
uniform,max,1,99,798,True,798,41,True,3.0
uniform,max,1,100,782,False,791,42,False,2.0
uniform,max,2,1,790,False,776,43,False,0.0
uniform,max,2,2,842,False,834,57,False,1.0
uniform,max,2,3,777,True,777,41,True,5.0
uniform,max,2,4,827,False,827,46,False,5.0
uniform,max,2,5,782,False,792,42,False,2.0
uniform,max,2,6,782,False,803,43,False,3.0
uniform,max,2,7,798,True,798,41,True,3.0
uniform,max,2,8,784,False,786,51,False,2.0
uniform,max,2,9,766,False,766,43,False,3.0
uniform,max,2,10,782,False,782,42,False,4.0
uniform,max,2,11,801,False,801,44,False,6.0
uniform,max,2,12,842,False,826,57,False,1.0
uniform,max,2,13,805,True,805,40,True,8.0
uniform,max,2,14,793,False,793,42,False,8.0
uniform,max,2,15,816,False,816,45,False,6.0
uniform,max,2,16,791,False,792,42,False,6.0
uniform,max,2,17,791,False,793,42,False,4.0
uniform,max,2,18,767,False,767,43,False,2.0
uniform,max,2,19,806,True,806,40,True,3.0
uniform,max,2,20,782,False,791,42,False,2.0
uniform,max,2,21,767,False,771,43,False,1.0
uniform,max,2,22,768,False,786,45,False,2.0
uniform,max,2,23,818,False,818,55,False,4.0
uniform,max,2,24,777,False,777,47,False,7.0
uniform,max,2,25,826,False,833,46,False,3.0
uniform,max,2,26,826,False,835,46,False,3.0
uniform,max,2,27,785,False,785,42,False,4.0
uniform,max,2,28,768,False,768,44,False,5.0
uniform,max,2,29,798,True,798,41,True,3.0
uniform,max,2,30,789,False,798,42,False,6.0
uniform,max,2,31,826,False,833,46,False,1.0
uniform,max,2,32,794,False,794,45,False,1.0
uniform,max,2,33,782,False,790,42,False,4.0
uniform,max,2,34,798,False,798,49,False,-2.0
uniform,max,2,35,792,False,793,42,False,8.0
uniform,max,2,36,798,True,798,41,True,3.0
uniform,max,2,37,782,False,798,42,False,0.0
uniform,max,2,38,769,False,767,46,False,-1.0
uniform,max,2,39,828,False,815,47,False,0.0
uniform,max,2,40,782,False,788,42,False,4.0
uniform,max,2,41,782,False,797,42,False,0.0
uniform,max,2,42,767,False,771,43,False,0.0
uniform,max,2,43,824,False,824,46,False,3.0
uniform,max,2,44,842,False,838,57,False,-1.0
uniform,max,2,45,779,False,779,42,False,1.0
uniform,max,2,46,767,False,769,42,False,1.0
uniform,max,2,47,767,False,785,42,False,-1.0
uniform,max,2,48,790,True,810,41,True,10.0
uniform,max,2,49,792,True,792,41,True,4.0
uniform,max,2,50,767,False,767,45,False,2.0
uniform,max,2,51,767,False,771,43,False,0.0
uniform,max,2,52,812,False,815,49,False,0.0
uniform,max,2,53,784,True,784,41,True,3.0
uniform,max,2,54,792,False,792,50,False,2.0
uniform,max,2,55,827,False,827,46,False,5.0
uniform,max,2,56,781,False,781,49,False,0.0
uniform,max,2,57,769,False,769,42,False,2.0
uniform,max,2,58,781,True,781,41,True,5.0
uniform,max,2,59,768,False,767,46,False,1.0
uniform,max,2,60,773,False,773,42,False,2.0
uniform,max,2,61,782,False,782,42,False,6.0
uniform,max,2,62,791,True,791,41,True,-3.0
uniform,max,2,63,827,False,835,46,False,5.0
uniform,max,2,64,766,False,768,42,False,1.0
uniform,max,2,65,768,False,769,44,False,3.0
uniform,max,2,66,782,False,787,43,False,5.0
uniform,max,2,67,793,False,793,42,False,8.0
uniform,max,2,68,790,False,790,42,False,3.0
uniform,max,2,69,768,False,768,42,False,2.0
uniform,max,2,70,842,False,826,57,False,1.0
uniform,max,2,71,792,False,792,49,False,0.0
uniform,max,2,72,793,False,793,42,False,8.0
uniform,max,2,73,772,False,776,42,False,4.0
uniform,max,2,74,781,True,781,41,True,5.0
uniform,max,2,75,781,False,755,46,False,2.0
uniform,max,2,76,782,False,791,42,False,2.0
uniform,max,2,77,791,False,794,42,False,4.0
uniform,max,2,78,785,False,785,43,False,1.0
uniform,max,2,79,781,True,790,40,True,3.0
uniform,max,2,80,791,False,796,42,False,4.0
uniform,max,2,81,767,False,786,42,False,1.0
uniform,max,2,82,811,False,817,46,False,5.0
uniform,max,2,83,791,False,791,42,False,8.0
uniform,max,2,84,768,False,786,43,False,-2.0
uniform,max,2,85,786,True,786,41,True,6.0
uniform,max,2,86,842,False,842,57,False,-1.0
uniform,max,2,87,826,False,831,46,False,3.0
uniform,max,2,88,762,False,762,42,False,3.0
uniform,max,2,89,780,True,780,41,True,6.0
uniform,max,2,90,765,False,772,42,False,1.0
uniform,max,2,91,788,True,788,40,True,8.0
uniform,max,2,92,782,False,788,42,False,4.0
uniform,max,2,93,769,False,784,45,False,0.0
uniform,max,2,94,798,True,798,41,True,3.0
uniform,max,2,95,766,False,770,43,False,1.0
uniform,max,2,96,791,False,791,42,False,6.0
uniform,max,2,97,769,False,784,44,False,0.0
uniform,max,2,98,765,False,766,42,False,5.0
uniform,max,2,99,811,False,829,46,False,3.0
uniform,max,2,100,766,False,766,42,False,0.0
