group,circuit,seed,candidate,luts,levels,feasible
trained,int2float,0,1,49,3,True
trained,int2float,0,2,48,3,True
trained,int2float,0,3,48,3,True
trained,int2float,0,4,48,3,True
trained,int2float,0,5,48,3,True
trained,int2float,0,6,48,3,True
trained,int2float,0,7,48,3,True
trained,int2float,0,8,46,3,True
trained,int2float,0,9,46,3,True
trained,int2float,0,10,46,3,True
trained,int2float,0,11,46,3,True
trained,int2float,0,12,46,3,True
trained,int2float,0,13,46,3,True
trained,int2float,0,14,46,3,True
trained,int2float,0,15,46,3,True
trained,int2float,0,16,46,3,True
trained,int2float,0,17,46,3,True
trained,int2float,0,18,46,3,True
trained,int2float,0,19,46,3,True
trained,int2float,0,20,46,3,True
trained,int2float,0,21,46,3,True
trained,int2float,0,22,46,3,True
trained,int2float,0,23,46,3,True
trained,int2float,0,24,46,3,True
trained,int2float,0,25,46,3,True
trained,int2float,0,26,46,3,True
trained,int2float,0,27,46,3,True
trained,int2float,0,28,46,3,True
trained,int2float,0,29,46,3,True
trained,int2float,0,30,46,3,True
trained,int2float,0,31,46,3,True
trained,int2float,0,32,46,3,True
trained,int2float,0,33,46,3,True
trained,int2float,0,34,46,3,True
trained,int2float,0,35,46,3,True
trained,int2float,0,36,46,3,True
trained,int2float,0,37,46,3,True
trained,int2float,0,38,46,3,True
trained,int2float,0,39,46,3,True
trained,int2float,0,40,46,3,True
trained,int2float,0,41,46,3,True
trained,int2float,0,42,46,3,True
trained,int2float,0,43,46,3,True
trained,int2float,0,44,46,3,True
trained,int2float,0,45,46,3,True
trained,int2float,0,46,46,3,True
trained,int2float,0,47,46,3,True
trained,int2float,0,48,46,3,True
trained,int2float,0,49,46,3,True
trained,int2float,0,50,46,3,True
trained,int2float,0,51,46,3,True
trained,int2float,0,52,46,3,True
trained,int2float,0,53,46,3,True
trained,int2float,0,54,46,3,True
trained,int2float,0,55,46,3,True
trained,int2float,0,56,46,3,True
trained,int2float,0,57,46,3,True
trained,int2float,0,58,46,3,True
trained,int2float,0,59,46,3,True
trained,int2float,0,60,46,3,True
trained,int2float,0,61,46,3,True
trained,int2float,0,62,46,3,True
trained,int2float,0,63,46,3,True
trained,int2float,0,64,46,3,True
trained,int2float,0,65,46,3,True
trained,int2float,0,66,46,3,True
trained,int2float,0,67,46,3,True
trained,int2float,0,68,46,3,True
trained,int2float,0,69,46,3,True
trained,int2float,0,70,46,3,True
trained,int2float,0,71,46,3,True
trained,int2float,0,72,46,3,True
trained,int2float,0,73,46,3,True
trained,int2float,0,74,46,3,True
trained,int2float,0,75,46,3,True
trained,int2float,0,76,46,3,True
trained,int2float,0,77,46,3,True
trained,int2float,0,78,46,3,True
trained,int2float,0,79,46,3,True
trained,int2float,0,80,46,3,True
trained,int2float,0,81,46,3,True
trained,int2float,0,82,46,3,True
trained,int2float,0,83,46,3,True
trained,int2float,0,84,46,3,True
trained,int2float,0,85,46,3,True
trained,int2float,0,86,46,3,True
trained,int2float,0,87,45,3,True
trained,int2float,0,88,45,3,True
trained,int2float,0,89,45,3,True
trained,int2float,0,90,45,3,True
trained,int2float,0,91,45,3,True
trained,int2float,0,92,45,3,True
trained,int2float,0,93,45,3,True
trained,int2float,0,94,45,3,True
trained,int2float,0,95,45,3,True
trained,int2float,0,96,45,3,True
trained,int2float,0,97,45,3,True
trained,int2float,0,98,45,3,True
trained,int2float,0,99,45,3,True
trained,int2float,0,100,45,3,True
trained,int2float,0,101,45,3,True
trained,int2float,0,102,45,3,True
trained,int2float,0,103,45,3,True
trained,int2float,0,104,45,3,True
trained,int2float,0,105,45,3,True
trained,int2float,0,106,45,3,True
trained,int2float,0,107,45,3,True
trained,int2float,0,108,45,3,True
trained,int2float,0,109,45,3,True
trained,int2float,0,110,45,3,True
trained,int2float,0,111,45,3,True
trained,int2float,0,112,45,3,True
trained,int2float,0,113,45,3,True
trained,int2float,0,114,45,3,True
trained,int2float,0,115,45,3,True
trained,int2float,0,116,45,3,True
trained,int2float,0,117,45,3,True
trained,int2float,0,118,45,3,True
trained,int2float,0,119,45,3,True
trained,int2float,0,120,45,3,True
trained,int2float,0,121,45,3,True
trained,int2float,0,122,45,3,True
trained,int2float,0,123,45,3,True
trained,int2float,0,124,45,3,True
trained,int2float,0,125,45,3,True
trained,int2float,0,126,45,3,True
trained,int2float,0,127,45,3,True
trained,int2float,0,128,45,3,True
trained,int2float,0,129,45,3,True
trained,int2float,0,130,45,3,True
trained,int2float,0,131,45,3,True
trained,int2float,0,132,45,3,True
trained,int2float,0,133,45,3,True
trained,int2float,0,134,45,3,True
trained,int2float,0,135,45,3,True
trained,int2float,0,136,45,3,True
trained,int2float,0,137,45,3,True
trained,int2float,0,138,45,3,True
trained,int2float,0,139,45,3,True
trained,int2float,0,140,45,3,True
trained,int2float,0,141,45,3,True
trained,int2float,0,142,45,3,True
trained,int2float,0,143,45,3,True
trained,int2float,0,144,45,3,True
trained,int2float,0,145,45,3,True
trained,int2float,0,146,45,3,True
trained,int2float,0,147,45,3,True
trained,int2float,0,148,45,3,True
trained,int2float,0,149,45,3,True
trained,int2float,0,150,45,3,True
trained,int2float,0,151,45,3,True
trained,int2float,0,152,45,3,True
trained,int2float,0,153,45,3,True
trained,int2float,0,154,45,3,True
trained,int2float,0,155,45,3,True
trained,int2float,0,156,45,3,True
trained,int2float,0,157,45,3,True
trained,int2float,0,158,45,3,True
trained,int2float,0,159,45,3,True
trained,int2float,0,160,45,3,True
trained,int2float,0,161,45,3,True
trained,int2float,0,162,45,3,True
trained,int2float,0,163,45,3,True
trained,int2float,0,164,45,3,True
trained,int2float,0,165,45,3,True
trained,int2float,0,166,45,3,True
trained,int2float,0,167,45,3,True
trained,int2float,0,168,45,3,True
trained,int2float,0,169,45,3,True
trained,int2float,0,170,45,3,True
trained,int2float,0,171,45,3,True
trained,int2float,0,172,45,3,True
trained,int2float,0,173,45,3,True
trained,int2float,0,174,45,3,True
trained,int2float,0,175,45,3,True
trained,int2float,0,176,45,3,True
trained,int2float,0,177,45,3,True
trained,int2float,0,178,45,3,True
trained,int2float,0,179,45,3,True
trained,int2float,0,180,45,3,True
trained,int2float,0,181,45,3,True
trained,int2float,0,182,45,3,True
trained,int2float,0,183,45,3,True
trained,int2float,0,184,45,3,True
trained,int2float,0,185,45,3,True
trained,int2float,0,186,45,3,True
trained,int2float,0,187,45,3,True
trained,int2float,0,188,45,3,True
trained,int2float,0,189,45,3,True
trained,int2float,0,190,45,3,True
trained,int2float,0,191,45,3,True
trained,int2float,0,192,45,3,True
trained,int2float,0,193,45,3,True
trained,int2float,0,194,45,3,True
trained,int2float,0,195,45,3,True
trained,int2float,0,196,45,3,True
trained,int2float,0,197,45,3,True
trained,int2float,0,198,45,3,True
trained,int2float,0,199,45,3,True
trained,int2float,0,200,45,3,True
trained,int2float,0,201,45,3,True
trained,int2float,0,202,45,3,True
trained,int2float,0,203,45,3,True
trained,int2float,0,204,45,3,True
trained,int2float,0,205,45,3,True
trained,int2float,0,206,45,3,True
trained,int2float,0,207,45,3,True
trained,int2float,0,208,45,3,True
trained,int2float,0,209,45,3,True
trained,int2float,0,210,45,3,True
trained,int2float,0,211,45,3,True
trained,int2float,0,212,45,3,True
trained,int2float,0,213,45,3,True
trained,int2float,0,214,45,3,True
trained,int2float,0,215,45,3,True
trained,int2float,0,216,45,3,True
trained,int2float,0,217,45,3,True
trained,int2float,0,218,45,3,True
trained,int2float,0,219,45,3,True
trained,int2float,0,220,45,3,True
trained,int2float,0,221,45,3,True
trained,int2float,0,222,45,3,True
trained,int2float,0,223,45,3,True
trained,int2float,0,224,45,3,True
trained,int2float,0,225,45,3,True
trained,int2float,0,226,45,3,True
trained,int2float,0,227,45,3,True
trained,int2float,0,228,45,3,True
trained,int2float,0,229,45,3,True
trained,int2float,0,230,45,3,True
trained,int2float,0,231,45,3,True
trained,int2float,0,232,45,3,True
trained,int2float,0,233,45,3,True
trained,int2float,0,234,45,3,True
trained,int2float,0,235,45,3,True
trained,int2float,0,236,45,3,True
trained,int2float,0,237,45,3,True
trained,int2float,0,238,45,3,True
trained,int2float,0,239,45,3,True
trained,int2float,0,240,45,3,True
trained,int2float,0,241,45,3,True
trained,int2float,0,242,45,3,True
trained,int2float,0,243,45,3,True
trained,int2float,0,244,45,3,True
trained,int2float,0,245,45,3,True
trained,int2float,0,246,45,3,True
trained,int2float,0,247,45,3,True
trained,int2float,0,248,45,3,True
trained,int2float,0,249,45,3,True
trained,int2float,0,250,45,3,True
trained,int2float,0,251,45,3,True
trained,int2float,0,252,45,3,True
trained,int2float,0,253,45,3,True
trained,int2float,0,254,45,3,True
trained,int2float,0,255,45,3,True
trained,int2float,0,256,45,3,True
trained,int2float,0,257,45,3,True
trained,int2float,0,258,45,3,True
trained,int2float,0,259,45,3,True
trained,int2float,0,260,45,3,True
trained,int2float,0,261,45,3,True
trained,int2float,0,262,45,3,True
trained,int2float,0,263,45,3,True
trained,int2float,0,264,45,3,True
trained,int2float,0,265,45,3,True
trained,int2float,0,266,45,3,True
trained,int2float,0,267,45,3,True
trained,int2float,0,268,45,3,True
trained,int2float,0,269,45,3,True
trained,int2float,0,270,45,3,True
trained,int2float,0,271,45,3,True
trained,int2float,0,272,45,3,True
trained,int2float,0,273,45,3,True
trained,int2float,0,274,45,3,True
trained,int2float,0,275,45,3,True
trained,int2float,0,276,45,3,True
trained,int2float,0,277,45,3,True
trained,int2float,0,278,45,3,True
trained,int2float,0,279,45,3,True
trained,int2float,0,280,45,3,True
trained,int2float,0,281,45,3,True
trained,int2float,0,282,45,3,True
trained,int2float,0,283,45,3,True
trained,int2float,0,284,45,3,True
trained,int2float,0,285,45,3,True
trained,int2float,0,286,45,3,True
trained,int2float,0,287,45,3,True
trained,int2float,0,288,45,3,True
trained,int2float,0,289,45,3,True
trained,int2float,0,290,45,3,True
trained,int2float,0,291,45,3,True
trained,int2float,0,292,45,3,True
trained,int2float,0,293,45,3,True
trained,int2float,0,294,45,3,True
trained,int2float,0,295,45,3,True
trained,int2float,0,296,45,3,True
trained,int2float,0,297,45,3,True
trained,int2float,0,298,45,3,True
trained,int2float,0,299,45,3,True
trained,int2float,0,300,45,3,True
trained,int2float,0,301,45,3,True
trained,int2float,0,302,45,3,True
trained,int2float,0,303,45,3,True
trained,int2float,0,304,45,3,True
trained,int2float,0,305,45,3,True
trained,int2float,0,306,45,3,True
trained,int2float,0,307,45,3,True
trained,int2float,0,308,45,3,True
trained,int2float,0,309,45,3,True
trained,int2float,0,310,45,3,True
trained,int2float,0,311,45,3,True
trained,int2float,0,312,45,3,True
trained,int2float,0,313,45,3,True
trained,int2float,0,314,45,3,True
trained,int2float,0,315,45,3,True
trained,int2float,0,316,45,3,True
trained,int2float,0,317,45,3,True
trained,int2float,0,318,45,3,True
trained,int2float,0,319,45,3,True
trained,int2float,0,320,45,3,True
trained,int2float,0,321,45,3,True
trained,int2float,0,322,45,3,True
trained,int2float,0,323,45,3,True
trained,int2float,0,324,45,3,True
trained,int2float,0,325,45,3,True
trained,int2float,0,326,45,3,True
trained,int2float,0,327,45,3,True
trained,int2float,0,328,45,3,True
trained,int2float,0,329,45,3,True
trained,int2float,0,330,45,3,True
trained,int2float,0,331,45,3,True
trained,int2float,0,332,45,3,True
trained,int2float,0,333,45,3,True
trained,int2float,0,334,45,3,True
trained,int2float,0,335,45,3,True
trained,int2float,0,336,45,3,True
trained,int2float,0,337,45,3,True
trained,int2float,0,338,45,3,True
trained,int2float,0,339,45,3,True
trained,int2float,0,340,45,3,True
trained,int2float,0,341,45,3,True
trained,int2float,0,342,45,3,True
trained,int2float,0,343,45,3,True
trained,int2float,0,344,45,3,True
trained,int2float,0,345,45,3,True
trained,int2float,0,346,45,3,True
trained,int2float,0,347,45,3,True
trained,int2float,0,348,45,3,True
trained,int2float,0,349,45,3,True
trained,int2float,0,350,45,3,True
trained,int2float,0,351,45,3,True
trained,int2float,0,352,45,3,True
trained,int2float,0,353,45,3,True
trained,int2float,0,354,45,3,True
trained,int2float,0,355,45,3,True
trained,int2float,0,356,45,3,True
trained,int2float,0,357,45,3,True
trained,int2float,0,358,45,3,True
trained,int2float,0,359,45,3,True
trained,int2float,0,360,45,3,True
trained,int2float,0,361,45,3,True
trained,int2float,0,362,45,3,True
trained,int2float,0,363,45,3,True
trained,int2float,0,364,45,3,True
trained,int2float,0,365,45,3,True
trained,int2float,0,366,45,3,True
trained,int2float,0,367,45,3,True
trained,int2float,0,368,45,3,True
trained,int2float,0,369,45,3,True
trained,int2float,0,370,45,3,True
trained,int2float,0,371,45,3,True
trained,int2float,0,372,45,3,True
trained,int2float,0,373,45,3,True
trained,int2float,0,374,45,3,True
trained,int2float,0,375,45,3,True
trained,int2float,0,376,45,3,True
trained,int2float,0,377,45,3,True
trained,int2float,0,378,45,3,True
trained,int2float,0,379,45,3,True
trained,int2float,0,380,45,3,True
trained,int2float,0,381,45,3,True
trained,int2float,0,382,45,3,True
trained,int2float,0,383,45,3,True
trained,int2float,0,384,45,3,True
trained,int2float,0,385,45,3,True
trained,int2float,0,386,45,3,True
trained,int2float,0,387,45,3,True
trained,int2float,0,388,45,3,True
trained,int2float,0,389,45,3,True
trained,int2float,0,390,45,3,True
trained,int2float,0,391,45,3,True
trained,int2float,0,392,45,3,True
trained,int2float,0,393,45,3,True
trained,int2float,0,394,45,3,True
trained,int2float,0,395,45,3,True
trained,int2float,0,396,45,3,True
trained,int2float,0,397,45,3,True
trained,int2float,0,398,45,3,True
trained,int2float,0,399,45,3,True
trained,int2float,0,400,45,3,True
trained,int2float,0,401,45,3,True
trained,int2float,0,402,45,3,True
trained,int2float,0,403,45,3,True
trained,int2float,0,404,45,3,True
trained,int2float,0,405,45,3,True
trained,int2float,0,406,45,3,True
trained,int2float,0,407,45,3,True
trained,int2float,0,408,45,3,True
trained,int2float,0,409,45,3,True
trained,int2float,0,410,45,3,True
trained,int2float,0,411,45,3,True
trained,int2float,0,412,45,3,True
trained,int2float,0,413,45,3,True
trained,int2float,0,414,45,3,True
trained,int2float,0,415,45,3,True
trained,int2float,0,416,45,3,True
trained,int2float,0,417,45,3,True
trained,int2float,0,418,45,3,True
trained,int2float,0,419,45,3,True
trained,int2float,0,420,45,3,True
trained,int2float,0,421,45,3,True
trained,int2float,0,422,45,3,True
trained,int2float,0,423,45,3,True
trained,int2float,0,424,45,3,True
trained,int2float,0,425,45,3,True
trained,int2float,0,426,45,3,True
trained,int2float,0,427,45,3,True
trained,int2float,0,428,45,3,True
trained,int2float,0,429,45,3,True
trained,int2float,0,430,45,3,True
trained,int2float,0,431,45,3,True
trained,int2float,0,432,45,3,True
trained,int2float,0,433,45,3,True
trained,int2float,0,434,45,3,True
trained,int2float,0,435,45,3,True
trained,int2float,0,436,45,3,True
trained,int2float,0,437,45,3,True
trained,int2float,0,438,45,3,True
trained,int2float,0,439,45,3,True
trained,int2float,0,440,45,3,True
trained,int2float,0,441,45,3,True
trained,int2float,0,442,45,3,True
trained,int2float,0,443,45,3,True
trained,int2float,0,444,45,3,True
trained,int2float,0,445,45,3,True
trained,int2float,0,446,45,3,True
trained,int2float,0,447,45,3,True
trained,int2float,0,448,45,3,True
trained,int2float,0,449,45,3,True
trained,int2float,0,450,45,3,True
trained,int2float,0,451,45,3,True
trained,int2float,0,452,45,3,True
trained,int2float,0,453,45,3,True
trained,int2float,0,454,45,3,True
trained,int2float,0,455,45,3,True
trained,int2float,0,456,45,3,True
trained,int2float,0,457,45,3,True
trained,int2float,0,458,45,3,True
trained,int2float,0,459,45,3,True
trained,int2float,0,460,45,3,True
trained,int2float,0,461,45,3,True
trained,int2float,0,462,45,3,True
trained,int2float,0,463,45,3,True
trained,int2float,0,464,45,3,True
trained,int2float,0,465,45,3,True
trained,int2float,0,466,45,3,True
trained,int2float,0,467,45,3,True
trained,int2float,0,468,45,3,True
trained,int2float,0,469,45,3,True
trained,int2float,0,470,45,3,True
trained,int2float,0,471,45,3,True
trained,int2float,0,472,45,3,True
trained,int2float,0,473,45,3,True
trained,int2float,0,474,45,3,True
trained,int2float,0,475,45,3,True
trained,int2float,0,476,45,3,True
trained,int2float,0,477,45,3,True
trained,int2float,0,478,45,3,True
trained,int2float,0,479,45,3,True
trained,int2float,0,480,45,3,True
trained,int2float,0,481,45,3,True
trained,int2float,0,482,45,3,True
trained,int2float,0,483,45,3,True
trained,int2float,0,484,45,3,True
trained,int2float,0,485,45,3,True
trained,int2float,0,486,45,3,True
trained,int2float,0,487,45,3,True
trained,int2float,0,488,45,3,True
trained,int2float,0,489,45,3,True
trained,int2float,0,490,45,3,True
trained,int2float,0,491,45,3,True
trained,int2float,0,492,45,3,True
trained,int2float,0,493,45,3,True
trained,int2float,0,494,45,3,True
trained,int2float,0,495,45,3,True
trained,int2float,0,496,45,3,True
trained,int2float,0,497,45,3,True
trained,int2float,0,498,45,3,True
trained,int2float,0,499,45,3,True
trained,int2float,0,500,45,3,True
trained,int2float,0,501,45,3,True
trained,int2float,0,502,45,3,True
trained,int2float,0,503,45,3,True
trained,int2float,0,504,45,3,True
trained,int2float,0,505,45,3,True
trained,int2float,0,506,45,3,True
trained,int2float,0,507,45,3,True
trained,int2float,0,508,45,3,True
trained,int2float,0,509,45,3,True
trained,int2float,0,510,45,3,True
trained,int2float,0,511,45,3,True
trained,int2float,0,512,45,3,True
trained,int2float,0,513,45,3,True
trained,int2float,0,514,45,3,True
trained,int2float,0,515,45,3,True
trained,int2float,0,516,45,3,True
trained,int2float,0,517,45,3,True
trained,int2float,0,518,45,3,True
trained,int2float,0,519,45,3,True
trained,int2float,0,520,45,3,True
trained,int2float,0,521,45,3,True
trained,int2float,0,522,45,3,True
trained,int2float,0,523,45,3,True
trained,int2float,0,524,45,3,True
trained,int2float,0,525,45,3,True
trained,int2float,0,526,45,3,True
trained,int2float,0,527,45,3,True
trained,int2float,0,528,45,3,True
trained,int2float,0,529,45,3,True
trained,int2float,0,530,45,3,True
trained,int2float,0,531,45,3,True
trained,int2float,0,532,45,3,True
trained,int2float,0,533,45,3,True
trained,int2float,0,534,45,3,True
trained,int2float,0,535,45,3,True
trained,int2float,0,536,45,3,True
trained,int2float,0,537,45,3,True
trained,int2float,0,538,45,3,True
trained,int2float,0,539,45,3,True
trained,int2float,0,540,45,3,True
trained,int2float,0,541,45,3,True
trained,int2float,0,542,45,3,True
trained,int2float,0,543,45,3,True
trained,int2float,0,544,45,3,True
trained,int2float,0,545,45,3,True
trained,int2float,0,546,45,3,True
trained,int2float,0,547,45,3,True
trained,int2float,0,548,45,3,True
trained,int2float,0,549,45,3,True
trained,int2float,0,550,45,3,True
trained,int2float,0,551,45,3,True
trained,int2float,0,552,45,3,True
trained,int2float,0,553,45,3,True
trained,int2float,0,554,45,3,True
trained,int2float,0,555,45,3,True
trained,int2float,0,556,45,3,True
trained,int2float,0,557,45,3,True
trained,int2float,0,558,45,3,True
trained,int2float,0,559,45,3,True
trained,int2float,0,560,45,3,True
trained,int2float,0,561,45,3,True
trained,int2float,0,562,45,3,True
trained,int2float,0,563,45,3,True
trained,int2float,0,564,45,3,True
trained,int2float,0,565,45,3,True
trained,int2float,0,566,45,3,True
trained,int2float,0,567,45,3,True
trained,int2float,0,568,45,3,True
trained,int2float,0,569,45,3,True
trained,int2float,0,570,45,3,True
trained,int2float,0,571,45,3,True
trained,int2float,0,572,45,3,True
trained,int2float,0,573,45,3,True
trained,int2float,0,574,45,3,True
trained,int2float,0,575,45,3,True
trained,int2float,0,576,45,3,True
trained,int2float,0,577,45,3,True
trained,int2float,0,578,45,3,True
trained,int2float,0,579,45,3,True
trained,int2float,0,580,45,3,True
trained,int2float,0,581,45,3,True
trained,int2float,0,582,45,3,True
trained,int2float,0,583,45,3,True
trained,int2float,0,584,45,3,True
trained,int2float,0,585,45,3,True
trained,int2float,0,586,45,3,True
trained,int2float,0,587,45,3,True
trained,int2float,0,588,45,3,True
trained,int2float,0,589,45,3,True
trained,int2float,0,590,45,3,True
trained,int2float,0,591,45,3,True
trained,int2float,0,592,45,3,True
trained,int2float,0,593,45,3,True
trained,int2float,0,594,45,3,True
trained,int2float,0,595,45,3,True
trained,int2float,0,596,45,3,True
trained,int2float,0,597,45,3,True
trained,int2float,0,598,45,3,True
trained,int2float,0,599,45,3,True
trained,int2float,0,600,45,3,True
trained,int2float,0,601,45,3,True
trained,int2float,0,602,45,3,True
trained,int2float,0,603,45,3,True
trained,int2float,0,604,45,3,True
trained,int2float,0,605,45,3,True
trained,int2float,0,606,45,3,True
trained,int2float,0,607,45,3,True
trained,int2float,0,608,45,3,True
trained,int2float,0,609,45,3,True
trained,int2float,0,610,45,3,True
trained,int2float,0,611,45,3,True
trained,int2float,0,612,45,3,True
trained,int2float,0,613,45,3,True
trained,int2float,0,614,45,3,True
trained,int2float,0,615,45,3,True
trained,int2float,0,616,45,3,True
trained,int2float,0,617,45,3,True
trained,int2float,0,618,45,3,True
trained,int2float,0,619,45,3,True
trained,int2float,0,620,45,3,True
trained,int2float,0,621,45,3,True
trained,int2float,0,622,45,3,True
trained,int2float,0,623,45,3,True
trained,int2float,0,624,45,3,True
trained,int2float,0,625,45,3,True
trained,int2float,0,626,45,3,True
trained,int2float,0,627,45,3,True
trained,int2float,0,628,45,3,True
trained,int2float,0,629,45,3,True
trained,int2float,0,630,45,3,True
trained,int2float,0,631,45,3,True
trained,int2float,0,632,45,3,True
trained,int2float,0,633,45,3,True
trained,int2float,0,634,45,3,True
trained,int2float,0,635,45,3,True
trained,int2float,0,636,45,3,True
trained,int2float,0,637,45,3,True
trained,int2float,0,638,45,3,True
trained,int2float,0,639,45,3,True
trained,int2float,0,640,45,3,True
trained,int2float,0,641,45,3,True
trained,int2float,0,642,45,3,True
trained,int2float,0,643,45,3,True
trained,int2float,0,644,45,3,True
trained,int2float,0,645,45,3,True
trained,int2float,0,646,45,3,True
trained,int2float,0,647,45,3,True
trained,int2float,0,648,45,3,True
trained,int2float,0,649,45,3,True
trained,int2float,0,650,45,3,True
trained,int2float,0,651,45,3,True
trained,int2float,0,652,45,3,True
trained,int2float,0,653,45,3,True
trained,int2float,0,654,45,3,True
trained,int2float,0,655,45,3,True
trained,int2float,0,656,45,3,True
trained,int2float,0,657,45,3,True
trained,int2float,0,658,45,3,True
trained,int2float,0,659,45,3,True
trained,int2float,0,660,45,3,True
trained,int2float,0,661,45,3,True
trained,int2float,0,662,45,3,True
trained,int2float,0,663,45,3,True
trained,int2float,0,664,45,3,True
trained,int2float,0,665,45,3,True
trained,int2float,0,666,45,3,True
trained,int2float,0,667,45,3,True
trained,int2float,0,668,45,3,True
trained,int2float,0,669,45,3,True
trained,int2float,0,670,45,3,True
trained,int2float,0,671,45,3,True
trained,int2float,0,672,45,3,True
trained,int2float,0,673,45,3,True
trained,int2float,0,674,45,3,True
trained,int2float,0,675,45,3,True
trained,int2float,0,676,45,3,True
trained,int2float,0,677,45,3,True
trained,int2float,0,678,45,3,True
trained,int2float,0,679,45,3,True
trained,int2float,0,680,45,3,True
trained,int2float,0,681,45,3,True
trained,int2float,0,682,45,3,True
trained,int2float,0,683,45,3,True
trained,int2float,0,684,45,3,True
trained,int2float,0,685,45,3,True
trained,int2float,0,686,45,3,True
trained,int2float,0,687,45,3,True
trained,int2float,0,688,45,3,True
trained,int2float,0,689,45,3,True
trained,int2float,0,690,45,3,True
trained,int2float,0,691,45,3,True
trained,int2float,0,692,45,3,True
trained,int2float,0,693,45,3,True
trained,int2float,0,694,45,3,True
trained,int2float,0,695,45,3,True
trained,int2float,0,696,45,3,True
trained,int2float,0,697,45,3,True
trained,int2float,0,698,45,3,True
trained,int2float,0,699,45,3,True
trained,int2float,0,700,45,3,True
trained,int2float,0,701,45,3,True
trained,int2float,0,702,45,3,True
trained,int2float,0,703,45,3,True
trained,int2float,0,704,45,3,True
trained,int2float,0,705,45,3,True
trained,int2float,0,706,45,3,True
trained,int2float,0,707,45,3,True
trained,int2float,0,708,45,3,True
trained,int2float,0,709,45,3,True
trained,int2float,0,710,45,3,True
trained,int2float,0,711,45,3,True
trained,int2float,0,712,45,3,True
trained,int2float,0,713,45,3,True
trained,int2float,0,714,45,3,True
trained,int2float,0,715,45,3,True
trained,int2float,0,716,45,3,True
trained,int2float,0,717,45,3,True
trained,int2float,0,718,45,3,True
trained,int2float,0,719,45,3,True
trained,int2float,0,720,45,3,True
trained,int2float,0,721,45,3,True
trained,int2float,0,722,45,3,True
trained,int2float,0,723,45,3,True
trained,int2float,0,724,45,3,True
trained,int2float,0,725,45,3,True
trained,int2float,0,726,45,3,True
trained,int2float,0,727,45,3,True
trained,int2float,0,728,45,3,True
trained,int2float,0,729,45,3,True
trained,int2float,0,730,45,3,True
trained,int2float,0,731,45,3,True
trained,int2float,0,732,45,3,True
trained,int2float,0,733,45,3,True
trained,int2float,0,734,45,3,True
trained,int2float,0,735,45,3,True
trained,int2float,0,736,45,3,True
trained,int2float,0,737,45,3,True
trained,int2float,0,738,45,3,True
trained,int2float,0,739,45,3,True
trained,int2float,0,740,45,3,True
trained,int2float,0,741,45,3,True
trained,int2float,0,742,45,3,True
trained,int2float,0,743,45,3,True
trained,int2float,0,744,45,3,True
trained,int2float,0,745,45,3,True
trained,int2float,0,746,45,3,True
trained,int2float,0,747,45,3,True
trained,int2float,0,748,45,3,True
trained,int2float,0,749,45,3,True
trained,int2float,0,750,45,3,True
trained,int2float,0,751,45,3,True
trained,int2float,0,752,45,3,True
trained,int2float,0,753,45,3,True
trained,int2float,0,754,45,3,True
trained,int2float,0,755,45,3,True
trained,int2float,0,756,45,3,True
trained,int2float,0,757,45,3,True
trained,int2float,0,758,45,3,True
trained,int2float,0,759,45,3,True
trained,int2float,0,760,45,3,True
trained,int2float,0,761,45,3,True
trained,int2float,0,762,45,3,True
trained,int2float,0,763,45,3,True
trained,int2float,0,764,45,3,True
trained,int2float,0,765,45,3,True
trained,int2float,0,766,45,3,True
trained,int2float,0,767,45,3,True
trained,int2float,0,768,45,3,True
trained,int2float,0,769,45,3,True
trained,int2float,0,770,45,3,True
trained,int2float,0,771,45,3,True
trained,int2float,0,772,45,3,True
trained,int2float,0,773,45,3,True
trained,int2float,0,774,45,3,True
trained,int2float,0,775,45,3,True
trained,int2float,0,776,45,3,True
trained,int2float,0,777,45,3,True
trained,int2float,0,778,45,3,True
trained,int2float,0,779,45,3,True
trained,int2float,0,780,45,3,True
trained,int2float,0,781,45,3,True
trained,int2float,0,782,45,3,True
trained,int2float,0,783,45,3,True
trained,int2float,0,784,45,3,True
trained,int2float,0,785,45,3,True
trained,int2float,0,786,45,3,True
trained,int2float,0,787,45,3,True
trained,int2float,0,788,45,3,True
trained,int2float,0,789,45,3,True
trained,int2float,0,790,45,3,True
trained,int2float,0,791,45,3,True
trained,int2float,0,792,45,3,True
trained,int2float,0,793,45,3,True
trained,int2float,0,794,45,3,True
trained,int2float,0,795,45,3,True
trained,int2float,0,796,45,3,True
trained,int2float,0,797,45,3,True
trained,int2float,0,798,45,3,True
trained,int2float,0,799,45,3,True
trained,int2float,0,800,45,3,True
trained,int2float,0,801,45,3,True
trained,int2float,0,802,45,3,True
trained,int2float,0,803,45,3,True
trained,int2float,0,804,45,3,True
trained,int2float,0,805,45,3,True
trained,int2float,0,806,45,3,True
trained,int2float,0,807,45,3,True
trained,int2float,0,808,45,3,True
trained,int2float,0,809,45,3,True
trained,int2float,0,810,45,3,True
trained,int2float,0,811,45,3,True
trained,int2float,0,812,45,3,True
trained,int2float,0,813,45,3,True
trained,int2float,0,814,45,3,True
trained,int2float,0,815,45,3,True
trained,int2float,0,816,45,3,True
trained,int2float,0,817,45,3,True
trained,int2float,0,818,45,3,True
trained,int2float,0,819,45,3,True
trained,int2float,0,820,45,3,True
trained,int2float,0,821,45,3,True
trained,int2float,0,822,45,3,True
trained,int2float,0,823,45,3,True
trained,int2float,0,824,45,3,True
trained,int2float,0,825,45,3,True
trained,int2float,0,826,45,3,True
trained,int2float,0,827,45,3,True
trained,int2float,0,828,45,3,True
trained,int2float,0,829,45,3,True
trained,int2float,0,830,45,3,True
trained,int2float,0,831,45,3,True
trained,int2float,0,832,45,3,True
trained,int2float,0,833,45,3,True
trained,int2float,0,834,45,3,True
trained,int2float,0,835,45,3,True
trained,int2float,0,836,45,3,True
trained,int2float,0,837,45,3,True
trained,int2float,0,838,45,3,True
trained,int2float,0,839,45,3,True
trained,int2float,0,840,45,3,True
trained,int2float,0,841,45,3,True
trained,int2float,0,842,45,3,True
trained,int2float,0,843,45,3,True
trained,int2float,0,844,45,3,True
trained,int2float,0,845,45,3,True
trained,int2float,0,846,45,3,True
trained,int2float,0,847,45,3,True
trained,int2float,0,848,45,3,True
trained,int2float,0,849,45,3,True
trained,int2float,0,850,45,3,True
trained,int2float,0,851,45,3,True
trained,int2float,0,852,45,3,True
trained,int2float,0,853,45,3,True
trained,int2float,0,854,45,3,True
trained,int2float,0,855,45,3,True
trained,int2float,0,856,45,3,True
trained,int2float,0,857,45,3,True
trained,int2float,0,858,45,3,True
trained,int2float,0,859,45,3,True
trained,int2float,0,860,45,3,True
trained,int2float,0,861,45,3,True
trained,int2float,0,862,45,3,True
trained,int2float,0,863,45,3,True
trained,int2float,0,864,45,3,True
trained,int2float,0,865,45,3,True
trained,int2float,0,866,45,3,True
trained,int2float,0,867,45,3,True
trained,int2float,0,868,45,3,True
trained,int2float,0,869,45,3,True
trained,int2float,0,870,45,3,True
trained,int2float,0,871,45,3,True
trained,int2float,0,872,45,3,True
trained,int2float,0,873,45,3,True
trained,int2float,0,874,45,3,True
trained,int2float,0,875,45,3,True
trained,int2float,0,876,45,3,True
trained,int2float,0,877,45,3,True
trained,int2float,0,878,45,3,True
trained,int2float,0,879,45,3,True
trained,int2float,0,880,45,3,True
trained,int2float,0,881,45,3,True
trained,int2float,0,882,45,3,True
trained,int2float,0,883,45,3,True
trained,int2float,0,884,45,3,True
trained,int2float,0,885,45,3,True
trained,int2float,0,886,45,3,True
trained,int2float,0,887,45,3,True
trained,int2float,0,888,45,3,True
trained,int2float,0,889,45,3,True
trained,int2float,0,890,45,3,True
trained,int2float,0,891,45,3,True
trained,int2float,0,892,45,3,True
trained,int2float,0,893,45,3,True
trained,int2float,0,894,45,3,True
trained,int2float,0,895,45,3,True
trained,int2float,0,896,45,3,True
trained,int2float,0,897,45,3,True
trained,int2float,0,898,45,3,True
trained,int2float,0,899,45,3,True
trained,int2float,0,900,45,3,True
trained,int2float,0,901,45,3,True
trained,int2float,0,902,45,3,True
trained,int2float,0,903,45,3,True
trained,int2float,0,904,45,3,True
trained,int2float,0,905,45,3,True
trained,int2float,0,906,45,3,True
trained,int2float,0,907,45,3,True
trained,int2float,0,908,45,3,True
trained,int2float,0,909,45,3,True
trained,int2float,0,910,45,3,True
trained,int2float,0,911,45,3,True
trained,int2float,0,912,45,3,True
trained,int2float,0,913,45,3,True
trained,int2float,0,914,45,3,True
trained,int2float,0,915,45,3,True
trained,int2float,0,916,45,3,True
trained,int2float,0,917,45,3,True
trained,int2float,0,918,45,3,True
trained,int2float,0,919,45,3,True
trained,int2float,0,920,45,3,True
trained,int2float,0,921,45,3,True
trained,int2float,0,922,45,3,True
trained,int2float,0,923,45,3,True
trained,int2float,0,924,45,3,True
trained,int2float,0,925,45,3,True
trained,int2float,0,926,45,3,True
trained,int2float,0,927,45,3,True
trained,int2float,0,928,45,3,True
trained,int2float,0,929,45,3,True
trained,int2float,0,930,45,3,True
trained,int2float,0,931,45,3,True
trained,int2float,0,932,45,3,True
trained,int2float,0,933,45,3,True
trained,int2float,0,934,45,3,True
trained,int2float,0,935,45,3,True
trained,int2float,0,936,45,3,True
trained,int2float,0,937,45,3,True
trained,int2float,0,938,45,3,True
trained,int2float,0,939,45,3,True
trained,int2float,0,940,45,3,True
trained,int2float,0,941,45,3,True
trained,int2float,0,942,45,3,True
trained,int2float,0,943,45,3,True
trained,int2float,0,944,45,3,True
trained,int2float,0,945,45,3,True
trained,int2float,0,946,45,3,True
trained,int2float,0,947,45,3,True
trained,int2float,0,948,45,3,True
trained,int2float,0,949,45,3,True
trained,int2float,0,950,45,3,True
trained,int2float,0,951,45,3,True
trained,int2float,0,952,45,3,True
trained,int2float,0,953,45,3,True
trained,int2float,0,954,45,3,True
trained,int2float,0,955,45,3,True
trained,int2float,0,956,45,3,True
trained,int2float,0,957,45,3,True
trained,int2float,0,958,45,3,True
trained,int2float,0,959,45,3,True
trained,int2float,0,960,45,3,True
trained,int2float,0,961,45,3,True
trained,int2float,0,962,45,3,True
trained,int2float,0,963,45,3,True
trained,int2float,0,964,45,3,True
trained,int2float,0,965,45,3,True
trained,int2float,0,966,45,3,True
trained,int2float,0,967,45,3,True
trained,int2float,0,968,45,3,True
trained,int2float,0,969,45,3,True
trained,int2float,0,970,45,3,True
trained,int2float,0,971,45,3,True
trained,int2float,0,972,45,3,True
trained,int2float,0,973,45,3,True
trained,int2float,0,974,45,3,True
trained,int2float,0,975,45,3,True
trained,int2float,0,976,45,3,True
trained,int2float,0,977,45,3,True
trained,int2float,0,978,45,3,True
trained,int2float,0,979,45,3,True
trained,int2float,0,980,45,3,True
trained,int2float,0,981,45,3,True
trained,int2float,0,982,45,3,True
trained,int2float,0,983,45,3,True
trained,int2float,0,984,45,3,True
trained,int2float,0,985,45,3,True
trained,int2float,0,986,45,3,True
trained,int2float,0,987,45,3,True
trained,int2float,0,988,45,3,True
trained,int2float,0,989,45,3,True
trained,int2float,0,990,45,3,True
trained,int2float,0,991,45,3,True
trained,int2float,0,992,45,3,True
trained,int2float,0,993,45,3,True
trained,int2float,0,994,45,3,True
trained,int2float,0,995,45,3,True
trained,int2float,0,996,45,3,True
trained,int2float,0,997,45,3,True
trained,int2float,0,998,45,3,True
trained,int2float,0,999,45,3,True
trained,int2float,0,1000,45,3,True
trained,int2float,1,1,49,3,True
trained,int2float,1,2,49,3,True
trained,int2float,1,3,49,3,True
trained,int2float,1,4,49,3,True
trained,int2float,1,5,49,3,True
trained,int2float,1,6,48,3,True
trained,int2float,1,7,47,3,True
trained,int2float,1,8,47,3,True
trained,int2float,1,9,47,3,True
trained,int2float,1,10,46,3,True
trained,int2float,1,11,46,3,True
trained,int2float,1,12,46,3,True
trained,int2float,1,13,46,3,True
trained,int2float,1,14,46,3,True
trained,int2float,1,15,46,3,True
trained,int2float,1,16,46,3,True
trained,int2float,1,17,46,3,True
trained,int2float,1,18,46,3,True
trained,int2float,1,19,46,3,True
trained,int2float,1,20,46,3,True
trained,int2float,1,21,46,3,True
trained,int2float,1,22,46,3,True
trained,int2float,1,23,46,3,True
trained,int2float,1,24,46,3,True
trained,int2float,1,25,46,3,True
trained,int2float,1,26,46,3,True
trained,int2float,1,27,46,3,True
trained,int2float,1,28,46,3,True
trained,int2float,1,29,46,3,True
trained,int2float,1,30,46,3,True
trained,int2float,1,31,46,3,True
trained,int2float,1,32,46,3,True
trained,int2float,1,33,46,3,True
trained,int2float,1,34,46,3,True
trained,int2float,1,35,46,3,True
trained,int2float,1,36,46,3,True
trained,int2float,1,37,46,3,True
trained,int2float,1,38,46,3,True
trained,int2float,1,39,46,3,True
trained,int2float,1,40,46,3,True
trained,int2float,1,41,46,3,True
trained,int2float,1,42,46,3,True
trained,int2float,1,43,46,3,True
trained,int2float,1,44,46,3,True
trained,int2float,1,45,46,3,True
trained,int2float,1,46,46,3,True
trained,int2float,1,47,46,3,True
trained,int2float,1,48,46,3,True
trained,int2float,1,49,46,3,True
trained,int2float,1,50,46,3,True
trained,int2float,1,51,46,3,True
trained,int2float,1,52,46,3,True
trained,int2float,1,53,46,3,True
trained,int2float,1,54,46,3,True
trained,int2float,1,55,46,3,True
trained,int2float,1,56,46,3,True
trained,int2float,1,57,46,3,True
trained,int2float,1,58,46,3,True
trained,int2float,1,59,46,3,True
trained,int2float,1,60,46,3,True
trained,int2float,1,61,46,3,True
trained,int2float,1,62,46,3,True
trained,int2float,1,63,46,3,True
trained,int2float,1,64,46,3,True
trained,int2float,1,65,46,3,True
trained,int2float,1,66,44,3,True
trained,int2float,1,67,44,3,True
trained,int2float,1,68,44,3,True
trained,int2float,1,69,44,3,True
trained,int2float,1,70,44,3,True
trained,int2float,1,71,44,3,True
trained,int2float,1,72,44,3,True
trained,int2float,1,73,44,3,True
trained,int2float,1,74,44,3,True
trained,int2float,1,75,44,3,True
trained,int2float,1,76,44,3,True
trained,int2float,1,77,44,3,True
trained,int2float,1,78,44,3,True
trained,int2float,1,79,44,3,True
trained,int2float,1,80,44,3,True
trained,int2float,1,81,44,3,True
trained,int2float,1,82,44,3,True
trained,int2float,1,83,44,3,True
trained,int2float,1,84,44,3,True
trained,int2float,1,85,44,3,True
trained,int2float,1,86,44,3,True
trained,int2float,1,87,44,3,True
trained,int2float,1,88,44,3,True
trained,int2float,1,89,44,3,True
trained,int2float,1,90,44,3,True
trained,int2float,1,91,44,3,True
trained,int2float,1,92,44,3,True
trained,int2float,1,93,44,3,True
trained,int2float,1,94,44,3,True
trained,int2float,1,95,44,3,True
trained,int2float,1,96,44,3,True
trained,int2float,1,97,44,3,True
trained,int2float,1,98,44,3,True
trained,int2float,1,99,44,3,True
trained,int2float,1,100,44,3,True
trained,int2float,1,101,44,3,True
trained,int2float,1,102,44,3,True
trained,int2float,1,103,44,3,True
trained,int2float,1,104,44,3,True
trained,int2float,1,105,44,3,True
trained,int2float,1,106,44,3,True
trained,int2float,1,107,44,3,True
trained,int2float,1,108,44,3,True
trained,int2float,1,109,44,3,True
trained,int2float,1,110,44,3,True
trained,int2float,1,111,44,3,True
trained,int2float,1,112,44,3,True
trained,int2float,1,113,44,3,True
trained,int2float,1,114,44,3,True
trained,int2float,1,115,44,3,True
trained,int2float,1,116,44,3,True
trained,int2float,1,117,44,3,True
trained,int2float,1,118,44,3,True
trained,int2float,1,119,44,3,True
trained,int2float,1,120,44,3,True
trained,int2float,1,121,44,3,True
trained,int2float,1,122,44,3,True
trained,int2float,1,123,44,3,True
trained,int2float,1,124,44,3,True
trained,int2float,1,125,44,3,True
trained,int2float,1,126,44,3,True
trained,int2float,1,127,44,3,True
trained,int2float,1,128,44,3,True
trained,int2float,1,129,44,3,True
trained,int2float,1,130,44,3,True
trained,int2float,1,131,44,3,True
trained,int2float,1,132,44,3,True
trained,int2float,1,133,44,3,True
trained,int2float,1,134,44,3,True
trained,int2float,1,135,44,3,True
trained,int2float,1,136,44,3,True
trained,int2float,1,137,44,3,True
trained,int2float,1,138,44,3,True
trained,int2float,1,139,44,3,True
trained,int2float,1,140,44,3,True
trained,int2float,1,141,44,3,True
trained,int2float,1,142,44,3,True
trained,int2float,1,143,44,3,True
trained,int2float,1,144,44,3,True
trained,int2float,1,145,44,3,True
trained,int2float,1,146,44,3,True
trained,int2float,1,147,44,3,True
trained,int2float,1,148,44,3,True
trained,int2float,1,149,44,3,True
trained,int2float,1,150,44,3,True
trained,int2float,1,151,44,3,True
trained,int2float,1,152,44,3,True
trained,int2float,1,153,44,3,True
trained,int2float,1,154,44,3,True
trained,int2float,1,155,44,3,True
trained,int2float,1,156,44,3,True
trained,int2float,1,157,44,3,True
trained,int2float,1,158,44,3,True
trained,int2float,1,159,44,3,True
trained,int2float,1,160,44,3,True
trained,int2float,1,161,44,3,True
trained,int2float,1,162,44,3,True
trained,int2float,1,163,44,3,True
trained,int2float,1,164,44,3,True
trained,int2float,1,165,44,3,True
trained,int2float,1,166,44,3,True
trained,int2float,1,167,44,3,True
trained,int2float,1,168,44,3,True
trained,int2float,1,169,44,3,True
trained,int2float,1,170,44,3,True
trained,int2float,1,171,44,3,True
trained,int2float,1,172,44,3,True
trained,int2float,1,173,44,3,True
trained,int2float,1,174,44,3,True
trained,int2float,1,175,44,3,True
trained,int2float,1,176,44,3,True
trained,int2float,1,177,44,3,True
trained,int2float,1,178,44,3,True
trained,int2float,1,179,44,3,True
trained,int2float,1,180,44,3,True
trained,int2float,1,181,44,3,True
trained,int2float,1,182,44,3,True
trained,int2float,1,183,44,3,True
trained,int2float,1,184,44,3,True
trained,int2float,1,185,44,3,True
trained,int2float,1,186,44,3,True
trained,int2float,1,187,44,3,True
trained,int2float,1,188,44,3,True
trained,int2float,1,189,44,3,True
trained,int2float,1,190,44,3,True
trained,int2float,1,191,44,3,True
trained,int2float,1,192,44,3,True
trained,int2float,1,193,44,3,True
trained,int2float,1,194,44,3,True
trained,int2float,1,195,44,3,True
trained,int2float,1,196,44,3,True
trained,int2float,1,197,44,3,True
trained,int2float,1,198,44,3,True
trained,int2float,1,199,44,3,True
trained,int2float,1,200,44,3,True
trained,int2float,1,201,44,3,True
trained,int2float,1,202,44,3,True
trained,int2float,1,203,44,3,True
trained,int2float,1,204,44,3,True
trained,int2float,1,205,44,3,True
trained,int2float,1,206,44,3,True
trained,int2float,1,207,44,3,True
trained,int2float,1,208,44,3,True
trained,int2float,1,209,44,3,True
trained,int2float,1,210,44,3,True
trained,int2float,1,211,44,3,True
trained,int2float,1,212,44,3,True
trained,int2float,1,213,44,3,True
trained,int2float,1,214,44,3,True
trained,int2float,1,215,44,3,True
trained,int2float,1,216,44,3,True
trained,int2float,1,217,44,3,True
trained,int2float,1,218,44,3,True
trained,int2float,1,219,44,3,True
trained,int2float,1,220,44,3,True
trained,int2float,1,221,44,3,True
trained,int2float,1,222,44,3,True
trained,int2float,1,223,44,3,True
trained,int2float,1,224,44,3,True
trained,int2float,1,225,44,3,True
trained,int2float,1,226,44,3,True
trained,int2float,1,227,44,3,True
trained,int2float,1,228,44,3,True
trained,int2float,1,229,44,3,True
trained,int2float,1,230,44,3,True
trained,int2float,1,231,44,3,True
trained,int2float,1,232,44,3,True
trained,int2float,1,233,44,3,True
trained,int2float,1,234,44,3,True
trained,int2float,1,235,44,3,True
trained,int2float,1,236,44,3,True
trained,int2float,1,237,44,3,True
trained,int2float,1,238,44,3,True
trained,int2float,1,239,44,3,True
trained,int2float,1,240,44,3,True
trained,int2float,1,241,44,3,True
trained,int2float,1,242,44,3,True
trained,int2float,1,243,44,3,True
trained,int2float,1,244,44,3,True
trained,int2float,1,245,44,3,True
trained,int2float,1,246,44,3,True
trained,int2float,1,247,44,3,True
trained,int2float,1,248,44,3,True
trained,int2float,1,249,44,3,True
trained,int2float,1,250,44,3,True
trained,int2float,1,251,44,3,True
trained,int2float,1,252,44,3,True
trained,int2float,1,253,44,3,True
trained,int2float,1,254,44,3,True
trained,int2float,1,255,44,3,True
trained,int2float,1,256,44,3,True
trained,int2float,1,257,44,3,True
trained,int2float,1,258,44,3,True
trained,int2float,1,259,44,3,True
trained,int2float,1,260,44,3,True
trained,int2float,1,261,44,3,True
trained,int2float,1,262,44,3,True
trained,int2float,1,263,44,3,True
trained,int2float,1,264,44,3,True
trained,int2float,1,265,44,3,True
trained,int2float,1,266,44,3,True
trained,int2float,1,267,44,3,True
trained,int2float,1,268,44,3,True
trained,int2float,1,269,44,3,True
trained,int2float,1,270,44,3,True
trained,int2float,1,271,44,3,True
trained,int2float,1,272,44,3,True
trained,int2float,1,273,44,3,True
trained,int2float,1,274,44,3,True
trained,int2float,1,275,44,3,True
trained,int2float,1,276,44,3,True
trained,int2float,1,277,44,3,True
trained,int2float,1,278,44,3,True
trained,int2float,1,279,44,3,True
trained,int2float,1,280,44,3,True
trained,int2float,1,281,44,3,True
trained,int2float,1,282,44,3,True
trained,int2float,1,283,44,3,True
trained,int2float,1,284,44,3,True
trained,int2float,1,285,44,3,True
trained,int2float,1,286,44,3,True
trained,int2float,1,287,44,3,True
trained,int2float,1,288,44,3,True
trained,int2float,1,289,44,3,True
trained,int2float,1,290,44,3,True
trained,int2float,1,291,44,3,True
trained,int2float,1,292,44,3,True
trained,int2float,1,293,44,3,True
trained,int2float,1,294,44,3,True
trained,int2float,1,295,44,3,True
trained,int2float,1,296,44,3,True
trained,int2float,1,297,44,3,True
trained,int2float,1,298,44,3,True
trained,int2float,1,299,44,3,True
trained,int2float,1,300,44,3,True
trained,int2float,1,301,44,3,True
trained,int2float,1,302,44,3,True
trained,int2float,1,303,44,3,True
trained,int2float,1,304,44,3,True
trained,int2float,1,305,44,3,True
trained,int2float,1,306,44,3,True
trained,int2float,1,307,44,3,True
trained,int2float,1,308,44,3,True
trained,int2float,1,309,44,3,True
trained,int2float,1,310,44,3,True
trained,int2float,1,311,44,3,True
trained,int2float,1,312,44,3,True
trained,int2float,1,313,44,3,True
trained,int2float,1,314,44,3,True
trained,int2float,1,315,44,3,True
trained,int2float,1,316,44,3,True
trained,int2float,1,317,44,3,True
trained,int2float,1,318,44,3,True
trained,int2float,1,319,44,3,True
trained,int2float,1,320,44,3,True
trained,int2float,1,321,44,3,True
trained,int2float,1,322,44,3,True
trained,int2float,1,323,44,3,True
trained,int2float,1,324,44,3,True
trained,int2float,1,325,44,3,True
trained,int2float,1,326,44,3,True
trained,int2float,1,327,44,3,True
trained,int2float,1,328,44,3,True
trained,int2float,1,329,44,3,True
trained,int2float,1,330,44,3,True
trained,int2float,1,331,44,3,True
trained,int2float,1,332,44,3,True
trained,int2float,1,333,44,3,True
trained,int2float,1,334,44,3,True
trained,int2float,1,335,44,3,True
trained,int2float,1,336,44,3,True
trained,int2float,1,337,44,3,True
trained,int2float,1,338,44,3,True
trained,int2float,1,339,44,3,True
trained,int2float,1,340,44,3,True
trained,int2float,1,341,44,3,True
trained,int2float,1,342,44,3,True
trained,int2float,1,343,44,3,True
trained,int2float,1,344,44,3,True
trained,int2float,1,345,44,3,True
trained,int2float,1,346,44,3,True
trained,int2float,1,347,44,3,True
trained,int2float,1,348,44,3,True
trained,int2float,1,349,44,3,True
trained,int2float,1,350,44,3,True
trained,int2float,1,351,44,3,True
trained,int2float,1,352,44,3,True
trained,int2float,1,353,44,3,True
trained,int2float,1,354,44,3,True
trained,int2float,1,355,44,3,True
trained,int2float,1,356,44,3,True
trained,int2float,1,357,44,3,True
trained,int2float,1,358,44,3,True
trained,int2float,1,359,44,3,True
trained,int2float,1,360,44,3,True
trained,int2float,1,361,44,3,True
trained,int2float,1,362,44,3,True
trained,int2float,1,363,44,3,True
trained,int2float,1,364,44,3,True
trained,int2float,1,365,44,3,True
trained,int2float,1,366,44,3,True
trained,int2float,1,367,44,3,True
trained,int2float,1,368,44,3,True
trained,int2float,1,369,44,3,True
trained,int2float,1,370,44,3,True
trained,int2float,1,371,44,3,True
trained,int2float,1,372,44,3,True
trained,int2float,1,373,44,3,True
trained,int2float,1,374,44,3,True
trained,int2float,1,375,44,3,True
trained,int2float,1,376,44,3,True
trained,int2float,1,377,44,3,True
trained,int2float,1,378,44,3,True
trained,int2float,1,379,44,3,True
trained,int2float,1,380,44,3,True
trained,int2float,1,381,44,3,True
trained,int2float,1,382,44,3,True
trained,int2float,1,383,44,3,True
trained,int2float,1,384,44,3,True
trained,int2float,1,385,44,3,True
trained,int2float,1,386,44,3,True
trained,int2float,1,387,44,3,True
trained,int2float,1,388,44,3,True
trained,int2float,1,389,44,3,True
trained,int2float,1,390,44,3,True
trained,int2float,1,391,44,3,True
trained,int2float,1,392,44,3,True
trained,int2float,1,393,44,3,True
trained,int2float,1,394,44,3,True
trained,int2float,1,395,44,3,True
trained,int2float,1,396,44,3,True
trained,int2float,1,397,44,3,True
trained,int2float,1,398,44,3,True
trained,int2float,1,399,44,3,True
trained,int2float,1,400,44,3,True
trained,int2float,1,401,44,3,True
trained,int2float,1,402,44,3,True
trained,int2float,1,403,44,3,True
trained,int2float,1,404,44,3,True
trained,int2float,1,405,44,3,True
trained,int2float,1,406,44,3,True
trained,int2float,1,407,44,3,True
trained,int2float,1,408,44,3,True
trained,int2float,1,409,44,3,True
trained,int2float,1,410,44,3,True
trained,int2float,1,411,44,3,True
trained,int2float,1,412,44,3,True
trained,int2float,1,413,44,3,True
trained,int2float,1,414,44,3,True
trained,int2float,1,415,44,3,True
trained,int2float,1,416,44,3,True
trained,int2float,1,417,44,3,True
trained,int2float,1,418,44,3,True
trained,int2float,1,419,44,3,True
trained,int2float,1,420,44,3,True
trained,int2float,1,421,44,3,True
trained,int2float,1,422,44,3,True
trained,int2float,1,423,44,3,True
trained,int2float,1,424,44,3,True
trained,int2float,1,425,44,3,True
trained,int2float,1,426,44,3,True
trained,int2float,1,427,44,3,True
trained,int2float,1,428,44,3,True
trained,int2float,1,429,44,3,True
trained,int2float,1,430,44,3,True
trained,int2float,1,431,44,3,True
trained,int2float,1,432,44,3,True
trained,int2float,1,433,44,3,True
trained,int2float,1,434,44,3,True
trained,int2float,1,435,44,3,True
trained,int2float,1,436,44,3,True
trained,int2float,1,437,44,3,True
trained,int2float,1,438,44,3,True
trained,int2float,1,439,44,3,True
trained,int2float,1,440,44,3,True
trained,int2float,1,441,44,3,True
trained,int2float,1,442,44,3,True
trained,int2float,1,443,44,3,True
trained,int2float,1,444,44,3,True
trained,int2float,1,445,44,3,True
trained,int2float,1,446,44,3,True
trained,int2float,1,447,44,3,True
trained,int2float,1,448,44,3,True
trained,int2float,1,449,44,3,True
trained,int2float,1,450,44,3,True
trained,int2float,1,451,44,3,True
trained,int2float,1,452,44,3,True
trained,int2float,1,453,44,3,True
trained,int2float,1,454,44,3,True
trained,int2float,1,455,44,3,True
trained,int2float,1,456,44,3,True
trained,int2float,1,457,44,3,True
trained,int2float,1,458,44,3,True
trained,int2float,1,459,44,3,True
trained,int2float,1,460,44,3,True
trained,int2float,1,461,44,3,True
trained,int2float,1,462,44,3,True
trained,int2float,1,463,44,3,True
trained,int2float,1,464,44,3,True
trained,int2float,1,465,44,3,True
trained,int2float,1,466,44,3,True
trained,int2float,1,467,44,3,True
trained,int2float,1,468,44,3,True
trained,int2float,1,469,44,3,True
trained,int2float,1,470,44,3,True
trained,int2float,1,471,44,3,True
trained,int2float,1,472,44,3,True
trained,int2float,1,473,44,3,True
trained,int2float,1,474,44,3,True
trained,int2float,1,475,44,3,True
trained,int2float,1,476,44,3,True
trained,int2float,1,477,44,3,True
trained,int2float,1,478,44,3,True
trained,int2float,1,479,44,3,True
trained,int2float,1,480,44,3,True
trained,int2float,1,481,44,3,True
trained,int2float,1,482,44,3,True
trained,int2float,1,483,44,3,True
trained,int2float,1,484,44,3,True
trained,int2float,1,485,44,3,True
trained,int2float,1,486,44,3,True
trained,int2float,1,487,44,3,True
trained,int2float,1,488,44,3,True
trained,int2float,1,489,44,3,True
trained,int2float,1,490,44,3,True
trained,int2float,1,491,44,3,True
trained,int2float,1,492,44,3,True
trained,int2float,1,493,44,3,True
trained,int2float,1,494,44,3,True
trained,int2float,1,495,44,3,True
trained,int2float,1,496,44,3,True
trained,int2float,1,497,44,3,True
trained,int2float,1,498,44,3,True
trained,int2float,1,499,44,3,True
trained,int2float,1,500,44,3,True
trained,int2float,1,501,44,3,True
trained,int2float,1,502,44,3,True
trained,int2float,1,503,44,3,True
trained,int2float,1,504,44,3,True
trained,int2float,1,505,44,3,True
trained,int2float,1,506,44,3,True
trained,int2float,1,507,44,3,True
trained,int2float,1,508,44,3,True
trained,int2float,1,509,44,3,True
trained,int2float,1,510,44,3,True
trained,int2float,1,511,44,3,True
trained,int2float,1,512,44,3,True
trained,int2float,1,513,44,3,True
trained,int2float,1,514,44,3,True
trained,int2float,1,515,44,3,True
trained,int2float,1,516,44,3,True
trained,int2float,1,517,44,3,True
trained,int2float,1,518,44,3,True
trained,int2float,1,519,44,3,True
trained,int2float,1,520,44,3,True
trained,int2float,1,521,44,3,True
trained,int2float,1,522,44,3,True
trained,int2float,1,523,44,3,True
trained,int2float,1,524,44,3,True
trained,int2float,1,525,44,3,True
trained,int2float,1,526,44,3,True
trained,int2float,1,527,44,3,True
trained,int2float,1,528,44,3,True
trained,int2float,1,529,44,3,True
trained,int2float,1,530,44,3,True
trained,int2float,1,531,44,3,True
trained,int2float,1,532,44,3,True
trained,int2float,1,533,44,3,True
trained,int2float,1,534,44,3,True
trained,int2float,1,535,44,3,True
trained,int2float,1,536,44,3,True
trained,int2float,1,537,44,3,True
trained,int2float,1,538,44,3,True
trained,int2float,1,539,44,3,True
trained,int2float,1,540,44,3,True
trained,int2float,1,541,44,3,True
trained,int2float,1,542,44,3,True
trained,int2float,1,543,44,3,True
trained,int2float,1,544,44,3,True
trained,int2float,1,545,44,3,True
trained,int2float,1,546,44,3,True
trained,int2float,1,547,44,3,True
trained,int2float,1,548,44,3,True
trained,int2float,1,549,44,3,True
trained,int2float,1,550,44,3,True
trained,int2float,1,551,44,3,True
trained,int2float,1,552,44,3,True
trained,int2float,1,553,44,3,True
trained,int2float,1,554,44,3,True
trained,int2float,1,555,44,3,True
trained,int2float,1,556,44,3,True
trained,int2float,1,557,44,3,True
trained,int2float,1,558,44,3,True
trained,int2float,1,559,44,3,True
trained,int2float,1,560,44,3,True
trained,int2float,1,561,44,3,True
trained,int2float,1,562,44,3,True
trained,int2float,1,563,44,3,True
trained,int2float,1,564,44,3,True
trained,int2float,1,565,44,3,True
trained,int2float,1,566,44,3,True
trained,int2float,1,567,44,3,True
trained,int2float,1,568,44,3,True
trained,int2float,1,569,44,3,True
trained,int2float,1,570,44,3,True
trained,int2float,1,571,44,3,True
trained,int2float,1,572,44,3,True
trained,int2float,1,573,44,3,True
trained,int2float,1,574,44,3,True
trained,int2float,1,575,44,3,True
trained,int2float,1,576,44,3,True
trained,int2float,1,577,44,3,True
trained,int2float,1,578,44,3,True
trained,int2float,1,579,44,3,True
trained,int2float,1,580,44,3,True
trained,int2float,1,581,44,3,True
trained,int2float,1,582,44,3,True
trained,int2float,1,583,44,3,True
trained,int2float,1,584,44,3,True
trained,int2float,1,585,44,3,True
trained,int2float,1,586,44,3,True
trained,int2float,1,587,44,3,True
trained,int2float,1,588,44,3,True
trained,int2float,1,589,44,3,True
trained,int2float,1,590,44,3,True
trained,int2float,1,591,44,3,True
trained,int2float,1,592,44,3,True
trained,int2float,1,593,44,3,True
trained,int2float,1,594,44,3,True
trained,int2float,1,595,44,3,True
trained,int2float,1,596,44,3,True
trained,int2float,1,597,44,3,True
trained,int2float,1,598,44,3,True
trained,int2float,1,599,44,3,True
trained,int2float,1,600,44,3,True
trained,int2float,1,601,44,3,True
trained,int2float,1,602,44,3,True
trained,int2float,1,603,44,3,True
trained,int2float,1,604,44,3,True
trained,int2float,1,605,44,3,True
trained,int2float,1,606,44,3,True
trained,int2float,1,607,44,3,True
trained,int2float,1,608,44,3,True
trained,int2float,1,609,44,3,True
trained,int2float,1,610,44,3,True
trained,int2float,1,611,44,3,True
trained,int2float,1,612,44,3,True
trained,int2float,1,613,44,3,True
trained,int2float,1,614,44,3,True
trained,int2float,1,615,44,3,True
trained,int2float,1,616,44,3,True
trained,int2float,1,617,44,3,True
trained,int2float,1,618,44,3,True
trained,int2float,1,619,44,3,True
trained,int2float,1,620,44,3,True
trained,int2float,1,621,44,3,True
trained,int2float,1,622,44,3,True
trained,int2float,1,623,44,3,True
trained,int2float,1,624,44,3,True
trained,int2float,1,625,44,3,True
trained,int2float,1,626,44,3,True
trained,int2float,1,627,44,3,True
trained,int2float,1,628,44,3,True
trained,int2float,1,629,44,3,True
trained,int2float,1,630,44,3,True
trained,int2float,1,631,44,3,True
trained,int2float,1,632,44,3,True
trained,int2float,1,633,44,3,True
trained,int2float,1,634,44,3,True
trained,int2float,1,635,44,3,True
trained,int2float,1,636,44,3,True
trained,int2float,1,637,44,3,True
trained,int2float,1,638,44,3,True
trained,int2float,1,639,44,3,True
trained,int2float,1,640,44,3,True
trained,int2float,1,641,44,3,True
trained,int2float,1,642,44,3,True
trained,int2float,1,643,44,3,True
trained,int2float,1,644,44,3,True
trained,int2float,1,645,44,3,True
trained,int2float,1,646,44,3,True
trained,int2float,1,647,44,3,True
trained,int2float,1,648,44,3,True
trained,int2float,1,649,44,3,True
trained,int2float,1,650,44,3,True
trained,int2float,1,651,44,3,True
trained,int2float,1,652,44,3,True
trained,int2float,1,653,44,3,True
trained,int2float,1,654,44,3,True
trained,int2float,1,655,44,3,True
trained,int2float,1,656,44,3,True
trained,int2float,1,657,44,3,True
trained,int2float,1,658,44,3,True
trained,int2float,1,659,44,3,True
trained,int2float,1,660,44,3,True
trained,int2float,1,661,44,3,True
trained,int2float,1,662,44,3,True
trained,int2float,1,663,44,3,True
trained,int2float,1,664,44,3,True
trained,int2float,1,665,44,3,True
trained,int2float,1,666,44,3,True
trained,int2float,1,667,44,3,True
trained,int2float,1,668,44,3,True
trained,int2float,1,669,44,3,True
trained,int2float,1,670,44,3,True
trained,int2float,1,671,44,3,True
trained,int2float,1,672,44,3,True
trained,int2float,1,673,44,3,True
trained,int2float,1,674,44,3,True
trained,int2float,1,675,44,3,True
trained,int2float,1,676,44,3,True
trained,int2float,1,677,44,3,True
trained,int2float,1,678,44,3,True
trained,int2float,1,679,44,3,True
trained,int2float,1,680,44,3,True
trained,int2float,1,681,44,3,True
trained,int2float,1,682,44,3,True
trained,int2float,1,683,44,3,True
trained,int2float,1,684,44,3,True
trained,int2float,1,685,44,3,True
trained,int2float,1,686,44,3,True
trained,int2float,1,687,44,3,True
trained,int2float,1,688,44,3,True
trained,int2float,1,689,44,3,True
trained,int2float,1,690,44,3,True
trained,int2float,1,691,44,3,True
trained,int2float,1,692,44,3,True
trained,int2float,1,693,44,3,True
trained,int2float,1,694,44,3,True
trained,int2float,1,695,44,3,True
trained,int2float,1,696,44,3,True
trained,int2float,1,697,44,3,True
trained,int2float,1,698,44,3,True
trained,int2float,1,699,44,3,True
trained,int2float,1,700,44,3,True
trained,int2float,1,701,44,3,True
trained,int2float,1,702,44,3,True
trained,int2float,1,703,44,3,True
trained,int2float,1,704,44,3,True
trained,int2float,1,705,44,3,True
trained,int2float,1,706,44,3,True
trained,int2float,1,707,44,3,True
trained,int2float,1,708,44,3,True
trained,int2float,1,709,44,3,True
trained,int2float,1,710,44,3,True
trained,int2float,1,711,44,3,True
trained,int2float,1,712,44,3,True
trained,int2float,1,713,44,3,True
trained,int2float,1,714,44,3,True
trained,int2float,1,715,44,3,True
trained,int2float,1,716,44,3,True
trained,int2float,1,717,44,3,True
trained,int2float,1,718,44,3,True
trained,int2float,1,719,44,3,True
trained,int2float,1,720,44,3,True
trained,int2float,1,721,44,3,True
trained,int2float,1,722,44,3,True
trained,int2float,1,723,44,3,True
trained,int2float,1,724,44,3,True
trained,int2float,1,725,44,3,True
trained,int2float,1,726,44,3,True
trained,int2float,1,727,44,3,True
trained,int2float,1,728,44,3,True
trained,int2float,1,729,44,3,True
trained,int2float,1,730,44,3,True
trained,int2float,1,731,44,3,True
trained,int2float,1,732,44,3,True
trained,int2float,1,733,44,3,True
trained,int2float,1,734,44,3,True
trained,int2float,1,735,44,3,True
trained,int2float,1,736,44,3,True
trained,int2float,1,737,44,3,True
trained,int2float,1,738,44,3,True
trained,int2float,1,739,44,3,True
trained,int2float,1,740,44,3,True
trained,int2float,1,741,44,3,True
trained,int2float,1,742,44,3,True
trained,int2float,1,743,44,3,True
trained,int2float,1,744,44,3,True
trained,int2float,1,745,44,3,True
trained,int2float,1,746,44,3,True
trained,int2float,1,747,44,3,True
trained,int2float,1,748,44,3,True
trained,int2float,1,749,44,3,True
trained,int2float,1,750,44,3,True
trained,int2float,1,751,44,3,True
trained,int2float,1,752,44,3,True
trained,int2float,1,753,44,3,True
trained,int2float,1,754,44,3,True
trained,int2float,1,755,44,3,True
trained,int2float,1,756,44,3,True
trained,int2float,1,757,44,3,True
trained,int2float,1,758,44,3,True
trained,int2float,1,759,44,3,True
trained,int2float,1,760,44,3,True
trained,int2float,1,761,44,3,True
trained,int2float,1,762,44,3,True
trained,int2float,1,763,44,3,True
trained,int2float,1,764,44,3,True
trained,int2float,1,765,44,3,True
trained,int2float,1,766,44,3,True
trained,int2float,1,767,44,3,True
trained,int2float,1,768,44,3,True
trained,int2float,1,769,44,3,True
trained,int2float,1,770,44,3,True
trained,int2float,1,771,44,3,True
trained,int2float,1,772,44,3,True
trained,int2float,1,773,44,3,True
trained,int2float,1,774,44,3,True
trained,int2float,1,775,44,3,True
trained,int2float,1,776,44,3,True
trained,int2float,1,777,44,3,True
trained,int2float,1,778,44,3,True
trained,int2float,1,779,44,3,True
trained,int2float,1,780,44,3,True
trained,int2float,1,781,44,3,True
trained,int2float,1,782,44,3,True
trained,int2float,1,783,44,3,True
trained,int2float,1,784,44,3,True
trained,int2float,1,785,44,3,True
trained,int2float,1,786,44,3,True
trained,int2float,1,787,44,3,True
trained,int2float,1,788,44,3,True
trained,int2float,1,789,44,3,True
trained,int2float,1,790,44,3,True
trained,int2float,1,791,44,3,True
trained,int2float,1,792,44,3,True
trained,int2float,1,793,44,3,True
trained,int2float,1,794,44,3,True
trained,int2float,1,795,44,3,True
trained,int2float,1,796,44,3,True
trained,int2float,1,797,44,3,True
trained,int2float,1,798,44,3,True
trained,int2float,1,799,44,3,True
trained,int2float,1,800,44,3,True
trained,int2float,1,801,44,3,True
trained,int2float,1,802,44,3,True
trained,int2float,1,803,44,3,True
trained,int2float,1,804,44,3,True
trained,int2float,1,805,44,3,True
trained,int2float,1,806,44,3,True
trained,int2float,1,807,44,3,True
trained,int2float,1,808,44,3,True
trained,int2float,1,809,44,3,True
trained,int2float,1,810,44,3,True
trained,int2float,1,811,44,3,True
trained,int2float,1,812,44,3,True
trained,int2float,1,813,44,3,True
trained,int2float,1,814,44,3,True
trained,int2float,1,815,44,3,True
trained,int2float,1,816,44,3,True
trained,int2float,1,817,44,3,True
trained,int2float,1,818,44,3,True
trained,int2float,1,819,44,3,True
trained,int2float,1,820,44,3,True
trained,int2float,1,821,44,3,True
trained,int2float,1,822,44,3,True
trained,int2float,1,823,44,3,True
trained,int2float,1,824,44,3,True
trained,int2float,1,825,44,3,True
trained,int2float,1,826,44,3,True
trained,int2float,1,827,44,3,True
trained,int2float,1,828,44,3,True
trained,int2float,1,829,44,3,True
trained,int2float,1,830,44,3,True
trained,int2float,1,831,44,3,True
trained,int2float,1,832,44,3,True
trained,int2float,1,833,44,3,True
trained,int2float,1,834,44,3,True
trained,int2float,1,835,44,3,True
trained,int2float,1,836,44,3,True
trained,int2float,1,837,44,3,True
trained,int2float,1,838,44,3,True
trained,int2float,1,839,44,3,True
trained,int2float,1,840,44,3,True
trained,int2float,1,841,44,3,True
trained,int2float,1,842,44,3,True
trained,int2float,1,843,44,3,True
trained,int2float,1,844,44,3,True
trained,int2float,1,845,44,3,True
trained,int2float,1,846,44,3,True
trained,int2float,1,847,44,3,True
trained,int2float,1,848,44,3,True
trained,int2float,1,849,44,3,True
trained,int2float,1,850,44,3,True
trained,int2float,1,851,44,3,True
trained,int2float,1,852,44,3,True
trained,int2float,1,853,44,3,True
trained,int2float,1,854,44,3,True
trained,int2float,1,855,44,3,True
trained,int2float,1,856,44,3,True
trained,int2float,1,857,44,3,True
trained,int2float,1,858,44,3,True
trained,int2float,1,859,44,3,True
trained,int2float,1,860,44,3,True
trained,int2float,1,861,44,3,True
trained,int2float,1,862,44,3,True
trained,int2float,1,863,44,3,True
trained,int2float,1,864,44,3,True
trained,int2float,1,865,44,3,True
trained,int2float,1,866,44,3,True
trained,int2float,1,867,44,3,True
trained,int2float,1,868,44,3,True
trained,int2float,1,869,44,3,True
trained,int2float,1,870,44,3,True
trained,int2float,1,871,44,3,True
trained,int2float,1,872,44,3,True
trained,int2float,1,873,44,3,True
trained,int2float,1,874,44,3,True
trained,int2float,1,875,44,3,True
trained,int2float,1,876,44,3,True
trained,int2float,1,877,44,3,True
trained,int2float,1,878,44,3,True
trained,int2float,1,879,44,3,True
trained,int2float,1,880,44,3,True
trained,int2float,1,881,44,3,True
trained,int2float,1,882,44,3,True
trained,int2float,1,883,44,3,True
trained,int2float,1,884,44,3,True
trained,int2float,1,885,44,3,True
trained,int2float,1,886,44,3,True
trained,int2float,1,887,44,3,True
trained,int2float,1,888,44,3,True
trained,int2float,1,889,44,3,True
trained,int2float,1,890,44,3,True
trained,int2float,1,891,44,3,True
trained,int2float,1,892,44,3,True
trained,int2float,1,893,44,3,True
trained,int2float,1,894,44,3,True
trained,int2float,1,895,44,3,True
trained,int2float,1,896,44,3,True
trained,int2float,1,897,44,3,True
trained,int2float,1,898,44,3,True
trained,int2float,1,899,44,3,True
trained,int2float,1,900,44,3,True
trained,int2float,1,901,44,3,True
trained,int2float,1,902,44,3,True
trained,int2float,1,903,44,3,True
trained,int2float,1,904,44,3,True
trained,int2float,1,905,44,3,True
trained,int2float,1,906,44,3,True
trained,int2float,1,907,44,3,True
trained,int2float,1,908,44,3,True
trained,int2float,1,909,44,3,True
trained,int2float,1,910,44,3,True
trained,int2float,1,911,44,3,True
trained,int2float,1,912,44,3,True
trained,int2float,1,913,44,3,True
trained,int2float,1,914,44,3,True
trained,int2float,1,915,44,3,True
trained,int2float,1,916,44,3,True
trained,int2float,1,917,44,3,True
trained,int2float,1,918,44,3,True
trained,int2float,1,919,44,3,True
trained,int2float,1,920,44,3,True
trained,int2float,1,921,44,3,True
trained,int2float,1,922,44,3,True
trained,int2float,1,923,44,3,True
trained,int2float,1,924,44,3,True
trained,int2float,1,925,44,3,True
trained,int2float,1,926,44,3,True
trained,int2float,1,927,44,3,True
trained,int2float,1,928,44,3,True
trained,int2float,1,929,44,3,True
trained,int2float,1,930,44,3,True
trained,int2float,1,931,44,3,True
trained,int2float,1,932,44,3,True
trained,int2float,1,933,44,3,True
trained,int2float,1,934,44,3,True
trained,int2float,1,935,44,3,True
trained,int2float,1,936,44,3,True
trained,int2float,1,937,44,3,True
trained,int2float,1,938,44,3,True
trained,int2float,1,939,44,3,True
trained,int2float,1,940,44,3,True
trained,int2float,1,941,44,3,True
trained,int2float,1,942,44,3,True
trained,int2float,1,943,44,3,True
trained,int2float,1,944,44,3,True
trained,int2float,1,945,44,3,True
trained,int2float,1,946,44,3,True
trained,int2float,1,947,44,3,True
trained,int2float,1,948,44,3,True
trained,int2float,1,949,44,3,True
trained,int2float,1,950,44,3,True
trained,int2float,1,951,44,3,True
trained,int2float,1,952,44,3,True
trained,int2float,1,953,44,3,True
trained,int2float,1,954,44,3,True
trained,int2float,1,955,44,3,True
trained,int2float,1,956,44,3,True
trained,int2float,1,957,44,3,True
trained,int2float,1,958,44,3,True
trained,int2float,1,959,44,3,True
trained,int2float,1,960,44,3,True
trained,int2float,1,961,44,3,True
trained,int2float,1,962,44,3,True
trained,int2float,1,963,44,3,True
trained,int2float,1,964,44,3,True
trained,int2float,1,965,44,3,True
trained,int2float,1,966,44,3,True
trained,int2float,1,967,44,3,True
trained,int2float,1,968,44,3,True
trained,int2float,1,969,44,3,True
trained,int2float,1,970,44,3,True
trained,int2float,1,971,44,3,True
trained,int2float,1,972,44,3,True
trained,int2float,1,973,44,3,True
trained,int2float,1,974,44,3,True
trained,int2float,1,975,44,3,True
trained,int2float,1,976,44,3,True
trained,int2float,1,977,44,3,True
trained,int2float,1,978,44,3,True
trained,int2float,1,979,44,3,True
trained,int2float,1,980,44,3,True
trained,int2float,1,981,44,3,True
trained,int2float,1,982,44,3,True
trained,int2float,1,983,44,3,True
trained,int2float,1,984,44,3,True
trained,int2float,1,985,44,3,True
trained,int2float,1,986,44,3,True
trained,int2float,1,987,44,3,True
trained,int2float,1,988,44,3,True
trained,int2float,1,989,44,3,True
trained,int2float,1,990,44,3,True
trained,int2float,1,991,44,3,True
trained,int2float,1,992,44,3,True
trained,int2float,1,993,44,3,True
trained,int2float,1,994,44,3,True
trained,int2float,1,995,44,3,True
trained,int2float,1,996,44,3,True
trained,int2float,1,997,44,3,True
trained,int2float,1,998,44,3,True
trained,int2float,1,999,44,3,True
trained,int2float,1,1000,44,3,True
trained,int2float,2,1,49,3,True
trained,int2float,2,2,49,3,True
trained,int2float,2,3,48,3,True
trained,int2float,2,4,48,3,True
trained,int2float,2,5,48,3,True
trained,int2float,2,6,46,3,True
trained,int2float,2,7,46,3,True
trained,int2float,2,8,46,3,True
trained,int2float,2,9,46,3,True
trained,int2float,2,10,46,3,True
trained,int2float,2,11,46,3,True
trained,int2float,2,12,46,3,True
trained,int2float,2,13,46,3,True
trained,int2float,2,14,46,3,True
trained,int2float,2,15,46,3,True
trained,int2float,2,16,46,3,True
trained,int2float,2,17,46,3,True
trained,int2float,2,18,46,3,True
trained,int2float,2,19,46,3,True
trained,int2float,2,20,46,3,True
trained,int2float,2,21,46,3,True
trained,int2float,2,22,46,3,True
trained,int2float,2,23,46,3,True
trained,int2float,2,24,46,3,True
trained,int2float,2,25,46,3,True
trained,int2float,2,26,46,3,True
trained,int2float,2,27,46,3,True
trained,int2float,2,28,46,3,True
trained,int2float,2,29,46,3,True
trained,int2float,2,30,46,3,True
trained,int2float,2,31,46,3,True
trained,int2float,2,32,46,3,True
trained,int2float,2,33,46,3,True
trained,int2float,2,34,46,3,True
trained,int2float,2,35,46,3,True
trained,int2float,2,36,46,3,True
trained,int2float,2,37,46,3,True
trained,int2float,2,38,46,3,True
trained,int2float,2,39,46,3,True
trained,int2float,2,40,46,3,True
trained,int2float,2,41,46,3,True
trained,int2float,2,42,46,3,True
trained,int2float,2,43,46,3,True
trained,int2float,2,44,46,3,True
trained,int2float,2,45,46,3,True
trained,int2float,2,46,46,3,True
trained,int2float,2,47,46,3,True
trained,int2float,2,48,46,3,True
trained,int2float,2,49,46,3,True
trained,int2float,2,50,46,3,True
trained,int2float,2,51,46,3,True
trained,int2float,2,52,46,3,True
trained,int2float,2,53,46,3,True
trained,int2float,2,54,46,3,True
trained,int2float,2,55,46,3,True
trained,int2float,2,56,46,3,True
trained,int2float,2,57,46,3,True
trained,int2float,2,58,46,3,True
trained,int2float,2,59,46,3,True
trained,int2float,2,60,46,3,True
trained,int2float,2,61,46,3,True
trained,int2float,2,62,46,3,True
trained,int2float,2,63,46,3,True
trained,int2float,2,64,46,3,True
trained,int2float,2,65,46,3,True
trained,int2float,2,66,46,3,True
trained,int2float,2,67,46,3,True
trained,int2float,2,68,46,3,True
trained,int2float,2,69,46,3,True
trained,int2float,2,70,46,3,True
trained,int2float,2,71,46,3,True
trained,int2float,2,72,46,3,True
trained,int2float,2,73,46,3,True
trained,int2float,2,74,46,3,True
trained,int2float,2,75,46,3,True
trained,int2float,2,76,46,3,True
trained,int2float,2,77,46,3,True
trained,int2float,2,78,46,3,True
trained,int2float,2,79,46,3,True
trained,int2float,2,80,46,3,True
trained,int2float,2,81,46,3,True
trained,int2float,2,82,46,3,True
trained,int2float,2,83,46,3,True
trained,int2float,2,84,46,3,True
trained,int2float,2,85,46,3,True
trained,int2float,2,86,46,3,True
trained,int2float,2,87,46,3,True
trained,int2float,2,88,46,3,True
trained,int2float,2,89,46,3,True
trained,int2float,2,90,46,3,True
trained,int2float,2,91,46,3,True
trained,int2float,2,92,46,3,True
trained,int2float,2,93,46,3,True
trained,int2float,2,94,46,3,True
trained,int2float,2,95,46,3,True
trained,int2float,2,96,46,3,True
trained,int2float,2,97,46,3,True
trained,int2float,2,98,46,3,True
trained,int2float,2,99,46,3,True
trained,int2float,2,100,46,3,True
trained,int2float,2,101,46,3,True
trained,int2float,2,102,46,3,True
trained,int2float,2,103,46,3,True
trained,int2float,2,104,46,3,True
trained,int2float,2,105,46,3,True
trained,int2float,2,106,46,3,True
trained,int2float,2,107,46,3,True
trained,int2float,2,108,46,3,True
trained,int2float,2,109,46,3,True
trained,int2float,2,110,46,3,True
trained,int2float,2,111,46,3,True
trained,int2float,2,112,46,3,True
trained,int2float,2,113,46,3,True
trained,int2float,2,114,46,3,True
trained,int2float,2,115,46,3,True
trained,int2float,2,116,46,3,True
trained,int2float,2,117,46,3,True
trained,int2float,2,118,46,3,True
trained,int2float,2,119,46,3,True
trained,int2float,2,120,46,3,True
trained,int2float,2,121,46,3,True
trained,int2float,2,122,46,3,True
trained,int2float,2,123,46,3,True
trained,int2float,2,124,46,3,True
trained,int2float,2,125,46,3,True
trained,int2float,2,126,46,3,True
trained,int2float,2,127,46,3,True
trained,int2float,2,128,46,3,True
trained,int2float,2,129,46,3,True
trained,int2float,2,130,46,3,True
trained,int2float,2,131,46,3,True
trained,int2float,2,132,46,3,True
trained,int2float,2,133,46,3,True
trained,int2float,2,134,46,3,True
trained,int2float,2,135,46,3,True
trained,int2float,2,136,46,3,True
trained,int2float,2,137,46,3,True
trained,int2float,2,138,46,3,True
trained,int2float,2,139,46,3,True
trained,int2float,2,140,46,3,True
trained,int2float,2,141,46,3,True
trained,int2float,2,142,46,3,True
trained,int2float,2,143,46,3,True
trained,int2float,2,144,46,3,True
trained,int2float,2,145,46,3,True
trained,int2float,2,146,46,3,True
trained,int2float,2,147,46,3,True
trained,int2float,2,148,45,3,True
trained,int2float,2,149,45,3,True
trained,int2float,2,150,45,3,True
trained,int2float,2,151,45,3,True
trained,int2float,2,152,45,3,True
trained,int2float,2,153,45,3,True
trained,int2float,2,154,45,3,True
trained,int2float,2,155,45,3,True
trained,int2float,2,156,45,3,True
trained,int2float,2,157,45,3,True
trained,int2float,2,158,45,3,True
trained,int2float,2,159,45,3,True
trained,int2float,2,160,45,3,True
trained,int2float,2,161,45,3,True
trained,int2float,2,162,45,3,True
trained,int2float,2,163,45,3,True
trained,int2float,2,164,45,3,True
trained,int2float,2,165,45,3,True
trained,int2float,2,166,45,3,True
trained,int2float,2,167,45,3,True
trained,int2float,2,168,45,3,True
trained,int2float,2,169,45,3,True
trained,int2float,2,170,45,3,True
trained,int2float,2,171,45,3,True
trained,int2float,2,172,45,3,True
trained,int2float,2,173,45,3,True
trained,int2float,2,174,45,3,True
trained,int2float,2,175,45,3,True
trained,int2float,2,176,45,3,True
trained,int2float,2,177,45,3,True
trained,int2float,2,178,45,3,True
trained,int2float,2,179,45,3,True
trained,int2float,2,180,45,3,True
trained,int2float,2,181,45,3,True
trained,int2float,2,182,45,3,True
trained,int2float,2,183,45,3,True
trained,int2float,2,184,45,3,True
trained,int2float,2,185,45,3,True
trained,int2float,2,186,45,3,True
trained,int2float,2,187,45,3,True
trained,int2float,2,188,45,3,True
trained,int2float,2,189,45,3,True
trained,int2float,2,190,45,3,True
trained,int2float,2,191,45,3,True
trained,int2float,2,192,45,3,True
trained,int2float,2,193,45,3,True
trained,int2float,2,194,45,3,True
trained,int2float,2,195,45,3,True
trained,int2float,2,196,45,3,True
trained,int2float,2,197,45,3,True
trained,int2float,2,198,45,3,True
trained,int2float,2,199,45,3,True
trained,int2float,2,200,45,3,True
trained,int2float,2,201,45,3,True
trained,int2float,2,202,45,3,True
trained,int2float,2,203,45,3,True
trained,int2float,2,204,45,3,True
trained,int2float,2,205,45,3,True
trained,int2float,2,206,45,3,True
trained,int2float,2,207,45,3,True
trained,int2float,2,208,45,3,True
trained,int2float,2,209,45,3,True
trained,int2float,2,210,45,3,True
trained,int2float,2,211,45,3,True
trained,int2float,2,212,45,3,True
trained,int2float,2,213,45,3,True
trained,int2float,2,214,45,3,True
trained,int2float,2,215,45,3,True
trained,int2float,2,216,45,3,True
trained,int2float,2,217,45,3,True
trained,int2float,2,218,45,3,True
trained,int2float,2,219,45,3,True
trained,int2float,2,220,45,3,True
trained,int2float,2,221,45,3,True
trained,int2float,2,222,45,3,True
trained,int2float,2,223,45,3,True
trained,int2float,2,224,45,3,True
trained,int2float,2,225,45,3,True
trained,int2float,2,226,45,3,True
trained,int2float,2,227,45,3,True
trained,int2float,2,228,45,3,True
trained,int2float,2,229,45,3,True
trained,int2float,2,230,45,3,True
trained,int2float,2,231,45,3,True
trained,int2float,2,232,45,3,True
trained,int2float,2,233,45,3,True
trained,int2float,2,234,45,3,True
trained,int2float,2,235,45,3,True
trained,int2float,2,236,45,3,True
trained,int2float,2,237,45,3,True
trained,int2float,2,238,45,3,True
trained,int2float,2,239,45,3,True
trained,int2float,2,240,45,3,True
trained,int2float,2,241,45,3,True
trained,int2float,2,242,45,3,True
trained,int2float,2,243,45,3,True
trained,int2float,2,244,45,3,True
trained,int2float,2,245,45,3,True
trained,int2float,2,246,45,3,True
trained,int2float,2,247,45,3,True
trained,int2float,2,248,45,3,True
trained,int2float,2,249,45,3,True
trained,int2float,2,250,45,3,True
trained,int2float,2,251,45,3,True
trained,int2float,2,252,45,3,True
trained,int2float,2,253,45,3,True
trained,int2float,2,254,45,3,True
trained,int2float,2,255,45,3,True
trained,int2float,2,256,45,3,True
trained,int2float,2,257,45,3,True
trained,int2float,2,258,45,3,True
trained,int2float,2,259,45,3,True
trained,int2float,2,260,45,3,True
trained,int2float,2,261,45,3,True
trained,int2float,2,262,45,3,True
trained,int2float,2,263,45,3,True
trained,int2float,2,264,45,3,True
trained,int2float,2,265,45,3,True
trained,int2float,2,266,45,3,True
trained,int2float,2,267,45,3,True
trained,int2float,2,268,45,3,True
trained,int2float,2,269,45,3,True
trained,int2float,2,270,45,3,True
trained,int2float,2,271,45,3,True
trained,int2float,2,272,45,3,True
trained,int2float,2,273,45,3,True
trained,int2float,2,274,45,3,True
trained,int2float,2,275,45,3,True
trained,int2float,2,276,45,3,True
trained,int2float,2,277,45,3,True
trained,int2float,2,278,45,3,True
trained,int2float,2,279,45,3,True
trained,int2float,2,280,45,3,True
trained,int2float,2,281,45,3,True
trained,int2float,2,282,45,3,True
trained,int2float,2,283,45,3,True
trained,int2float,2,284,45,3,True
trained,int2float,2,285,45,3,True
trained,int2float,2,286,45,3,True
trained,int2float,2,287,45,3,True
trained,int2float,2,288,45,3,True
trained,int2float,2,289,45,3,True
trained,int2float,2,290,45,3,True
trained,int2float,2,291,45,3,True
trained,int2float,2,292,45,3,True
trained,int2float,2,293,45,3,True
trained,int2float,2,294,45,3,True
trained,int2float,2,295,45,3,True
trained,int2float,2,296,45,3,True
trained,int2float,2,297,45,3,True
trained,int2float,2,298,45,3,True
trained,int2float,2,299,45,3,True
trained,int2float,2,300,45,3,True
trained,int2float,2,301,45,3,True
trained,int2float,2,302,45,3,True
trained,int2float,2,303,45,3,True
trained,int2float,2,304,45,3,True
trained,int2float,2,305,45,3,True
trained,int2float,2,306,45,3,True
trained,int2float,2,307,45,3,True
trained,int2float,2,308,45,3,True
trained,int2float,2,309,45,3,True
trained,int2float,2,310,45,3,True
trained,int2float,2,311,45,3,True
trained,int2float,2,312,45,3,True
trained,int2float,2,313,45,3,True
trained,int2float,2,314,45,3,True
trained,int2float,2,315,45,3,True
trained,int2float,2,316,45,3,True
trained,int2float,2,317,45,3,True
trained,int2float,2,318,45,3,True
trained,int2float,2,319,45,3,True
trained,int2float,2,320,45,3,True
trained,int2float,2,321,45,3,True
trained,int2float,2,322,45,3,True
trained,int2float,2,323,45,3,True
trained,int2float,2,324,45,3,True
trained,int2float,2,325,45,3,True
trained,int2float,2,326,45,3,True
trained,int2float,2,327,45,3,True
trained,int2float,2,328,45,3,True
trained,int2float,2,329,45,3,True
trained,int2float,2,330,45,3,True
trained,int2float,2,331,45,3,True
trained,int2float,2,332,45,3,True
trained,int2float,2,333,45,3,True
trained,int2float,2,334,45,3,True
trained,int2float,2,335,45,3,True
trained,int2float,2,336,45,3,True
trained,int2float,2,337,45,3,True
trained,int2float,2,338,45,3,True
trained,int2float,2,339,45,3,True
trained,int2float,2,340,45,3,True
trained,int2float,2,341,45,3,True
trained,int2float,2,342,45,3,True
trained,int2float,2,343,45,3,True
trained,int2float,2,344,45,3,True
trained,int2float,2,345,45,3,True
trained,int2float,2,346,45,3,True
trained,int2float,2,347,45,3,True
trained,int2float,2,348,45,3,True
trained,int2float,2,349,45,3,True
trained,int2float,2,350,45,3,True
trained,int2float,2,351,45,3,True
trained,int2float,2,352,45,3,True
trained,int2float,2,353,45,3,True
trained,int2float,2,354,45,3,True
trained,int2float,2,355,45,3,True
trained,int2float,2,356,45,3,True
trained,int2float,2,357,45,3,True
trained,int2float,2,358,45,3,True
trained,int2float,2,359,45,3,True
trained,int2float,2,360,45,3,True
trained,int2float,2,361,45,3,True
trained,int2float,2,362,45,3,True
trained,int2float,2,363,45,3,True
trained,int2float,2,364,45,3,True
trained,int2float,2,365,45,3,True
trained,int2float,2,366,45,3,True
trained,int2float,2,367,45,3,True
trained,int2float,2,368,45,3,True
trained,int2float,2,369,45,3,True
trained,int2float,2,370,45,3,True
trained,int2float,2,371,45,3,True
trained,int2float,2,372,45,3,True
trained,int2float,2,373,45,3,True
trained,int2float,2,374,45,3,True
trained,int2float,2,375,45,3,True
trained,int2float,2,376,45,3,True
trained,int2float,2,377,45,3,True
trained,int2float,2,378,45,3,True
trained,int2float,2,379,45,3,True
trained,int2float,2,380,45,3,True
trained,int2float,2,381,45,3,True
trained,int2float,2,382,45,3,True
trained,int2float,2,383,45,3,True
trained,int2float,2,384,45,3,True
trained,int2float,2,385,45,3,True
trained,int2float,2,386,45,3,True
trained,int2float,2,387,45,3,True
trained,int2float,2,388,45,3,True
trained,int2float,2,389,45,3,True
trained,int2float,2,390,45,3,True
trained,int2float,2,391,45,3,True
trained,int2float,2,392,45,3,True
trained,int2float,2,393,45,3,True
trained,int2float,2,394,45,3,True
trained,int2float,2,395,45,3,True
trained,int2float,2,396,45,3,True
trained,int2float,2,397,45,3,True
trained,int2float,2,398,45,3,True
trained,int2float,2,399,45,3,True
trained,int2float,2,400,45,3,True
trained,int2float,2,401,45,3,True
trained,int2float,2,402,45,3,True
trained,int2float,2,403,45,3,True
trained,int2float,2,404,45,3,True
trained,int2float,2,405,45,3,True
trained,int2float,2,406,45,3,True
trained,int2float,2,407,45,3,True
trained,int2float,2,408,45,3,True
trained,int2float,2,409,45,3,True
trained,int2float,2,410,45,3,True
trained,int2float,2,411,45,3,True
trained,int2float,2,412,45,3,True
trained,int2float,2,413,45,3,True
trained,int2float,2,414,45,3,True
trained,int2float,2,415,45,3,True
trained,int2float,2,416,45,3,True
trained,int2float,2,417,45,3,True
trained,int2float,2,418,45,3,True
trained,int2float,2,419,45,3,True
trained,int2float,2,420,45,3,True
trained,int2float,2,421,45,3,True
trained,int2float,2,422,45,3,True
trained,int2float,2,423,45,3,True
trained,int2float,2,424,45,3,True
trained,int2float,2,425,45,3,True
trained,int2float,2,426,45,3,True
trained,int2float,2,427,45,3,True
trained,int2float,2,428,45,3,True
trained,int2float,2,429,45,3,True
trained,int2float,2,430,45,3,True
trained,int2float,2,431,45,3,True
trained,int2float,2,432,45,3,True
trained,int2float,2,433,45,3,True
trained,int2float,2,434,45,3,True
trained,int2float,2,435,45,3,True
trained,int2float,2,436,45,3,True
trained,int2float,2,437,45,3,True
trained,int2float,2,438,45,3,True
trained,int2float,2,439,45,3,True
trained,int2float,2,440,45,3,True
trained,int2float,2,441,45,3,True
trained,int2float,2,442,45,3,True
trained,int2float,2,443,45,3,True
trained,int2float,2,444,45,3,True
trained,int2float,2,445,45,3,True
trained,int2float,2,446,45,3,True
trained,int2float,2,447,45,3,True
trained,int2float,2,448,45,3,True
trained,int2float,2,449,45,3,True
trained,int2float,2,450,45,3,True
trained,int2float,2,451,45,3,True
trained,int2float,2,452,45,3,True
trained,int2float,2,453,45,3,True
trained,int2float,2,454,45,3,True
trained,int2float,2,455,45,3,True
trained,int2float,2,456,45,3,True
trained,int2float,2,457,45,3,True
trained,int2float,2,458,45,3,True
trained,int2float,2,459,45,3,True
trained,int2float,2,460,45,3,True
trained,int2float,2,461,45,3,True
trained,int2float,2,462,45,3,True
trained,int2float,2,463,45,3,True
trained,int2float,2,464,45,3,True
trained,int2float,2,465,45,3,True
trained,int2float,2,466,45,3,True
trained,int2float,2,467,45,3,True
trained,int2float,2,468,45,3,True
trained,int2float,2,469,45,3,True
trained,int2float,2,470,45,3,True
trained,int2float,2,471,45,3,True
trained,int2float,2,472,45,3,True
trained,int2float,2,473,45,3,True
trained,int2float,2,474,45,3,True
trained,int2float,2,475,45,3,True
trained,int2float,2,476,45,3,True
trained,int2float,2,477,45,3,True
trained,int2float,2,478,45,3,True
trained,int2float,2,479,45,3,True
trained,int2float,2,480,45,3,True
trained,int2float,2,481,45,3,True
trained,int2float,2,482,45,3,True
trained,int2float,2,483,45,3,True
trained,int2float,2,484,45,3,True
trained,int2float,2,485,45,3,True
trained,int2float,2,486,45,3,True
trained,int2float,2,487,45,3,True
trained,int2float,2,488,45,3,True
trained,int2float,2,489,45,3,True
trained,int2float,2,490,45,3,True
trained,int2float,2,491,45,3,True
trained,int2float,2,492,45,3,True
trained,int2float,2,493,45,3,True
trained,int2float,2,494,45,3,True
trained,int2float,2,495,45,3,True
trained,int2float,2,496,45,3,True
trained,int2float,2,497,45,3,True
trained,int2float,2,498,45,3,True
trained,int2float,2,499,45,3,True
trained,int2float,2,500,45,3,True
trained,int2float,2,501,45,3,True
trained,int2float,2,502,45,3,True
trained,int2float,2,503,45,3,True
trained,int2float,2,504,45,3,True
trained,int2float,2,505,45,3,True
trained,int2float,2,506,45,3,True
trained,int2float,2,507,45,3,True
trained,int2float,2,508,45,3,True
trained,int2float,2,509,45,3,True
trained,int2float,2,510,44,3,True
trained,int2float,2,511,44,3,True
trained,int2float,2,512,44,3,True
trained,int2float,2,513,44,3,True
trained,int2float,2,514,44,3,True
trained,int2float,2,515,44,3,True
trained,int2float,2,516,44,3,True
trained,int2float,2,517,44,3,True
trained,int2float,2,518,44,3,True
trained,int2float,2,519,44,3,True
trained,int2float,2,520,44,3,True
trained,int2float,2,521,44,3,True
trained,int2float,2,522,44,3,True
trained,int2float,2,523,44,3,True
trained,int2float,2,524,44,3,True
trained,int2float,2,525,44,3,True
trained,int2float,2,526,44,3,True
trained,int2float,2,527,44,3,True
trained,int2float,2,528,44,3,True
trained,int2float,2,529,44,3,True
trained,int2float,2,530,44,3,True
trained,int2float,2,531,44,3,True
trained,int2float,2,532,44,3,True
trained,int2float,2,533,44,3,True
trained,int2float,2,534,44,3,True
trained,int2float,2,535,44,3,True
trained,int2float,2,536,44,3,True
trained,int2float,2,537,44,3,True
trained,int2float,2,538,44,3,True
trained,int2float,2,539,44,3,True
trained,int2float,2,540,44,3,True
trained,int2float,2,541,44,3,True
trained,int2float,2,542,44,3,True
trained,int2float,2,543,44,3,True
trained,int2float,2,544,44,3,True
trained,int2float,2,545,44,3,True
trained,int2float,2,546,44,3,True
trained,int2float,2,547,44,3,True
trained,int2float,2,548,44,3,True
trained,int2float,2,549,44,3,True
trained,int2float,2,550,44,3,True
trained,int2float,2,551,44,3,True
trained,int2float,2,552,44,3,True
trained,int2float,2,553,44,3,True
trained,int2float,2,554,44,3,True
trained,int2float,2,555,44,3,True
trained,int2float,2,556,44,3,True
trained,int2float,2,557,44,3,True
trained,int2float,2,558,44,3,True
trained,int2float,2,559,44,3,True
trained,int2float,2,560,44,3,True
trained,int2float,2,561,44,3,True
trained,int2float,2,562,44,3,True
trained,int2float,2,563,44,3,True
trained,int2float,2,564,44,3,True
trained,int2float,2,565,44,3,True
trained,int2float,2,566,44,3,True
trained,int2float,2,567,44,3,True
trained,int2float,2,568,44,3,True
trained,int2float,2,569,44,3,True
trained,int2float,2,570,44,3,True
trained,int2float,2,571,44,3,True
trained,int2float,2,572,44,3,True
trained,int2float,2,573,44,3,True
trained,int2float,2,574,44,3,True
trained,int2float,2,575,44,3,True
trained,int2float,2,576,44,3,True
trained,int2float,2,577,44,3,True
trained,int2float,2,578,44,3,True
trained,int2float,2,579,44,3,True
trained,int2float,2,580,44,3,True
trained,int2float,2,581,44,3,True
trained,int2float,2,582,44,3,True
trained,int2float,2,583,44,3,True
trained,int2float,2,584,44,3,True
trained,int2float,2,585,44,3,True
trained,int2float,2,586,44,3,True
trained,int2float,2,587,44,3,True
trained,int2float,2,588,44,3,True
trained,int2float,2,589,44,3,True
trained,int2float,2,590,44,3,True
trained,int2float,2,591,44,3,True
trained,int2float,2,592,44,3,True
trained,int2float,2,593,44,3,True
trained,int2float,2,594,44,3,True
trained,int2float,2,595,44,3,True
trained,int2float,2,596,44,3,True
trained,int2float,2,597,44,3,True
trained,int2float,2,598,44,3,True
trained,int2float,2,599,44,3,True
trained,int2float,2,600,44,3,True
trained,int2float,2,601,44,3,True
trained,int2float,2,602,44,3,True
trained,int2float,2,603,44,3,True
trained,int2float,2,604,44,3,True
trained,int2float,2,605,44,3,True
trained,int2float,2,606,44,3,True
trained,int2float,2,607,44,3,True
trained,int2float,2,608,44,3,True
trained,int2float,2,609,44,3,True
trained,int2float,2,610,44,3,True
trained,int2float,2,611,44,3,True
trained,int2float,2,612,44,3,True
trained,int2float,2,613,44,3,True
trained,int2float,2,614,44,3,True
trained,int2float,2,615,44,3,True
trained,int2float,2,616,44,3,True
trained,int2float,2,617,44,3,True
trained,int2float,2,618,44,3,True
trained,int2float,2,619,44,3,True
trained,int2float,2,620,44,3,True
trained,int2float,2,621,44,3,True
trained,int2float,2,622,44,3,True
trained,int2float,2,623,44,3,True
trained,int2float,2,624,44,3,True
trained,int2float,2,625,44,3,True
trained,int2float,2,626,44,3,True
trained,int2float,2,627,44,3,True
trained,int2float,2,628,44,3,True
trained,int2float,2,629,44,3,True
trained,int2float,2,630,44,3,True
trained,int2float,2,631,44,3,True
trained,int2float,2,632,44,3,True
trained,int2float,2,633,44,3,True
trained,int2float,2,634,44,3,True
trained,int2float,2,635,44,3,True
trained,int2float,2,636,44,3,True
trained,int2float,2,637,44,3,True
trained,int2float,2,638,44,3,True
trained,int2float,2,639,44,3,True
trained,int2float,2,640,44,3,True
trained,int2float,2,641,44,3,True
trained,int2float,2,642,44,3,True
trained,int2float,2,643,44,3,True
trained,int2float,2,644,44,3,True
trained,int2float,2,645,44,3,True
trained,int2float,2,646,44,3,True
trained,int2float,2,647,44,3,True
trained,int2float,2,648,44,3,True
trained,int2float,2,649,44,3,True
trained,int2float,2,650,44,3,True
trained,int2float,2,651,44,3,True
trained,int2float,2,652,44,3,True
trained,int2float,2,653,44,3,True
trained,int2float,2,654,44,3,True
trained,int2float,2,655,44,3,True
trained,int2float,2,656,44,3,True
trained,int2float,2,657,44,3,True
trained,int2float,2,658,44,3,True
trained,int2float,2,659,44,3,True
trained,int2float,2,660,44,3,True
trained,int2float,2,661,44,3,True
trained,int2float,2,662,44,3,True
trained,int2float,2,663,44,3,True
trained,int2float,2,664,44,3,True
trained,int2float,2,665,44,3,True
trained,int2float,2,666,44,3,True
trained,int2float,2,667,44,3,True
trained,int2float,2,668,44,3,True
trained,int2float,2,669,44,3,True
trained,int2float,2,670,44,3,True
trained,int2float,2,671,44,3,True
trained,int2float,2,672,44,3,True
trained,int2float,2,673,44,3,True
trained,int2float,2,674,44,3,True
trained,int2float,2,675,44,3,True
trained,int2float,2,676,44,3,True
trained,int2float,2,677,44,3,True
trained,int2float,2,678,44,3,True
trained,int2float,2,679,44,3,True
trained,int2float,2,680,44,3,True
trained,int2float,2,681,44,3,True
trained,int2float,2,682,44,3,True
trained,int2float,2,683,44,3,True
trained,int2float,2,684,44,3,True
trained,int2float,2,685,44,3,True
trained,int2float,2,686,44,3,True
trained,int2float,2,687,44,3,True
trained,int2float,2,688,44,3,True
trained,int2float,2,689,44,3,True
trained,int2float,2,690,44,3,True
trained,int2float,2,691,44,3,True
trained,int2float,2,692,44,3,True
trained,int2float,2,693,44,3,True
trained,int2float,2,694,44,3,True
trained,int2float,2,695,44,3,True
trained,int2float,2,696,44,3,True
trained,int2float,2,697,44,3,True
trained,int2float,2,698,44,3,True
trained,int2float,2,699,44,3,True
trained,int2float,2,700,44,3,True
trained,int2float,2,701,44,3,True
trained,int2float,2,702,44,3,True
trained,int2float,2,703,44,3,True
trained,int2float,2,704,44,3,True
trained,int2float,2,705,44,3,True
trained,int2float,2,706,44,3,True
trained,int2float,2,707,44,3,True
trained,int2float,2,708,44,3,True
trained,int2float,2,709,44,3,True
trained,int2float,2,710,44,3,True
trained,int2float,2,711,44,3,True
trained,int2float,2,712,44,3,True
trained,int2float,2,713,44,3,True
trained,int2float,2,714,44,3,True
trained,int2float,2,715,44,3,True
trained,int2float,2,716,44,3,True
trained,int2float,2,717,44,3,True
trained,int2float,2,718,44,3,True
trained,int2float,2,719,44,3,True
trained,int2float,2,720,44,3,True
trained,int2float,2,721,44,3,True
trained,int2float,2,722,44,3,True
trained,int2float,2,723,44,3,True
trained,int2float,2,724,44,3,True
trained,int2float,2,725,44,3,True
trained,int2float,2,726,44,3,True
trained,int2float,2,727,44,3,True
trained,int2float,2,728,44,3,True
trained,int2float,2,729,44,3,True
trained,int2float,2,730,44,3,True
trained,int2float,2,731,44,3,True
trained,int2float,2,732,44,3,True
trained,int2float,2,733,44,3,True
trained,int2float,2,734,44,3,True
trained,int2float,2,735,44,3,True
trained,int2float,2,736,44,3,True
trained,int2float,2,737,44,3,True
trained,int2float,2,738,44,3,True
trained,int2float,2,739,44,3,True
trained,int2float,2,740,44,3,True
trained,int2float,2,741,44,3,True
trained,int2float,2,742,44,3,True
trained,int2float,2,743,44,3,True
trained,int2float,2,744,44,3,True
trained,int2float,2,745,44,3,True
trained,int2float,2,746,44,3,True
trained,int2float,2,747,44,3,True
trained,int2float,2,748,44,3,True
trained,int2float,2,749,44,3,True
trained,int2float,2,750,44,3,True
trained,int2float,2,751,44,3,True
trained,int2float,2,752,44,3,True
trained,int2float,2,753,44,3,True
trained,int2float,2,754,44,3,True
trained,int2float,2,755,44,3,True
trained,int2float,2,756,44,3,True
trained,int2float,2,757,44,3,True
trained,int2float,2,758,44,3,True
trained,int2float,2,759,44,3,True
trained,int2float,2,760,44,3,True
trained,int2float,2,761,44,3,True
trained,int2float,2,762,44,3,True
trained,int2float,2,763,44,3,True
trained,int2float,2,764,44,3,True
trained,int2float,2,765,44,3,True
trained,int2float,2,766,44,3,True
trained,int2float,2,767,44,3,True
trained,int2float,2,768,44,3,True
trained,int2float,2,769,44,3,True
trained,int2float,2,770,44,3,True
trained,int2float,2,771,44,3,True
trained,int2float,2,772,44,3,True
trained,int2float,2,773,44,3,True
trained,int2float,2,774,44,3,True
trained,int2float,2,775,44,3,True
trained,int2float,2,776,44,3,True
trained,int2float,2,777,44,3,True
trained,int2float,2,778,44,3,True
trained,int2float,2,779,44,3,True
trained,int2float,2,780,44,3,True
trained,int2float,2,781,44,3,True
trained,int2float,2,782,44,3,True
trained,int2float,2,783,44,3,True
trained,int2float,2,784,44,3,True
trained,int2float,2,785,44,3,True
trained,int2float,2,786,44,3,True
trained,int2float,2,787,44,3,True
trained,int2float,2,788,44,3,True
trained,int2float,2,789,44,3,True
trained,int2float,2,790,44,3,True
trained,int2float,2,791,44,3,True
trained,int2float,2,792,44,3,True
trained,int2float,2,793,44,3,True
trained,int2float,2,794,44,3,True
trained,int2float,2,795,44,3,True
trained,int2float,2,796,44,3,True
trained,int2float,2,797,44,3,True
trained,int2float,2,798,44,3,True
trained,int2float,2,799,44,3,True
trained,int2float,2,800,44,3,True
trained,int2float,2,801,44,3,True
trained,int2float,2,802,44,3,True
trained,int2float,2,803,44,3,True
trained,int2float,2,804,44,3,True
trained,int2float,2,805,44,3,True
trained,int2float,2,806,44,3,True
trained,int2float,2,807,44,3,True
trained,int2float,2,808,44,3,True
trained,int2float,2,809,44,3,True
trained,int2float,2,810,44,3,True
trained,int2float,2,811,44,3,True
trained,int2float,2,812,44,3,True
trained,int2float,2,813,44,3,True
trained,int2float,2,814,44,3,True
trained,int2float,2,815,44,3,True
trained,int2float,2,816,44,3,True
trained,int2float,2,817,44,3,True
trained,int2float,2,818,44,3,True
trained,int2float,2,819,44,3,True
trained,int2float,2,820,44,3,True
trained,int2float,2,821,44,3,True
trained,int2float,2,822,44,3,True
trained,int2float,2,823,44,3,True
trained,int2float,2,824,44,3,True
trained,int2float,2,825,44,3,True
trained,int2float,2,826,44,3,True
trained,int2float,2,827,44,3,True
trained,int2float,2,828,44,3,True
trained,int2float,2,829,44,3,True
trained,int2float,2,830,44,3,True
trained,int2float,2,831,44,3,True
trained,int2float,2,832,44,3,True
trained,int2float,2,833,44,3,True
trained,int2float,2,834,44,3,True
trained,int2float,2,835,44,3,True
trained,int2float,2,836,44,3,True
trained,int2float,2,837,44,3,True
trained,int2float,2,838,44,3,True
trained,int2float,2,839,44,3,True
trained,int2float,2,840,44,3,True
trained,int2float,2,841,44,3,True
trained,int2float,2,842,44,3,True
trained,int2float,2,843,44,3,True
trained,int2float,2,844,44,3,True
trained,int2float,2,845,44,3,True
trained,int2float,2,846,44,3,True
trained,int2float,2,847,44,3,True
trained,int2float,2,848,44,3,True
trained,int2float,2,849,44,3,True
trained,int2float,2,850,44,3,True
trained,int2float,2,851,44,3,True
trained,int2float,2,852,44,3,True
trained,int2float,2,853,44,3,True
trained,int2float,2,854,44,3,True
trained,int2float,2,855,44,3,True
trained,int2float,2,856,44,3,True
trained,int2float,2,857,44,3,True
trained,int2float,2,858,44,3,True
trained,int2float,2,859,44,3,True
trained,int2float,2,860,44,3,True
trained,int2float,2,861,44,3,True
trained,int2float,2,862,44,3,True
trained,int2float,2,863,44,3,True
trained,int2float,2,864,44,3,True
trained,int2float,2,865,44,3,True
trained,int2float,2,866,44,3,True
trained,int2float,2,867,44,3,True
trained,int2float,2,868,44,3,True
trained,int2float,2,869,44,3,True
trained,int2float,2,870,44,3,True
trained,int2float,2,871,44,3,True
trained,int2float,2,872,44,3,True
trained,int2float,2,873,44,3,True
trained,int2float,2,874,44,3,True
trained,int2float,2,875,44,3,True
trained,int2float,2,876,44,3,True
trained,int2float,2,877,44,3,True
trained,int2float,2,878,44,3,True
trained,int2float,2,879,44,3,True
trained,int2float,2,880,44,3,True
trained,int2float,2,881,44,3,True
trained,int2float,2,882,44,3,True
trained,int2float,2,883,44,3,True
trained,int2float,2,884,44,3,True
trained,int2float,2,885,44,3,True
trained,int2float,2,886,44,3,True
trained,int2float,2,887,44,3,True
trained,int2float,2,888,44,3,True
trained,int2float,2,889,44,3,True
trained,int2float,2,890,44,3,True
trained,int2float,2,891,44,3,True
trained,int2float,2,892,44,3,True
trained,int2float,2,893,44,3,True
trained,int2float,2,894,44,3,True
trained,int2float,2,895,44,3,True
trained,int2float,2,896,44,3,True
trained,int2float,2,897,44,3,True
trained,int2float,2,898,44,3,True
trained,int2float,2,899,44,3,True
trained,int2float,2,900,44,3,True
trained,int2float,2,901,44,3,True
trained,int2float,2,902,44,3,True
trained,int2float,2,903,44,3,True
trained,int2float,2,904,44,3,True
trained,int2float,2,905,44,3,True
trained,int2float,2,906,44,3,True
trained,int2float,2,907,44,3,True
trained,int2float,2,908,44,3,True
trained,int2float,2,909,44,3,True
trained,int2float,2,910,44,3,True
trained,int2float,2,911,44,3,True
trained,int2float,2,912,44,3,True
trained,int2float,2,913,44,3,True
trained,int2float,2,914,44,3,True
trained,int2float,2,915,44,3,True
trained,int2float,2,916,44,3,True
trained,int2float,2,917,44,3,True
trained,int2float,2,918,44,3,True
trained,int2float,2,919,44,3,True
trained,int2float,2,920,44,3,True
trained,int2float,2,921,44,3,True
trained,int2float,2,922,44,3,True
trained,int2float,2,923,44,3,True
trained,int2float,2,924,44,3,True
trained,int2float,2,925,44,3,True
trained,int2float,2,926,44,3,True
trained,int2float,2,927,44,3,True
trained,int2float,2,928,44,3,True
trained,int2float,2,929,44,3,True
trained,int2float,2,930,44,3,True
trained,int2float,2,931,44,3,True
trained,int2float,2,932,44,3,True
trained,int2float,2,933,44,3,True
trained,int2float,2,934,44,3,True
trained,int2float,2,935,44,3,True
trained,int2float,2,936,44,3,True
trained,int2float,2,937,44,3,True
trained,int2float,2,938,44,3,True
trained,int2float,2,939,44,3,True
trained,int2float,2,940,44,3,True
trained,int2float,2,941,44,3,True
trained,int2float,2,942,44,3,True
trained,int2float,2,943,44,3,True
trained,int2float,2,944,44,3,True
trained,int2float,2,945,44,3,True
trained,int2float,2,946,44,3,True
trained,int2float,2,947,44,3,True
trained,int2float,2,948,44,3,True
trained,int2float,2,949,44,3,True
trained,int2float,2,950,44,3,True
trained,int2float,2,951,44,3,True
trained,int2float,2,952,44,3,True
trained,int2float,2,953,44,3,True
trained,int2float,2,954,44,3,True
trained,int2float,2,955,44,3,True
trained,int2float,2,956,44,3,True
trained,int2float,2,957,44,3,True
trained,int2float,2,958,44,3,True
trained,int2float,2,959,44,3,True
trained,int2float,2,960,44,3,True
trained,int2float,2,961,44,3,True
trained,int2float,2,962,44,3,True
trained,int2float,2,963,44,3,True
trained,int2float,2,964,44,3,True
trained,int2float,2,965,44,3,True
trained,int2float,2,966,44,3,True
trained,int2float,2,967,44,3,True
trained,int2float,2,968,44,3,True
trained,int2float,2,969,44,3,True
trained,int2float,2,970,43,3,True
trained,int2float,2,971,43,3,True
trained,int2float,2,972,43,3,True
trained,int2float,2,973,43,3,True
trained,int2float,2,974,43,3,True
trained,int2float,2,975,43,3,True
trained,int2float,2,976,43,3,True
trained,int2float,2,977,43,3,True
trained,int2float,2,978,43,3,True
trained,int2float,2,979,43,3,True
trained,int2float,2,980,43,3,True
trained,int2float,2,981,43,3,True
trained,int2float,2,982,43,3,True
trained,int2float,2,983,43,3,True
trained,int2float,2,984,43,3,True
trained,int2float,2,985,43,3,True
trained,int2float,2,986,43,3,True
trained,int2float,2,987,43,3,True
trained,int2float,2,988,43,3,True
trained,int2float,2,989,43,3,True
trained,int2float,2,990,43,3,True
trained,int2float,2,991,43,3,True
trained,int2float,2,992,43,3,True
trained,int2float,2,993,43,3,True
trained,int2float,2,994,43,3,True
trained,int2float,2,995,43,3,True
trained,int2float,2,996,43,3,True
trained,int2float,2,997,43,3,True
trained,int2float,2,998,43,3,True
trained,int2float,2,999,43,3,True
trained,int2float,2,1000,43,3,True
trained,i2c,0,1,353,4,True
trained,i2c,0,2,330,4,True
trained,i2c,0,3,328,4,True
trained,i2c,0,4,322,4,True
trained,i2c,0,5,321,4,True
trained,i2c,0,6,320,4,True
trained,i2c,0,7,317,4,True
trained,i2c,0,8,317,4,True
trained,i2c,0,9,317,4,True
trained,i2c,0,10,317,4,True
trained,i2c,0,11,317,4,True
trained,i2c,0,12,317,4,True
trained,i2c,0,13,317,4,True
trained,i2c,0,14,317,4,True
trained,i2c,0,15,317,4,True
trained,i2c,0,16,317,4,True
trained,i2c,0,17,317,4,True
trained,i2c,0,18,317,4,True
trained,i2c,0,19,317,4,True
trained,i2c,0,20,317,4,True
trained,i2c,0,21,317,4,True
trained,i2c,0,22,317,4,True
trained,i2c,0,23,317,4,True
trained,i2c,0,24,317,4,True
trained,i2c,0,25,317,4,True
trained,i2c,0,26,317,4,True
trained,i2c,0,27,317,4,True
trained,i2c,0,28,317,4,True
trained,i2c,0,29,317,4,True
trained,i2c,0,30,317,4,True
trained,i2c,0,31,317,4,True
trained,i2c,0,32,317,4,True
trained,i2c,0,33,317,4,True
trained,i2c,0,34,317,4,True
trained,i2c,0,35,317,4,True
trained,i2c,0,36,317,4,True
trained,i2c,0,37,317,4,True
trained,i2c,0,38,317,4,True
trained,i2c,0,39,317,4,True
trained,i2c,0,40,317,4,True
trained,i2c,0,41,317,4,True
trained,i2c,0,42,317,4,True
trained,i2c,0,43,317,4,True
trained,i2c,0,44,317,4,True
trained,i2c,0,45,317,4,True
trained,i2c,0,46,317,4,True
trained,i2c,0,47,317,4,True
trained,i2c,0,48,317,4,True
trained,i2c,0,49,317,4,True
trained,i2c,0,50,317,4,True
trained,i2c,0,51,317,4,True
trained,i2c,0,52,317,4,True
trained,i2c,0,53,317,4,True
trained,i2c,0,54,315,4,True
trained,i2c,0,55,312,4,True
trained,i2c,0,56,309,4,True
trained,i2c,0,57,309,4,True
trained,i2c,0,58,309,4,True
trained,i2c,0,59,309,4,True
trained,i2c,0,60,309,4,True
trained,i2c,0,61,309,4,True
trained,i2c,0,62,309,4,True
trained,i2c,0,63,309,4,True
trained,i2c,0,64,309,4,True
trained,i2c,0,65,309,4,True
trained,i2c,0,66,309,4,True
trained,i2c,0,67,309,4,True
trained,i2c,0,68,309,4,True
trained,i2c,0,69,307,4,True
trained,i2c,0,70,307,4,True
trained,i2c,0,71,307,4,True
trained,i2c,0,72,307,4,True
trained,i2c,0,73,307,4,True
trained,i2c,0,74,307,4,True
trained,i2c,0,75,307,4,True
trained,i2c,0,76,307,4,True
trained,i2c,0,77,307,4,True
trained,i2c,0,78,307,4,True
trained,i2c,0,79,307,4,True
trained,i2c,0,80,307,4,True
trained,i2c,0,81,307,4,True
trained,i2c,0,82,307,4,True
trained,i2c,0,83,307,4,True
trained,i2c,0,84,307,4,True
trained,i2c,0,85,307,4,True
trained,i2c,0,86,307,4,True
trained,i2c,0,87,307,4,True
trained,i2c,0,88,307,4,True
trained,i2c,0,89,307,4,True
trained,i2c,0,90,307,4,True
trained,i2c,0,91,307,4,True
trained,i2c,0,92,307,4,True
trained,i2c,0,93,307,4,True
trained,i2c,0,94,307,4,True
trained,i2c,0,95,307,4,True
trained,i2c,0,96,307,4,True
trained,i2c,0,97,307,4,True
trained,i2c,0,98,307,4,True
trained,i2c,0,99,307,4,True
trained,i2c,0,100,307,4,True
trained,i2c,0,101,307,4,True
trained,i2c,0,102,307,4,True
trained,i2c,0,103,307,4,True
trained,i2c,0,104,307,4,True
trained,i2c,0,105,307,4,True
trained,i2c,0,106,307,4,True
trained,i2c,0,107,307,4,True
trained,i2c,0,108,307,4,True
trained,i2c,0,109,307,4,True
trained,i2c,0,110,307,4,True
trained,i2c,0,111,307,4,True
trained,i2c,0,112,307,4,True
trained,i2c,0,113,307,4,True
trained,i2c,0,114,307,4,True
trained,i2c,0,115,307,4,True
trained,i2c,0,116,307,4,True
trained,i2c,0,117,307,4,True
trained,i2c,0,118,307,4,True
trained,i2c,0,119,307,4,True
trained,i2c,0,120,307,4,True
trained,i2c,0,121,307,4,True
trained,i2c,0,122,307,4,True
trained,i2c,0,123,307,4,True
trained,i2c,0,124,307,4,True
trained,i2c,0,125,307,4,True
trained,i2c,0,126,307,4,True
trained,i2c,0,127,307,4,True
trained,i2c,0,128,307,4,True
trained,i2c,0,129,307,4,True
trained,i2c,0,130,307,4,True
trained,i2c,0,131,307,4,True
trained,i2c,0,132,307,4,True
trained,i2c,0,133,307,4,True
trained,i2c,0,134,307,4,True
trained,i2c,0,135,307,4,True
trained,i2c,0,136,307,4,True
trained,i2c,0,137,307,4,True
trained,i2c,0,138,307,4,True
trained,i2c,0,139,307,4,True
trained,i2c,0,140,307,4,True
trained,i2c,0,141,307,4,True
trained,i2c,0,142,307,4,True
trained,i2c,0,143,307,4,True
trained,i2c,0,144,307,4,True
trained,i2c,0,145,307,4,True
trained,i2c,0,146,307,4,True
trained,i2c,0,147,307,4,True
trained,i2c,0,148,307,4,True
trained,i2c,0,149,307,4,True
trained,i2c,0,150,307,4,True
trained,i2c,0,151,307,4,True
trained,i2c,0,152,307,4,True
trained,i2c,0,153,307,4,True
trained,i2c,0,154,307,4,True
trained,i2c,0,155,307,4,True
trained,i2c,0,156,307,4,True
trained,i2c,0,157,307,4,True
trained,i2c,0,158,307,4,True
trained,i2c,0,159,307,4,True
trained,i2c,0,160,307,4,True
trained,i2c,0,161,307,4,True
trained,i2c,0,162,307,4,True
trained,i2c,0,163,307,4,True
trained,i2c,0,164,307,4,True
trained,i2c,0,165,307,4,True
trained,i2c,0,166,307,4,True
trained,i2c,0,167,307,4,True
trained,i2c,0,168,307,4,True
trained,i2c,0,169,307,4,True
trained,i2c,0,170,307,4,True
trained,i2c,0,171,307,4,True
trained,i2c,0,172,307,4,True
trained,i2c,0,173,307,4,True
trained,i2c,0,174,307,4,True
trained,i2c,0,175,307,4,True
trained,i2c,0,176,307,4,True
trained,i2c,0,177,307,4,True
trained,i2c,0,178,307,4,True
trained,i2c,0,179,307,4,True
trained,i2c,0,180,307,4,True
trained,i2c,0,181,307,4,True
trained,i2c,0,182,307,4,True
trained,i2c,0,183,307,4,True
trained,i2c,0,184,307,4,True
trained,i2c,0,185,307,4,True
trained,i2c,0,186,307,4,True
trained,i2c,0,187,307,4,True
trained,i2c,0,188,307,4,True
trained,i2c,0,189,307,4,True
trained,i2c,0,190,307,4,True
trained,i2c,0,191,307,4,True
trained,i2c,0,192,307,4,True
trained,i2c,0,193,307,4,True
trained,i2c,0,194,307,4,True
trained,i2c,0,195,307,4,True
trained,i2c,0,196,307,4,True
trained,i2c,0,197,307,4,True
trained,i2c,0,198,307,4,True
trained,i2c,0,199,307,4,True
trained,i2c,0,200,307,4,True
trained,i2c,0,201,307,4,True
trained,i2c,0,202,307,4,True
trained,i2c,0,203,307,4,True
trained,i2c,0,204,307,4,True
trained,i2c,0,205,307,4,True
trained,i2c,0,206,307,4,True
trained,i2c,0,207,307,4,True
trained,i2c,0,208,307,4,True
trained,i2c,0,209,307,4,True
trained,i2c,0,210,307,4,True
trained,i2c,0,211,307,4,True
trained,i2c,0,212,307,4,True
trained,i2c,0,213,307,4,True
trained,i2c,0,214,307,4,True
trained,i2c,0,215,307,4,True
trained,i2c,0,216,307,4,True
trained,i2c,0,217,307,4,True
trained,i2c,0,218,307,4,True
trained,i2c,0,219,307,4,True
trained,i2c,0,220,307,4,True
trained,i2c,0,221,307,4,True
trained,i2c,0,222,307,4,True
trained,i2c,0,223,307,4,True
trained,i2c,0,224,307,4,True
trained,i2c,0,225,307,4,True
trained,i2c,0,226,307,4,True
trained,i2c,0,227,307,4,True
trained,i2c,0,228,307,4,True
trained,i2c,0,229,303,4,True
trained,i2c,0,230,300,4,True
trained,i2c,0,231,300,4,True
trained,i2c,0,232,300,4,True
trained,i2c,0,233,300,4,True
trained,i2c,0,234,300,4,True
trained,i2c,0,235,300,4,True
trained,i2c,0,236,300,4,True
trained,i2c,0,237,300,4,True
trained,i2c,0,238,300,4,True
trained,i2c,0,239,300,4,True
trained,i2c,0,240,300,4,True
trained,i2c,0,241,300,4,True
trained,i2c,0,242,300,4,True
trained,i2c,0,243,300,4,True
trained,i2c,0,244,300,4,True
trained,i2c,0,245,300,4,True
trained,i2c,0,246,300,4,True
trained,i2c,0,247,300,4,True
trained,i2c,0,248,300,4,True
trained,i2c,0,249,300,4,True
trained,i2c,0,250,300,4,True
trained,i2c,0,251,300,4,True
trained,i2c,0,252,300,4,True
trained,i2c,0,253,300,4,True
trained,i2c,0,254,300,4,True
trained,i2c,0,255,300,4,True
trained,i2c,0,256,300,4,True
trained,i2c,0,257,300,4,True
trained,i2c,0,258,300,4,True
trained,i2c,0,259,300,4,True
trained,i2c,0,260,300,4,True
trained,i2c,0,261,300,4,True
trained,i2c,0,262,300,4,True
trained,i2c,0,263,300,4,True
trained,i2c,0,264,300,4,True
trained,i2c,0,265,300,4,True
trained,i2c,0,266,300,4,True
trained,i2c,0,267,300,4,True
trained,i2c,0,268,300,4,True
trained,i2c,0,269,300,4,True
trained,i2c,0,270,300,4,True
trained,i2c,0,271,300,4,True
trained,i2c,0,272,300,4,True
trained,i2c,0,273,300,4,True
trained,i2c,0,274,300,4,True
trained,i2c,0,275,300,4,True
trained,i2c,0,276,300,4,True
trained,i2c,0,277,300,4,True
trained,i2c,0,278,300,4,True
trained,i2c,0,279,300,4,True
trained,i2c,0,280,300,4,True
trained,i2c,0,281,300,4,True
trained,i2c,0,282,300,4,True
trained,i2c,0,283,300,4,True
trained,i2c,0,284,300,4,True
trained,i2c,0,285,300,4,True
trained,i2c,0,286,300,4,True
trained,i2c,0,287,300,4,True
trained,i2c,0,288,300,4,True
trained,i2c,0,289,300,4,True
trained,i2c,0,290,300,4,True
trained,i2c,0,291,300,4,True
trained,i2c,0,292,300,4,True
trained,i2c,0,293,300,4,True
trained,i2c,0,294,300,4,True
trained,i2c,0,295,300,4,True
trained,i2c,0,296,300,4,True
trained,i2c,0,297,300,4,True
trained,i2c,0,298,300,4,True
trained,i2c,0,299,300,4,True
trained,i2c,0,300,300,4,True
trained,i2c,0,301,300,4,True
trained,i2c,0,302,300,4,True
trained,i2c,0,303,300,4,True
trained,i2c,0,304,300,4,True
trained,i2c,0,305,300,4,True
trained,i2c,0,306,300,4,True
trained,i2c,0,307,300,4,True
trained,i2c,0,308,300,4,True
trained,i2c,0,309,300,4,True
trained,i2c,0,310,300,4,True
trained,i2c,0,311,300,4,True
trained,i2c,0,312,300,4,True
trained,i2c,0,313,300,4,True
trained,i2c,0,314,300,4,True
trained,i2c,0,315,300,4,True
trained,i2c,0,316,300,4,True
trained,i2c,0,317,300,4,True
trained,i2c,0,318,300,4,True
trained,i2c,0,319,300,4,True
trained,i2c,0,320,300,4,True
trained,i2c,0,321,300,4,True
trained,i2c,0,322,300,4,True
trained,i2c,0,323,300,4,True
trained,i2c,0,324,300,4,True
trained,i2c,0,325,300,4,True
trained,i2c,0,326,300,4,True
trained,i2c,0,327,300,4,True
trained,i2c,0,328,300,4,True
trained,i2c,0,329,300,4,True
trained,i2c,0,330,300,4,True
trained,i2c,0,331,300,4,True
trained,i2c,0,332,300,4,True
trained,i2c,0,333,300,4,True
trained,i2c,0,334,300,4,True
trained,i2c,0,335,300,4,True
trained,i2c,0,336,300,4,True
trained,i2c,0,337,300,4,True
trained,i2c,0,338,300,4,True
trained,i2c,0,339,300,4,True
trained,i2c,0,340,300,4,True
trained,i2c,0,341,300,4,True
trained,i2c,0,342,300,4,True
trained,i2c,0,343,300,4,True
trained,i2c,0,344,300,4,True
trained,i2c,0,345,300,4,True
trained,i2c,0,346,300,4,True
trained,i2c,0,347,300,4,True
trained,i2c,0,348,300,4,True
trained,i2c,0,349,300,4,True
trained,i2c,0,350,300,4,True
trained,i2c,0,351,300,4,True
trained,i2c,0,352,300,4,True
trained,i2c,0,353,300,4,True
trained,i2c,0,354,300,4,True
trained,i2c,0,355,300,4,True
trained,i2c,0,356,300,4,True
trained,i2c,0,357,300,4,True
trained,i2c,0,358,300,4,True
trained,i2c,0,359,300,4,True
trained,i2c,0,360,300,4,True
trained,i2c,0,361,300,4,True
trained,i2c,0,362,300,4,True
trained,i2c,0,363,300,4,True
trained,i2c,0,364,300,4,True
trained,i2c,0,365,300,4,True
trained,i2c,0,366,300,4,True
trained,i2c,0,367,300,4,True
trained,i2c,0,368,300,4,True
trained,i2c,0,369,300,4,True
trained,i2c,0,370,300,4,True
trained,i2c,0,371,300,4,True
trained,i2c,0,372,300,4,True
trained,i2c,0,373,300,4,True
trained,i2c,0,374,300,4,True
trained,i2c,0,375,300,4,True
trained,i2c,0,376,300,4,True
trained,i2c,0,377,300,4,True
trained,i2c,0,378,300,4,True
trained,i2c,0,379,300,4,True
trained,i2c,0,380,300,4,True
trained,i2c,0,381,300,4,True
trained,i2c,0,382,300,4,True
trained,i2c,0,383,300,4,True
trained,i2c,0,384,300,4,True
trained,i2c,0,385,300,4,True
trained,i2c,0,386,300,4,True
trained,i2c,0,387,300,4,True
trained,i2c,0,388,300,4,True
trained,i2c,0,389,300,4,True
trained,i2c,0,390,300,4,True
trained,i2c,0,391,300,4,True
trained,i2c,0,392,300,4,True
trained,i2c,0,393,300,4,True
trained,i2c,0,394,300,4,True
trained,i2c,0,395,300,4,True
trained,i2c,0,396,300,4,True
trained,i2c,0,397,300,4,True
trained,i2c,0,398,300,4,True
trained,i2c,0,399,300,4,True
trained,i2c,0,400,300,4,True
trained,i2c,0,401,300,4,True
trained,i2c,0,402,300,4,True
trained,i2c,0,403,300,4,True
trained,i2c,0,404,300,4,True
trained,i2c,0,405,300,4,True
trained,i2c,0,406,300,4,True
trained,i2c,0,407,300,4,True
trained,i2c,0,408,300,4,True
trained,i2c,0,409,300,4,True
trained,i2c,0,410,300,4,True
trained,i2c,0,411,300,4,True
trained,i2c,0,412,300,4,True
trained,i2c,0,413,300,4,True
trained,i2c,0,414,300,4,True
trained,i2c,0,415,300,4,True
trained,i2c,0,416,300,4,True
trained,i2c,0,417,300,4,True
trained,i2c,0,418,300,4,True
trained,i2c,0,419,300,4,True
trained,i2c,0,420,300,4,True
trained,i2c,0,421,300,4,True
trained,i2c,0,422,300,4,True
trained,i2c,0,423,300,4,True
trained,i2c,0,424,300,4,True
trained,i2c,0,425,300,4,True
trained,i2c,0,426,300,4,True
trained,i2c,0,427,300,4,True
trained,i2c,0,428,300,4,True
trained,i2c,0,429,300,4,True
trained,i2c,0,430,300,4,True
trained,i2c,0,431,300,4,True
trained,i2c,0,432,300,4,True
trained,i2c,0,433,300,4,True
trained,i2c,0,434,300,4,True
trained,i2c,0,435,300,4,True
trained,i2c,0,436,300,4,True
trained,i2c,0,437,300,4,True
trained,i2c,0,438,300,4,True
trained,i2c,0,439,300,4,True
trained,i2c,0,440,300,4,True
trained,i2c,0,441,300,4,True
trained,i2c,0,442,300,4,True
trained,i2c,0,443,300,4,True
trained,i2c,0,444,300,4,True
trained,i2c,0,445,300,4,True
trained,i2c,0,446,300,4,True
trained,i2c,0,447,300,4,True
trained,i2c,0,448,300,4,True
trained,i2c,0,449,300,4,True
trained,i2c,0,450,300,4,True
trained,i2c,0,451,300,4,True
trained,i2c,0,452,300,4,True
trained,i2c,0,453,300,4,True
trained,i2c,0,454,300,4,True
trained,i2c,0,455,300,4,True
trained,i2c,0,456,300,4,True
trained,i2c,0,457,300,4,True
trained,i2c,0,458,300,4,True
trained,i2c,0,459,300,4,True
trained,i2c,0,460,300,4,True
trained,i2c,0,461,300,4,True
trained,i2c,0,462,300,4,True
trained,i2c,0,463,300,4,True
trained,i2c,0,464,300,4,True
trained,i2c,0,465,300,4,True
trained,i2c,0,466,300,4,True
trained,i2c,0,467,300,4,True
trained,i2c,0,468,300,4,True
trained,i2c,0,469,300,4,True
trained,i2c,0,470,300,4,True
trained,i2c,0,471,300,4,True
trained,i2c,0,472,300,4,True
trained,i2c,0,473,300,4,True
trained,i2c,0,474,300,4,True
trained,i2c,0,475,300,4,True
trained,i2c,0,476,300,4,True
trained,i2c,0,477,300,4,True
trained,i2c,0,478,300,4,True
trained,i2c,0,479,300,4,True
trained,i2c,0,480,300,4,True
trained,i2c,0,481,300,4,True
trained,i2c,0,482,300,4,True
trained,i2c,0,483,300,4,True
trained,i2c,0,484,300,4,True
trained,i2c,0,485,300,4,True
trained,i2c,0,486,300,4,True
trained,i2c,0,487,300,4,True
trained,i2c,0,488,300,4,True
trained,i2c,0,489,300,4,True
trained,i2c,0,490,300,4,True
trained,i2c,0,491,300,4,True
trained,i2c,0,492,300,4,True
trained,i2c,0,493,300,4,True
trained,i2c,0,494,300,4,True
trained,i2c,0,495,300,4,True
trained,i2c,0,496,300,4,True
trained,i2c,0,497,300,4,True
trained,i2c,0,498,300,4,True
trained,i2c,0,499,300,4,True
trained,i2c,0,500,300,4,True
trained,i2c,0,501,300,4,True
trained,i2c,0,502,300,4,True
trained,i2c,0,503,300,4,True
trained,i2c,0,504,300,4,True
trained,i2c,0,505,300,4,True
trained,i2c,0,506,300,4,True
trained,i2c,0,507,300,4,True
trained,i2c,0,508,300,4,True
trained,i2c,0,509,300,4,True
trained,i2c,0,510,300,4,True
trained,i2c,0,511,300,4,True
trained,i2c,0,512,300,4,True
trained,i2c,0,513,300,4,True
trained,i2c,0,514,300,4,True
trained,i2c,0,515,300,4,True
trained,i2c,0,516,300,4,True
trained,i2c,0,517,300,4,True
trained,i2c,0,518,300,4,True
trained,i2c,0,519,300,4,True
trained,i2c,0,520,300,4,True
trained,i2c,0,521,300,4,True
trained,i2c,0,522,300,4,True
trained,i2c,0,523,300,4,True
trained,i2c,0,524,300,4,True
trained,i2c,0,525,300,4,True
trained,i2c,0,526,300,4,True
trained,i2c,0,527,300,4,True
trained,i2c,0,528,300,4,True
trained,i2c,0,529,300,4,True
trained,i2c,0,530,300,4,True
trained,i2c,0,531,300,4,True
trained,i2c,0,532,300,4,True
trained,i2c,0,533,300,4,True
trained,i2c,0,534,300,4,True
trained,i2c,0,535,300,4,True
trained,i2c,0,536,300,4,True
trained,i2c,0,537,300,4,True
trained,i2c,0,538,300,4,True
trained,i2c,0,539,300,4,True
trained,i2c,0,540,300,4,True
trained,i2c,0,541,300,4,True
trained,i2c,0,542,300,4,True
trained,i2c,0,543,300,4,True
trained,i2c,0,544,300,4,True
trained,i2c,0,545,300,4,True
trained,i2c,0,546,300,4,True
trained,i2c,0,547,300,4,True
trained,i2c,0,548,300,4,True
trained,i2c,0,549,300,4,True
trained,i2c,0,550,300,4,True
trained,i2c,0,551,300,4,True
trained,i2c,0,552,300,4,True
trained,i2c,0,553,300,4,True
trained,i2c,0,554,300,4,True
trained,i2c,0,555,300,4,True
trained,i2c,0,556,300,4,True
trained,i2c,0,557,300,4,True
trained,i2c,0,558,300,4,True
trained,i2c,0,559,300,4,True
trained,i2c,0,560,300,4,True
trained,i2c,0,561,300,4,True
trained,i2c,0,562,300,4,True
trained,i2c,0,563,300,4,True
trained,i2c,0,564,300,4,True
trained,i2c,0,565,300,4,True
trained,i2c,0,566,300,4,True
trained,i2c,0,567,300,4,True
trained,i2c,0,568,300,4,True
trained,i2c,0,569,300,4,True
trained,i2c,0,570,300,4,True
trained,i2c,0,571,300,4,True
trained,i2c,0,572,300,4,True
trained,i2c,0,573,300,4,True
trained,i2c,0,574,300,4,True
trained,i2c,0,575,300,4,True
trained,i2c,0,576,300,4,True
trained,i2c,0,577,300,4,True
trained,i2c,0,578,300,4,True
trained,i2c,0,579,300,4,True
trained,i2c,0,580,300,4,True
trained,i2c,0,581,300,4,True
trained,i2c,0,582,300,4,True
trained,i2c,0,583,300,4,True
trained,i2c,0,584,300,4,True
trained,i2c,0,585,300,4,True
trained,i2c,0,586,300,4,True
trained,i2c,0,587,300,4,True
trained,i2c,0,588,300,4,True
trained,i2c,0,589,300,4,True
trained,i2c,0,590,300,4,True
trained,i2c,0,591,300,4,True
trained,i2c,0,592,300,4,True
trained,i2c,0,593,300,4,True
trained,i2c,0,594,300,4,True
trained,i2c,0,595,300,4,True
trained,i2c,0,596,300,4,True
trained,i2c,0,597,300,4,True
trained,i2c,0,598,300,4,True
trained,i2c,0,599,300,4,True
trained,i2c,0,600,300,4,True
trained,i2c,0,601,300,4,True
trained,i2c,0,602,300,4,True
trained,i2c,0,603,300,4,True
trained,i2c,0,604,300,4,True
trained,i2c,0,605,300,4,True
trained,i2c,0,606,300,4,True
trained,i2c,0,607,300,4,True
trained,i2c,0,608,300,4,True
trained,i2c,0,609,300,4,True
trained,i2c,0,610,300,4,True
trained,i2c,0,611,300,4,True
trained,i2c,0,612,300,4,True
trained,i2c,0,613,300,4,True
trained,i2c,0,614,300,4,True
trained,i2c,0,615,300,4,True
trained,i2c,0,616,300,4,True
trained,i2c,0,617,300,4,True
trained,i2c,0,618,300,4,True
trained,i2c,0,619,300,4,True
trained,i2c,0,620,300,4,True
trained,i2c,0,621,300,4,True
trained,i2c,0,622,300,4,True
trained,i2c,0,623,300,4,True
trained,i2c,0,624,300,4,True
trained,i2c,0,625,300,4,True
trained,i2c,0,626,300,4,True
trained,i2c,0,627,300,4,True
trained,i2c,0,628,300,4,True
trained,i2c,0,629,300,4,True
trained,i2c,0,630,300,4,True
trained,i2c,0,631,300,4,True
trained,i2c,0,632,300,4,True
trained,i2c,0,633,300,4,True
trained,i2c,0,634,300,4,True
trained,i2c,0,635,300,4,True
trained,i2c,0,636,300,4,True
trained,i2c,0,637,300,4,True
trained,i2c,0,638,300,4,True
trained,i2c,0,639,300,4,True
trained,i2c,0,640,300,4,True
trained,i2c,0,641,300,4,True
trained,i2c,0,642,300,4,True
trained,i2c,0,643,300,4,True
trained,i2c,0,644,300,4,True
trained,i2c,0,645,300,4,True
trained,i2c,0,646,300,4,True
trained,i2c,0,647,300,4,True
trained,i2c,0,648,300,4,True
trained,i2c,0,649,300,4,True
trained,i2c,0,650,300,4,True
trained,i2c,0,651,300,4,True
trained,i2c,0,652,300,4,True
trained,i2c,0,653,300,4,True
trained,i2c,0,654,300,4,True
trained,i2c,0,655,300,4,True
trained,i2c,0,656,300,4,True
trained,i2c,0,657,300,4,True
trained,i2c,0,658,300,4,True
trained,i2c,0,659,300,4,True
trained,i2c,0,660,300,4,True
trained,i2c,0,661,300,4,True
trained,i2c,0,662,300,4,True
trained,i2c,0,663,300,4,True
trained,i2c,0,664,300,4,True
trained,i2c,0,665,300,4,True
trained,i2c,0,666,300,4,True
trained,i2c,0,667,300,4,True
trained,i2c,0,668,300,4,True
trained,i2c,0,669,300,4,True
trained,i2c,0,670,300,4,True
trained,i2c,0,671,300,4,True
trained,i2c,0,672,300,4,True
trained,i2c,0,673,300,4,True
trained,i2c,0,674,300,4,True
trained,i2c,0,675,300,4,True
trained,i2c,0,676,300,4,True
trained,i2c,0,677,300,4,True
trained,i2c,0,678,300,4,True
trained,i2c,0,679,300,4,True
trained,i2c,0,680,300,4,True
trained,i2c,0,681,300,4,True
trained,i2c,0,682,300,4,True
trained,i2c,0,683,300,4,True
trained,i2c,0,684,300,4,True
trained,i2c,0,685,300,4,True
trained,i2c,0,686,300,4,True
trained,i2c,0,687,300,4,True
trained,i2c,0,688,300,4,True
trained,i2c,0,689,300,4,True
trained,i2c,0,690,300,4,True
trained,i2c,0,691,300,4,True
trained,i2c,0,692,300,4,True
trained,i2c,0,693,300,4,True
trained,i2c,0,694,300,4,True
trained,i2c,0,695,300,4,True
trained,i2c,0,696,300,4,True
trained,i2c,0,697,300,4,True
trained,i2c,0,698,300,4,True
trained,i2c,0,699,300,4,True
trained,i2c,0,700,300,4,True
trained,i2c,0,701,300,4,True
trained,i2c,0,702,300,4,True
trained,i2c,0,703,300,4,True
trained,i2c,0,704,300,4,True
trained,i2c,0,705,300,4,True
trained,i2c,0,706,300,4,True
trained,i2c,0,707,300,4,True
trained,i2c,0,708,300,4,True
trained,i2c,0,709,300,4,True
trained,i2c,0,710,300,4,True
trained,i2c,0,711,300,4,True
trained,i2c,0,712,300,4,True
trained,i2c,0,713,300,4,True
trained,i2c,0,714,300,4,True
trained,i2c,0,715,300,4,True
trained,i2c,0,716,300,4,True
trained,i2c,0,717,300,4,True
trained,i2c,0,718,300,4,True
trained,i2c,0,719,300,4,True
trained,i2c,0,720,300,4,True
trained,i2c,0,721,300,4,True
trained,i2c,0,722,300,4,True
trained,i2c,0,723,300,4,True
trained,i2c,0,724,300,4,True
trained,i2c,0,725,300,4,True
trained,i2c,0,726,300,4,True
trained,i2c,0,727,300,4,True
trained,i2c,0,728,300,4,True
trained,i2c,0,729,300,4,True
trained,i2c,0,730,300,4,True
trained,i2c,0,731,300,4,True
trained,i2c,0,732,300,4,True
trained,i2c,0,733,300,4,True
trained,i2c,0,734,300,4,True
trained,i2c,0,735,300,4,True
trained,i2c,0,736,300,4,True
trained,i2c,0,737,300,4,True
trained,i2c,0,738,300,4,True
trained,i2c,0,739,300,4,True
trained,i2c,0,740,300,4,True
trained,i2c,0,741,300,4,True
trained,i2c,0,742,300,4,True
trained,i2c,0,743,300,4,True
trained,i2c,0,744,300,4,True
trained,i2c,0,745,300,4,True
trained,i2c,0,746,300,4,True
trained,i2c,0,747,300,4,True
trained,i2c,0,748,300,4,True
trained,i2c,0,749,300,4,True
trained,i2c,0,750,300,4,True
trained,i2c,0,751,300,4,True
trained,i2c,0,752,300,4,True
trained,i2c,0,753,300,4,True
trained,i2c,0,754,300,4,True
trained,i2c,0,755,300,4,True
trained,i2c,0,756,300,4,True
trained,i2c,0,757,300,4,True
trained,i2c,0,758,300,4,True
trained,i2c,0,759,300,4,True
trained,i2c,0,760,300,4,True
trained,i2c,0,761,300,4,True
trained,i2c,0,762,300,4,True
trained,i2c,0,763,300,4,True
trained,i2c,0,764,300,4,True
trained,i2c,0,765,300,4,True
trained,i2c,0,766,300,4,True
trained,i2c,0,767,300,4,True
trained,i2c,0,768,300,4,True
trained,i2c,0,769,300,4,True
trained,i2c,0,770,300,4,True
trained,i2c,0,771,300,4,True
trained,i2c,0,772,300,4,True
trained,i2c,0,773,300,4,True
trained,i2c,0,774,300,4,True
trained,i2c,0,775,300,4,True
trained,i2c,0,776,300,4,True
trained,i2c,0,777,300,4,True
trained,i2c,0,778,300,4,True
trained,i2c,0,779,300,4,True
trained,i2c,0,780,300,4,True
trained,i2c,0,781,300,4,True
trained,i2c,0,782,300,4,True
trained,i2c,0,783,300,4,True
trained,i2c,0,784,300,4,True
trained,i2c,0,785,300,4,True
trained,i2c,0,786,300,4,True
trained,i2c,0,787,300,4,True
trained,i2c,0,788,300,4,True
trained,i2c,0,789,300,4,True
trained,i2c,0,790,300,4,True
trained,i2c,0,791,300,4,True
trained,i2c,0,792,300,4,True
trained,i2c,0,793,300,4,True
trained,i2c,0,794,300,4,True
trained,i2c,0,795,300,4,True
trained,i2c,0,796,300,4,True
trained,i2c,0,797,300,4,True
trained,i2c,0,798,300,4,True
trained,i2c,0,799,300,4,True
trained,i2c,0,800,300,4,True
trained,i2c,0,801,300,4,True
trained,i2c,0,802,300,4,True
trained,i2c,0,803,300,4,True
trained,i2c,0,804,300,4,True
trained,i2c,0,805,300,4,True
trained,i2c,0,806,300,4,True
trained,i2c,0,807,300,4,True
trained,i2c,0,808,300,4,True
trained,i2c,0,809,300,4,True
trained,i2c,0,810,300,4,True
trained,i2c,0,811,300,4,True
trained,i2c,0,812,300,4,True
trained,i2c,0,813,300,4,True
trained,i2c,0,814,300,4,True
trained,i2c,0,815,300,4,True
trained,i2c,0,816,300,4,True
trained,i2c,0,817,300,4,True
trained,i2c,0,818,300,4,True
trained,i2c,0,819,300,4,True
trained,i2c,0,820,300,4,True
trained,i2c,0,821,300,4,True
trained,i2c,0,822,300,4,True
trained,i2c,0,823,300,4,True
trained,i2c,0,824,300,4,True
trained,i2c,0,825,300,4,True
trained,i2c,0,826,300,4,True
trained,i2c,0,827,300,4,True
trained,i2c,0,828,300,4,True
trained,i2c,0,829,300,4,True
trained,i2c,0,830,300,4,True
trained,i2c,0,831,300,4,True
trained,i2c,0,832,300,4,True
trained,i2c,0,833,300,4,True
trained,i2c,0,834,300,4,True
trained,i2c,0,835,300,4,True
trained,i2c,0,836,300,4,True
trained,i2c,0,837,300,4,True
trained,i2c,0,838,300,4,True
trained,i2c,0,839,300,4,True
trained,i2c,0,840,300,4,True
trained,i2c,0,841,300,4,True
trained,i2c,0,842,300,4,True
trained,i2c,0,843,300,4,True
trained,i2c,0,844,300,4,True
trained,i2c,0,845,300,4,True
trained,i2c,0,846,300,4,True
trained,i2c,0,847,300,4,True
trained,i2c,0,848,300,4,True
trained,i2c,0,849,300,4,True
trained,i2c,0,850,300,4,True
trained,i2c,0,851,300,4,True
trained,i2c,0,852,300,4,True
trained,i2c,0,853,300,4,True
trained,i2c,0,854,300,4,True
trained,i2c,0,855,300,4,True
trained,i2c,0,856,300,4,True
trained,i2c,0,857,300,4,True
trained,i2c,0,858,300,4,True
trained,i2c,0,859,300,4,True
trained,i2c,0,860,300,4,True
trained,i2c,0,861,300,4,True
trained,i2c,0,862,300,4,True
trained,i2c,0,863,300,4,True
trained,i2c,0,864,300,4,True
trained,i2c,0,865,300,4,True
trained,i2c,0,866,300,4,True
trained,i2c,0,867,300,4,True
trained,i2c,0,868,300,4,True
trained,i2c,0,869,300,4,True
trained,i2c,0,870,300,4,True
trained,i2c,0,871,300,4,True
trained,i2c,0,872,300,4,True
trained,i2c,0,873,300,4,True
trained,i2c,0,874,300,4,True
trained,i2c,0,875,300,4,True
trained,i2c,0,876,300,4,True
trained,i2c,0,877,300,4,True
trained,i2c,0,878,300,4,True
trained,i2c,0,879,300,4,True
trained,i2c,0,880,300,4,True
trained,i2c,0,881,300,4,True
trained,i2c,0,882,300,4,True
trained,i2c,0,883,300,4,True
trained,i2c,0,884,300,4,True
trained,i2c,0,885,300,4,True
trained,i2c,0,886,300,4,True
trained,i2c,0,887,300,4,True
trained,i2c,0,888,300,4,True
trained,i2c,0,889,300,4,True
trained,i2c,0,890,300,4,True
trained,i2c,0,891,300,4,True
trained,i2c,0,892,300,4,True
trained,i2c,0,893,300,4,True
trained,i2c,0,894,300,4,True
trained,i2c,0,895,300,4,True
trained,i2c,0,896,300,4,True
trained,i2c,0,897,300,4,True
trained,i2c,0,898,300,4,True
trained,i2c,0,899,300,4,True
trained,i2c,0,900,300,4,True
trained,i2c,0,901,300,4,True
trained,i2c,0,902,300,4,True
trained,i2c,0,903,300,4,True
trained,i2c,0,904,300,4,True
trained,i2c,0,905,300,4,True
trained,i2c,0,906,300,4,True
trained,i2c,0,907,300,4,True
trained,i2c,0,908,300,4,True
trained,i2c,0,909,300,4,True
trained,i2c,0,910,300,4,True
trained,i2c,0,911,300,4,True
trained,i2c,0,912,300,4,True
trained,i2c,0,913,300,4,True
trained,i2c,0,914,300,4,True
trained,i2c,0,915,300,4,True
trained,i2c,0,916,300,4,True
trained,i2c,0,917,300,4,True
trained,i2c,0,918,300,4,True
trained,i2c,0,919,300,4,True
trained,i2c,0,920,300,4,True
trained,i2c,0,921,300,4,True
trained,i2c,0,922,300,4,True
trained,i2c,0,923,300,4,True
trained,i2c,0,924,300,4,True
trained,i2c,0,925,300,4,True
trained,i2c,0,926,300,4,True
trained,i2c,0,927,300,4,True
trained,i2c,0,928,300,4,True
trained,i2c,0,929,300,4,True
trained,i2c,0,930,300,4,True
trained,i2c,0,931,300,4,True
trained,i2c,0,932,300,4,True
trained,i2c,0,933,300,4,True
trained,i2c,0,934,300,4,True
trained,i2c,0,935,300,4,True
trained,i2c,0,936,300,4,True
trained,i2c,0,937,300,4,True
trained,i2c,0,938,300,4,True
trained,i2c,0,939,300,4,True
trained,i2c,0,940,300,4,True
trained,i2c,0,941,300,4,True
trained,i2c,0,942,300,4,True
trained,i2c,0,943,300,4,True
trained,i2c,0,944,300,4,True
trained,i2c,0,945,300,4,True
trained,i2c,0,946,300,4,True
trained,i2c,0,947,300,4,True
trained,i2c,0,948,300,4,True
trained,i2c,0,949,300,4,True
trained,i2c,0,950,300,4,True
trained,i2c,0,951,300,4,True
trained,i2c,0,952,300,4,True
trained,i2c,0,953,300,4,True
trained,i2c,0,954,300,4,True
trained,i2c,0,955,300,4,True
trained,i2c,0,956,300,4,True
trained,i2c,0,957,300,4,True
trained,i2c,0,958,300,4,True
trained,i2c,0,959,300,4,True
trained,i2c,0,960,300,4,True
trained,i2c,0,961,300,4,True
trained,i2c,0,962,300,4,True
trained,i2c,0,963,300,4,True
trained,i2c,0,964,300,4,True
trained,i2c,0,965,300,4,True
trained,i2c,0,966,300,4,True
trained,i2c,0,967,300,4,True
trained,i2c,0,968,300,4,True
trained,i2c,0,969,300,4,True
trained,i2c,0,970,300,4,True
trained,i2c,0,971,300,4,True
trained,i2c,0,972,300,4,True
trained,i2c,0,973,300,4,True
trained,i2c,0,974,300,4,True
trained,i2c,0,975,300,4,True
trained,i2c,0,976,300,4,True
trained,i2c,0,977,300,4,True
trained,i2c,0,978,300,4,True
trained,i2c,0,979,300,4,True
trained,i2c,0,980,300,4,True
trained,i2c,0,981,300,4,True
trained,i2c,0,982,300,4,True
trained,i2c,0,983,300,4,True
trained,i2c,0,984,300,4,True
trained,i2c,0,985,300,4,True
trained,i2c,0,986,300,4,True
trained,i2c,0,987,300,4,True
trained,i2c,0,988,300,4,True
trained,i2c,0,989,300,4,True
trained,i2c,0,990,300,4,True
trained,i2c,0,991,300,4,True
trained,i2c,0,992,300,4,True
trained,i2c,0,993,300,4,True
trained,i2c,0,994,300,4,True
trained,i2c,0,995,300,4,True
trained,i2c,0,996,300,4,True
trained,i2c,0,997,300,4,True
trained,i2c,0,998,300,4,True
trained,i2c,0,999,300,4,True
trained,i2c,0,1000,300,4,True
trained,i2c,1,1,354,4,True
trained,i2c,1,2,347,4,True
trained,i2c,1,3,347,4,True
trained,i2c,1,4,338,4,True
trained,i2c,1,5,338,4,True
trained,i2c,1,6,334,4,True
trained,i2c,1,7,334,4,True
trained,i2c,1,8,334,4,True
trained,i2c,1,9,334,4,True
trained,i2c,1,10,330,4,True
trained,i2c,1,11,330,4,True
trained,i2c,1,12,330,4,True
trained,i2c,1,13,330,4,True
trained,i2c,1,14,330,4,True
trained,i2c,1,15,330,4,True
trained,i2c,1,16,330,4,True
trained,i2c,1,17,330,4,True
trained,i2c,1,18,330,4,True
trained,i2c,1,19,330,4,True
trained,i2c,1,20,330,4,True
trained,i2c,1,21,330,4,True
trained,i2c,1,22,329,4,True
trained,i2c,1,23,329,4,True
trained,i2c,1,24,329,4,True
trained,i2c,1,25,327,4,True
trained,i2c,1,26,323,4,True
trained,i2c,1,27,321,4,True
trained,i2c,1,28,321,4,True
trained,i2c,1,29,321,4,True
trained,i2c,1,30,321,4,True
trained,i2c,1,31,321,4,True
trained,i2c,1,32,321,4,True
trained,i2c,1,33,321,4,True
trained,i2c,1,34,321,4,True
trained,i2c,1,35,321,4,True
trained,i2c,1,36,321,4,True
trained,i2c,1,37,321,4,True
trained,i2c,1,38,321,4,True
trained,i2c,1,39,320,4,True
trained,i2c,1,40,319,4,True
trained,i2c,1,41,319,4,True
trained,i2c,1,42,319,4,True
trained,i2c,1,43,319,4,True
trained,i2c,1,44,318,4,True
trained,i2c,1,45,318,4,True
trained,i2c,1,46,318,4,True
trained,i2c,1,47,318,4,True
trained,i2c,1,48,313,4,True
trained,i2c,1,49,312,4,True
trained,i2c,1,50,312,4,True
trained,i2c,1,51,312,4,True
trained,i2c,1,52,312,4,True
trained,i2c,1,53,312,4,True
trained,i2c,1,54,312,4,True
trained,i2c,1,55,312,4,True
trained,i2c,1,56,312,4,True
trained,i2c,1,57,312,4,True
trained,i2c,1,58,312,4,True
trained,i2c,1,59,312,4,True
trained,i2c,1,60,312,4,True
trained,i2c,1,61,312,4,True
trained,i2c,1,62,312,4,True
trained,i2c,1,63,312,4,True
trained,i2c,1,64,312,4,True
trained,i2c,1,65,312,4,True
trained,i2c,1,66,312,4,True
trained,i2c,1,67,311,4,True
trained,i2c,1,68,311,4,True
trained,i2c,1,69,311,4,True
trained,i2c,1,70,311,4,True
trained,i2c,1,71,311,4,True
trained,i2c,1,72,311,4,True
trained,i2c,1,73,311,4,True
trained,i2c,1,74,311,4,True
trained,i2c,1,75,311,4,True
trained,i2c,1,76,311,4,True
trained,i2c,1,77,311,4,True
trained,i2c,1,78,311,4,True
trained,i2c,1,79,311,4,True
trained,i2c,1,80,311,4,True
trained,i2c,1,81,311,4,True
trained,i2c,1,82,311,4,True
trained,i2c,1,83,311,4,True
trained,i2c,1,84,311,4,True
trained,i2c,1,85,311,4,True
trained,i2c,1,86,311,4,True
trained,i2c,1,87,311,4,True
trained,i2c,1,88,311,4,True
trained,i2c,1,89,311,4,True
trained,i2c,1,90,311,4,True
trained,i2c,1,91,311,4,True
trained,i2c,1,92,311,4,True
trained,i2c,1,93,311,4,True
trained,i2c,1,94,311,4,True
trained,i2c,1,95,311,4,True
trained,i2c,1,96,311,4,True
trained,i2c,1,97,311,4,True
trained,i2c,1,98,311,4,True
trained,i2c,1,99,311,4,True
trained,i2c,1,100,311,4,True
trained,i2c,1,101,311,4,True
trained,i2c,1,102,311,4,True
trained,i2c,1,103,311,4,True
trained,i2c,1,104,311,4,True
trained,i2c,1,105,311,4,True
trained,i2c,1,106,311,4,True
trained,i2c,1,107,311,4,True
trained,i2c,1,108,311,4,True
trained,i2c,1,109,311,4,True
trained,i2c,1,110,311,4,True
trained,i2c,1,111,311,4,True
trained,i2c,1,112,311,4,True
trained,i2c,1,113,311,4,True
trained,i2c,1,114,311,4,True
trained,i2c,1,115,311,4,True
trained,i2c,1,116,311,4,True
trained,i2c,1,117,311,4,True
trained,i2c,1,118,311,4,True
trained,i2c,1,119,311,4,True
trained,i2c,1,120,311,4,True
trained,i2c,1,121,311,4,True
trained,i2c,1,122,311,4,True
trained,i2c,1,123,311,4,True
trained,i2c,1,124,311,4,True
trained,i2c,1,125,311,4,True
trained,i2c,1,126,311,4,True
trained,i2c,1,127,311,4,True
trained,i2c,1,128,311,4,True
trained,i2c,1,129,311,4,True
trained,i2c,1,130,311,4,True
trained,i2c,1,131,311,4,True
trained,i2c,1,132,311,4,True
trained,i2c,1,133,311,4,True
trained,i2c,1,134,311,4,True
trained,i2c,1,135,311,4,True
trained,i2c,1,136,311,4,True
trained,i2c,1,137,311,4,True
trained,i2c,1,138,311,4,True
trained,i2c,1,139,311,4,True
trained,i2c,1,140,311,4,True
trained,i2c,1,141,311,4,True
trained,i2c,1,142,311,4,True
trained,i2c,1,143,311,4,True
trained,i2c,1,144,311,4,True
trained,i2c,1,145,311,4,True
trained,i2c,1,146,311,4,True
trained,i2c,1,147,311,4,True
trained,i2c,1,148,311,4,True
trained,i2c,1,149,311,4,True
trained,i2c,1,150,311,4,True
trained,i2c,1,151,311,4,True
trained,i2c,1,152,311,4,True
trained,i2c,1,153,311,4,True
trained,i2c,1,154,311,4,True
trained,i2c,1,155,311,4,True
trained,i2c,1,156,311,4,True
trained,i2c,1,157,311,4,True
trained,i2c,1,158,311,4,True
trained,i2c,1,159,311,4,True
trained,i2c,1,160,311,4,True
trained,i2c,1,161,311,4,True
trained,i2c,1,162,311,4,True
trained,i2c,1,163,311,4,True
trained,i2c,1,164,311,4,True
trained,i2c,1,165,311,4,True
trained,i2c,1,166,311,4,True
trained,i2c,1,167,311,4,True
trained,i2c,1,168,311,4,True
trained,i2c,1,169,311,4,True
trained,i2c,1,170,311,4,True
trained,i2c,1,171,311,4,True
trained,i2c,1,172,311,4,True
trained,i2c,1,173,311,4,True
trained,i2c,1,174,311,4,True
trained,i2c,1,175,311,4,True
trained,i2c,1,176,311,4,True
trained,i2c,1,177,311,4,True
trained,i2c,1,178,311,4,True
trained,i2c,1,179,311,4,True
trained,i2c,1,180,311,4,True
trained,i2c,1,181,311,4,True
trained,i2c,1,182,311,4,True
trained,i2c,1,183,311,4,True
trained,i2c,1,184,311,4,True
trained,i2c,1,185,311,4,True
trained,i2c,1,186,311,4,True
trained,i2c,1,187,311,4,True
trained,i2c,1,188,311,4,True
trained,i2c,1,189,311,4,True
trained,i2c,1,190,311,4,True
trained,i2c,1,191,311,4,True
trained,i2c,1,192,311,4,True
trained,i2c,1,193,311,4,True
trained,i2c,1,194,311,4,True
trained,i2c,1,195,311,4,True
trained,i2c,1,196,311,4,True
trained,i2c,1,197,311,4,True
trained,i2c,1,198,311,4,True
trained,i2c,1,199,311,4,True
trained,i2c,1,200,311,4,True
trained,i2c,1,201,311,4,True
trained,i2c,1,202,311,4,True
trained,i2c,1,203,311,4,True
trained,i2c,1,204,311,4,True
trained,i2c,1,205,311,4,True
trained,i2c,1,206,311,4,True
trained,i2c,1,207,311,4,True
trained,i2c,1,208,311,4,True
trained,i2c,1,209,311,4,True
trained,i2c,1,210,311,4,True
trained,i2c,1,211,311,4,True
trained,i2c,1,212,311,4,True
trained,i2c,1,213,311,4,True
trained,i2c,1,214,311,4,True
trained,i2c,1,215,311,4,True
trained,i2c,1,216,311,4,True
trained,i2c,1,217,311,4,True
trained,i2c,1,218,311,4,True
trained,i2c,1,219,311,4,True
trained,i2c,1,220,311,4,True
trained,i2c,1,221,311,4,True
trained,i2c,1,222,311,4,True
trained,i2c,1,223,311,4,True
trained,i2c,1,224,311,4,True
trained,i2c,1,225,311,4,True
trained,i2c,1,226,311,4,True
trained,i2c,1,227,311,4,True
trained,i2c,1,228,311,4,True
trained,i2c,1,229,311,4,True
trained,i2c,1,230,311,4,True
trained,i2c,1,231,311,4,True
trained,i2c,1,232,311,4,True
trained,i2c,1,233,311,4,True
trained,i2c,1,234,311,4,True
trained,i2c,1,235,311,4,True
trained,i2c,1,236,311,4,True
trained,i2c,1,237,311,4,True
trained,i2c,1,238,311,4,True
trained,i2c,1,239,311,4,True
trained,i2c,1,240,311,4,True
trained,i2c,1,241,311,4,True
trained,i2c,1,242,311,4,True
trained,i2c,1,243,311,4,True
trained,i2c,1,244,311,4,True
trained,i2c,1,245,311,4,True
trained,i2c,1,246,311,4,True
trained,i2c,1,247,311,4,True
trained,i2c,1,248,311,4,True
trained,i2c,1,249,311,4,True
trained,i2c,1,250,311,4,True
trained,i2c,1,251,311,4,True
trained,i2c,1,252,311,4,True
trained,i2c,1,253,311,4,True
trained,i2c,1,254,311,4,True
trained,i2c,1,255,311,4,True
trained,i2c,1,256,311,4,True
trained,i2c,1,257,311,4,True
trained,i2c,1,258,311,4,True
trained,i2c,1,259,311,4,True
trained,i2c,1,260,311,4,True
trained,i2c,1,261,311,4,True
trained,i2c,1,262,311,4,True
trained,i2c,1,263,311,4,True
trained,i2c,1,264,311,4,True
trained,i2c,1,265,311,4,True
trained,i2c,1,266,311,4,True
trained,i2c,1,267,311,4,True
trained,i2c,1,268,311,4,True
trained,i2c,1,269,311,4,True
trained,i2c,1,270,311,4,True
trained,i2c,1,271,311,4,True
trained,i2c,1,272,311,4,True
trained,i2c,1,273,311,4,True
trained,i2c,1,274,311,4,True
trained,i2c,1,275,311,4,True
trained,i2c,1,276,311,4,True
trained,i2c,1,277,311,4,True
trained,i2c,1,278,311,4,True
trained,i2c,1,279,311,4,True
trained,i2c,1,280,311,4,True
trained,i2c,1,281,311,4,True
trained,i2c,1,282,311,4,True
trained,i2c,1,283,311,4,True
trained,i2c,1,284,311,4,True
trained,i2c,1,285,311,4,True
trained,i2c,1,286,311,4,True
trained,i2c,1,287,311,4,True
trained,i2c,1,288,311,4,True
trained,i2c,1,289,311,4,True
trained,i2c,1,290,311,4,True
trained,i2c,1,291,311,4,True
trained,i2c,1,292,311,4,True
trained,i2c,1,293,311,4,True
trained,i2c,1,294,311,4,True
trained,i2c,1,295,311,4,True
trained,i2c,1,296,311,4,True
trained,i2c,1,297,311,4,True
trained,i2c,1,298,311,4,True
trained,i2c,1,299,311,4,True
trained,i2c,1,300,311,4,True
trained,i2c,1,301,311,4,True
trained,i2c,1,302,311,4,True
trained,i2c,1,303,311,4,True
trained,i2c,1,304,311,4,True
trained,i2c,1,305,311,4,True
trained,i2c,1,306,311,4,True
trained,i2c,1,307,311,4,True
trained,i2c,1,308,311,4,True
trained,i2c,1,309,311,4,True
trained,i2c,1,310,311,4,True
trained,i2c,1,311,311,4,True
trained,i2c,1,312,311,4,True
trained,i2c,1,313,311,4,True
trained,i2c,1,314,311,4,True
trained,i2c,1,315,311,4,True
trained,i2c,1,316,311,4,True
trained,i2c,1,317,311,4,True
trained,i2c,1,318,311,4,True
trained,i2c,1,319,311,4,True
trained,i2c,1,320,311,4,True
trained,i2c,1,321,311,4,True
trained,i2c,1,322,311,4,True
trained,i2c,1,323,311,4,True
trained,i2c,1,324,311,4,True
trained,i2c,1,325,311,4,True
trained,i2c,1,326,311,4,True
trained,i2c,1,327,311,4,True
trained,i2c,1,328,311,4,True
trained,i2c,1,329,311,4,True
trained,i2c,1,330,311,4,True
trained,i2c,1,331,311,4,True
trained,i2c,1,332,311,4,True
trained,i2c,1,333,311,4,True
trained,i2c,1,334,311,4,True
trained,i2c,1,335,311,4,True
trained,i2c,1,336,311,4,True
trained,i2c,1,337,311,4,True
trained,i2c,1,338,311,4,True
trained,i2c,1,339,311,4,True
trained,i2c,1,340,311,4,True
trained,i2c,1,341,311,4,True
trained,i2c,1,342,311,4,True
trained,i2c,1,343,311,4,True
trained,i2c,1,344,311,4,True
trained,i2c,1,345,311,4,True
trained,i2c,1,346,311,4,True
trained,i2c,1,347,311,4,True
trained,i2c,1,348,311,4,True
trained,i2c,1,349,311,4,True
trained,i2c,1,350,311,4,True
trained,i2c,1,351,311,4,True
trained,i2c,1,352,311,4,True
trained,i2c,1,353,311,4,True
trained,i2c,1,354,311,4,True
trained,i2c,1,355,311,4,True
trained,i2c,1,356,311,4,True
trained,i2c,1,357,311,4,True
trained,i2c,1,358,311,4,True
trained,i2c,1,359,311,4,True
trained,i2c,1,360,311,4,True
trained,i2c,1,361,311,4,True
trained,i2c,1,362,311,4,True
trained,i2c,1,363,311,4,True
trained,i2c,1,364,311,4,True
trained,i2c,1,365,311,4,True
trained,i2c,1,366,311,4,True
trained,i2c,1,367,311,4,True
trained,i2c,1,368,311,4,True
trained,i2c,1,369,311,4,True
trained,i2c,1,370,311,4,True
trained,i2c,1,371,311,4,True
trained,i2c,1,372,311,4,True
trained,i2c,1,373,311,4,True
trained,i2c,1,374,311,4,True
trained,i2c,1,375,311,4,True
trained,i2c,1,376,311,4,True
trained,i2c,1,377,311,4,True
trained,i2c,1,378,311,4,True
trained,i2c,1,379,311,4,True
trained,i2c,1,380,311,4,True
trained,i2c,1,381,311,4,True
trained,i2c,1,382,311,4,True
trained,i2c,1,383,311,4,True
trained,i2c,1,384,311,4,True
trained,i2c,1,385,311,4,True
trained,i2c,1,386,311,4,True
trained,i2c,1,387,311,4,True
trained,i2c,1,388,311,4,True
trained,i2c,1,389,311,4,True
trained,i2c,1,390,311,4,True
trained,i2c,1,391,311,4,True
trained,i2c,1,392,311,4,True
trained,i2c,1,393,311,4,True
trained,i2c,1,394,311,4,True
trained,i2c,1,395,311,4,True
trained,i2c,1,396,311,4,True
trained,i2c,1,397,311,4,True
trained,i2c,1,398,311,4,True
trained,i2c,1,399,311,4,True
trained,i2c,1,400,311,4,True
trained,i2c,1,401,311,4,True
trained,i2c,1,402,311,4,True
trained,i2c,1,403,311,4,True
trained,i2c,1,404,311,4,True
trained,i2c,1,405,311,4,True
trained,i2c,1,406,311,4,True
trained,i2c,1,407,311,4,True
trained,i2c,1,408,311,4,True
trained,i2c,1,409,311,4,True
trained,i2c,1,410,311,4,True
trained,i2c,1,411,311,4,True
trained,i2c,1,412,311,4,True
trained,i2c,1,413,311,4,True
trained,i2c,1,414,311,4,True
trained,i2c,1,415,311,4,True
trained,i2c,1,416,311,4,True
trained,i2c,1,417,311,4,True
trained,i2c,1,418,311,4,True
trained,i2c,1,419,311,4,True
trained,i2c,1,420,311,4,True
trained,i2c,1,421,311,4,True
trained,i2c,1,422,311,4,True
trained,i2c,1,423,311,4,True
trained,i2c,1,424,311,4,True
trained,i2c,1,425,311,4,True
trained,i2c,1,426,311,4,True
trained,i2c,1,427,311,4,True
trained,i2c,1,428,311,4,True
trained,i2c,1,429,311,4,True
trained,i2c,1,430,311,4,True
trained,i2c,1,431,311,4,True
trained,i2c,1,432,311,4,True
trained,i2c,1,433,311,4,True
trained,i2c,1,434,311,4,True
trained,i2c,1,435,311,4,True
trained,i2c,1,436,311,4,True
trained,i2c,1,437,311,4,True
trained,i2c,1,438,311,4,True
trained,i2c,1,439,311,4,True
trained,i2c,1,440,311,4,True
trained,i2c,1,441,311,4,True
trained,i2c,1,442,311,4,True
trained,i2c,1,443,311,4,True
trained,i2c,1,444,311,4,True
trained,i2c,1,445,311,4,True
trained,i2c,1,446,311,4,True
trained,i2c,1,447,311,4,True
trained,i2c,1,448,311,4,True
trained,i2c,1,449,311,4,True
trained,i2c,1,450,311,4,True
trained,i2c,1,451,311,4,True
trained,i2c,1,452,311,4,True
trained,i2c,1,453,311,4,True
trained,i2c,1,454,311,4,True
trained,i2c,1,455,311,4,True
trained,i2c,1,456,311,4,True
trained,i2c,1,457,311,4,True
trained,i2c,1,458,311,4,True
trained,i2c,1,459,311,4,True
trained,i2c,1,460,311,4,True
trained,i2c,1,461,311,4,True
trained,i2c,1,462,311,4,True
trained,i2c,1,463,311,4,True
trained,i2c,1,464,311,4,True
trained,i2c,1,465,311,4,True
trained,i2c,1,466,311,4,True
trained,i2c,1,467,311,4,True
trained,i2c,1,468,311,4,True
trained,i2c,1,469,311,4,True
trained,i2c,1,470,311,4,True
trained,i2c,1,471,311,4,True
trained,i2c,1,472,311,4,True
trained,i2c,1,473,311,4,True
trained,i2c,1,474,311,4,True
trained,i2c,1,475,311,4,True
trained,i2c,1,476,311,4,True
trained,i2c,1,477,311,4,True
trained,i2c,1,478,311,4,True
trained,i2c,1,479,311,4,True
trained,i2c,1,480,311,4,True
trained,i2c,1,481,311,4,True
trained,i2c,1,482,311,4,True
trained,i2c,1,483,311,4,True
trained,i2c,1,484,311,4,True
trained,i2c,1,485,311,4,True
trained,i2c,1,486,311,4,True
trained,i2c,1,487,311,4,True
trained,i2c,1,488,311,4,True
trained,i2c,1,489,311,4,True
trained,i2c,1,490,311,4,True
trained,i2c,1,491,311,4,True
trained,i2c,1,492,311,4,True
trained,i2c,1,493,311,4,True
trained,i2c,1,494,311,4,True
trained,i2c,1,495,311,4,True
trained,i2c,1,496,311,4,True
trained,i2c,1,497,311,4,True
trained,i2c,1,498,311,4,True
trained,i2c,1,499,311,4,True
trained,i2c,1,500,311,4,True
trained,i2c,1,501,311,4,True
trained,i2c,1,502,311,4,True
trained,i2c,1,503,311,4,True
trained,i2c,1,504,311,4,True
trained,i2c,1,505,311,4,True
trained,i2c,1,506,311,4,True
trained,i2c,1,507,306,4,True
trained,i2c,1,508,306,4,True
trained,i2c,1,509,305,4,True
trained,i2c,1,510,305,4,True
trained,i2c,1,511,305,4,True
trained,i2c,1,512,305,4,True
trained,i2c,1,513,305,4,True
trained,i2c,1,514,305,4,True
trained,i2c,1,515,305,4,True
trained,i2c,1,516,305,4,True
trained,i2c,1,517,305,4,True
trained,i2c,1,518,305,4,True
trained,i2c,1,519,305,4,True
trained,i2c,1,520,305,4,True
trained,i2c,1,521,305,4,True
trained,i2c,1,522,305,4,True
trained,i2c,1,523,305,4,True
trained,i2c,1,524,305,4,True
trained,i2c,1,525,305,4,True
trained,i2c,1,526,305,4,True
trained,i2c,1,527,305,4,True
trained,i2c,1,528,305,4,True
trained,i2c,1,529,305,4,True
trained,i2c,1,530,305,4,True
trained,i2c,1,531,305,4,True
trained,i2c,1,532,305,4,True
trained,i2c,1,533,305,4,True
trained,i2c,1,534,305,4,True
trained,i2c,1,535,305,4,True
trained,i2c,1,536,305,4,True
trained,i2c,1,537,305,4,True
trained,i2c,1,538,305,4,True
trained,i2c,1,539,305,4,True
trained,i2c,1,540,305,4,True
trained,i2c,1,541,305,4,True
trained,i2c,1,542,305,4,True
trained,i2c,1,543,305,4,True
trained,i2c,1,544,305,4,True
trained,i2c,1,545,305,4,True
trained,i2c,1,546,305,4,True
trained,i2c,1,547,305,4,True
trained,i2c,1,548,305,4,True
trained,i2c,1,549,305,4,True
trained,i2c,1,550,305,4,True
trained,i2c,1,551,305,4,True
trained,i2c,1,552,305,4,True
trained,i2c,1,553,305,4,True
trained,i2c,1,554,305,4,True
trained,i2c,1,555,305,4,True
trained,i2c,1,556,305,4,True
trained,i2c,1,557,305,4,True
trained,i2c,1,558,305,4,True
trained,i2c,1,559,305,4,True
trained,i2c,1,560,305,4,True
trained,i2c,1,561,305,4,True
trained,i2c,1,562,305,4,True
trained,i2c,1,563,305,4,True
trained,i2c,1,564,305,4,True
trained,i2c,1,565,305,4,True
trained,i2c,1,566,305,4,True
trained,i2c,1,567,305,4,True
trained,i2c,1,568,305,4,True
trained,i2c,1,569,305,4,True
trained,i2c,1,570,305,4,True
trained,i2c,1,571,305,4,True
trained,i2c,1,572,305,4,True
trained,i2c,1,573,305,4,True
trained,i2c,1,574,305,4,True
trained,i2c,1,575,305,4,True
trained,i2c,1,576,305,4,True
trained,i2c,1,577,305,4,True
trained,i2c,1,578,305,4,True
trained,i2c,1,579,305,4,True
trained,i2c,1,580,305,4,True
trained,i2c,1,581,305,4,True
trained,i2c,1,582,305,4,True
trained,i2c,1,583,305,4,True
trained,i2c,1,584,305,4,True
trained,i2c,1,585,305,4,True
trained,i2c,1,586,305,4,True
trained,i2c,1,587,305,4,True
trained,i2c,1,588,305,4,True
trained,i2c,1,589,305,4,True
trained,i2c,1,590,305,4,True
trained,i2c,1,591,305,4,True
trained,i2c,1,592,305,4,True
trained,i2c,1,593,305,4,True
trained,i2c,1,594,305,4,True
trained,i2c,1,595,305,4,True
trained,i2c,1,596,305,4,True
trained,i2c,1,597,305,4,True
trained,i2c,1,598,305,4,True
trained,i2c,1,599,305,4,True
trained,i2c,1,600,305,4,True
trained,i2c,1,601,305,4,True
trained,i2c,1,602,305,4,True
trained,i2c,1,603,305,4,True
trained,i2c,1,604,305,4,True
trained,i2c,1,605,305,4,True
trained,i2c,1,606,305,4,True
trained,i2c,1,607,305,4,True
trained,i2c,1,608,305,4,True
trained,i2c,1,609,305,4,True
trained,i2c,1,610,305,4,True
trained,i2c,1,611,305,4,True
trained,i2c,1,612,305,4,True
trained,i2c,1,613,305,4,True
trained,i2c,1,614,305,4,True
trained,i2c,1,615,305,4,True
trained,i2c,1,616,305,4,True
trained,i2c,1,617,305,4,True
trained,i2c,1,618,305,4,True
trained,i2c,1,619,305,4,True
trained,i2c,1,620,305,4,True
trained,i2c,1,621,305,4,True
trained,i2c,1,622,305,4,True
trained,i2c,1,623,305,4,True
trained,i2c,1,624,305,4,True
trained,i2c,1,625,305,4,True
trained,i2c,1,626,305,4,True
trained,i2c,1,627,305,4,True
trained,i2c,1,628,305,4,True
trained,i2c,1,629,305,4,True
trained,i2c,1,630,305,4,True
trained,i2c,1,631,305,4,True
trained,i2c,1,632,305,4,True
trained,i2c,1,633,305,4,True
trained,i2c,1,634,305,4,True
trained,i2c,1,635,305,4,True
trained,i2c,1,636,305,4,True
trained,i2c,1,637,305,4,True
trained,i2c,1,638,305,4,True
trained,i2c,1,639,305,4,True
trained,i2c,1,640,305,4,True
trained,i2c,1,641,305,4,True
trained,i2c,1,642,305,4,True
trained,i2c,1,643,305,4,True
trained,i2c,1,644,305,4,True
trained,i2c,1,645,305,4,True
trained,i2c,1,646,305,4,True
trained,i2c,1,647,305,4,True
trained,i2c,1,648,305,4,True
trained,i2c,1,649,305,4,True
trained,i2c,1,650,305,4,True
trained,i2c,1,651,305,4,True
trained,i2c,1,652,305,4,True
trained,i2c,1,653,305,4,True
trained,i2c,1,654,305,4,True
trained,i2c,1,655,305,4,True
trained,i2c,1,656,305,4,True
trained,i2c,1,657,305,4,True
trained,i2c,1,658,305,4,True
trained,i2c,1,659,305,4,True
trained,i2c,1,660,305,4,True
trained,i2c,1,661,305,4,True
trained,i2c,1,662,305,4,True
trained,i2c,1,663,305,4,True
trained,i2c,1,664,305,4,True
trained,i2c,1,665,305,4,True
trained,i2c,1,666,305,4,True
trained,i2c,1,667,305,4,True
trained,i2c,1,668,305,4,True
trained,i2c,1,669,305,4,True
trained,i2c,1,670,305,4,True
trained,i2c,1,671,305,4,True
trained,i2c,1,672,305,4,True
trained,i2c,1,673,305,4,True
trained,i2c,1,674,305,4,True
trained,i2c,1,675,305,4,True
trained,i2c,1,676,305,4,True
trained,i2c,1,677,305,4,True
trained,i2c,1,678,305,4,True
trained,i2c,1,679,305,4,True
trained,i2c,1,680,305,4,True
trained,i2c,1,681,305,4,True
trained,i2c,1,682,305,4,True
trained,i2c,1,683,305,4,True
trained,i2c,1,684,305,4,True
trained,i2c,1,685,305,4,True
trained,i2c,1,686,305,4,True
trained,i2c,1,687,305,4,True
trained,i2c,1,688,305,4,True
trained,i2c,1,689,305,4,True
trained,i2c,1,690,305,4,True
trained,i2c,1,691,305,4,True
trained,i2c,1,692,305,4,True
trained,i2c,1,693,305,4,True
trained,i2c,1,694,305,4,True
trained,i2c,1,695,305,4,True
trained,i2c,1,696,305,4,True
trained,i2c,1,697,305,4,True
trained,i2c,1,698,305,4,True
trained,i2c,1,699,305,4,True
trained,i2c,1,700,305,4,True
trained,i2c,1,701,305,4,True
trained,i2c,1,702,305,4,True
trained,i2c,1,703,305,4,True
trained,i2c,1,704,305,4,True
trained,i2c,1,705,305,4,True
trained,i2c,1,706,305,4,True
trained,i2c,1,707,305,4,True
trained,i2c,1,708,305,4,True
trained,i2c,1,709,305,4,True
trained,i2c,1,710,305,4,True
trained,i2c,1,711,305,4,True
trained,i2c,1,712,305,4,True
trained,i2c,1,713,305,4,True
trained,i2c,1,714,305,4,True
trained,i2c,1,715,305,4,True
trained,i2c,1,716,305,4,True
trained,i2c,1,717,305,4,True
trained,i2c,1,718,305,4,True
trained,i2c,1,719,305,4,True
trained,i2c,1,720,305,4,True
trained,i2c,1,721,305,4,True
trained,i2c,1,722,305,4,True
trained,i2c,1,723,305,4,True
trained,i2c,1,724,305,4,True
trained,i2c,1,725,305,4,True
trained,i2c,1,726,305,4,True
trained,i2c,1,727,305,4,True
trained,i2c,1,728,305,4,True
trained,i2c,1,729,305,4,True
trained,i2c,1,730,305,4,True
trained,i2c,1,731,305,4,True
trained,i2c,1,732,305,4,True
trained,i2c,1,733,305,4,True
trained,i2c,1,734,305,4,True
trained,i2c,1,735,305,4,True
trained,i2c,1,736,305,4,True
trained,i2c,1,737,305,4,True
trained,i2c,1,738,305,4,True
trained,i2c,1,739,305,4,True
trained,i2c,1,740,305,4,True
trained,i2c,1,741,305,4,True
trained,i2c,1,742,305,4,True
trained,i2c,1,743,305,4,True
trained,i2c,1,744,305,4,True
trained,i2c,1,745,305,4,True
trained,i2c,1,746,305,4,True
trained,i2c,1,747,305,4,True
trained,i2c,1,748,305,4,True
trained,i2c,1,749,305,4,True
trained,i2c,1,750,305,4,True
trained,i2c,1,751,305,4,True
trained,i2c,1,752,305,4,True
trained,i2c,1,753,305,4,True
trained,i2c,1,754,305,4,True
trained,i2c,1,755,305,4,True
trained,i2c,1,756,305,4,True
trained,i2c,1,757,305,4,True
trained,i2c,1,758,305,4,True
trained,i2c,1,759,305,4,True
trained,i2c,1,760,305,4,True
trained,i2c,1,761,305,4,True
trained,i2c,1,762,305,4,True
trained,i2c,1,763,305,4,True
trained,i2c,1,764,305,4,True
trained,i2c,1,765,305,4,True
trained,i2c,1,766,305,4,True
trained,i2c,1,767,305,4,True
trained,i2c,1,768,305,4,True
trained,i2c,1,769,305,4,True
trained,i2c,1,770,305,4,True
trained,i2c,1,771,305,4,True
trained,i2c,1,772,305,4,True
trained,i2c,1,773,305,4,True
trained,i2c,1,774,305,4,True
trained,i2c,1,775,305,4,True
trained,i2c,1,776,305,4,True
trained,i2c,1,777,305,4,True
trained,i2c,1,778,305,4,True
trained,i2c,1,779,305,4,True
trained,i2c,1,780,305,4,True
trained,i2c,1,781,305,4,True
trained,i2c,1,782,305,4,True
trained,i2c,1,783,305,4,True
trained,i2c,1,784,305,4,True
trained,i2c,1,785,305,4,True
trained,i2c,1,786,305,4,True
trained,i2c,1,787,305,4,True
trained,i2c,1,788,305,4,True
trained,i2c,1,789,305,4,True
trained,i2c,1,790,305,4,True
trained,i2c,1,791,305,4,True
trained,i2c,1,792,305,4,True
trained,i2c,1,793,305,4,True
trained,i2c,1,794,305,4,True
trained,i2c,1,795,305,4,True
trained,i2c,1,796,305,4,True
trained,i2c,1,797,305,4,True
trained,i2c,1,798,305,4,True
trained,i2c,1,799,305,4,True
trained,i2c,1,800,305,4,True
trained,i2c,1,801,305,4,True
trained,i2c,1,802,305,4,True
trained,i2c,1,803,305,4,True
trained,i2c,1,804,305,4,True
trained,i2c,1,805,305,4,True
trained,i2c,1,806,305,4,True
trained,i2c,1,807,305,4,True
trained,i2c,1,808,305,4,True
trained,i2c,1,809,305,4,True
trained,i2c,1,810,305,4,True
trained,i2c,1,811,305,4,True
trained,i2c,1,812,305,4,True
trained,i2c,1,813,305,4,True
trained,i2c,1,814,305,4,True
trained,i2c,1,815,305,4,True
trained,i2c,1,816,305,4,True
trained,i2c,1,817,305,4,True
trained,i2c,1,818,305,4,True
trained,i2c,1,819,305,4,True
trained,i2c,1,820,305,4,True
trained,i2c,1,821,305,4,True
trained,i2c,1,822,305,4,True
trained,i2c,1,823,305,4,True
trained,i2c,1,824,305,4,True
trained,i2c,1,825,305,4,True
trained,i2c,1,826,305,4,True
trained,i2c,1,827,305,4,True
trained,i2c,1,828,305,4,True
trained,i2c,1,829,305,4,True
trained,i2c,1,830,305,4,True
trained,i2c,1,831,305,4,True
trained,i2c,1,832,305,4,True
trained,i2c,1,833,305,4,True
trained,i2c,1,834,305,4,True
trained,i2c,1,835,305,4,True
trained,i2c,1,836,305,4,True
trained,i2c,1,837,305,4,True
trained,i2c,1,838,305,4,True
trained,i2c,1,839,305,4,True
trained,i2c,1,840,305,4,True
trained,i2c,1,841,305,4,True
trained,i2c,1,842,305,4,True
trained,i2c,1,843,305,4,True
trained,i2c,1,844,305,4,True
trained,i2c,1,845,305,4,True
trained,i2c,1,846,305,4,True
trained,i2c,1,847,305,4,True
trained,i2c,1,848,305,4,True
trained,i2c,1,849,305,4,True
trained,i2c,1,850,305,4,True
trained,i2c,1,851,305,4,True
trained,i2c,1,852,305,4,True
trained,i2c,1,853,305,4,True
trained,i2c,1,854,305,4,True
trained,i2c,1,855,305,4,True
trained,i2c,1,856,305,4,True
trained,i2c,1,857,305,4,True
trained,i2c,1,858,305,4,True
trained,i2c,1,859,305,4,True
trained,i2c,1,860,305,4,True
trained,i2c,1,861,305,4,True
trained,i2c,1,862,305,4,True
trained,i2c,1,863,305,4,True
trained,i2c,1,864,305,4,True
trained,i2c,1,865,305,4,True
trained,i2c,1,866,305,4,True
trained,i2c,1,867,305,4,True
trained,i2c,1,868,305,4,True
trained,i2c,1,869,305,4,True
trained,i2c,1,870,305,4,True
trained,i2c,1,871,305,4,True
trained,i2c,1,872,305,4,True
trained,i2c,1,873,305,4,True
trained,i2c,1,874,305,4,True
trained,i2c,1,875,305,4,True
trained,i2c,1,876,305,4,True
trained,i2c,1,877,305,4,True
trained,i2c,1,878,305,4,True
trained,i2c,1,879,305,4,True
trained,i2c,1,880,305,4,True
trained,i2c,1,881,305,4,True
trained,i2c,1,882,305,4,True
trained,i2c,1,883,305,4,True
trained,i2c,1,884,305,4,True
trained,i2c,1,885,305,4,True
trained,i2c,1,886,305,4,True
trained,i2c,1,887,305,4,True
trained,i2c,1,888,305,4,True
trained,i2c,1,889,305,4,True
trained,i2c,1,890,305,4,True
trained,i2c,1,891,305,4,True
trained,i2c,1,892,305,4,True
trained,i2c,1,893,305,4,True
trained,i2c,1,894,305,4,True
trained,i2c,1,895,305,4,True
trained,i2c,1,896,305,4,True
trained,i2c,1,897,305,4,True
trained,i2c,1,898,305,4,True
trained,i2c,1,899,305,4,True
trained,i2c,1,900,305,4,True
trained,i2c,1,901,305,4,True
trained,i2c,1,902,305,4,True
trained,i2c,1,903,305,4,True
trained,i2c,1,904,305,4,True
trained,i2c,1,905,305,4,True
trained,i2c,1,906,305,4,True
trained,i2c,1,907,305,4,True
trained,i2c,1,908,305,4,True
trained,i2c,1,909,305,4,True
trained,i2c,1,910,305,4,True
trained,i2c,1,911,305,4,True
trained,i2c,1,912,305,4,True
trained,i2c,1,913,305,4,True
trained,i2c,1,914,305,4,True
trained,i2c,1,915,305,4,True
trained,i2c,1,916,305,4,True
trained,i2c,1,917,305,4,True
trained,i2c,1,918,305,4,True
trained,i2c,1,919,305,4,True
trained,i2c,1,920,305,4,True
trained,i2c,1,921,305,4,True
trained,i2c,1,922,305,4,True
trained,i2c,1,923,305,4,True
trained,i2c,1,924,305,4,True
trained,i2c,1,925,305,4,True
trained,i2c,1,926,305,4,True
trained,i2c,1,927,305,4,True
trained,i2c,1,928,305,4,True
trained,i2c,1,929,305,4,True
trained,i2c,1,930,305,4,True
trained,i2c,1,931,305,4,True
trained,i2c,1,932,305,4,True
trained,i2c,1,933,305,4,True
trained,i2c,1,934,305,4,True
trained,i2c,1,935,305,4,True
trained,i2c,1,936,305,4,True
trained,i2c,1,937,305,4,True
trained,i2c,1,938,305,4,True
trained,i2c,1,939,305,4,True
trained,i2c,1,940,305,4,True
trained,i2c,1,941,305,4,True
trained,i2c,1,942,305,4,True
trained,i2c,1,943,305,4,True
trained,i2c,1,944,305,4,True
trained,i2c,1,945,305,4,True
trained,i2c,1,946,305,4,True
trained,i2c,1,947,305,4,True
trained,i2c,1,948,305,4,True
trained,i2c,1,949,305,4,True
trained,i2c,1,950,305,4,True
trained,i2c,1,951,305,4,True
trained,i2c,1,952,305,4,True
trained,i2c,1,953,305,4,True
trained,i2c,1,954,305,4,True
trained,i2c,1,955,305,4,True
trained,i2c,1,956,305,4,True
trained,i2c,1,957,305,4,True
trained,i2c,1,958,305,4,True
trained,i2c,1,959,305,4,True
trained,i2c,1,960,305,4,True
trained,i2c,1,961,305,4,True
trained,i2c,1,962,305,4,True
trained,i2c,1,963,305,4,True
trained,i2c,1,964,305,4,True
trained,i2c,1,965,305,4,True
trained,i2c,1,966,305,4,True
trained,i2c,1,967,305,4,True
trained,i2c,1,968,305,4,True
trained,i2c,1,969,305,4,True
trained,i2c,1,970,305,4,True
trained,i2c,1,971,305,4,True
trained,i2c,1,972,305,4,True
trained,i2c,1,973,305,4,True
trained,i2c,1,974,305,4,True
trained,i2c,1,975,305,4,True
trained,i2c,1,976,305,4,True
trained,i2c,1,977,305,4,True
trained,i2c,1,978,305,4,True
trained,i2c,1,979,305,4,True
trained,i2c,1,980,305,4,True
trained,i2c,1,981,305,4,True
trained,i2c,1,982,305,4,True
trained,i2c,1,983,305,4,True
trained,i2c,1,984,305,4,True
trained,i2c,1,985,305,4,True
trained,i2c,1,986,305,4,True
trained,i2c,1,987,305,4,True
trained,i2c,1,988,305,4,True
trained,i2c,1,989,305,4,True
trained,i2c,1,990,305,4,True
trained,i2c,1,991,305,4,True
trained,i2c,1,992,305,4,True
trained,i2c,1,993,305,4,True
trained,i2c,1,994,305,4,True
trained,i2c,1,995,305,4,True
trained,i2c,1,996,305,4,True
trained,i2c,1,997,305,4,True
trained,i2c,1,998,305,4,True
trained,i2c,1,999,305,4,True
trained,i2c,1,1000,305,4,True
trained,i2c,2,1,340,4,True
trained,i2c,2,2,340,4,True
trained,i2c,2,3,332,4,True
trained,i2c,2,4,331,4,True
trained,i2c,2,5,331,4,True
trained,i2c,2,6,327,4,True
trained,i2c,2,7,327,4,True
trained,i2c,2,8,327,4,True
trained,i2c,2,9,323,4,True
trained,i2c,2,10,323,4,True
trained,i2c,2,11,323,4,True
trained,i2c,2,12,323,4,True
trained,i2c,2,13,323,4,True
trained,i2c,2,14,323,4,True
trained,i2c,2,15,323,4,True
trained,i2c,2,16,323,4,True
trained,i2c,2,17,320,4,True
trained,i2c,2,18,318,4,True
trained,i2c,2,19,313,4,True
trained,i2c,2,20,310,4,True
trained,i2c,2,21,310,4,True
trained,i2c,2,22,310,4,True
trained,i2c,2,23,310,4,True
trained,i2c,2,24,310,4,True
trained,i2c,2,25,310,4,True
trained,i2c,2,26,310,4,True
trained,i2c,2,27,310,4,True
trained,i2c,2,28,310,4,True
trained,i2c,2,29,310,4,True
trained,i2c,2,30,310,4,True
trained,i2c,2,31,310,4,True
trained,i2c,2,32,310,4,True
trained,i2c,2,33,310,4,True
trained,i2c,2,34,310,4,True
trained,i2c,2,35,310,4,True
trained,i2c,2,36,310,4,True
trained,i2c,2,37,310,4,True
trained,i2c,2,38,310,4,True
trained,i2c,2,39,310,4,True
trained,i2c,2,40,310,4,True
trained,i2c,2,41,310,4,True
trained,i2c,2,42,310,4,True
trained,i2c,2,43,310,4,True
trained,i2c,2,44,310,4,True
trained,i2c,2,45,310,4,True
trained,i2c,2,46,310,4,True
trained,i2c,2,47,310,4,True
trained,i2c,2,48,310,4,True
trained,i2c,2,49,310,4,True
trained,i2c,2,50,310,4,True
trained,i2c,2,51,310,4,True
trained,i2c,2,52,310,4,True
trained,i2c,2,53,310,4,True
trained,i2c,2,54,310,4,True
trained,i2c,2,55,310,4,True
trained,i2c,2,56,310,4,True
trained,i2c,2,57,310,4,True
trained,i2c,2,58,310,4,True
trained,i2c,2,59,310,4,True
trained,i2c,2,60,310,4,True
trained,i2c,2,61,310,4,True
trained,i2c,2,62,310,4,True
trained,i2c,2,63,310,4,True
trained,i2c,2,64,310,4,True
trained,i2c,2,65,310,4,True
trained,i2c,2,66,310,4,True
trained,i2c,2,67,310,4,True
trained,i2c,2,68,310,4,True
trained,i2c,2,69,310,4,True
trained,i2c,2,70,310,4,True
trained,i2c,2,71,310,4,True
trained,i2c,2,72,310,4,True
trained,i2c,2,73,310,4,True
trained,i2c,2,74,310,4,True
trained,i2c,2,75,310,4,True
trained,i2c,2,76,310,4,True
trained,i2c,2,77,310,4,True
trained,i2c,2,78,310,4,True
trained,i2c,2,79,310,4,True
trained,i2c,2,80,310,4,True
trained,i2c,2,81,310,4,True
trained,i2c,2,82,310,4,True
trained,i2c,2,83,310,4,True
trained,i2c,2,84,310,4,True
trained,i2c,2,85,310,4,True
trained,i2c,2,86,310,4,True
trained,i2c,2,87,310,4,True
trained,i2c,2,88,310,4,True
trained,i2c,2,89,310,4,True
trained,i2c,2,90,310,4,True
trained,i2c,2,91,310,4,True
trained,i2c,2,92,310,4,True
trained,i2c,2,93,310,4,True
trained,i2c,2,94,310,4,True
trained,i2c,2,95,310,4,True
trained,i2c,2,96,310,4,True
trained,i2c,2,97,310,4,True
trained,i2c,2,98,310,4,True
trained,i2c,2,99,310,4,True
trained,i2c,2,100,310,4,True
trained,i2c,2,101,310,4,True
trained,i2c,2,102,310,4,True
trained,i2c,2,103,310,4,True
trained,i2c,2,104,310,4,True
trained,i2c,2,105,310,4,True
trained,i2c,2,106,310,4,True
trained,i2c,2,107,310,4,True
trained,i2c,2,108,310,4,True
trained,i2c,2,109,310,4,True
trained,i2c,2,110,310,4,True
trained,i2c,2,111,310,4,True
trained,i2c,2,112,310,4,True
trained,i2c,2,113,310,4,True
trained,i2c,2,114,310,4,True
trained,i2c,2,115,310,4,True
trained,i2c,2,116,310,4,True
trained,i2c,2,117,310,4,True
trained,i2c,2,118,310,4,True
trained,i2c,2,119,310,4,True
trained,i2c,2,120,310,4,True
trained,i2c,2,121,310,4,True
trained,i2c,2,122,310,4,True
trained,i2c,2,123,310,4,True
trained,i2c,2,124,310,4,True
trained,i2c,2,125,310,4,True
trained,i2c,2,126,310,4,True
trained,i2c,2,127,310,4,True
trained,i2c,2,128,310,4,True
trained,i2c,2,129,310,4,True
trained,i2c,2,130,310,4,True
trained,i2c,2,131,310,4,True
trained,i2c,2,132,310,4,True
trained,i2c,2,133,310,4,True
trained,i2c,2,134,310,4,True
trained,i2c,2,135,310,4,True
trained,i2c,2,136,310,4,True
trained,i2c,2,137,310,4,True
trained,i2c,2,138,310,4,True
trained,i2c,2,139,310,4,True
trained,i2c,2,140,310,4,True
trained,i2c,2,141,310,4,True
trained,i2c,2,142,310,4,True
trained,i2c,2,143,310,4,True
trained,i2c,2,144,310,4,True
trained,i2c,2,145,310,4,True
trained,i2c,2,146,310,4,True
trained,i2c,2,147,310,4,True
trained,i2c,2,148,310,4,True
trained,i2c,2,149,310,4,True
trained,i2c,2,150,310,4,True
trained,i2c,2,151,310,4,True
trained,i2c,2,152,310,4,True
trained,i2c,2,153,310,4,True
trained,i2c,2,154,310,4,True
trained,i2c,2,155,310,4,True
trained,i2c,2,156,310,4,True
trained,i2c,2,157,310,4,True
trained,i2c,2,158,310,4,True
trained,i2c,2,159,310,4,True
trained,i2c,2,160,310,4,True
trained,i2c,2,161,310,4,True
trained,i2c,2,162,310,4,True
trained,i2c,2,163,310,4,True
trained,i2c,2,164,310,4,True
trained,i2c,2,165,310,4,True
trained,i2c,2,166,310,4,True
trained,i2c,2,167,310,4,True
trained,i2c,2,168,310,4,True
trained,i2c,2,169,310,4,True
trained,i2c,2,170,310,4,True
trained,i2c,2,171,310,4,True
trained,i2c,2,172,310,4,True
trained,i2c,2,173,310,4,True
trained,i2c,2,174,310,4,True
trained,i2c,2,175,310,4,True
trained,i2c,2,176,310,4,True
trained,i2c,2,177,310,4,True
trained,i2c,2,178,310,4,True
trained,i2c,2,179,310,4,True
trained,i2c,2,180,310,4,True
trained,i2c,2,181,310,4,True
trained,i2c,2,182,310,4,True
trained,i2c,2,183,310,4,True
trained,i2c,2,184,310,4,True
trained,i2c,2,185,310,4,True
trained,i2c,2,186,310,4,True
trained,i2c,2,187,310,4,True
trained,i2c,2,188,310,4,True
trained,i2c,2,189,310,4,True
trained,i2c,2,190,310,4,True
trained,i2c,2,191,310,4,True
trained,i2c,2,192,310,4,True
trained,i2c,2,193,310,4,True
trained,i2c,2,194,310,4,True
trained,i2c,2,195,310,4,True
trained,i2c,2,196,310,4,True
trained,i2c,2,197,310,4,True
trained,i2c,2,198,310,4,True
trained,i2c,2,199,310,4,True
trained,i2c,2,200,310,4,True
trained,i2c,2,201,310,4,True
trained,i2c,2,202,310,4,True
trained,i2c,2,203,310,4,True
trained,i2c,2,204,310,4,True
trained,i2c,2,205,310,4,True
trained,i2c,2,206,310,4,True
trained,i2c,2,207,310,4,True
trained,i2c,2,208,310,4,True
trained,i2c,2,209,310,4,True
trained,i2c,2,210,310,4,True
trained,i2c,2,211,310,4,True
trained,i2c,2,212,310,4,True
trained,i2c,2,213,310,4,True
trained,i2c,2,214,310,4,True
trained,i2c,2,215,310,4,True
trained,i2c,2,216,310,4,True
trained,i2c,2,217,310,4,True
trained,i2c,2,218,310,4,True
trained,i2c,2,219,310,4,True
trained,i2c,2,220,310,4,True
trained,i2c,2,221,310,4,True
trained,i2c,2,222,310,4,True
trained,i2c,2,223,310,4,True
trained,i2c,2,224,310,4,True
trained,i2c,2,225,310,4,True
trained,i2c,2,226,310,4,True
trained,i2c,2,227,310,4,True
trained,i2c,2,228,310,4,True
trained,i2c,2,229,310,4,True
trained,i2c,2,230,310,4,True
trained,i2c,2,231,310,4,True
trained,i2c,2,232,310,4,True
trained,i2c,2,233,310,4,True
trained,i2c,2,234,310,4,True
trained,i2c,2,235,310,4,True
trained,i2c,2,236,310,4,True
trained,i2c,2,237,310,4,True
trained,i2c,2,238,310,4,True
trained,i2c,2,239,310,4,True
trained,i2c,2,240,310,4,True
trained,i2c,2,241,310,4,True
trained,i2c,2,242,310,4,True
trained,i2c,2,243,310,4,True
trained,i2c,2,244,310,4,True
trained,i2c,2,245,310,4,True
trained,i2c,2,246,310,4,True
trained,i2c,2,247,310,4,True
trained,i2c,2,248,310,4,True
trained,i2c,2,249,310,4,True
trained,i2c,2,250,310,4,True
trained,i2c,2,251,310,4,True
trained,i2c,2,252,310,4,True
trained,i2c,2,253,310,4,True
trained,i2c,2,254,310,4,True
trained,i2c,2,255,310,4,True
trained,i2c,2,256,310,4,True
trained,i2c,2,257,310,4,True
trained,i2c,2,258,310,4,True
trained,i2c,2,259,310,4,True
trained,i2c,2,260,310,4,True
trained,i2c,2,261,310,4,True
trained,i2c,2,262,310,4,True
trained,i2c,2,263,310,4,True
trained,i2c,2,264,310,4,True
trained,i2c,2,265,310,4,True
trained,i2c,2,266,310,4,True
trained,i2c,2,267,310,4,True
trained,i2c,2,268,310,4,True
trained,i2c,2,269,310,4,True
trained,i2c,2,270,310,4,True
trained,i2c,2,271,310,4,True
trained,i2c,2,272,310,4,True
trained,i2c,2,273,310,4,True
trained,i2c,2,274,310,4,True
trained,i2c,2,275,310,4,True
trained,i2c,2,276,310,4,True
trained,i2c,2,277,310,4,True
trained,i2c,2,278,310,4,True
trained,i2c,2,279,310,4,True
trained,i2c,2,280,310,4,True
trained,i2c,2,281,310,4,True
trained,i2c,2,282,310,4,True
trained,i2c,2,283,310,4,True
trained,i2c,2,284,310,4,True
trained,i2c,2,285,310,4,True
trained,i2c,2,286,310,4,True
trained,i2c,2,287,310,4,True
trained,i2c,2,288,310,4,True
trained,i2c,2,289,310,4,True
trained,i2c,2,290,310,4,True
trained,i2c,2,291,310,4,True
trained,i2c,2,292,310,4,True
trained,i2c,2,293,310,4,True
trained,i2c,2,294,310,4,True
trained,i2c,2,295,310,4,True
trained,i2c,2,296,310,4,True
trained,i2c,2,297,310,4,True
trained,i2c,2,298,310,4,True
trained,i2c,2,299,310,4,True
trained,i2c,2,300,310,4,True
trained,i2c,2,301,310,4,True
trained,i2c,2,302,310,4,True
trained,i2c,2,303,310,4,True
trained,i2c,2,304,310,4,True
trained,i2c,2,305,310,4,True
trained,i2c,2,306,310,4,True
trained,i2c,2,307,310,4,True
trained,i2c,2,308,310,4,True
trained,i2c,2,309,310,4,True
trained,i2c,2,310,310,4,True
trained,i2c,2,311,310,4,True
trained,i2c,2,312,310,4,True
trained,i2c,2,313,310,4,True
trained,i2c,2,314,310,4,True
trained,i2c,2,315,310,4,True
trained,i2c,2,316,310,4,True
trained,i2c,2,317,310,4,True
trained,i2c,2,318,310,4,True
trained,i2c,2,319,310,4,True
trained,i2c,2,320,310,4,True
trained,i2c,2,321,310,4,True
trained,i2c,2,322,310,4,True
trained,i2c,2,323,310,4,True
trained,i2c,2,324,310,4,True
trained,i2c,2,325,310,4,True
trained,i2c,2,326,310,4,True
trained,i2c,2,327,310,4,True
trained,i2c,2,328,310,4,True
trained,i2c,2,329,310,4,True
trained,i2c,2,330,310,4,True
trained,i2c,2,331,310,4,True
trained,i2c,2,332,310,4,True
trained,i2c,2,333,310,4,True
trained,i2c,2,334,310,4,True
trained,i2c,2,335,310,4,True
trained,i2c,2,336,310,4,True
trained,i2c,2,337,310,4,True
trained,i2c,2,338,310,4,True
trained,i2c,2,339,310,4,True
trained,i2c,2,340,310,4,True
trained,i2c,2,341,310,4,True
trained,i2c,2,342,310,4,True
trained,i2c,2,343,310,4,True
trained,i2c,2,344,310,4,True
trained,i2c,2,345,310,4,True
trained,i2c,2,346,310,4,True
trained,i2c,2,347,310,4,True
trained,i2c,2,348,310,4,True
trained,i2c,2,349,310,4,True
trained,i2c,2,350,310,4,True
trained,i2c,2,351,310,4,True
trained,i2c,2,352,310,4,True
trained,i2c,2,353,310,4,True
trained,i2c,2,354,310,4,True
trained,i2c,2,355,310,4,True
trained,i2c,2,356,310,4,True
trained,i2c,2,357,310,4,True
trained,i2c,2,358,310,4,True
trained,i2c,2,359,310,4,True
trained,i2c,2,360,310,4,True
trained,i2c,2,361,310,4,True
trained,i2c,2,362,310,4,True
trained,i2c,2,363,310,4,True
trained,i2c,2,364,310,4,True
trained,i2c,2,365,310,4,True
trained,i2c,2,366,310,4,True
trained,i2c,2,367,310,4,True
trained,i2c,2,368,310,4,True
trained,i2c,2,369,310,4,True
trained,i2c,2,370,310,4,True
trained,i2c,2,371,310,4,True
trained,i2c,2,372,310,4,True
trained,i2c,2,373,310,4,True
trained,i2c,2,374,310,4,True
trained,i2c,2,375,310,4,True
trained,i2c,2,376,310,4,True
trained,i2c,2,377,310,4,True
trained,i2c,2,378,310,4,True
trained,i2c,2,379,310,4,True
trained,i2c,2,380,310,4,True
trained,i2c,2,381,310,4,True
trained,i2c,2,382,310,4,True
trained,i2c,2,383,310,4,True
trained,i2c,2,384,310,4,True
trained,i2c,2,385,310,4,True
trained,i2c,2,386,310,4,True
trained,i2c,2,387,310,4,True
trained,i2c,2,388,310,4,True
trained,i2c,2,389,310,4,True
trained,i2c,2,390,310,4,True
trained,i2c,2,391,310,4,True
trained,i2c,2,392,310,4,True
trained,i2c,2,393,310,4,True
trained,i2c,2,394,310,4,True
trained,i2c,2,395,310,4,True
trained,i2c,2,396,310,4,True
trained,i2c,2,397,310,4,True
trained,i2c,2,398,310,4,True
trained,i2c,2,399,310,4,True
trained,i2c,2,400,310,4,True
trained,i2c,2,401,310,4,True
trained,i2c,2,402,310,4,True
trained,i2c,2,403,310,4,True
trained,i2c,2,404,310,4,True
trained,i2c,2,405,310,4,True
trained,i2c,2,406,310,4,True
trained,i2c,2,407,310,4,True
trained,i2c,2,408,310,4,True
trained,i2c,2,409,310,4,True
trained,i2c,2,410,310,4,True
trained,i2c,2,411,310,4,True
trained,i2c,2,412,310,4,True
trained,i2c,2,413,310,4,True
trained,i2c,2,414,310,4,True
trained,i2c,2,415,310,4,True
trained,i2c,2,416,310,4,True
trained,i2c,2,417,310,4,True
trained,i2c,2,418,310,4,True
trained,i2c,2,419,310,4,True
trained,i2c,2,420,310,4,True
trained,i2c,2,421,310,4,True
trained,i2c,2,422,310,4,True
trained,i2c,2,423,310,4,True
trained,i2c,2,424,310,4,True
trained,i2c,2,425,310,4,True
trained,i2c,2,426,310,4,True
trained,i2c,2,427,310,4,True
trained,i2c,2,428,310,4,True
trained,i2c,2,429,310,4,True
trained,i2c,2,430,310,4,True
trained,i2c,2,431,310,4,True
trained,i2c,2,432,310,4,True
trained,i2c,2,433,310,4,True
trained,i2c,2,434,310,4,True
trained,i2c,2,435,310,4,True
trained,i2c,2,436,310,4,True
trained,i2c,2,437,310,4,True
trained,i2c,2,438,310,4,True
trained,i2c,2,439,310,4,True
trained,i2c,2,440,310,4,True
trained,i2c,2,441,310,4,True
trained,i2c,2,442,310,4,True
trained,i2c,2,443,310,4,True
trained,i2c,2,444,310,4,True
trained,i2c,2,445,310,4,True
trained,i2c,2,446,310,4,True
trained,i2c,2,447,310,4,True
trained,i2c,2,448,310,4,True
trained,i2c,2,449,310,4,True
trained,i2c,2,450,310,4,True
trained,i2c,2,451,310,4,True
trained,i2c,2,452,310,4,True
trained,i2c,2,453,310,4,True
trained,i2c,2,454,310,4,True
trained,i2c,2,455,310,4,True
trained,i2c,2,456,310,4,True
trained,i2c,2,457,310,4,True
trained,i2c,2,458,310,4,True
trained,i2c,2,459,310,4,True
trained,i2c,2,460,310,4,True
trained,i2c,2,461,310,4,True
trained,i2c,2,462,310,4,True
trained,i2c,2,463,310,4,True
trained,i2c,2,464,310,4,True
trained,i2c,2,465,310,4,True
trained,i2c,2,466,310,4,True
trained,i2c,2,467,310,4,True
trained,i2c,2,468,310,4,True
trained,i2c,2,469,310,4,True
trained,i2c,2,470,310,4,True
trained,i2c,2,471,310,4,True
trained,i2c,2,472,310,4,True
trained,i2c,2,473,310,4,True
trained,i2c,2,474,310,4,True
trained,i2c,2,475,310,4,True
trained,i2c,2,476,310,4,True
trained,i2c,2,477,310,4,True
trained,i2c,2,478,310,4,True
trained,i2c,2,479,310,4,True
trained,i2c,2,480,310,4,True
trained,i2c,2,481,310,4,True
trained,i2c,2,482,310,4,True
trained,i2c,2,483,310,4,True
trained,i2c,2,484,310,4,True
trained,i2c,2,485,310,4,True
trained,i2c,2,486,310,4,True
trained,i2c,2,487,310,4,True
trained,i2c,2,488,310,4,True
trained,i2c,2,489,310,4,True
trained,i2c,2,490,310,4,True
trained,i2c,2,491,310,4,True
trained,i2c,2,492,310,4,True
trained,i2c,2,493,310,4,True
trained,i2c,2,494,310,4,True
trained,i2c,2,495,310,4,True
trained,i2c,2,496,310,4,True
trained,i2c,2,497,310,4,True
trained,i2c,2,498,310,4,True
trained,i2c,2,499,310,4,True
trained,i2c,2,500,310,4,True
trained,i2c,2,501,310,4,True
trained,i2c,2,502,310,4,True
trained,i2c,2,503,310,4,True
trained,i2c,2,504,310,4,True
trained,i2c,2,505,310,4,True
trained,i2c,2,506,310,4,True
trained,i2c,2,507,310,4,True
trained,i2c,2,508,310,4,True
trained,i2c,2,509,310,4,True
trained,i2c,2,510,310,4,True
trained,i2c,2,511,310,4,True
trained,i2c,2,512,310,4,True
trained,i2c,2,513,310,4,True
trained,i2c,2,514,310,4,True
trained,i2c,2,515,310,4,True
trained,i2c,2,516,310,4,True
trained,i2c,2,517,310,4,True
trained,i2c,2,518,310,4,True
trained,i2c,2,519,309,4,True
trained,i2c,2,520,309,4,True
trained,i2c,2,521,309,4,True
trained,i2c,2,522,309,4,True
trained,i2c,2,523,309,4,True
trained,i2c,2,524,309,4,True
trained,i2c,2,525,309,4,True
trained,i2c,2,526,309,4,True
trained,i2c,2,527,309,4,True
trained,i2c,2,528,309,4,True
trained,i2c,2,529,309,4,True
trained,i2c,2,530,309,4,True
trained,i2c,2,531,309,4,True
trained,i2c,2,532,309,4,True
trained,i2c,2,533,309,4,True
trained,i2c,2,534,309,4,True
trained,i2c,2,535,309,4,True
trained,i2c,2,536,309,4,True
trained,i2c,2,537,309,4,True
trained,i2c,2,538,309,4,True
trained,i2c,2,539,309,4,True
trained,i2c,2,540,309,4,True
trained,i2c,2,541,309,4,True
trained,i2c,2,542,309,4,True
trained,i2c,2,543,309,4,True
trained,i2c,2,544,309,4,True
trained,i2c,2,545,309,4,True
trained,i2c,2,546,309,4,True
trained,i2c,2,547,309,4,True
trained,i2c,2,548,309,4,True
trained,i2c,2,549,309,4,True
trained,i2c,2,550,309,4,True
trained,i2c,2,551,309,4,True
trained,i2c,2,552,309,4,True
trained,i2c,2,553,309,4,True
trained,i2c,2,554,309,4,True
trained,i2c,2,555,309,4,True
trained,i2c,2,556,309,4,True
trained,i2c,2,557,309,4,True
trained,i2c,2,558,309,4,True
trained,i2c,2,559,309,4,True
trained,i2c,2,560,309,4,True
trained,i2c,2,561,309,4,True
trained,i2c,2,562,309,4,True
trained,i2c,2,563,309,4,True
trained,i2c,2,564,309,4,True
trained,i2c,2,565,309,4,True
trained,i2c,2,566,309,4,True
trained,i2c,2,567,309,4,True
trained,i2c,2,568,309,4,True
trained,i2c,2,569,309,4,True
trained,i2c,2,570,309,4,True
trained,i2c,2,571,309,4,True
trained,i2c,2,572,309,4,True
trained,i2c,2,573,309,4,True
trained,i2c,2,574,309,4,True
trained,i2c,2,575,309,4,True
trained,i2c,2,576,309,4,True
trained,i2c,2,577,309,4,True
trained,i2c,2,578,309,4,True
trained,i2c,2,579,309,4,True
trained,i2c,2,580,309,4,True
trained,i2c,2,581,309,4,True
trained,i2c,2,582,309,4,True
trained,i2c,2,583,309,4,True
trained,i2c,2,584,309,4,True
trained,i2c,2,585,309,4,True
trained,i2c,2,586,309,4,True
trained,i2c,2,587,309,4,True
trained,i2c,2,588,309,4,True
trained,i2c,2,589,309,4,True
trained,i2c,2,590,309,4,True
trained,i2c,2,591,309,4,True
trained,i2c,2,592,309,4,True
trained,i2c,2,593,309,4,True
trained,i2c,2,594,309,4,True
trained,i2c,2,595,309,4,True
trained,i2c,2,596,309,4,True
trained,i2c,2,597,309,4,True
trained,i2c,2,598,309,4,True
trained,i2c,2,599,309,4,True
trained,i2c,2,600,309,4,True
trained,i2c,2,601,309,4,True
trained,i2c,2,602,309,4,True
trained,i2c,2,603,309,4,True
trained,i2c,2,604,309,4,True
trained,i2c,2,605,309,4,True
trained,i2c,2,606,309,4,True
trained,i2c,2,607,309,4,True
trained,i2c,2,608,309,4,True
trained,i2c,2,609,309,4,True
trained,i2c,2,610,309,4,True
trained,i2c,2,611,309,4,True
trained,i2c,2,612,309,4,True
trained,i2c,2,613,309,4,True
trained,i2c,2,614,309,4,True
trained,i2c,2,615,309,4,True
trained,i2c,2,616,309,4,True
trained,i2c,2,617,309,4,True
trained,i2c,2,618,309,4,True
trained,i2c,2,619,309,4,True
trained,i2c,2,620,309,4,True
trained,i2c,2,621,309,4,True
trained,i2c,2,622,309,4,True
trained,i2c,2,623,309,4,True
trained,i2c,2,624,309,4,True
trained,i2c,2,625,309,4,True
trained,i2c,2,626,309,4,True
trained,i2c,2,627,309,4,True
trained,i2c,2,628,309,4,True
trained,i2c,2,629,309,4,True
trained,i2c,2,630,309,4,True
trained,i2c,2,631,309,4,True
trained,i2c,2,632,309,4,True
trained,i2c,2,633,309,4,True
trained,i2c,2,634,309,4,True
trained,i2c,2,635,309,4,True
trained,i2c,2,636,309,4,True
trained,i2c,2,637,309,4,True
trained,i2c,2,638,309,4,True
trained,i2c,2,639,309,4,True
trained,i2c,2,640,309,4,True
trained,i2c,2,641,309,4,True
trained,i2c,2,642,309,4,True
trained,i2c,2,643,309,4,True
trained,i2c,2,644,309,4,True
trained,i2c,2,645,309,4,True
trained,i2c,2,646,309,4,True
trained,i2c,2,647,309,4,True
trained,i2c,2,648,309,4,True
trained,i2c,2,649,309,4,True
trained,i2c,2,650,309,4,True
trained,i2c,2,651,309,4,True
trained,i2c,2,652,309,4,True
trained,i2c,2,653,309,4,True
trained,i2c,2,654,309,4,True
trained,i2c,2,655,309,4,True
trained,i2c,2,656,309,4,True
trained,i2c,2,657,309,4,True
trained,i2c,2,658,309,4,True
trained,i2c,2,659,309,4,True
trained,i2c,2,660,309,4,True
trained,i2c,2,661,309,4,True
trained,i2c,2,662,309,4,True
trained,i2c,2,663,309,4,True
trained,i2c,2,664,309,4,True
trained,i2c,2,665,309,4,True
trained,i2c,2,666,309,4,True
trained,i2c,2,667,309,4,True
trained,i2c,2,668,309,4,True
trained,i2c,2,669,309,4,True
trained,i2c,2,670,309,4,True
trained,i2c,2,671,309,4,True
trained,i2c,2,672,309,4,True
trained,i2c,2,673,309,4,True
trained,i2c,2,674,309,4,True
trained,i2c,2,675,309,4,True
trained,i2c,2,676,309,4,True
trained,i2c,2,677,309,4,True
trained,i2c,2,678,309,4,True
trained,i2c,2,679,309,4,True
trained,i2c,2,680,309,4,True
trained,i2c,2,681,309,4,True
trained,i2c,2,682,309,4,True
trained,i2c,2,683,309,4,True
trained,i2c,2,684,309,4,True
trained,i2c,2,685,309,4,True
trained,i2c,2,686,309,4,True
trained,i2c,2,687,309,4,True
trained,i2c,2,688,309,4,True
trained,i2c,2,689,309,4,True
trained,i2c,2,690,309,4,True
trained,i2c,2,691,309,4,True
trained,i2c,2,692,309,4,True
trained,i2c,2,693,309,4,True
trained,i2c,2,694,309,4,True
trained,i2c,2,695,309,4,True
trained,i2c,2,696,309,4,True
trained,i2c,2,697,309,4,True
trained,i2c,2,698,309,4,True
trained,i2c,2,699,309,4,True
trained,i2c,2,700,309,4,True
trained,i2c,2,701,309,4,True
trained,i2c,2,702,309,4,True
trained,i2c,2,703,309,4,True
trained,i2c,2,704,309,4,True
trained,i2c,2,705,309,4,True
trained,i2c,2,706,309,4,True
trained,i2c,2,707,309,4,True
trained,i2c,2,708,309,4,True
trained,i2c,2,709,309,4,True
trained,i2c,2,710,306,4,True
trained,i2c,2,711,306,4,True
trained,i2c,2,712,306,4,True
trained,i2c,2,713,306,4,True
trained,i2c,2,714,306,4,True
trained,i2c,2,715,306,4,True
trained,i2c,2,716,306,4,True
trained,i2c,2,717,306,4,True
trained,i2c,2,718,306,4,True
trained,i2c,2,719,306,4,True
trained,i2c,2,720,306,4,True
trained,i2c,2,721,306,4,True
trained,i2c,2,722,306,4,True
trained,i2c,2,723,306,4,True
trained,i2c,2,724,306,4,True
trained,i2c,2,725,306,4,True
trained,i2c,2,726,306,4,True
trained,i2c,2,727,306,4,True
trained,i2c,2,728,306,4,True
trained,i2c,2,729,306,4,True
trained,i2c,2,730,306,4,True
trained,i2c,2,731,306,4,True
trained,i2c,2,732,306,4,True
trained,i2c,2,733,306,4,True
trained,i2c,2,734,306,4,True
trained,i2c,2,735,306,4,True
trained,i2c,2,736,306,4,True
trained,i2c,2,737,306,4,True
trained,i2c,2,738,306,4,True
trained,i2c,2,739,306,4,True
trained,i2c,2,740,306,4,True
trained,i2c,2,741,306,4,True
trained,i2c,2,742,306,4,True
trained,i2c,2,743,306,4,True
trained,i2c,2,744,306,4,True
trained,i2c,2,745,306,4,True
trained,i2c,2,746,306,4,True
trained,i2c,2,747,306,4,True
trained,i2c,2,748,306,4,True
trained,i2c,2,749,306,4,True
trained,i2c,2,750,306,4,True
trained,i2c,2,751,306,4,True
trained,i2c,2,752,306,4,True
trained,i2c,2,753,306,4,True
trained,i2c,2,754,306,4,True
trained,i2c,2,755,306,4,True
trained,i2c,2,756,306,4,True
trained,i2c,2,757,306,4,True
trained,i2c,2,758,306,4,True
trained,i2c,2,759,306,4,True
trained,i2c,2,760,306,4,True
trained,i2c,2,761,306,4,True
trained,i2c,2,762,306,4,True
trained,i2c,2,763,306,4,True
trained,i2c,2,764,306,4,True
trained,i2c,2,765,306,4,True
trained,i2c,2,766,306,4,True
trained,i2c,2,767,306,4,True
trained,i2c,2,768,306,4,True
trained,i2c,2,769,306,4,True
trained,i2c,2,770,306,4,True
trained,i2c,2,771,306,4,True
trained,i2c,2,772,306,4,True
trained,i2c,2,773,306,4,True
trained,i2c,2,774,306,4,True
trained,i2c,2,775,306,4,True
trained,i2c,2,776,306,4,True
trained,i2c,2,777,306,4,True
trained,i2c,2,778,306,4,True
trained,i2c,2,779,306,4,True
trained,i2c,2,780,306,4,True
trained,i2c,2,781,306,4,True
trained,i2c,2,782,306,4,True
trained,i2c,2,783,306,4,True
trained,i2c,2,784,306,4,True
trained,i2c,2,785,306,4,True
trained,i2c,2,786,306,4,True
trained,i2c,2,787,306,4,True
trained,i2c,2,788,306,4,True
trained,i2c,2,789,306,4,True
trained,i2c,2,790,306,4,True
trained,i2c,2,791,306,4,True
trained,i2c,2,792,306,4,True
trained,i2c,2,793,306,4,True
trained,i2c,2,794,306,4,True
trained,i2c,2,795,306,4,True
trained,i2c,2,796,306,4,True
trained,i2c,2,797,306,4,True
trained,i2c,2,798,306,4,True
trained,i2c,2,799,306,4,True
trained,i2c,2,800,306,4,True
trained,i2c,2,801,306,4,True
trained,i2c,2,802,306,4,True
trained,i2c,2,803,306,4,True
trained,i2c,2,804,306,4,True
trained,i2c,2,805,306,4,True
trained,i2c,2,806,306,4,True
trained,i2c,2,807,306,4,True
trained,i2c,2,808,306,4,True
trained,i2c,2,809,306,4,True
trained,i2c,2,810,306,4,True
trained,i2c,2,811,306,4,True
trained,i2c,2,812,306,4,True
trained,i2c,2,813,306,4,True
trained,i2c,2,814,306,4,True
trained,i2c,2,815,306,4,True
trained,i2c,2,816,306,4,True
trained,i2c,2,817,306,4,True
trained,i2c,2,818,306,4,True
trained,i2c,2,819,306,4,True
trained,i2c,2,820,306,4,True
trained,i2c,2,821,306,4,True
trained,i2c,2,822,306,4,True
trained,i2c,2,823,306,4,True
trained,i2c,2,824,306,4,True
trained,i2c,2,825,306,4,True
trained,i2c,2,826,306,4,True
trained,i2c,2,827,306,4,True
trained,i2c,2,828,306,4,True
trained,i2c,2,829,306,4,True
trained,i2c,2,830,306,4,True
trained,i2c,2,831,306,4,True
trained,i2c,2,832,306,4,True
trained,i2c,2,833,306,4,True
trained,i2c,2,834,306,4,True
trained,i2c,2,835,306,4,True
trained,i2c,2,836,306,4,True
trained,i2c,2,837,306,4,True
trained,i2c,2,838,306,4,True
trained,i2c,2,839,306,4,True
trained,i2c,2,840,306,4,True
trained,i2c,2,841,306,4,True
trained,i2c,2,842,306,4,True
trained,i2c,2,843,306,4,True
trained,i2c,2,844,306,4,True
trained,i2c,2,845,306,4,True
trained,i2c,2,846,306,4,True
trained,i2c,2,847,306,4,True
trained,i2c,2,848,306,4,True
trained,i2c,2,849,306,4,True
trained,i2c,2,850,306,4,True
trained,i2c,2,851,306,4,True
trained,i2c,2,852,306,4,True
trained,i2c,2,853,306,4,True
trained,i2c,2,854,306,4,True
trained,i2c,2,855,306,4,True
trained,i2c,2,856,306,4,True
trained,i2c,2,857,306,4,True
trained,i2c,2,858,306,4,True
trained,i2c,2,859,306,4,True
trained,i2c,2,860,306,4,True
trained,i2c,2,861,306,4,True
trained,i2c,2,862,306,4,True
trained,i2c,2,863,306,4,True
trained,i2c,2,864,306,4,True
trained,i2c,2,865,306,4,True
trained,i2c,2,866,306,4,True
trained,i2c,2,867,306,4,True
trained,i2c,2,868,306,4,True
trained,i2c,2,869,306,4,True
trained,i2c,2,870,306,4,True
trained,i2c,2,871,306,4,True
trained,i2c,2,872,306,4,True
trained,i2c,2,873,306,4,True
trained,i2c,2,874,306,4,True
trained,i2c,2,875,306,4,True
trained,i2c,2,876,306,4,True
trained,i2c,2,877,306,4,True
trained,i2c,2,878,306,4,True
trained,i2c,2,879,306,4,True
trained,i2c,2,880,306,4,True
trained,i2c,2,881,306,4,True
trained,i2c,2,882,306,4,True
trained,i2c,2,883,306,4,True
trained,i2c,2,884,306,4,True
trained,i2c,2,885,306,4,True
trained,i2c,2,886,306,4,True
trained,i2c,2,887,306,4,True
trained,i2c,2,888,306,4,True
trained,i2c,2,889,306,4,True
trained,i2c,2,890,306,4,True
trained,i2c,2,891,306,4,True
trained,i2c,2,892,306,4,True
trained,i2c,2,893,306,4,True
trained,i2c,2,894,306,4,True
trained,i2c,2,895,306,4,True
trained,i2c,2,896,306,4,True
trained,i2c,2,897,306,4,True
trained,i2c,2,898,306,4,True
trained,i2c,2,899,306,4,True
trained,i2c,2,900,306,4,True
trained,i2c,2,901,306,4,True
trained,i2c,2,902,306,4,True
trained,i2c,2,903,306,4,True
trained,i2c,2,904,306,4,True
trained,i2c,2,905,306,4,True
trained,i2c,2,906,306,4,True
trained,i2c,2,907,306,4,True
trained,i2c,2,908,306,4,True
trained,i2c,2,909,306,4,True
trained,i2c,2,910,306,4,True
trained,i2c,2,911,306,4,True
trained,i2c,2,912,306,4,True
trained,i2c,2,913,306,4,True
trained,i2c,2,914,306,4,True
trained,i2c,2,915,306,4,True
trained,i2c,2,916,306,4,True
trained,i2c,2,917,306,4,True
trained,i2c,2,918,306,4,True
trained,i2c,2,919,306,4,True
trained,i2c,2,920,306,4,True
trained,i2c,2,921,306,4,True
trained,i2c,2,922,306,4,True
trained,i2c,2,923,306,4,True
trained,i2c,2,924,306,4,True
trained,i2c,2,925,306,4,True
trained,i2c,2,926,306,4,True
trained,i2c,2,927,306,4,True
trained,i2c,2,928,306,4,True
trained,i2c,2,929,306,4,True
trained,i2c,2,930,306,4,True
trained,i2c,2,931,306,4,True
trained,i2c,2,932,306,4,True
trained,i2c,2,933,306,4,True
trained,i2c,2,934,306,4,True
trained,i2c,2,935,306,4,True
trained,i2c,2,936,306,4,True
trained,i2c,2,937,306,4,True
trained,i2c,2,938,306,4,True
trained,i2c,2,939,306,4,True
trained,i2c,2,940,306,4,True
trained,i2c,2,941,306,4,True
trained,i2c,2,942,306,4,True
trained,i2c,2,943,306,4,True
trained,i2c,2,944,306,4,True
trained,i2c,2,945,306,4,True
trained,i2c,2,946,306,4,True
trained,i2c,2,947,306,4,True
trained,i2c,2,948,306,4,True
trained,i2c,2,949,306,4,True
trained,i2c,2,950,306,4,True
trained,i2c,2,951,306,4,True
trained,i2c,2,952,306,4,True
trained,i2c,2,953,306,4,True
trained,i2c,2,954,306,4,True
trained,i2c,2,955,306,4,True
trained,i2c,2,956,306,4,True
trained,i2c,2,957,306,4,True
trained,i2c,2,958,306,4,True
trained,i2c,2,959,306,4,True
trained,i2c,2,960,306,4,True
trained,i2c,2,961,306,4,True
trained,i2c,2,962,306,4,True
trained,i2c,2,963,306,4,True
trained,i2c,2,964,306,4,True
trained,i2c,2,965,306,4,True
trained,i2c,2,966,306,4,True
trained,i2c,2,967,306,4,True
trained,i2c,2,968,306,4,True
trained,i2c,2,969,306,4,True
trained,i2c,2,970,306,4,True
trained,i2c,2,971,306,4,True
trained,i2c,2,972,306,4,True
trained,i2c,2,973,306,4,True
trained,i2c,2,974,306,4,True
trained,i2c,2,975,306,4,True
trained,i2c,2,976,306,4,True
trained,i2c,2,977,306,4,True
trained,i2c,2,978,306,4,True
trained,i2c,2,979,306,4,True
trained,i2c,2,980,306,4,True
trained,i2c,2,981,306,4,True
trained,i2c,2,982,306,4,True
trained,i2c,2,983,306,4,True
trained,i2c,2,984,306,4,True
trained,i2c,2,985,306,4,True
trained,i2c,2,986,306,4,True
trained,i2c,2,987,306,4,True
trained,i2c,2,988,306,4,True
trained,i2c,2,989,306,4,True
trained,i2c,2,990,306,4,True
trained,i2c,2,991,306,4,True
trained,i2c,2,992,306,4,True
trained,i2c,2,993,306,4,True
trained,i2c,2,994,306,4,True
trained,i2c,2,995,306,4,True
trained,i2c,2,996,306,4,True
trained,i2c,2,997,306,4,True
trained,i2c,2,998,306,4,True
trained,i2c,2,999,306,4,True
trained,i2c,2,1000,306,4,True
trained,max,0,1,769,44,False
trained,max,0,2,769,44,False
trained,max,0,3,782,42,False
trained,max,0,4,782,42,False
trained,max,0,5,782,42,False
trained,max,0,6,786,41,True
trained,max,0,7,786,41,True
trained,max,0,8,786,41,True
trained,max,0,9,786,41,True
trained,max,0,10,786,41,True
trained,max,0,11,786,41,True
trained,max,0,12,786,41,True
trained,max,0,13,786,41,True
trained,max,0,14,786,41,True
trained,max,0,15,786,41,True
trained,max,0,16,786,41,True
trained,max,0,17,786,41,True
trained,max,0,18,786,41,True
trained,max,0,19,786,41,True
trained,max,0,20,786,41,True
trained,max,0,21,786,41,True
trained,max,0,22,786,41,True
trained,max,0,23,786,41,True
trained,max,0,24,786,41,True
trained,max,0,25,786,41,True
trained,max,0,26,786,41,True
trained,max,0,27,786,41,True
trained,max,0,28,786,41,True
trained,max,0,29,786,41,True
trained,max,0,30,786,41,True
trained,max,0,31,786,41,True
trained,max,0,32,786,41,True
trained,max,0,33,786,41,True
trained,max,0,34,786,41,True
trained,max,0,35,786,41,True
trained,max,0,36,786,41,True
trained,max,0,37,786,41,True
trained,max,0,38,786,41,True
trained,max,0,39,786,41,True
trained,max,0,40,786,41,True
trained,max,0,41,786,41,True
trained,max,0,42,786,41,True
trained,max,0,43,786,41,True
trained,max,0,44,786,41,True
trained,max,0,45,786,41,True
trained,max,0,46,786,41,True
trained,max,0,47,786,41,True
trained,max,0,48,786,41,True
trained,max,0,49,786,41,True
trained,max,0,50,786,41,True
trained,max,0,51,786,41,True
trained,max,0,52,786,41,True
trained,max,0,53,786,41,True
trained,max,0,54,786,41,True
trained,max,0,55,786,41,True
trained,max,0,56,786,41,True
trained,max,0,57,786,41,True
trained,max,0,58,786,41,True
trained,max,0,59,786,41,True
trained,max,0,60,786,41,True
trained,max,0,61,786,41,True
trained,max,0,62,786,41,True
trained,max,0,63,786,41,True
trained,max,0,64,786,41,True
trained,max,0,65,786,41,True
trained,max,0,66,786,41,True
trained,max,0,67,786,41,True
trained,max,0,68,786,41,True
trained,max,0,69,786,41,True
trained,max,0,70,786,41,True
trained,max,0,71,786,41,True
trained,max,0,72,786,41,True
trained,max,0,73,786,41,True
trained,max,0,74,786,41,True
trained,max,0,75,786,41,True
trained,max,0,76,786,41,True
trained,max,0,77,786,41,True
trained,max,0,78,786,41,True
trained,max,0,79,786,41,True
trained,max,0,80,786,41,True
trained,max,0,81,786,41,True
trained,max,0,82,786,41,True
trained,max,0,83,786,41,True
trained,max,0,84,786,41,True
trained,max,0,85,786,41,True
trained,max,0,86,786,41,True
trained,max,0,87,786,41,True
trained,max,0,88,786,41,True
trained,max,0,89,786,41,True
trained,max,0,90,786,41,True
trained,max,0,91,786,41,True
trained,max,0,92,786,41,True
trained,max,0,93,786,41,True
trained,max,0,94,786,41,True
trained,max,0,95,786,41,True
trained,max,0,96,786,41,True
trained,max,0,97,786,41,True
trained,max,0,98,786,41,True
trained,max,0,99,786,41,True
trained,max,0,100,786,41,True
trained,max,0,101,786,41,True
trained,max,0,102,786,41,True
trained,max,0,103,786,41,True
trained,max,0,104,786,41,True
trained,max,0,105,786,41,True
trained,max,0,106,786,41,True
trained,max,0,107,786,41,True
trained,max,0,108,786,41,True
trained,max,0,109,786,41,True
trained,max,0,110,786,41,True
trained,max,0,111,786,41,True
trained,max,0,112,786,41,True
trained,max,0,113,786,41,True
trained,max,0,114,786,41,True
trained,max,0,115,786,41,True
trained,max,0,116,786,41,True
trained,max,0,117,786,41,True
trained,max,0,118,786,41,True
trained,max,0,119,786,41,True
trained,max,0,120,786,41,True
trained,max,0,121,786,41,True
trained,max,0,122,786,41,True
trained,max,0,123,786,41,True
trained,max,0,124,786,41,True
trained,max,0,125,786,41,True
trained,max,0,126,786,41,True
trained,max,0,127,786,41,True
trained,max,0,128,786,41,True
trained,max,0,129,786,41,True
trained,max,0,130,786,41,True
trained,max,0,131,786,41,True
trained,max,0,132,786,41,True
trained,max,0,133,786,41,True
trained,max,0,134,786,41,True
trained,max,0,135,786,41,True
trained,max,0,136,786,41,True
trained,max,0,137,786,41,True
trained,max,0,138,786,41,True
trained,max,0,139,786,41,True
trained,max,0,140,786,41,True
trained,max,0,141,786,41,True
trained,max,0,142,786,41,True
trained,max,0,143,786,41,True
trained,max,0,144,786,41,True
trained,max,0,145,786,41,True
trained,max,0,146,786,41,True
trained,max,0,147,786,41,True
trained,max,0,148,786,41,True
trained,max,0,149,786,41,True
trained,max,0,150,786,41,True
trained,max,0,151,786,41,True
trained,max,0,152,786,41,True
trained,max,0,153,786,41,True
trained,max,0,154,786,41,True
trained,max,0,155,786,41,True
trained,max,0,156,786,41,True
trained,max,0,157,786,41,True
trained,max,0,158,786,41,True
trained,max,0,159,786,41,True
trained,max,0,160,786,41,True
trained,max,0,161,786,41,True
trained,max,0,162,786,41,True
trained,max,0,163,786,41,True
trained,max,0,164,786,41,True
trained,max,0,165,786,41,True
trained,max,0,166,786,41,True
trained,max,0,167,786,41,True
trained,max,0,168,786,41,True
trained,max,0,169,786,41,True
trained,max,0,170,786,41,True
trained,max,0,171,786,41,True
trained,max,0,172,786,41,True
trained,max,0,173,786,41,True
trained,max,0,174,786,41,True
trained,max,0,175,786,41,True
trained,max,0,176,786,41,True
trained,max,0,177,786,41,True
trained,max,0,178,786,41,True
trained,max,0,179,786,41,True
trained,max,0,180,786,41,True
trained,max,0,181,786,41,True
trained,max,0,182,786,41,True
trained,max,0,183,786,41,True
trained,max,0,184,786,41,True
trained,max,0,185,786,41,True
trained,max,0,186,786,41,True
trained,max,0,187,786,41,True
trained,max,0,188,786,41,True
trained,max,0,189,786,41,True
trained,max,0,190,786,41,True
trained,max,0,191,786,41,True
trained,max,0,192,786,41,True
trained,max,0,193,786,41,True
trained,max,0,194,786,41,True
trained,max,0,195,786,41,True
trained,max,0,196,786,41,True
trained,max,0,197,786,41,True
trained,max,0,198,786,41,True
trained,max,0,199,786,41,True
trained,max,0,200,786,41,True
trained,max,0,201,786,41,True
trained,max,0,202,786,41,True
trained,max,0,203,786,41,True
trained,max,0,204,786,41,True
trained,max,0,205,786,41,True
trained,max,0,206,786,41,True
trained,max,0,207,786,41,True
trained,max,0,208,786,41,True
trained,max,0,209,786,41,True
trained,max,0,210,786,41,True
trained,max,0,211,786,41,True
trained,max,0,212,786,41,True
trained,max,0,213,786,41,True
trained,max,0,214,786,41,True
trained,max,0,215,786,41,True
trained,max,0,216,786,41,True
trained,max,0,217,786,41,True
trained,max,0,218,786,41,True
trained,max,0,219,786,41,True
trained,max,0,220,786,41,True
trained,max,0,221,786,41,True
trained,max,0,222,786,41,True
trained,max,0,223,786,41,True
trained,max,0,224,786,41,True
trained,max,0,225,786,41,True
trained,max,0,226,786,41,True
trained,max,0,227,786,41,True
trained,max,0,228,786,41,True
trained,max,0,229,786,41,True
trained,max,0,230,786,41,True
trained,max,0,231,786,41,True
trained,max,0,232,786,41,True
trained,max,0,233,786,41,True
trained,max,0,234,786,41,True
trained,max,0,235,786,41,True
trained,max,0,236,786,41,True
trained,max,0,237,786,41,True
trained,max,0,238,786,41,True
trained,max,0,239,786,41,True
trained,max,0,240,786,41,True
trained,max,0,241,786,41,True
trained,max,0,242,786,41,True
trained,max,0,243,786,41,True
trained,max,0,244,786,41,True
trained,max,0,245,786,41,True
trained,max,0,246,786,41,True
trained,max,0,247,786,41,True
trained,max,0,248,786,41,True
trained,max,0,249,786,41,True
trained,max,0,250,786,41,True
trained,max,0,251,786,41,True
trained,max,0,252,786,41,True
trained,max,0,253,786,41,True
trained,max,0,254,786,41,True
trained,max,0,255,786,41,True
trained,max,0,256,786,41,True
trained,max,0,257,786,41,True
trained,max,0,258,786,41,True
trained,max,0,259,786,41,True
trained,max,0,260,786,41,True
trained,max,0,261,786,41,True
trained,max,0,262,786,41,True
trained,max,0,263,786,41,True
trained,max,0,264,786,41,True
trained,max,0,265,786,41,True
trained,max,0,266,786,41,True
trained,max,0,267,786,41,True
trained,max,0,268,786,41,True
trained,max,0,269,786,41,True
trained,max,0,270,786,41,True
trained,max,0,271,786,41,True
trained,max,0,272,786,41,True
trained,max,0,273,786,41,True
trained,max,0,274,786,41,True
trained,max,0,275,786,41,True
trained,max,0,276,786,41,True
trained,max,0,277,786,41,True
trained,max,0,278,786,41,True
trained,max,0,279,786,41,True
trained,max,0,280,769,41,True
trained,max,0,281,769,41,True
trained,max,0,282,769,41,True
trained,max,0,283,769,41,True
trained,max,0,284,769,41,True
trained,max,0,285,769,41,True
trained,max,0,286,769,41,True
trained,max,0,287,769,41,True
trained,max,0,288,769,41,True
trained,max,0,289,769,41,True
trained,max,0,290,769,41,True
trained,max,0,291,769,41,True
trained,max,0,292,769,41,True
trained,max,0,293,769,41,True
trained,max,0,294,769,41,True
trained,max,0,295,769,41,True
trained,max,0,296,769,41,True
trained,max,0,297,769,41,True
trained,max,0,298,769,41,True
trained,max,0,299,769,41,True
trained,max,0,300,769,41,True
trained,max,0,301,769,41,True
trained,max,0,302,769,41,True
trained,max,0,303,769,41,True
trained,max,0,304,769,41,True
trained,max,0,305,769,41,True
trained,max,0,306,769,41,True
trained,max,0,307,769,41,True
trained,max,0,308,769,41,True
trained,max,0,309,769,41,True
trained,max,0,310,769,41,True
trained,max,0,311,769,41,True
trained,max,0,312,769,41,True
trained,max,0,313,769,41,True
trained,max,0,314,769,41,True
trained,max,0,315,769,41,True
trained,max,0,316,769,41,True
trained,max,0,317,769,41,True
trained,max,0,318,769,41,True
trained,max,0,319,769,41,True
trained,max,0,320,769,41,True
trained,max,0,321,769,41,True
trained,max,0,322,769,41,True
trained,max,0,323,769,41,True
trained,max,0,324,769,41,True
trained,max,0,325,769,41,True
trained,max,0,326,769,41,True
trained,max,0,327,769,41,True
trained,max,0,328,769,41,True
trained,max,0,329,769,41,True
trained,max,0,330,769,41,True
trained,max,0,331,769,41,True
trained,max,0,332,769,41,True
trained,max,0,333,769,41,True
trained,max,0,334,769,41,True
trained,max,0,335,769,41,True
trained,max,0,336,769,41,True
trained,max,0,337,769,41,True
trained,max,0,338,769,41,True
trained,max,0,339,769,41,True
trained,max,0,340,769,41,True
trained,max,0,341,769,41,True
trained,max,0,342,769,41,True
trained,max,0,343,769,41,True
trained,max,0,344,769,41,True
trained,max,0,345,769,41,True
trained,max,0,346,769,41,True
trained,max,0,347,769,41,True
trained,max,0,348,769,41,True
trained,max,0,349,769,41,True
trained,max,0,350,769,41,True
trained,max,0,351,769,41,True
trained,max,0,352,769,41,True
trained,max,0,353,769,41,True
trained,max,0,354,769,41,True
trained,max,0,355,769,41,True
trained,max,0,356,769,41,True
trained,max,0,357,769,41,True
trained,max,0,358,769,41,True
trained,max,0,359,769,41,True
trained,max,0,360,769,41,True
trained,max,0,361,769,41,True
trained,max,0,362,769,41,True
trained,max,0,363,769,41,True
trained,max,0,364,769,41,True
trained,max,0,365,769,41,True
trained,max,0,366,769,41,True
trained,max,0,367,769,41,True
trained,max,0,368,769,41,True
trained,max,0,369,769,41,True
trained,max,0,370,769,41,True
trained,max,0,371,769,41,True
trained,max,0,372,769,41,True
trained,max,0,373,769,41,True
trained,max,0,374,769,41,True
trained,max,0,375,769,41,True
trained,max,0,376,769,41,True
trained,max,0,377,769,41,True
trained,max,0,378,769,41,True
trained,max,0,379,769,41,True
trained,max,0,380,769,41,True
trained,max,0,381,769,41,True
trained,max,0,382,769,41,True
trained,max,0,383,769,41,True
trained,max,0,384,769,41,True
trained,max,0,385,769,41,True
trained,max,0,386,769,41,True
trained,max,0,387,769,41,True
trained,max,0,388,769,41,True
trained,max,0,389,769,41,True
trained,max,0,390,769,41,True
trained,max,0,391,769,41,True
trained,max,0,392,769,41,True
trained,max,0,393,769,41,True
trained,max,0,394,769,41,True
trained,max,0,395,769,41,True
trained,max,0,396,769,41,True
trained,max,0,397,769,41,True
trained,max,0,398,769,41,True
trained,max,0,399,769,41,True
trained,max,0,400,769,41,True
trained,max,0,401,769,41,True
trained,max,0,402,769,41,True
trained,max,0,403,769,41,True
trained,max,0,404,769,41,True
trained,max,0,405,769,41,True
trained,max,0,406,769,41,True
trained,max,0,407,769,41,True
trained,max,0,408,769,41,True
trained,max,0,409,769,41,True
trained,max,0,410,769,41,True
trained,max,0,411,769,41,True
trained,max,0,412,769,41,True
trained,max,0,413,769,41,True
trained,max,0,414,769,41,True
trained,max,0,415,769,41,True
trained,max,0,416,769,41,True
trained,max,0,417,769,41,True
trained,max,0,418,769,41,True
trained,max,0,419,769,41,True
trained,max,0,420,769,41,True
trained,max,0,421,769,41,True
trained,max,0,422,769,41,True
trained,max,0,423,769,41,True
trained,max,0,424,769,41,True
trained,max,0,425,769,41,True
trained,max,0,426,769,41,True
trained,max,0,427,769,41,True
trained,max,0,428,769,41,True
trained,max,0,429,769,41,True
trained,max,0,430,769,41,True
trained,max,0,431,769,41,True
trained,max,0,432,769,41,True
trained,max,0,433,769,41,True
trained,max,0,434,769,41,True
trained,max,0,435,769,41,True
trained,max,0,436,769,41,True
trained,max,0,437,769,41,True
trained,max,0,438,769,41,True
trained,max,0,439,769,41,True
trained,max,0,440,769,41,True
trained,max,0,441,769,41,True
trained,max,0,442,769,41,True
trained,max,0,443,769,41,True
trained,max,0,444,769,41,True
trained,max,0,445,769,41,True
trained,max,0,446,769,41,True
trained,max,0,447,769,41,True
trained,max,0,448,769,41,True
trained,max,0,449,769,41,True
trained,max,0,450,769,41,True
trained,max,0,451,769,41,True
trained,max,0,452,769,41,True
trained,max,0,453,769,41,True
trained,max,0,454,769,41,True
trained,max,0,455,769,41,True
trained,max,0,456,769,41,True
trained,max,0,457,769,41,True
trained,max,0,458,769,41,True
trained,max,0,459,769,41,True
trained,max,0,460,769,41,True
trained,max,0,461,769,41,True
trained,max,0,462,769,41,True
trained,max,0,463,769,41,True
trained,max,0,464,769,41,True
trained,max,0,465,769,41,True
trained,max,0,466,769,41,True
trained,max,0,467,769,41,True
trained,max,0,468,769,41,True
trained,max,0,469,769,41,True
trained,max,0,470,769,41,True
trained,max,0,471,769,41,True
trained,max,0,472,769,41,True
trained,max,0,473,769,41,True
trained,max,0,474,769,41,True
trained,max,0,475,769,41,True
trained,max,0,476,769,41,True
trained,max,0,477,769,41,True
trained,max,0,478,769,41,True
trained,max,0,479,769,41,True
trained,max,0,480,769,41,True
trained,max,0,481,769,41,True
trained,max,0,482,769,41,True
trained,max,0,483,769,41,True
trained,max,0,484,769,41,True
trained,max,0,485,769,41,True
trained,max,0,486,769,41,True
trained,max,0,487,769,41,True
trained,max,0,488,769,41,True
trained,max,0,489,769,41,True
trained,max,0,490,769,41,True
trained,max,0,491,769,41,True
trained,max,0,492,769,41,True
trained,max,0,493,769,41,True
trained,max,0,494,769,41,True
trained,max,0,495,769,41,True
trained,max,0,496,769,41,True
trained,max,0,497,769,41,True
trained,max,0,498,769,41,True
trained,max,0,499,769,41,True
trained,max,0,500,769,41,True
trained,max,0,501,769,41,True
trained,max,0,502,769,41,True
trained,max,0,503,769,41,True
trained,max,0,504,769,41,True
trained,max,0,505,769,41,True
trained,max,0,506,769,41,True
trained,max,0,507,769,41,True
trained,max,0,508,769,41,True
trained,max,0,509,769,41,True
trained,max,0,510,769,41,True
trained,max,0,511,769,41,True
trained,max,0,512,769,41,True
trained,max,0,513,769,41,True
trained,max,0,514,769,41,True
trained,max,0,515,769,41,True
trained,max,0,516,769,41,True
trained,max,0,517,769,41,True
trained,max,0,518,769,41,True
trained,max,0,519,769,41,True
trained,max,0,520,769,41,True
trained,max,0,521,769,41,True
trained,max,0,522,769,41,True
trained,max,0,523,769,41,True
trained,max,0,524,769,41,True
trained,max,0,525,769,41,True
trained,max,0,526,769,41,True
trained,max,0,527,769,41,True
trained,max,0,528,769,41,True
trained,max,0,529,769,41,True
trained,max,0,530,769,41,True
trained,max,0,531,769,41,True
trained,max,0,532,769,41,True
trained,max,0,533,769,41,True
trained,max,0,534,769,41,True
trained,max,0,535,769,41,True
trained,max,0,536,769,41,True
trained,max,0,537,769,41,True
trained,max,0,538,769,41,True
trained,max,0,539,769,41,True
trained,max,0,540,769,41,True
trained,max,0,541,769,41,True
trained,max,0,542,769,41,True
trained,max,0,543,769,41,True
trained,max,0,544,769,41,True
trained,max,0,545,769,41,True
trained,max,0,546,769,41,True
trained,max,0,547,769,41,True
trained,max,0,548,769,41,True
trained,max,0,549,769,41,True
trained,max,0,550,769,41,True
trained,max,0,551,769,41,True
trained,max,0,552,769,41,True
trained,max,0,553,769,41,True
trained,max,0,554,769,41,True
trained,max,0,555,769,41,True
trained,max,0,556,769,41,True
trained,max,0,557,769,41,True
trained,max,0,558,769,41,True
trained,max,0,559,769,41,True
trained,max,0,560,769,41,True
trained,max,0,561,769,41,True
trained,max,0,562,769,41,True
trained,max,0,563,769,41,True
trained,max,0,564,769,41,True
trained,max,0,565,769,41,True
trained,max,0,566,769,41,True
trained,max,0,567,769,41,True
trained,max,0,568,769,41,True
trained,max,0,569,769,41,True
trained,max,0,570,769,41,True
trained,max,0,571,769,41,True
trained,max,0,572,769,41,True
trained,max,0,573,769,41,True
trained,max,0,574,769,41,True
trained,max,0,575,769,41,True
trained,max,0,576,769,41,True
trained,max,0,577,769,41,True
trained,max,0,578,769,41,True
trained,max,0,579,769,41,True
trained,max,0,580,769,41,True
trained,max,0,581,769,41,True
trained,max,0,582,769,41,True
trained,max,0,583,769,41,True
trained,max,0,584,769,41,True
trained,max,0,585,769,41,True
trained,max,0,586,769,41,True
trained,max,0,587,769,41,True
trained,max,0,588,769,41,True
trained,max,0,589,769,41,True
trained,max,0,590,769,41,True
trained,max,0,591,769,41,True
trained,max,0,592,769,41,True
trained,max,0,593,769,41,True
trained,max,0,594,769,41,True
trained,max,0,595,769,41,True
trained,max,0,596,769,41,True
trained,max,0,597,769,41,True
trained,max,0,598,769,41,True
trained,max,0,599,769,41,True
trained,max,0,600,769,41,True
trained,max,0,601,769,41,True
trained,max,0,602,769,41,True
trained,max,0,603,769,41,True
trained,max,0,604,769,41,True
trained,max,0,605,769,41,True
trained,max,0,606,769,41,True
trained,max,0,607,769,41,True
trained,max,0,608,769,41,True
trained,max,0,609,769,41,True
trained,max,0,610,769,41,True
trained,max,0,611,769,41,True
trained,max,0,612,769,41,True
trained,max,0,613,769,41,True
trained,max,0,614,769,41,True
trained,max,0,615,769,41,True
trained,max,0,616,769,41,True
trained,max,0,617,769,41,True
trained,max,0,618,769,41,True
trained,max,0,619,769,41,True
trained,max,0,620,769,41,True
trained,max,0,621,769,41,True
trained,max,0,622,769,41,True
trained,max,0,623,769,41,True
trained,max,0,624,769,41,True
trained,max,0,625,769,41,True
trained,max,0,626,769,41,True
trained,max,0,627,769,41,True
trained,max,0,628,769,41,True
trained,max,0,629,769,41,True
trained,max,0,630,769,41,True
trained,max,0,631,769,41,True
trained,max,0,632,769,41,True
trained,max,0,633,769,41,True
trained,max,0,634,769,41,True
trained,max,0,635,769,41,True
trained,max,0,636,769,41,True
trained,max,0,637,769,41,True
trained,max,0,638,769,41,True
trained,max,0,639,769,41,True
trained,max,0,640,769,41,True
trained,max,0,641,769,41,True
trained,max,0,642,769,41,True
trained,max,0,643,769,41,True
trained,max,0,644,769,41,True
trained,max,0,645,769,41,True
trained,max,0,646,769,41,True
trained,max,0,647,769,41,True
trained,max,0,648,769,41,True
trained,max,0,649,769,41,True
trained,max,0,650,769,41,True
trained,max,0,651,769,41,True
trained,max,0,652,769,41,True
trained,max,0,653,769,41,True
trained,max,0,654,769,41,True
trained,max,0,655,769,41,True
trained,max,0,656,769,41,True
trained,max,0,657,769,41,True
trained,max,0,658,769,41,True
trained,max,0,659,769,41,True
trained,max,0,660,769,41,True
trained,max,0,661,769,41,True
trained,max,0,662,769,41,True
trained,max,0,663,769,41,True
trained,max,0,664,769,41,True
trained,max,0,665,769,41,True
trained,max,0,666,769,41,True
trained,max,0,667,769,41,True
trained,max,0,668,769,41,True
trained,max,0,669,769,41,True
trained,max,0,670,769,41,True
trained,max,0,671,769,41,True
trained,max,0,672,769,41,True
trained,max,0,673,769,41,True
trained,max,0,674,769,41,True
trained,max,0,675,769,41,True
trained,max,0,676,769,41,True
trained,max,0,677,769,41,True
trained,max,0,678,769,41,True
trained,max,0,679,769,41,True
trained,max,0,680,769,41,True
trained,max,0,681,769,41,True
trained,max,0,682,769,41,True
trained,max,0,683,769,41,True
trained,max,0,684,769,41,True
trained,max,0,685,769,41,True
trained,max,0,686,769,41,True
trained,max,0,687,769,41,True
trained,max,0,688,769,41,True
trained,max,0,689,769,41,True
trained,max,0,690,769,41,True
trained,max,0,691,769,41,True
trained,max,0,692,769,41,True
trained,max,0,693,769,41,True
trained,max,0,694,769,41,True
trained,max,0,695,769,41,True
trained,max,0,696,769,41,True
trained,max,0,697,769,41,True
trained,max,0,698,769,41,True
trained,max,0,699,769,41,True
trained,max,0,700,769,41,True
trained,max,0,701,769,41,True
trained,max,0,702,769,41,True
trained,max,0,703,769,41,True
trained,max,0,704,769,41,True
trained,max,0,705,769,41,True
trained,max,0,706,769,41,True
trained,max,0,707,769,41,True
trained,max,0,708,769,41,True
trained,max,0,709,769,41,True
trained,max,0,710,769,41,True
trained,max,0,711,769,41,True
trained,max,0,712,769,41,True
trained,max,0,713,769,41,True
trained,max,0,714,769,41,True
trained,max,0,715,769,41,True
trained,max,0,716,769,41,True
trained,max,0,717,769,41,True
trained,max,0,718,769,41,True
trained,max,0,719,769,41,True
trained,max,0,720,769,41,True
trained,max,0,721,769,41,True
trained,max,0,722,769,41,True
trained,max,0,723,769,41,True
trained,max,0,724,769,41,True
trained,max,0,725,769,41,True
trained,max,0,726,769,41,True
trained,max,0,727,769,41,True
trained,max,0,728,769,41,True
trained,max,0,729,769,41,True
trained,max,0,730,769,41,True
trained,max,0,731,769,41,True
trained,max,0,732,769,41,True
trained,max,0,733,769,41,True
trained,max,0,734,769,41,True
trained,max,0,735,769,41,True
trained,max,0,736,769,41,True
trained,max,0,737,769,41,True
trained,max,0,738,769,41,True
trained,max,0,739,769,41,True
trained,max,0,740,769,41,True
trained,max,0,741,769,41,True
trained,max,0,742,769,41,True
trained,max,0,743,769,41,True
trained,max,0,744,769,41,True
trained,max,0,745,769,41,True
trained,max,0,746,769,41,True
trained,max,0,747,769,41,True
trained,max,0,748,769,41,True
trained,max,0,749,769,41,True
trained,max,0,750,769,41,True
trained,max,0,751,769,41,True
trained,max,0,752,769,41,True
trained,max,0,753,769,41,True
trained,max,0,754,769,41,True
trained,max,0,755,769,41,True
trained,max,0,756,769,41,True
trained,max,0,757,769,41,True
trained,max,0,758,769,41,True
trained,max,0,759,769,41,True
trained,max,0,760,769,41,True
trained,max,0,761,769,41,True
trained,max,0,762,769,41,True
trained,max,0,763,769,41,True
trained,max,0,764,769,41,True
trained,max,0,765,769,41,True
trained,max,0,766,769,41,True
trained,max,0,767,769,41,True
trained,max,0,768,769,41,True
trained,max,0,769,769,41,True
trained,max,0,770,769,41,True
trained,max,0,771,769,41,True
trained,max,0,772,769,41,True
trained,max,0,773,769,41,True
trained,max,0,774,769,41,True
trained,max,0,775,769,41,True
trained,max,0,776,769,41,True
trained,max,0,777,769,41,True
trained,max,0,778,769,41,True
trained,max,0,779,769,41,True
trained,max,0,780,769,41,True
trained,max,0,781,769,41,True
trained,max,0,782,769,41,True
trained,max,0,783,769,41,True
trained,max,0,784,769,41,True
trained,max,0,785,769,41,True
trained,max,0,786,769,41,True
trained,max,0,787,769,41,True
trained,max,0,788,769,41,True
trained,max,0,789,769,41,True
trained,max,0,790,769,41,True
trained,max,0,791,769,41,True
trained,max,0,792,769,41,True
trained,max,0,793,769,41,True
trained,max,0,794,769,41,True
trained,max,0,795,769,41,True
trained,max,0,796,769,41,True
trained,max,0,797,769,41,True
trained,max,0,798,769,41,True
trained,max,0,799,769,41,True
trained,max,0,800,769,41,True
trained,max,0,801,769,41,True
trained,max,0,802,769,41,True
trained,max,0,803,769,41,True
trained,max,0,804,769,41,True
trained,max,0,805,769,41,True
trained,max,0,806,769,41,True
trained,max,0,807,769,41,True
trained,max,0,808,769,41,True
trained,max,0,809,769,41,True
trained,max,0,810,769,41,True
trained,max,0,811,769,41,True
trained,max,0,812,769,41,True
trained,max,0,813,769,41,True
trained,max,0,814,769,41,True
trained,max,0,815,769,41,True
trained,max,0,816,769,41,True
trained,max,0,817,769,41,True
trained,max,0,818,769,41,True
trained,max,0,819,769,41,True
trained,max,0,820,769,41,True
trained,max,0,821,769,41,True
trained,max,0,822,769,41,True
trained,max,0,823,769,41,True
trained,max,0,824,769,41,True
trained,max,0,825,769,41,True
trained,max,0,826,769,41,True
trained,max,0,827,769,41,True
trained,max,0,828,769,41,True
trained,max,0,829,769,41,True
trained,max,0,830,769,41,True
trained,max,0,831,769,41,True
trained,max,0,832,769,41,True
trained,max,0,833,769,41,True
trained,max,0,834,769,41,True
trained,max,0,835,769,41,True
trained,max,0,836,769,41,True
trained,max,0,837,769,41,True
trained,max,0,838,769,41,True
trained,max,0,839,769,41,True
trained,max,0,840,769,41,True
trained,max,0,841,769,41,True
trained,max,0,842,769,41,True
trained,max,0,843,769,41,True
trained,max,0,844,769,41,True
trained,max,0,845,769,41,True
trained,max,0,846,769,41,True
trained,max,0,847,769,41,True
trained,max,0,848,769,41,True
trained,max,0,849,769,41,True
trained,max,0,850,769,41,True
trained,max,0,851,769,41,True
trained,max,0,852,769,41,True
trained,max,0,853,769,41,True
trained,max,0,854,769,41,True
trained,max,0,855,769,41,True
trained,max,0,856,769,41,True
trained,max,0,857,769,41,True
trained,max,0,858,769,41,True
trained,max,0,859,769,41,True
trained,max,0,860,769,41,True
trained,max,0,861,769,41,True
trained,max,0,862,769,41,True
trained,max,0,863,769,41,True
trained,max,0,864,769,41,True
trained,max,0,865,769,41,True
trained,max,0,866,769,41,True
trained,max,0,867,769,41,True
trained,max,0,868,769,41,True
trained,max,0,869,769,41,True
trained,max,0,870,769,41,True
trained,max,0,871,769,41,True
trained,max,0,872,769,41,True
trained,max,0,873,769,41,True
trained,max,0,874,769,41,True
trained,max,0,875,769,41,True
trained,max,0,876,769,41,True
trained,max,0,877,769,41,True
trained,max,0,878,769,41,True
trained,max,0,879,769,41,True
trained,max,0,880,769,41,True
trained,max,0,881,769,41,True
trained,max,0,882,769,41,True
trained,max,0,883,769,41,True
trained,max,0,884,769,41,True
trained,max,0,885,769,41,True
trained,max,0,886,769,41,True
trained,max,0,887,769,41,True
trained,max,0,888,769,41,True
trained,max,0,889,769,41,True
trained,max,0,890,769,41,True
trained,max,0,891,769,41,True
trained,max,0,892,769,41,True
trained,max,0,893,769,41,True
trained,max,0,894,769,41,True
trained,max,0,895,769,41,True
trained,max,0,896,769,41,True
trained,max,0,897,769,41,True
trained,max,0,898,769,41,True
trained,max,0,899,769,41,True
trained,max,0,900,769,41,True
trained,max,0,901,769,41,True
trained,max,0,902,769,41,True
trained,max,0,903,769,41,True
trained,max,0,904,769,41,True
trained,max,0,905,769,41,True
trained,max,0,906,769,41,True
trained,max,0,907,769,41,True
trained,max,0,908,769,41,True
trained,max,0,909,769,41,True
trained,max,0,910,769,41,True
trained,max,0,911,769,41,True
trained,max,0,912,769,41,True
trained,max,0,913,769,41,True
trained,max,0,914,769,41,True
trained,max,0,915,769,41,True
trained,max,0,916,769,41,True
trained,max,0,917,769,41,True
trained,max,0,918,769,41,True
trained,max,0,919,769,41,True
trained,max,0,920,769,41,True
trained,max,0,921,769,41,True
trained,max,0,922,769,41,True
trained,max,0,923,769,41,True
trained,max,0,924,769,41,True
trained,max,0,925,769,41,True
trained,max,0,926,769,41,True
trained,max,0,927,769,41,True
trained,max,0,928,769,41,True
trained,max,0,929,769,41,True
trained,max,0,930,769,41,True
trained,max,0,931,769,41,True
trained,max,0,932,769,41,True
trained,max,0,933,769,41,True
trained,max,0,934,769,41,True
trained,max,0,935,769,41,True
trained,max,0,936,769,41,True
trained,max,0,937,769,41,True
trained,max,0,938,769,41,True
trained,max,0,939,769,41,True
trained,max,0,940,769,41,True
trained,max,0,941,769,41,True
trained,max,0,942,769,41,True
trained,max,0,943,769,41,True
trained,max,0,944,769,41,True
trained,max,0,945,769,41,True
trained,max,0,946,769,41,True
trained,max,0,947,769,41,True
trained,max,0,948,769,41,True
trained,max,0,949,769,41,True
trained,max,0,950,769,41,True
trained,max,0,951,769,41,True
trained,max,0,952,769,41,True
trained,max,0,953,769,41,True
trained,max,0,954,769,41,True
trained,max,0,955,769,41,True
trained,max,0,956,769,41,True
trained,max,0,957,769,41,True
trained,max,0,958,769,41,True
trained,max,0,959,769,41,True
trained,max,0,960,769,41,True
trained,max,0,961,769,41,True
trained,max,0,962,769,41,True
trained,max,0,963,769,41,True
trained,max,0,964,769,41,True
trained,max,0,965,769,41,True
trained,max,0,966,769,41,True
trained,max,0,967,769,41,True
trained,max,0,968,769,41,True
trained,max,0,969,769,41,True
trained,max,0,970,769,41,True
trained,max,0,971,769,41,True
trained,max,0,972,769,41,True
trained,max,0,973,769,41,True
trained,max,0,974,769,41,True
trained,max,0,975,769,41,True
trained,max,0,976,769,41,True
trained,max,0,977,769,41,True
trained,max,0,978,769,41,True
trained,max,0,979,769,41,True
trained,max,0,980,769,41,True
trained,max,0,981,769,41,True
trained,max,0,982,769,41,True
trained,max,0,983,769,41,True
trained,max,0,984,769,41,True
trained,max,0,985,769,41,True
trained,max,0,986,769,41,True
trained,max,0,987,769,41,True
trained,max,0,988,769,41,True
trained,max,0,989,769,41,True
trained,max,0,990,769,41,True
trained,max,0,991,769,41,True
trained,max,0,992,769,41,True
trained,max,0,993,769,41,True
trained,max,0,994,769,41,True
trained,max,0,995,769,41,True
trained,max,0,996,769,41,True
trained,max,0,997,769,41,True
trained,max,0,998,769,41,True
trained,max,0,999,769,41,True
trained,max,0,1000,769,41,True
trained,max,1,1,842,56,False
trained,max,1,2,842,56,False
trained,max,1,3,842,56,False
trained,max,1,4,842,56,False
trained,max,1,5,842,56,False
trained,max,1,6,842,56,False
trained,max,1,7,828,46,False
trained,max,1,8,828,46,False
trained,max,1,9,791,42,False
trained,max,1,10,791,42,False
trained,max,1,11,791,42,False
trained,max,1,12,791,42,False
trained,max,1,13,791,42,False
trained,max,1,14,791,42,False
trained,max,1,15,791,42,False
trained,max,1,16,791,42,False
trained,max,1,17,791,42,False
trained,max,1,18,791,42,False
trained,max,1,19,791,42,False
trained,max,1,20,791,42,False
trained,max,1,21,791,42,False
trained,max,1,22,791,42,False
trained,max,1,23,791,42,False
trained,max,1,24,791,42,False
trained,max,1,25,791,42,False
trained,max,1,26,791,42,False
trained,max,1,27,791,42,False
trained,max,1,28,791,42,False
trained,max,1,29,791,42,False
trained,max,1,30,791,42,False
trained,max,1,31,791,42,False
trained,max,1,32,791,42,False
trained,max,1,33,791,42,False
trained,max,1,34,782,42,False
trained,max,1,35,782,42,False
trained,max,1,36,782,42,False
trained,max,1,37,782,42,False
trained,max,1,38,782,42,False
trained,max,1,39,782,42,False
trained,max,1,40,782,42,False
trained,max,1,41,782,42,False
trained,max,1,42,782,42,False
trained,max,1,43,782,42,False
trained,max,1,44,782,42,False
trained,max,1,45,782,42,False
trained,max,1,46,782,42,False
trained,max,1,47,785,41,True
trained,max,1,48,785,41,True
trained,max,1,49,785,41,True
trained,max,1,50,785,41,True
trained,max,1,51,785,41,True
trained,max,1,52,785,41,True
trained,max,1,53,785,41,True
trained,max,1,54,785,41,True
trained,max,1,55,785,41,True
trained,max,1,56,785,41,True
trained,max,1,57,785,41,True
trained,max,1,58,785,41,True
trained,max,1,59,785,41,True
trained,max,1,60,785,41,True
trained,max,1,61,785,41,True
trained,max,1,62,785,41,True
trained,max,1,63,785,41,True
trained,max,1,64,785,41,True
trained,max,1,65,785,41,True
trained,max,1,66,783,41,True
trained,max,1,67,780,41,True
trained,max,1,68,779,41,True
trained,max,1,69,779,41,True
trained,max,1,70,775,41,True
trained,max,1,71,775,41,True
trained,max,1,72,775,41,True
trained,max,1,73,775,41,True
trained,max,1,74,775,41,True
trained,max,1,75,775,41,True
trained,max,1,76,775,41,True
trained,max,1,77,775,41,True
trained,max,1,78,775,41,True
trained,max,1,79,775,41,True
trained,max,1,80,775,41,True
trained,max,1,81,775,41,True
trained,max,1,82,775,41,True
trained,max,1,83,775,41,True
trained,max,1,84,775,41,True
trained,max,1,85,775,41,True
trained,max,1,86,775,41,True
trained,max,1,87,775,41,True
trained,max,1,88,775,41,True
trained,max,1,89,775,41,True
trained,max,1,90,775,41,True
trained,max,1,91,775,41,True
trained,max,1,92,775,41,True
trained,max,1,93,775,41,True
trained,max,1,94,775,41,True
trained,max,1,95,775,41,True
trained,max,1,96,775,41,True
trained,max,1,97,775,41,True
trained,max,1,98,775,41,True
trained,max,1,99,775,41,True
trained,max,1,100,775,41,True
trained,max,1,101,775,41,True
trained,max,1,102,775,41,True
trained,max,1,103,775,41,True
trained,max,1,104,775,41,True
trained,max,1,105,775,41,True
trained,max,1,106,775,41,True
trained,max,1,107,775,41,True
trained,max,1,108,775,41,True
trained,max,1,109,775,41,True
trained,max,1,110,775,41,True
trained,max,1,111,775,41,True
trained,max,1,112,775,41,True
trained,max,1,113,775,41,True
trained,max,1,114,775,41,True
trained,max,1,115,775,41,True
trained,max,1,116,775,41,True
trained,max,1,117,775,41,True
trained,max,1,118,775,41,True
trained,max,1,119,775,41,True
trained,max,1,120,775,41,True
trained,max,1,121,775,41,True
trained,max,1,122,775,41,True
trained,max,1,123,775,41,True
trained,max,1,124,775,41,True
trained,max,1,125,775,41,True
trained,max,1,126,775,41,True
trained,max,1,127,775,41,True
trained,max,1,128,775,41,True
trained,max,1,129,775,41,True
trained,max,1,130,775,41,True
trained,max,1,131,775,41,True
trained,max,1,132,775,41,True
trained,max,1,133,775,41,True
trained,max,1,134,775,41,True
trained,max,1,135,775,41,True
trained,max,1,136,775,41,True
trained,max,1,137,775,41,True
trained,max,1,138,775,41,True
trained,max,1,139,775,41,True
trained,max,1,140,775,41,True
trained,max,1,141,775,41,True
trained,max,1,142,775,41,True
trained,max,1,143,775,41,True
trained,max,1,144,775,41,True
trained,max,1,145,775,41,True
trained,max,1,146,775,41,True
trained,max,1,147,775,41,True
trained,max,1,148,775,41,True
trained,max,1,149,775,41,True
trained,max,1,150,775,41,True
trained,max,1,151,775,41,True
trained,max,1,152,775,41,True
trained,max,1,153,775,41,True
trained,max,1,154,775,41,True
trained,max,1,155,775,41,True
trained,max,1,156,775,41,True
trained,max,1,157,775,41,True
trained,max,1,158,775,41,True
trained,max,1,159,775,41,True
trained,max,1,160,775,41,True
trained,max,1,161,775,41,True
trained,max,1,162,775,41,True
trained,max,1,163,775,41,True
trained,max,1,164,775,41,True
trained,max,1,165,775,41,True
trained,max,1,166,775,41,True
trained,max,1,167,775,41,True
trained,max,1,168,775,41,True
trained,max,1,169,775,41,True
trained,max,1,170,775,41,True
trained,max,1,171,775,41,True
trained,max,1,172,775,41,True
trained,max,1,173,775,41,True
trained,max,1,174,775,41,True
trained,max,1,175,775,41,True
trained,max,1,176,775,41,True
trained,max,1,177,775,41,True
trained,max,1,178,775,41,True
trained,max,1,179,775,41,True
trained,max,1,180,775,41,True
trained,max,1,181,775,41,True
trained,max,1,182,775,41,True
trained,max,1,183,775,41,True
trained,max,1,184,775,41,True
trained,max,1,185,775,41,True
trained,max,1,186,775,41,True
trained,max,1,187,775,41,True
trained,max,1,188,775,41,True
trained,max,1,189,775,41,True
trained,max,1,190,775,41,True
trained,max,1,191,775,41,True
trained,max,1,192,775,41,True
trained,max,1,193,775,41,True
trained,max,1,194,775,41,True
trained,max,1,195,775,41,True
trained,max,1,196,775,41,True
trained,max,1,197,775,41,True
trained,max,1,198,775,41,True
trained,max,1,199,775,41,True
trained,max,1,200,775,41,True
trained,max,1,201,775,41,True
trained,max,1,202,775,41,True
trained,max,1,203,775,41,True
trained,max,1,204,775,41,True
trained,max,1,205,775,41,True
trained,max,1,206,775,41,True
trained,max,1,207,775,41,True
trained,max,1,208,775,41,True
trained,max,1,209,775,41,True
trained,max,1,210,775,41,True
trained,max,1,211,775,41,True
trained,max,1,212,775,41,True
trained,max,1,213,775,41,True
trained,max,1,214,775,41,True
trained,max,1,215,775,41,True
trained,max,1,216,775,41,True
trained,max,1,217,775,41,True
trained,max,1,218,775,41,True
trained,max,1,219,775,41,True
trained,max,1,220,775,41,True
trained,max,1,221,775,41,True
trained,max,1,222,775,41,True
trained,max,1,223,775,41,True
trained,max,1,224,775,41,True
trained,max,1,225,775,41,True
trained,max,1,226,775,41,True
trained,max,1,227,775,41,True
trained,max,1,228,775,41,True
trained,max,1,229,775,41,True
trained,max,1,230,775,41,True
trained,max,1,231,775,41,True
trained,max,1,232,775,41,True
trained,max,1,233,775,41,True
trained,max,1,234,775,41,True
trained,max,1,235,775,41,True
trained,max,1,236,775,41,True
trained,max,1,237,775,41,True
trained,max,1,238,775,41,True
trained,max,1,239,775,41,True
trained,max,1,240,775,41,True
trained,max,1,241,775,41,True
trained,max,1,242,775,41,True
trained,max,1,243,775,41,True
trained,max,1,244,775,41,True
trained,max,1,245,775,41,True
trained,max,1,246,775,41,True
trained,max,1,247,775,41,True
trained,max,1,248,775,41,True
trained,max,1,249,775,41,True
trained,max,1,250,775,41,True
trained,max,1,251,775,41,True
trained,max,1,252,775,41,True
trained,max,1,253,775,41,True
trained,max,1,254,775,41,True
trained,max,1,255,775,41,True
trained,max,1,256,775,41,True
trained,max,1,257,775,41,True
trained,max,1,258,775,41,True
trained,max,1,259,775,41,True
trained,max,1,260,775,41,True
trained,max,1,261,775,41,True
trained,max,1,262,775,41,True
trained,max,1,263,775,41,True
trained,max,1,264,775,41,True
trained,max,1,265,775,41,True
trained,max,1,266,775,41,True
trained,max,1,267,775,41,True
trained,max,1,268,775,41,True
trained,max,1,269,775,41,True
trained,max,1,270,775,41,True
trained,max,1,271,775,41,True
trained,max,1,272,775,41,True
trained,max,1,273,775,41,True
trained,max,1,274,775,41,True
trained,max,1,275,775,41,True
trained,max,1,276,775,41,True
trained,max,1,277,775,41,True
trained,max,1,278,775,41,True
trained,max,1,279,775,41,True
trained,max,1,280,775,41,True
trained,max,1,281,775,41,True
trained,max,1,282,775,41,True
trained,max,1,283,775,41,True
trained,max,1,284,775,41,True
trained,max,1,285,775,41,True
trained,max,1,286,775,41,True
trained,max,1,287,775,41,True
trained,max,1,288,775,41,True
trained,max,1,289,775,41,True
trained,max,1,290,775,41,True
trained,max,1,291,775,41,True
trained,max,1,292,775,41,True
trained,max,1,293,775,41,True
trained,max,1,294,775,41,True
trained,max,1,295,775,41,True
trained,max,1,296,775,41,True
trained,max,1,297,775,41,True
trained,max,1,298,775,41,True
trained,max,1,299,775,41,True
trained,max,1,300,775,41,True
trained,max,1,301,775,41,True
trained,max,1,302,775,41,True
trained,max,1,303,775,41,True
trained,max,1,304,775,41,True
trained,max,1,305,775,41,True
trained,max,1,306,775,41,True
trained,max,1,307,775,41,True
trained,max,1,308,775,41,True
trained,max,1,309,775,41,True
trained,max,1,310,775,41,True
trained,max,1,311,775,41,True
trained,max,1,312,775,41,True
trained,max,1,313,775,41,True
trained,max,1,314,775,41,True
trained,max,1,315,775,41,True
trained,max,1,316,775,41,True
trained,max,1,317,775,41,True
trained,max,1,318,775,41,True
trained,max,1,319,775,41,True
trained,max,1,320,775,41,True
trained,max,1,321,775,41,True
trained,max,1,322,775,41,True
trained,max,1,323,775,41,True
trained,max,1,324,775,41,True
trained,max,1,325,775,41,True
trained,max,1,326,775,41,True
trained,max,1,327,775,41,True
trained,max,1,328,775,41,True
trained,max,1,329,775,41,True
trained,max,1,330,775,41,True
trained,max,1,331,775,41,True
trained,max,1,332,775,41,True
trained,max,1,333,775,41,True
trained,max,1,334,775,41,True
trained,max,1,335,775,41,True
trained,max,1,336,775,41,True
trained,max,1,337,775,41,True
trained,max,1,338,775,41,True
trained,max,1,339,775,41,True
trained,max,1,340,775,41,True
trained,max,1,341,775,41,True
trained,max,1,342,775,41,True
trained,max,1,343,775,41,True
trained,max,1,344,775,41,True
trained,max,1,345,775,41,True
trained,max,1,346,775,41,True
trained,max,1,347,775,41,True
trained,max,1,348,775,41,True
trained,max,1,349,775,41,True
trained,max,1,350,775,41,True
trained,max,1,351,775,41,True
trained,max,1,352,775,41,True
trained,max,1,353,775,41,True
trained,max,1,354,775,41,True
trained,max,1,355,775,41,True
trained,max,1,356,775,41,True
trained,max,1,357,775,41,True
trained,max,1,358,775,41,True
trained,max,1,359,775,41,True
trained,max,1,360,775,41,True
trained,max,1,361,775,41,True
trained,max,1,362,775,41,True
trained,max,1,363,775,41,True
trained,max,1,364,775,41,True
trained,max,1,365,775,41,True
trained,max,1,366,775,41,True
trained,max,1,367,775,41,True
trained,max,1,368,775,41,True
trained,max,1,369,775,41,True
trained,max,1,370,775,41,True
trained,max,1,371,775,41,True
trained,max,1,372,775,41,True
trained,max,1,373,775,41,True
trained,max,1,374,775,41,True
trained,max,1,375,775,41,True
trained,max,1,376,775,41,True
trained,max,1,377,775,41,True
trained,max,1,378,775,41,True
trained,max,1,379,775,41,True
trained,max,1,380,775,41,True
trained,max,1,381,775,41,True
trained,max,1,382,775,41,True
trained,max,1,383,775,41,True
trained,max,1,384,775,41,True
trained,max,1,385,775,41,True
trained,max,1,386,775,41,True
trained,max,1,387,775,41,True
trained,max,1,388,775,41,True
trained,max,1,389,775,41,True
trained,max,1,390,775,41,True
trained,max,1,391,775,41,True
trained,max,1,392,775,41,True
trained,max,1,393,775,41,True
trained,max,1,394,775,41,True
trained,max,1,395,775,41,True
trained,max,1,396,775,41,True
trained,max,1,397,775,41,True
trained,max,1,398,775,41,True
trained,max,1,399,775,41,True
trained,max,1,400,775,41,True
trained,max,1,401,775,41,True
trained,max,1,402,775,41,True
trained,max,1,403,775,41,True
trained,max,1,404,775,41,True
trained,max,1,405,775,41,True
trained,max,1,406,775,41,True
trained,max,1,407,775,41,True
trained,max,1,408,775,41,True
trained,max,1,409,775,41,True
trained,max,1,410,775,41,True
trained,max,1,411,775,41,True
trained,max,1,412,775,41,True
trained,max,1,413,775,41,True
trained,max,1,414,775,41,True
trained,max,1,415,775,41,True
trained,max,1,416,775,41,True
trained,max,1,417,775,41,True
trained,max,1,418,775,41,True
trained,max,1,419,775,41,True
trained,max,1,420,775,41,True
trained,max,1,421,775,41,True
trained,max,1,422,775,41,True
trained,max,1,423,775,41,True
trained,max,1,424,775,41,True
trained,max,1,425,775,41,True
trained,max,1,426,775,41,True
trained,max,1,427,775,41,True
trained,max,1,428,775,41,True
trained,max,1,429,775,41,True
trained,max,1,430,775,41,True
trained,max,1,431,775,41,True
trained,max,1,432,775,41,True
trained,max,1,433,775,41,True
trained,max,1,434,775,41,True
trained,max,1,435,775,41,True
trained,max,1,436,775,41,True
trained,max,1,437,775,41,True
trained,max,1,438,775,41,True
trained,max,1,439,775,41,True
trained,max,1,440,775,41,True
trained,max,1,441,775,41,True
trained,max,1,442,775,41,True
trained,max,1,443,775,41,True
trained,max,1,444,775,41,True
trained,max,1,445,775,41,True
trained,max,1,446,775,41,True
trained,max,1,447,775,41,True
trained,max,1,448,775,41,True
trained,max,1,449,775,41,True
trained,max,1,450,775,41,True
trained,max,1,451,775,41,True
trained,max,1,452,775,41,True
trained,max,1,453,775,41,True
trained,max,1,454,775,41,True
trained,max,1,455,775,41,True
trained,max,1,456,775,41,True
trained,max,1,457,775,41,True
trained,max,1,458,775,41,True
trained,max,1,459,775,41,True
trained,max,1,460,775,41,True
trained,max,1,461,775,41,True
trained,max,1,462,775,41,True
trained,max,1,463,775,41,True
trained,max,1,464,775,41,True
trained,max,1,465,775,41,True
trained,max,1,466,775,41,True
trained,max,1,467,775,41,True
trained,max,1,468,775,41,True
trained,max,1,469,775,41,True
trained,max,1,470,775,41,True
trained,max,1,471,775,41,True
trained,max,1,472,775,41,True
trained,max,1,473,775,41,True
trained,max,1,474,775,41,True
trained,max,1,475,775,41,True
trained,max,1,476,775,41,True
trained,max,1,477,775,41,True
trained,max,1,478,775,41,True
trained,max,1,479,775,41,True
trained,max,1,480,775,41,True
trained,max,1,481,775,41,True
trained,max,1,482,775,41,True
trained,max,1,483,775,41,True
trained,max,1,484,775,41,True
trained,max,1,485,775,41,True
trained,max,1,486,775,41,True
trained,max,1,487,775,41,True
trained,max,1,488,775,41,True
trained,max,1,489,775,41,True
trained,max,1,490,775,41,True
trained,max,1,491,775,41,True
trained,max,1,492,775,41,True
trained,max,1,493,775,41,True
trained,max,1,494,775,41,True
trained,max,1,495,775,41,True
trained,max,1,496,775,41,True
trained,max,1,497,775,41,True
trained,max,1,498,775,41,True
trained,max,1,499,775,41,True
trained,max,1,500,775,41,True
trained,max,1,501,775,41,True
trained,max,1,502,775,41,True
trained,max,1,503,775,41,True
trained,max,1,504,775,41,True
trained,max,1,505,775,41,True
trained,max,1,506,775,41,True
trained,max,1,507,775,41,True
trained,max,1,508,775,41,True
trained,max,1,509,775,41,True
trained,max,1,510,775,41,True
trained,max,1,511,775,41,True
trained,max,1,512,775,41,True
trained,max,1,513,775,41,True
trained,max,1,514,775,41,True
trained,max,1,515,775,41,True
trained,max,1,516,775,41,True
trained,max,1,517,775,41,True
trained,max,1,518,775,41,True
trained,max,1,519,775,41,True
trained,max,1,520,775,41,True
trained,max,1,521,775,41,True
trained,max,1,522,775,41,True
trained,max,1,523,775,41,True
trained,max,1,524,775,41,True
trained,max,1,525,775,41,True
trained,max,1,526,775,41,True
trained,max,1,527,775,41,True
trained,max,1,528,775,41,True
trained,max,1,529,775,41,True
trained,max,1,530,775,41,True
trained,max,1,531,775,41,True
trained,max,1,532,775,41,True
trained,max,1,533,775,41,True
trained,max,1,534,775,41,True
trained,max,1,535,775,41,True
trained,max,1,536,775,41,True
trained,max,1,537,775,41,True
trained,max,1,538,775,41,True
trained,max,1,539,775,41,True
trained,max,1,540,775,41,True
trained,max,1,541,775,41,True
trained,max,1,542,775,41,True
trained,max,1,543,775,41,True
trained,max,1,544,775,41,True
trained,max,1,545,775,41,True
trained,max,1,546,775,41,True
trained,max,1,547,775,41,True
trained,max,1,548,775,41,True
trained,max,1,549,775,41,True
trained,max,1,550,775,41,True
trained,max,1,551,775,41,True
trained,max,1,552,775,41,True
trained,max,1,553,775,41,True
trained,max,1,554,775,41,True
trained,max,1,555,775,41,True
trained,max,1,556,775,41,True
trained,max,1,557,775,41,True
trained,max,1,558,775,41,True
trained,max,1,559,775,41,True
trained,max,1,560,775,41,True
trained,max,1,561,775,41,True
trained,max,1,562,775,41,True
trained,max,1,563,775,41,True
trained,max,1,564,775,41,True
trained,max,1,565,775,41,True
trained,max,1,566,775,41,True
trained,max,1,567,775,41,True
trained,max,1,568,775,41,True
trained,max,1,569,775,41,True
trained,max,1,570,775,41,True
trained,max,1,571,775,41,True
trained,max,1,572,775,41,True
trained,max,1,573,775,41,True
trained,max,1,574,775,41,True
trained,max,1,575,775,41,True
trained,max,1,576,775,41,True
trained,max,1,577,775,41,True
trained,max,1,578,775,41,True
trained,max,1,579,775,41,True
trained,max,1,580,775,41,True
trained,max,1,581,775,41,True
trained,max,1,582,775,41,True
trained,max,1,583,775,41,True
trained,max,1,584,775,41,True
trained,max,1,585,775,41,True
trained,max,1,586,775,41,True
trained,max,1,587,775,41,True
trained,max,1,588,775,41,True
trained,max,1,589,775,41,True
trained,max,1,590,775,41,True
trained,max,1,591,775,41,True
trained,max,1,592,775,41,True
trained,max,1,593,775,41,True
trained,max,1,594,775,41,True
trained,max,1,595,775,41,True
trained,max,1,596,775,41,True
trained,max,1,597,775,41,True
trained,max,1,598,775,41,True
trained,max,1,599,775,41,True
trained,max,1,600,775,41,True
trained,max,1,601,775,41,True
trained,max,1,602,775,41,True
trained,max,1,603,775,41,True
trained,max,1,604,775,41,True
trained,max,1,605,775,41,True
trained,max,1,606,775,41,True
trained,max,1,607,775,41,True
trained,max,1,608,775,41,True
trained,max,1,609,775,41,True
trained,max,1,610,775,41,True
trained,max,1,611,775,41,True
trained,max,1,612,775,41,True
trained,max,1,613,775,41,True
trained,max,1,614,775,41,True
trained,max,1,615,775,41,True
trained,max,1,616,775,41,True
trained,max,1,617,775,41,True
trained,max,1,618,775,41,True
trained,max,1,619,775,41,True
trained,max,1,620,775,41,True
trained,max,1,621,775,41,True
trained,max,1,622,775,41,True
trained,max,1,623,775,41,True
trained,max,1,624,775,41,True
trained,max,1,625,775,41,True
trained,max,1,626,775,41,True
trained,max,1,627,775,41,True
trained,max,1,628,775,41,True
trained,max,1,629,775,41,True
trained,max,1,630,775,41,True
trained,max,1,631,775,41,True
trained,max,1,632,775,41,True
trained,max,1,633,775,41,True
trained,max,1,634,775,41,True
trained,max,1,635,775,41,True
trained,max,1,636,775,41,True
trained,max,1,637,775,41,True
trained,max,1,638,775,41,True
trained,max,1,639,775,41,True
trained,max,1,640,775,41,True
trained,max,1,641,775,41,True
trained,max,1,642,775,41,True
trained,max,1,643,775,41,True
trained,max,1,644,775,41,True
trained,max,1,645,775,41,True
trained,max,1,646,775,41,True
trained,max,1,647,775,41,True
trained,max,1,648,775,41,True
trained,max,1,649,775,41,True
trained,max,1,650,775,41,True
trained,max,1,651,775,41,True
trained,max,1,652,775,41,True
trained,max,1,653,775,41,True
trained,max,1,654,775,41,True
trained,max,1,655,775,41,True
trained,max,1,656,775,41,True
trained,max,1,657,775,41,True
trained,max,1,658,775,41,True
trained,max,1,659,775,41,True
trained,max,1,660,775,41,True
trained,max,1,661,775,41,True
trained,max,1,662,775,41,True
trained,max,1,663,775,41,True
trained,max,1,664,775,41,True
trained,max,1,665,775,41,True
trained,max,1,666,775,41,True
trained,max,1,667,775,41,True
trained,max,1,668,775,41,True
trained,max,1,669,775,41,True
trained,max,1,670,775,41,True
trained,max,1,671,775,41,True
trained,max,1,672,775,41,True
trained,max,1,673,775,41,True
trained,max,1,674,775,41,True
trained,max,1,675,775,41,True
trained,max,1,676,775,41,True
trained,max,1,677,775,41,True
trained,max,1,678,775,41,True
trained,max,1,679,775,41,True
trained,max,1,680,775,41,True
trained,max,1,681,775,41,True
trained,max,1,682,775,41,True
trained,max,1,683,775,41,True
trained,max,1,684,775,41,True
trained,max,1,685,775,41,True
trained,max,1,686,775,41,True
trained,max,1,687,775,41,True
trained,max,1,688,775,41,True
trained,max,1,689,775,41,True
trained,max,1,690,775,41,True
trained,max,1,691,775,41,True
trained,max,1,692,775,41,True
trained,max,1,693,775,41,True
trained,max,1,694,775,41,True
trained,max,1,695,775,41,True
trained,max,1,696,775,41,True
trained,max,1,697,775,41,True
trained,max,1,698,775,41,True
trained,max,1,699,775,41,True
trained,max,1,700,775,41,True
trained,max,1,701,775,41,True
trained,max,1,702,775,41,True
trained,max,1,703,775,41,True
trained,max,1,704,775,41,True
trained,max,1,705,775,41,True
trained,max,1,706,775,41,True
trained,max,1,707,775,41,True
trained,max,1,708,775,41,True
trained,max,1,709,775,41,True
trained,max,1,710,775,41,True
trained,max,1,711,775,41,True
trained,max,1,712,775,41,True
trained,max,1,713,775,41,True
trained,max,1,714,775,41,True
trained,max,1,715,775,41,True
trained,max,1,716,775,41,True
trained,max,1,717,775,41,True
trained,max,1,718,775,41,True
trained,max,1,719,775,41,True
trained,max,1,720,775,41,True
trained,max,1,721,775,41,True
trained,max,1,722,775,41,True
trained,max,1,723,775,41,True
trained,max,1,724,775,41,True
trained,max,1,725,775,41,True
trained,max,1,726,775,41,True
trained,max,1,727,775,41,True
trained,max,1,728,775,41,True
trained,max,1,729,775,41,True
trained,max,1,730,775,41,True
trained,max,1,731,775,41,True
trained,max,1,732,775,41,True
trained,max,1,733,775,41,True
trained,max,1,734,775,41,True
trained,max,1,735,775,41,True
trained,max,1,736,775,41,True
trained,max,1,737,775,41,True
trained,max,1,738,775,41,True
trained,max,1,739,775,41,True
trained,max,1,740,775,41,True
trained,max,1,741,775,41,True
trained,max,1,742,775,41,True
trained,max,1,743,775,41,True
trained,max,1,744,775,41,True
trained,max,1,745,775,41,True
trained,max,1,746,775,41,True
trained,max,1,747,775,41,True
trained,max,1,748,775,41,True
trained,max,1,749,775,41,True
trained,max,1,750,775,41,True
trained,max,1,751,775,41,True
trained,max,1,752,775,41,True
trained,max,1,753,775,41,True
trained,max,1,754,775,41,True
trained,max,1,755,775,41,True
trained,max,1,756,775,41,True
trained,max,1,757,775,41,True
trained,max,1,758,775,41,True
trained,max,1,759,775,41,True
trained,max,1,760,775,41,True
trained,max,1,761,775,41,True
trained,max,1,762,775,41,True
trained,max,1,763,775,41,True
trained,max,1,764,775,41,True
trained,max,1,765,775,41,True
trained,max,1,766,775,41,True
trained,max,1,767,775,41,True
trained,max,1,768,775,41,True
trained,max,1,769,775,41,True
trained,max,1,770,775,41,True
trained,max,1,771,775,41,True
trained,max,1,772,775,41,True
trained,max,1,773,775,41,True
trained,max,1,774,775,41,True
trained,max,1,775,775,41,True
trained,max,1,776,775,41,True
trained,max,1,777,775,41,True
trained,max,1,778,775,41,True
trained,max,1,779,775,41,True
trained,max,1,780,775,41,True
trained,max,1,781,775,41,True
trained,max,1,782,775,41,True
trained,max,1,783,775,41,True
trained,max,1,784,775,41,True
trained,max,1,785,775,41,True
trained,max,1,786,775,41,True
trained,max,1,787,775,41,True
trained,max,1,788,775,41,True
trained,max,1,789,775,41,True
trained,max,1,790,775,41,True
trained,max,1,791,775,41,True
trained,max,1,792,775,41,True
trained,max,1,793,775,41,True
trained,max,1,794,775,41,True
trained,max,1,795,775,41,True
trained,max,1,796,775,41,True
trained,max,1,797,775,41,True
trained,max,1,798,775,41,True
trained,max,1,799,775,41,True
trained,max,1,800,775,41,True
trained,max,1,801,775,41,True
trained,max,1,802,775,41,True
trained,max,1,803,775,41,True
trained,max,1,804,775,41,True
trained,max,1,805,775,41,True
trained,max,1,806,775,41,True
trained,max,1,807,775,41,True
trained,max,1,808,775,41,True
trained,max,1,809,775,41,True
trained,max,1,810,775,41,True
trained,max,1,811,775,41,True
trained,max,1,812,775,41,True
trained,max,1,813,775,41,True
trained,max,1,814,775,41,True
trained,max,1,815,775,41,True
trained,max,1,816,775,41,True
trained,max,1,817,775,41,True
trained,max,1,818,775,41,True
trained,max,1,819,775,41,True
trained,max,1,820,775,41,True
trained,max,1,821,775,41,True
trained,max,1,822,775,41,True
trained,max,1,823,775,41,True
trained,max,1,824,775,41,True
trained,max,1,825,775,41,True
trained,max,1,826,775,41,True
trained,max,1,827,775,41,True
trained,max,1,828,775,41,True
trained,max,1,829,775,41,True
trained,max,1,830,775,41,True
trained,max,1,831,775,41,True
trained,max,1,832,775,41,True
trained,max,1,833,775,41,True
trained,max,1,834,775,41,True
trained,max,1,835,775,41,True
trained,max,1,836,775,41,True
trained,max,1,837,775,41,True
trained,max,1,838,775,41,True
trained,max,1,839,775,41,True
trained,max,1,840,775,41,True
trained,max,1,841,775,41,True
trained,max,1,842,775,41,True
trained,max,1,843,775,41,True
trained,max,1,844,775,41,True
trained,max,1,845,775,41,True
trained,max,1,846,775,41,True
trained,max,1,847,775,41,True
trained,max,1,848,775,41,True
trained,max,1,849,775,41,True
trained,max,1,850,775,41,True
trained,max,1,851,775,41,True
trained,max,1,852,775,41,True
trained,max,1,853,775,41,True
trained,max,1,854,775,41,True
trained,max,1,855,775,41,True
trained,max,1,856,775,41,True
trained,max,1,857,775,41,True
trained,max,1,858,775,41,True
trained,max,1,859,775,41,True
trained,max,1,860,775,41,True
trained,max,1,861,775,41,True
trained,max,1,862,775,41,True
trained,max,1,863,775,41,True
trained,max,1,864,775,41,True
trained,max,1,865,775,41,True
trained,max,1,866,775,41,True
trained,max,1,867,775,41,True
trained,max,1,868,775,41,True
trained,max,1,869,775,41,True
trained,max,1,870,775,41,True
trained,max,1,871,775,41,True
trained,max,1,872,775,41,True
trained,max,1,873,775,41,True
trained,max,1,874,775,41,True
trained,max,1,875,775,41,True
trained,max,1,876,775,41,True
trained,max,1,877,775,41,True
trained,max,1,878,775,41,True
trained,max,1,879,775,41,True
trained,max,1,880,775,41,True
trained,max,1,881,775,41,True
trained,max,1,882,775,41,True
trained,max,1,883,775,41,True
trained,max,1,884,775,41,True
trained,max,1,885,775,41,True
trained,max,1,886,775,41,True
trained,max,1,887,775,41,True
trained,max,1,888,775,41,True
trained,max,1,889,775,41,True
trained,max,1,890,775,41,True
trained,max,1,891,775,41,True
trained,max,1,892,775,41,True
trained,max,1,893,775,41,True
trained,max,1,894,775,41,True
trained,max,1,895,775,41,True
trained,max,1,896,775,41,True
trained,max,1,897,775,41,True
trained,max,1,898,775,41,True
trained,max,1,899,775,41,True
trained,max,1,900,775,41,True
trained,max,1,901,775,41,True
trained,max,1,902,775,41,True
trained,max,1,903,775,41,True
trained,max,1,904,775,41,True
trained,max,1,905,775,41,True
trained,max,1,906,775,41,True
trained,max,1,907,775,41,True
trained,max,1,908,775,41,True
trained,max,1,909,775,41,True
trained,max,1,910,775,41,True
trained,max,1,911,775,41,True
trained,max,1,912,775,41,True
trained,max,1,913,775,41,True
trained,max,1,914,775,41,True
trained,max,1,915,775,41,True
trained,max,1,916,775,41,True
trained,max,1,917,775,41,True
trained,max,1,918,775,41,True
trained,max,1,919,775,41,True
trained,max,1,920,775,41,True
trained,max,1,921,775,41,True
trained,max,1,922,775,41,True
trained,max,1,923,775,41,True
trained,max,1,924,775,41,True
trained,max,1,925,775,41,True
trained,max,1,926,775,41,True
trained,max,1,927,775,41,True
trained,max,1,928,775,41,True
trained,max,1,929,775,41,True
trained,max,1,930,775,41,True
trained,max,1,931,775,41,True
trained,max,1,932,775,41,True
trained,max,1,933,775,41,True
trained,max,1,934,775,41,True
trained,max,1,935,775,41,True
trained,max,1,936,775,41,True
trained,max,1,937,775,41,True
trained,max,1,938,775,41,True
trained,max,1,939,775,41,True
trained,max,1,940,775,41,True
trained,max,1,941,775,41,True
trained,max,1,942,775,41,True
trained,max,1,943,775,41,True
trained,max,1,944,775,41,True
trained,max,1,945,775,41,True
trained,max,1,946,775,41,True
trained,max,1,947,775,41,True
trained,max,1,948,775,41,True
trained,max,1,949,775,41,True
trained,max,1,950,775,41,True
trained,max,1,951,775,41,True
trained,max,1,952,775,41,True
trained,max,1,953,775,41,True
trained,max,1,954,775,41,True
trained,max,1,955,775,41,True
trained,max,1,956,775,41,True
trained,max,1,957,775,41,True
trained,max,1,958,775,41,True
trained,max,1,959,775,41,True
trained,max,1,960,775,41,True
trained,max,1,961,775,41,True
trained,max,1,962,775,41,True
trained,max,1,963,775,41,True
trained,max,1,964,775,41,True
trained,max,1,965,775,41,True
trained,max,1,966,775,41,True
trained,max,1,967,775,41,True
trained,max,1,968,775,41,True
trained,max,1,969,775,41,True
trained,max,1,970,775,41,True
trained,max,1,971,775,41,True
trained,max,1,972,775,41,True
trained,max,1,973,775,41,True
trained,max,1,974,775,41,True
trained,max,1,975,775,41,True
trained,max,1,976,775,41,True
trained,max,1,977,775,41,True
trained,max,1,978,775,41,True
trained,max,1,979,775,41,True
trained,max,1,980,775,41,True
trained,max,1,981,775,41,True
trained,max,1,982,775,41,True
trained,max,1,983,775,41,True
trained,max,1,984,775,41,True
trained,max,1,985,775,41,True
trained,max,1,986,775,41,True
trained,max,1,987,775,41,True
trained,max,1,988,775,41,True
trained,max,1,989,775,41,True
trained,max,1,990,775,41,True
trained,max,1,991,775,41,True
trained,max,1,992,775,41,True
trained,max,1,993,775,41,True
trained,max,1,994,775,41,True
trained,max,1,995,775,41,True
trained,max,1,996,775,41,True
trained,max,1,997,775,41,True
trained,max,1,998,775,41,True
trained,max,1,999,775,41,True
trained,max,1,1000,775,41,True
trained,max,2,1,842,56,False
trained,max,2,2,800,49,False
trained,max,2,3,800,49,False
trained,max,2,4,790,42,False
trained,max,2,5,790,42,False
trained,max,2,6,790,42,False
trained,max,2,7,790,42,False
trained,max,2,8,790,42,False
trained,max,2,9,790,42,False
trained,max,2,10,790,42,False
trained,max,2,11,790,42,False
trained,max,2,12,790,42,False
trained,max,2,13,790,42,False
trained,max,2,14,790,42,False
trained,max,2,15,790,42,False
trained,max,2,16,790,42,False
trained,max,2,17,790,42,False
trained,max,2,18,790,42,False
trained,max,2,19,790,42,False
trained,max,2,20,790,42,False
trained,max,2,21,790,42,False
trained,max,2,22,790,42,False
trained,max,2,23,790,42,False
trained,max,2,24,790,42,False
trained,max,2,25,790,42,False
trained,max,2,26,790,42,False
trained,max,2,27,767,42,False
trained,max,2,28,767,42,False
trained,max,2,29,777,41,True
trained,max,2,30,777,41,True
trained,max,2,31,777,41,True
trained,max,2,32,777,41,True
trained,max,2,33,777,41,True
trained,max,2,34,777,41,True
trained,max,2,35,777,41,True
trained,max,2,36,777,41,True
trained,max,2,37,777,41,True
trained,max,2,38,777,41,True
trained,max,2,39,777,41,True
trained,max,2,40,777,41,True
trained,max,2,41,777,41,True
trained,max,2,42,777,41,True
trained,max,2,43,777,41,True
trained,max,2,44,777,41,True
trained,max,2,45,777,41,True
trained,max,2,46,777,41,True
trained,max,2,47,777,41,True
trained,max,2,48,777,41,True
trained,max,2,49,777,41,True
trained,max,2,50,777,41,True
trained,max,2,51,777,41,True
trained,max,2,52,777,41,True
trained,max,2,53,777,41,True
trained,max,2,54,777,41,True
trained,max,2,55,777,41,True
trained,max,2,56,777,41,True
trained,max,2,57,777,41,True
trained,max,2,58,777,41,True
trained,max,2,59,777,41,True
trained,max,2,60,777,41,True
trained,max,2,61,777,41,True
trained,max,2,62,777,41,True
trained,max,2,63,777,41,True
trained,max,2,64,777,41,True
trained,max,2,65,777,41,True
trained,max,2,66,777,41,True
trained,max,2,67,777,41,True
trained,max,2,68,777,41,True
trained,max,2,69,777,41,True
trained,max,2,70,777,41,True
trained,max,2,71,777,41,True
trained,max,2,72,777,41,True
trained,max,2,73,777,41,True
trained,max,2,74,777,41,True
trained,max,2,75,773,41,True
trained,max,2,76,773,41,True
trained,max,2,77,773,41,True
trained,max,2,78,773,41,True
trained,max,2,79,773,41,True
trained,max,2,80,773,41,True
trained,max,2,81,773,41,True
trained,max,2,82,773,41,True
trained,max,2,83,773,41,True
trained,max,2,84,773,41,True
trained,max,2,85,773,41,True
trained,max,2,86,773,41,True
trained,max,2,87,773,41,True
trained,max,2,88,773,41,True
trained,max,2,89,773,41,True
trained,max,2,90,773,41,True
trained,max,2,91,773,41,True
trained,max,2,92,773,41,True
trained,max,2,93,773,41,True
trained,max,2,94,773,41,True
trained,max,2,95,773,41,True
trained,max,2,96,773,41,True
trained,max,2,97,773,41,True
trained,max,2,98,773,41,True
trained,max,2,99,773,41,True
trained,max,2,100,773,41,True
trained,max,2,101,773,41,True
trained,max,2,102,773,41,True
trained,max,2,103,773,41,True
trained,max,2,104,773,41,True
trained,max,2,105,773,41,True
trained,max,2,106,773,41,True
trained,max,2,107,773,41,True
trained,max,2,108,773,41,True
trained,max,2,109,773,41,True
trained,max,2,110,773,41,True
trained,max,2,111,773,41,True
trained,max,2,112,773,41,True
trained,max,2,113,773,41,True
trained,max,2,114,773,41,True
trained,max,2,115,773,41,True
trained,max,2,116,773,41,True
trained,max,2,117,773,41,True
trained,max,2,118,773,41,True
trained,max,2,119,773,41,True
trained,max,2,120,773,41,True
trained,max,2,121,773,41,True
trained,max,2,122,773,41,True
trained,max,2,123,773,41,True
trained,max,2,124,773,41,True
trained,max,2,125,773,41,True
trained,max,2,126,773,41,True
trained,max,2,127,773,41,True
trained,max,2,128,773,41,True
trained,max,2,129,773,41,True
trained,max,2,130,773,41,True
trained,max,2,131,773,41,True
trained,max,2,132,773,41,True
trained,max,2,133,773,41,True
trained,max,2,134,773,41,True
trained,max,2,135,773,41,True
trained,max,2,136,773,41,True
trained,max,2,137,773,41,True
trained,max,2,138,773,41,True
trained,max,2,139,773,41,True
trained,max,2,140,773,41,True
trained,max,2,141,773,41,True
trained,max,2,142,773,41,True
trained,max,2,143,773,41,True
trained,max,2,144,773,41,True
trained,max,2,145,773,41,True
trained,max,2,146,773,41,True
trained,max,2,147,773,41,True
trained,max,2,148,773,41,True
trained,max,2,149,773,41,True
trained,max,2,150,773,41,True
trained,max,2,151,773,41,True
trained,max,2,152,773,41,True
trained,max,2,153,773,41,True
trained,max,2,154,773,41,True
trained,max,2,155,773,41,True
trained,max,2,156,773,41,True
trained,max,2,157,773,41,True
trained,max,2,158,773,41,True
trained,max,2,159,773,41,True
trained,max,2,160,773,41,True
trained,max,2,161,773,41,True
trained,max,2,162,773,41,True
trained,max,2,163,773,41,True
trained,max,2,164,773,41,True
trained,max,2,165,773,41,True
trained,max,2,166,773,41,True
trained,max,2,167,773,41,True
trained,max,2,168,773,41,True
trained,max,2,169,773,41,True
trained,max,2,170,773,41,True
trained,max,2,171,773,41,True
trained,max,2,172,773,41,True
trained,max,2,173,773,41,True
trained,max,2,174,773,41,True
trained,max,2,175,773,41,True
trained,max,2,176,773,41,True
trained,max,2,177,773,41,True
trained,max,2,178,773,41,True
trained,max,2,179,773,41,True
trained,max,2,180,773,41,True
trained,max,2,181,773,41,True
trained,max,2,182,773,41,True
trained,max,2,183,773,41,True
trained,max,2,184,773,41,True
trained,max,2,185,773,41,True
trained,max,2,186,773,41,True
trained,max,2,187,773,41,True
trained,max,2,188,773,41,True
trained,max,2,189,773,41,True
trained,max,2,190,773,41,True
trained,max,2,191,773,41,True
trained,max,2,192,773,41,True
trained,max,2,193,773,41,True
trained,max,2,194,773,41,True
trained,max,2,195,773,41,True
trained,max,2,196,773,41,True
trained,max,2,197,773,41,True
trained,max,2,198,773,41,True
trained,max,2,199,773,41,True
trained,max,2,200,773,41,True
trained,max,2,201,773,41,True
trained,max,2,202,773,41,True
trained,max,2,203,773,41,True
trained,max,2,204,773,41,True
trained,max,2,205,773,41,True
trained,max,2,206,773,41,True
trained,max,2,207,773,41,True
trained,max,2,208,773,41,True
trained,max,2,209,773,41,True
trained,max,2,210,773,41,True
trained,max,2,211,773,41,True
trained,max,2,212,773,41,True
trained,max,2,213,773,41,True
trained,max,2,214,773,41,True
trained,max,2,215,773,41,True
trained,max,2,216,773,41,True
trained,max,2,217,773,41,True
trained,max,2,218,773,41,True
trained,max,2,219,773,41,True
trained,max,2,220,773,41,True
trained,max,2,221,773,41,True
trained,max,2,222,773,41,True
trained,max,2,223,773,41,True
trained,max,2,224,773,41,True
trained,max,2,225,773,41,True
trained,max,2,226,773,41,True
trained,max,2,227,773,41,True
trained,max,2,228,773,41,True
trained,max,2,229,773,41,True
trained,max,2,230,773,41,True
trained,max,2,231,773,41,True
trained,max,2,232,773,41,True
trained,max,2,233,773,41,True
trained,max,2,234,773,41,True
trained,max,2,235,773,41,True
trained,max,2,236,773,41,True
trained,max,2,237,773,41,True
trained,max,2,238,773,41,True
trained,max,2,239,773,41,True
trained,max,2,240,773,41,True
trained,max,2,241,773,41,True
trained,max,2,242,773,41,True
trained,max,2,243,773,41,True
trained,max,2,244,773,41,True
trained,max,2,245,773,41,True
trained,max,2,246,773,41,True
trained,max,2,247,773,41,True
trained,max,2,248,773,41,True
trained,max,2,249,773,41,True
trained,max,2,250,773,41,True
trained,max,2,251,773,41,True
trained,max,2,252,773,41,True
trained,max,2,253,773,41,True
trained,max,2,254,773,41,True
trained,max,2,255,773,41,True
trained,max,2,256,773,41,True
trained,max,2,257,773,41,True
trained,max,2,258,773,41,True
trained,max,2,259,773,41,True
trained,max,2,260,773,41,True
trained,max,2,261,773,41,True
trained,max,2,262,773,41,True
trained,max,2,263,773,41,True
trained,max,2,264,773,41,True
trained,max,2,265,773,41,True
trained,max,2,266,773,41,True
trained,max,2,267,773,41,True
trained,max,2,268,773,41,True
trained,max,2,269,773,41,True
trained,max,2,270,773,41,True
trained,max,2,271,773,41,True
trained,max,2,272,773,41,True
trained,max,2,273,773,41,True
trained,max,2,274,773,41,True
trained,max,2,275,773,41,True
trained,max,2,276,773,41,True
trained,max,2,277,773,41,True
trained,max,2,278,773,41,True
trained,max,2,279,773,41,True
trained,max,2,280,773,41,True
trained,max,2,281,773,41,True
trained,max,2,282,773,41,True
trained,max,2,283,773,41,True
trained,max,2,284,773,41,True
trained,max,2,285,773,41,True
trained,max,2,286,773,41,True
trained,max,2,287,773,41,True
trained,max,2,288,773,41,True
trained,max,2,289,773,41,True
trained,max,2,290,773,41,True
trained,max,2,291,773,41,True
trained,max,2,292,773,41,True
trained,max,2,293,773,41,True
trained,max,2,294,773,41,True
trained,max,2,295,773,41,True
trained,max,2,296,773,41,True
trained,max,2,297,773,41,True
trained,max,2,298,773,41,True
trained,max,2,299,773,41,True
trained,max,2,300,773,41,True
trained,max,2,301,773,41,True
trained,max,2,302,773,41,True
trained,max,2,303,773,41,True
trained,max,2,304,773,41,True
trained,max,2,305,773,41,True
trained,max,2,306,773,41,True
trained,max,2,307,773,41,True
trained,max,2,308,773,41,True
trained,max,2,309,773,41,True
trained,max,2,310,773,41,True
trained,max,2,311,773,41,True
trained,max,2,312,773,41,True
trained,max,2,313,773,41,True
trained,max,2,314,773,41,True
trained,max,2,315,773,41,True
trained,max,2,316,773,41,True
trained,max,2,317,773,41,True
trained,max,2,318,773,41,True
trained,max,2,319,773,41,True
trained,max,2,320,773,41,True
trained,max,2,321,773,41,True
trained,max,2,322,773,41,True
trained,max,2,323,773,41,True
trained,max,2,324,773,41,True
trained,max,2,325,773,41,True
trained,max,2,326,773,41,True
trained,max,2,327,773,41,True
trained,max,2,328,773,41,True
trained,max,2,329,773,41,True
trained,max,2,330,773,41,True
trained,max,2,331,773,41,True
trained,max,2,332,773,41,True
trained,max,2,333,773,41,True
trained,max,2,334,773,41,True
trained,max,2,335,773,41,True
trained,max,2,336,773,41,True
trained,max,2,337,773,41,True
trained,max,2,338,773,41,True
trained,max,2,339,773,41,True
trained,max,2,340,773,41,True
trained,max,2,341,773,41,True
trained,max,2,342,773,41,True
trained,max,2,343,773,41,True
trained,max,2,344,773,41,True
trained,max,2,345,773,41,True
trained,max,2,346,773,41,True
trained,max,2,347,773,41,True
trained,max,2,348,773,41,True
trained,max,2,349,773,41,True
trained,max,2,350,773,41,True
trained,max,2,351,773,41,True
trained,max,2,352,773,41,True
trained,max,2,353,773,41,True
trained,max,2,354,773,41,True
trained,max,2,355,773,41,True
trained,max,2,356,773,41,True
trained,max,2,357,773,41,True
trained,max,2,358,773,41,True
trained,max,2,359,773,41,True
trained,max,2,360,773,41,True
trained,max,2,361,773,41,True
trained,max,2,362,773,41,True
trained,max,2,363,773,41,True
trained,max,2,364,773,41,True
trained,max,2,365,773,41,True
trained,max,2,366,773,41,True
trained,max,2,367,773,41,True
trained,max,2,368,773,41,True
trained,max,2,369,773,41,True
trained,max,2,370,773,41,True
trained,max,2,371,773,41,True
trained,max,2,372,773,41,True
trained,max,2,373,773,41,True
trained,max,2,374,773,41,True
trained,max,2,375,773,41,True
trained,max,2,376,773,41,True
trained,max,2,377,773,41,True
trained,max,2,378,773,41,True
trained,max,2,379,773,41,True
trained,max,2,380,773,41,True
trained,max,2,381,773,41,True
trained,max,2,382,773,41,True
trained,max,2,383,773,41,True
trained,max,2,384,773,41,True
trained,max,2,385,773,41,True
trained,max,2,386,773,41,True
trained,max,2,387,773,41,True
trained,max,2,388,773,41,True
trained,max,2,389,773,41,True
trained,max,2,390,773,41,True
trained,max,2,391,773,41,True
trained,max,2,392,773,41,True
trained,max,2,393,773,41,True
trained,max,2,394,773,41,True
trained,max,2,395,773,41,True
trained,max,2,396,773,41,True
trained,max,2,397,773,41,True
trained,max,2,398,773,41,True
trained,max,2,399,773,41,True
trained,max,2,400,773,41,True
trained,max,2,401,773,41,True
trained,max,2,402,773,41,True
trained,max,2,403,773,41,True
trained,max,2,404,773,41,True
trained,max,2,405,773,41,True
trained,max,2,406,773,41,True
trained,max,2,407,773,41,True
trained,max,2,408,773,41,True
trained,max,2,409,773,41,True
trained,max,2,410,773,41,True
trained,max,2,411,773,41,True
trained,max,2,412,773,41,True
trained,max,2,413,773,41,True
trained,max,2,414,773,41,True
trained,max,2,415,773,41,True
trained,max,2,416,773,41,True
trained,max,2,417,773,41,True
trained,max,2,418,773,41,True
trained,max,2,419,773,41,True
trained,max,2,420,773,41,True
trained,max,2,421,773,41,True
trained,max,2,422,773,41,True
trained,max,2,423,773,41,True
trained,max,2,424,773,41,True
trained,max,2,425,773,41,True
trained,max,2,426,773,41,True
trained,max,2,427,773,41,True
trained,max,2,428,773,41,True
trained,max,2,429,773,41,True
trained,max,2,430,773,41,True
trained,max,2,431,773,41,True
trained,max,2,432,773,41,True
trained,max,2,433,773,41,True
trained,max,2,434,773,41,True
trained,max,2,435,773,41,True
trained,max,2,436,773,41,True
trained,max,2,437,773,41,True
trained,max,2,438,773,41,True
trained,max,2,439,773,41,True
trained,max,2,440,773,41,True
trained,max,2,441,773,41,True
trained,max,2,442,773,41,True
trained,max,2,443,773,41,True
trained,max,2,444,773,41,True
trained,max,2,445,773,41,True
trained,max,2,446,773,41,True
trained,max,2,447,773,41,True
trained,max,2,448,773,41,True
trained,max,2,449,773,41,True
trained,max,2,450,773,41,True
trained,max,2,451,773,41,True
trained,max,2,452,773,41,True
trained,max,2,453,773,41,True
trained,max,2,454,773,41,True
trained,max,2,455,773,41,True
trained,max,2,456,773,41,True
trained,max,2,457,773,41,True
trained,max,2,458,773,41,True
trained,max,2,459,773,41,True
trained,max,2,460,773,41,True
trained,max,2,461,773,41,True
trained,max,2,462,773,41,True
trained,max,2,463,773,41,True
trained,max,2,464,773,41,True
trained,max,2,465,773,41,True
trained,max,2,466,773,41,True
trained,max,2,467,773,41,True
trained,max,2,468,773,41,True
trained,max,2,469,773,41,True
trained,max,2,470,773,41,True
trained,max,2,471,773,41,True
trained,max,2,472,773,41,True
trained,max,2,473,773,41,True
trained,max,2,474,773,41,True
trained,max,2,475,773,41,True
trained,max,2,476,773,41,True
trained,max,2,477,773,41,True
trained,max,2,478,773,41,True
trained,max,2,479,773,41,True
trained,max,2,480,773,41,True
trained,max,2,481,773,41,True
trained,max,2,482,773,41,True
trained,max,2,483,773,41,True
trained,max,2,484,773,41,True
trained,max,2,485,773,41,True
trained,max,2,486,773,41,True
trained,max,2,487,773,41,True
trained,max,2,488,773,41,True
trained,max,2,489,773,41,True
trained,max,2,490,773,41,True
trained,max,2,491,773,41,True
trained,max,2,492,773,41,True
trained,max,2,493,773,41,True
trained,max,2,494,773,41,True
trained,max,2,495,773,41,True
trained,max,2,496,773,41,True
trained,max,2,497,773,41,True
trained,max,2,498,773,41,True
trained,max,2,499,773,41,True
trained,max,2,500,773,41,True
trained,max,2,501,773,41,True
trained,max,2,502,773,41,True
trained,max,2,503,773,41,True
trained,max,2,504,773,41,True
trained,max,2,505,773,41,True
trained,max,2,506,773,41,True
trained,max,2,507,773,41,True
trained,max,2,508,773,41,True
trained,max,2,509,773,41,True
trained,max,2,510,773,41,True
trained,max,2,511,773,41,True
trained,max,2,512,773,41,True
trained,max,2,513,773,41,True
trained,max,2,514,773,41,True
trained,max,2,515,773,41,True
trained,max,2,516,773,41,True
trained,max,2,517,773,41,True
trained,max,2,518,773,41,True
trained,max,2,519,773,41,True
trained,max,2,520,773,41,True
trained,max,2,521,773,41,True
trained,max,2,522,773,41,True
trained,max,2,523,773,41,True
trained,max,2,524,773,41,True
trained,max,2,525,773,41,True
trained,max,2,526,773,41,True
trained,max,2,527,773,41,True
trained,max,2,528,773,41,True
trained,max,2,529,773,41,True
trained,max,2,530,773,41,True
trained,max,2,531,773,41,True
trained,max,2,532,773,41,True
trained,max,2,533,773,41,True
trained,max,2,534,773,41,True
trained,max,2,535,773,41,True
trained,max,2,536,773,41,True
trained,max,2,537,773,41,True
trained,max,2,538,773,41,True
trained,max,2,539,773,41,True
trained,max,2,540,773,41,True
trained,max,2,541,773,41,True
trained,max,2,542,773,41,True
trained,max,2,543,773,41,True
trained,max,2,544,773,41,True
trained,max,2,545,773,41,True
trained,max,2,546,773,41,True
trained,max,2,547,773,41,True
trained,max,2,548,773,41,True
trained,max,2,549,773,41,True
trained,max,2,550,773,41,True
trained,max,2,551,773,41,True
trained,max,2,552,773,41,True
trained,max,2,553,773,41,True
trained,max,2,554,773,41,True
trained,max,2,555,773,41,True
trained,max,2,556,773,41,True
trained,max,2,557,773,41,True
trained,max,2,558,773,41,True
trained,max,2,559,773,41,True
trained,max,2,560,773,41,True
trained,max,2,561,773,41,True
trained,max,2,562,773,41,True
trained,max,2,563,773,41,True
trained,max,2,564,773,41,True
trained,max,2,565,773,41,True
trained,max,2,566,773,41,True
trained,max,2,567,773,41,True
trained,max,2,568,773,41,True
trained,max,2,569,773,41,True
trained,max,2,570,773,41,True
trained,max,2,571,773,41,True
trained,max,2,572,773,41,True
trained,max,2,573,773,41,True
trained,max,2,574,773,41,True
trained,max,2,575,773,41,True
trained,max,2,576,773,41,True
trained,max,2,577,773,41,True
trained,max,2,578,773,41,True
trained,max,2,579,773,41,True
trained,max,2,580,773,41,True
trained,max,2,581,773,41,True
trained,max,2,582,773,41,True
trained,max,2,583,773,41,True
trained,max,2,584,773,41,True
trained,max,2,585,773,41,True
trained,max,2,586,773,41,True
trained,max,2,587,773,41,True
trained,max,2,588,773,41,True
trained,max,2,589,773,41,True
trained,max,2,590,773,41,True
trained,max,2,591,773,41,True
trained,max,2,592,773,41,True
trained,max,2,593,773,41,True
trained,max,2,594,773,41,True
trained,max,2,595,773,41,True
trained,max,2,596,773,41,True
trained,max,2,597,773,41,True
trained,max,2,598,773,41,True
trained,max,2,599,773,41,True
trained,max,2,600,773,41,True
trained,max,2,601,773,41,True
trained,max,2,602,773,41,True
trained,max,2,603,773,41,True
trained,max,2,604,773,41,True
trained,max,2,605,773,41,True
trained,max,2,606,773,41,True
trained,max,2,607,773,41,True
trained,max,2,608,773,41,True
trained,max,2,609,773,41,True
trained,max,2,610,773,41,True
trained,max,2,611,773,41,True
trained,max,2,612,773,41,True
trained,max,2,613,773,41,True
trained,max,2,614,773,41,True
trained,max,2,615,773,41,True
trained,max,2,616,773,41,True
trained,max,2,617,773,41,True
trained,max,2,618,773,41,True
trained,max,2,619,773,41,True
trained,max,2,620,773,41,True
trained,max,2,621,773,41,True
trained,max,2,622,773,41,True
trained,max,2,623,773,41,True
trained,max,2,624,773,41,True
trained,max,2,625,773,41,True
trained,max,2,626,773,41,True
trained,max,2,627,773,41,True
trained,max,2,628,773,41,True
trained,max,2,629,773,41,True
trained,max,2,630,773,41,True
trained,max,2,631,773,41,True
trained,max,2,632,773,41,True
trained,max,2,633,773,41,True
trained,max,2,634,773,41,True
trained,max,2,635,773,41,True
trained,max,2,636,773,41,True
trained,max,2,637,773,41,True
trained,max,2,638,773,41,True
trained,max,2,639,773,41,True
trained,max,2,640,773,41,True
trained,max,2,641,773,41,True
trained,max,2,642,773,41,True
trained,max,2,643,773,41,True
trained,max,2,644,773,41,True
trained,max,2,645,773,41,True
trained,max,2,646,773,41,True
trained,max,2,647,773,41,True
trained,max,2,648,773,41,True
trained,max,2,649,773,41,True
trained,max,2,650,773,41,True
trained,max,2,651,773,41,True
trained,max,2,652,773,41,True
trained,max,2,653,773,41,True
trained,max,2,654,773,41,True
trained,max,2,655,773,41,True
trained,max,2,656,773,41,True
trained,max,2,657,773,41,True
trained,max,2,658,773,41,True
trained,max,2,659,773,41,True
trained,max,2,660,773,41,True
trained,max,2,661,773,41,True
trained,max,2,662,773,41,True
trained,max,2,663,773,41,True
trained,max,2,664,773,41,True
trained,max,2,665,773,41,True
trained,max,2,666,773,41,True
trained,max,2,667,773,41,True
trained,max,2,668,773,41,True
trained,max,2,669,773,41,True
trained,max,2,670,773,41,True
trained,max,2,671,773,41,True
trained,max,2,672,773,41,True
trained,max,2,673,773,41,True
trained,max,2,674,773,41,True
trained,max,2,675,773,41,True
trained,max,2,676,773,41,True
trained,max,2,677,773,41,True
trained,max,2,678,773,41,True
trained,max,2,679,773,41,True
trained,max,2,680,773,41,True
trained,max,2,681,773,41,True
trained,max,2,682,773,41,True
trained,max,2,683,773,41,True
trained,max,2,684,773,41,True
trained,max,2,685,773,41,True
trained,max,2,686,773,41,True
trained,max,2,687,773,41,True
trained,max,2,688,773,41,True
trained,max,2,689,773,41,True
trained,max,2,690,773,41,True
trained,max,2,691,773,41,True
trained,max,2,692,773,41,True
trained,max,2,693,773,41,True
trained,max,2,694,773,41,True
trained,max,2,695,773,41,True
trained,max,2,696,773,41,True
trained,max,2,697,773,41,True
trained,max,2,698,773,41,True
trained,max,2,699,773,41,True
trained,max,2,700,773,41,True
trained,max,2,701,773,41,True
trained,max,2,702,773,41,True
trained,max,2,703,773,41,True
trained,max,2,704,773,41,True
trained,max,2,705,773,41,True
trained,max,2,706,773,41,True
trained,max,2,707,773,41,True
trained,max,2,708,773,41,True
trained,max,2,709,773,41,True
trained,max,2,710,773,41,True
trained,max,2,711,773,41,True
trained,max,2,712,773,41,True
trained,max,2,713,773,41,True
trained,max,2,714,773,41,True
trained,max,2,715,773,41,True
trained,max,2,716,773,41,True
trained,max,2,717,773,41,True
trained,max,2,718,773,41,True
trained,max,2,719,773,41,True
trained,max,2,720,773,41,True
trained,max,2,721,773,41,True
trained,max,2,722,773,41,True
trained,max,2,723,773,41,True
trained,max,2,724,773,41,True
trained,max,2,725,773,41,True
trained,max,2,726,773,41,True
trained,max,2,727,773,41,True
trained,max,2,728,773,41,True
trained,max,2,729,773,41,True
trained,max,2,730,773,41,True
trained,max,2,731,773,41,True
trained,max,2,732,773,41,True
trained,max,2,733,773,41,True
trained,max,2,734,773,41,True
trained,max,2,735,773,41,True
trained,max,2,736,773,41,True
trained,max,2,737,773,41,True
trained,max,2,738,773,41,True
trained,max,2,739,773,41,True
trained,max,2,740,773,41,True
trained,max,2,741,773,41,True
trained,max,2,742,773,41,True
trained,max,2,743,773,41,True
trained,max,2,744,773,41,True
trained,max,2,745,773,41,True
trained,max,2,746,773,41,True
trained,max,2,747,773,41,True
trained,max,2,748,773,41,True
trained,max,2,749,773,41,True
trained,max,2,750,773,41,True
trained,max,2,751,773,41,True
trained,max,2,752,773,41,True
trained,max,2,753,773,41,True
trained,max,2,754,773,41,True
trained,max,2,755,773,41,True
trained,max,2,756,773,41,True
trained,max,2,757,773,41,True
trained,max,2,758,773,41,True
trained,max,2,759,773,41,True
trained,max,2,760,773,41,True
trained,max,2,761,773,41,True
trained,max,2,762,773,41,True
trained,max,2,763,773,41,True
trained,max,2,764,773,41,True
trained,max,2,765,773,41,True
trained,max,2,766,773,41,True
trained,max,2,767,773,41,True
trained,max,2,768,773,41,True
trained,max,2,769,773,41,True
trained,max,2,770,773,41,True
trained,max,2,771,773,41,True
trained,max,2,772,773,41,True
trained,max,2,773,773,41,True
trained,max,2,774,773,41,True
trained,max,2,775,773,41,True
trained,max,2,776,773,41,True
trained,max,2,777,773,41,True
trained,max,2,778,773,41,True
trained,max,2,779,773,41,True
trained,max,2,780,773,41,True
trained,max,2,781,773,41,True
trained,max,2,782,773,41,True
trained,max,2,783,773,41,True
trained,max,2,784,773,41,True
trained,max,2,785,773,41,True
trained,max,2,786,773,41,True
trained,max,2,787,773,41,True
trained,max,2,788,773,41,True
trained,max,2,789,773,41,True
trained,max,2,790,773,41,True
trained,max,2,791,773,41,True
trained,max,2,792,773,41,True
trained,max,2,793,773,41,True
trained,max,2,794,773,41,True
trained,max,2,795,773,41,True
trained,max,2,796,773,41,True
trained,max,2,797,773,41,True
trained,max,2,798,773,41,True
trained,max,2,799,773,41,True
trained,max,2,800,773,41,True
trained,max,2,801,773,41,True
trained,max,2,802,773,41,True
trained,max,2,803,773,41,True
trained,max,2,804,773,41,True
trained,max,2,805,773,41,True
trained,max,2,806,773,41,True
trained,max,2,807,773,41,True
trained,max,2,808,773,41,True
trained,max,2,809,773,41,True
trained,max,2,810,773,41,True
trained,max,2,811,773,41,True
trained,max,2,812,773,41,True
trained,max,2,813,773,41,True
trained,max,2,814,773,41,True
trained,max,2,815,773,41,True
trained,max,2,816,773,41,True
trained,max,2,817,773,41,True
trained,max,2,818,773,41,True
trained,max,2,819,773,41,True
trained,max,2,820,773,41,True
trained,max,2,821,773,41,True
trained,max,2,822,773,41,True
trained,max,2,823,773,41,True
trained,max,2,824,773,41,True
trained,max,2,825,773,41,True
trained,max,2,826,773,41,True
trained,max,2,827,773,41,True
trained,max,2,828,773,41,True
trained,max,2,829,773,41,True
trained,max,2,830,773,41,True
trained,max,2,831,773,41,True
trained,max,2,832,773,41,True
trained,max,2,833,773,41,True
trained,max,2,834,773,41,True
trained,max,2,835,773,41,True
trained,max,2,836,773,41,True
trained,max,2,837,773,41,True
trained,max,2,838,773,41,True
trained,max,2,839,773,41,True
trained,max,2,840,773,41,True
trained,max,2,841,773,41,True
trained,max,2,842,773,41,True
trained,max,2,843,773,41,True
trained,max,2,844,773,41,True
trained,max,2,845,773,41,True
trained,max,2,846,773,41,True
trained,max,2,847,773,41,True
trained,max,2,848,773,41,True
trained,max,2,849,773,41,True
trained,max,2,850,773,41,True
trained,max,2,851,773,41,True
trained,max,2,852,773,41,True
trained,max,2,853,773,41,True
trained,max,2,854,773,41,True
trained,max,2,855,773,41,True
trained,max,2,856,773,41,True
trained,max,2,857,773,41,True
trained,max,2,858,773,41,True
trained,max,2,859,773,41,True
trained,max,2,860,773,41,True
trained,max,2,861,773,41,True
trained,max,2,862,773,41,True
trained,max,2,863,773,41,True
trained,max,2,864,773,41,True
trained,max,2,865,773,41,True
trained,max,2,866,773,41,True
trained,max,2,867,773,41,True
trained,max,2,868,773,41,True
trained,max,2,869,773,41,True
trained,max,2,870,773,41,True
trained,max,2,871,773,41,True
trained,max,2,872,773,41,True
trained,max,2,873,773,41,True
trained,max,2,874,773,41,True
trained,max,2,875,773,41,True
trained,max,2,876,773,41,True
trained,max,2,877,773,41,True
trained,max,2,878,773,41,True
trained,max,2,879,773,41,True
trained,max,2,880,773,41,True
trained,max,2,881,773,41,True
trained,max,2,882,773,41,True
trained,max,2,883,773,41,True
trained,max,2,884,773,41,True
trained,max,2,885,773,41,True
trained,max,2,886,773,41,True
trained,max,2,887,773,41,True
trained,max,2,888,773,41,True
trained,max,2,889,773,41,True
trained,max,2,890,773,41,True
trained,max,2,891,773,41,True
trained,max,2,892,773,41,True
trained,max,2,893,773,41,True
trained,max,2,894,773,41,True
trained,max,2,895,773,41,True
trained,max,2,896,773,41,True
trained,max,2,897,773,41,True
trained,max,2,898,773,41,True
trained,max,2,899,773,41,True
trained,max,2,900,773,41,True
trained,max,2,901,773,41,True
trained,max,2,902,773,41,True
trained,max,2,903,773,41,True
trained,max,2,904,773,41,True
trained,max,2,905,773,41,True
trained,max,2,906,773,41,True
trained,max,2,907,773,41,True
trained,max,2,908,773,41,True
trained,max,2,909,773,41,True
trained,max,2,910,773,41,True
trained,max,2,911,773,41,True
trained,max,2,912,773,41,True
trained,max,2,913,773,41,True
trained,max,2,914,773,41,True
trained,max,2,915,773,41,True
trained,max,2,916,773,41,True
trained,max,2,917,773,41,True
trained,max,2,918,773,41,True
trained,max,2,919,773,41,True
trained,max,2,920,773,41,True
trained,max,2,921,773,41,True
trained,max,2,922,773,41,True
trained,max,2,923,773,41,True
trained,max,2,924,773,41,True
trained,max,2,925,773,41,True
trained,max,2,926,773,41,True
trained,max,2,927,773,41,True
trained,max,2,928,773,41,True
trained,max,2,929,773,41,True
trained,max,2,930,773,41,True
trained,max,2,931,773,41,True
trained,max,2,932,773,41,True
trained,max,2,933,773,41,True
trained,max,2,934,773,41,True
trained,max,2,935,773,41,True
trained,max,2,936,773,41,True
trained,max,2,937,773,41,True
trained,max,2,938,773,41,True
trained,max,2,939,773,41,True
trained,max,2,940,773,41,True
trained,max,2,941,773,41,True
trained,max,2,942,773,41,True
trained,max,2,943,773,41,True
trained,max,2,944,773,41,True
trained,max,2,945,773,41,True
trained,max,2,946,773,41,True
trained,max,2,947,773,41,True
trained,max,2,948,773,41,True
trained,max,2,949,773,41,True
trained,max,2,950,773,41,True
trained,max,2,951,773,41,True
trained,max,2,952,773,41,True
trained,max,2,953,773,41,True
trained,max,2,954,773,41,True
trained,max,2,955,773,41,True
trained,max,2,956,773,41,True
trained,max,2,957,773,41,True
trained,max,2,958,773,41,True
trained,max,2,959,773,41,True
trained,max,2,960,773,41,True
trained,max,2,961,773,41,True
trained,max,2,962,773,41,True
trained,max,2,963,773,41,True
trained,max,2,964,773,41,True
trained,max,2,965,773,41,True
trained,max,2,966,773,41,True
trained,max,2,967,773,41,True
trained,max,2,968,773,41,True
trained,max,2,969,773,41,True
trained,max,2,970,773,41,True
trained,max,2,971,773,41,True
trained,max,2,972,773,41,True
trained,max,2,973,773,41,True
trained,max,2,974,773,41,True
trained,max,2,975,773,41,True
trained,max,2,976,773,41,True
trained,max,2,977,773,41,True
trained,max,2,978,773,41,True
trained,max,2,979,773,41,True
trained,max,2,980,773,41,True
trained,max,2,981,773,41,True
trained,max,2,982,773,41,True
trained,max,2,983,773,41,True
trained,max,2,984,773,41,True
trained,max,2,985,773,41,True
trained,max,2,986,773,41,True
trained,max,2,987,773,41,True
trained,max,2,988,773,41,True
trained,max,2,989,773,41,True
trained,max,2,990,773,41,True
trained,max,2,991,773,41,True
trained,max,2,992,773,41,True
trained,max,2,993,773,41,True
trained,max,2,994,773,41,True
trained,max,2,995,773,41,True
trained,max,2,996,773,41,True
trained,max,2,997,773,41,True
trained,max,2,998,773,41,True
trained,max,2,999,773,41,True
trained,max,2,1000,773,41,True
frozen,int2float,0,1,49,3,True
frozen,int2float,0,2,48,3,True
frozen,int2float,0,3,48,3,True
frozen,int2float,0,4,48,3,True
frozen,int2float,0,5,48,3,True
frozen,int2float,0,6,48,3,True
frozen,int2float,0,7,48,3,True
frozen,int2float,0,8,46,3,True
frozen,int2float,0,9,46,3,True
frozen,int2float,0,10,46,3,True
frozen,int2float,0,11,46,3,True
frozen,int2float,0,12,46,3,True
frozen,int2float,0,13,46,3,True
frozen,int2float,0,14,46,3,True
frozen,int2float,0,15,46,3,True
frozen,int2float,0,16,46,3,True
frozen,int2float,0,17,46,3,True
frozen,int2float,0,18,46,3,True
frozen,int2float,0,19,46,3,True
frozen,int2float,0,20,46,3,True
frozen,int2float,0,21,46,3,True
frozen,int2float,0,22,46,3,True
frozen,int2float,0,23,46,3,True
frozen,int2float,0,24,46,3,True
frozen,int2float,0,25,46,3,True
frozen,int2float,0,26,46,3,True
frozen,int2float,0,27,46,3,True
frozen,int2float,0,28,46,3,True
frozen,int2float,0,29,46,3,True
frozen,int2float,0,30,46,3,True
frozen,int2float,0,31,46,3,True
frozen,int2float,0,32,46,3,True
frozen,int2float,0,33,46,3,True
frozen,int2float,0,34,46,3,True
frozen,int2float,0,35,46,3,True
frozen,int2float,0,36,46,3,True
frozen,int2float,0,37,46,3,True
frozen,int2float,0,38,46,3,True
frozen,int2float,0,39,46,3,True
frozen,int2float,0,40,46,3,True
frozen,int2float,0,41,46,3,True
frozen,int2float,0,42,46,3,True
frozen,int2float,0,43,46,3,True
frozen,int2float,0,44,46,3,True
frozen,int2float,0,45,46,3,True
frozen,int2float,0,46,46,3,True
frozen,int2float,0,47,46,3,True
frozen,int2float,0,48,46,3,True
frozen,int2float,0,49,46,3,True
frozen,int2float,0,50,46,3,True
frozen,int2float,0,51,46,3,True
frozen,int2float,0,52,46,3,True
frozen,int2float,0,53,46,3,True
frozen,int2float,0,54,46,3,True
frozen,int2float,0,55,46,3,True
frozen,int2float,0,56,46,3,True
frozen,int2float,0,57,46,3,True
frozen,int2float,0,58,46,3,True
frozen,int2float,0,59,46,3,True
frozen,int2float,0,60,46,3,True
frozen,int2float,0,61,46,3,True
frozen,int2float,0,62,46,3,True
frozen,int2float,0,63,46,3,True
frozen,int2float,0,64,46,3,True
frozen,int2float,0,65,46,3,True
frozen,int2float,0,66,46,3,True
frozen,int2float,0,67,46,3,True
frozen,int2float,0,68,46,3,True
frozen,int2float,0,69,46,3,True
frozen,int2float,0,70,46,3,True
frozen,int2float,0,71,46,3,True
frozen,int2float,0,72,46,3,True
frozen,int2float,0,73,46,3,True
frozen,int2float,0,74,46,3,True
frozen,int2float,0,75,46,3,True
frozen,int2float,0,76,46,3,True
frozen,int2float,0,77,46,3,True
frozen,int2float,0,78,46,3,True
frozen,int2float,0,79,46,3,True
frozen,int2float,0,80,46,3,True
frozen,int2float,0,81,46,3,True
frozen,int2float,0,82,46,3,True
frozen,int2float,0,83,46,3,True
frozen,int2float,0,84,46,3,True
frozen,int2float,0,85,46,3,True
frozen,int2float,0,86,46,3,True
frozen,int2float,0,87,45,3,True
frozen,int2float,0,88,45,3,True
frozen,int2float,0,89,45,3,True
frozen,int2float,0,90,45,3,True
frozen,int2float,0,91,45,3,True
frozen,int2float,0,92,45,3,True
frozen,int2float,0,93,45,3,True
frozen,int2float,0,94,45,3,True
frozen,int2float,0,95,45,3,True
frozen,int2float,0,96,45,3,True
frozen,int2float,0,97,45,3,True
frozen,int2float,0,98,45,3,True
frozen,int2float,0,99,45,3,True
frozen,int2float,0,100,45,3,True
frozen,int2float,0,101,45,3,True
frozen,int2float,0,102,45,3,True
frozen,int2float,0,103,45,3,True
frozen,int2float,0,104,45,3,True
frozen,int2float,0,105,45,3,True
frozen,int2float,0,106,45,3,True
frozen,int2float,0,107,45,3,True
frozen,int2float,0,108,45,3,True
frozen,int2float,0,109,45,3,True
frozen,int2float,0,110,45,3,True
frozen,int2float,0,111,45,3,True
frozen,int2float,0,112,45,3,True
frozen,int2float,0,113,45,3,True
frozen,int2float,0,114,45,3,True
frozen,int2float,0,115,45,3,True
frozen,int2float,0,116,45,3,True
frozen,int2float,0,117,45,3,True
frozen,int2float,0,118,45,3,True
frozen,int2float,0,119,45,3,True
frozen,int2float,0,120,45,3,True
frozen,int2float,0,121,45,3,True
frozen,int2float,0,122,45,3,True
frozen,int2float,0,123,45,3,True
frozen,int2float,0,124,45,3,True
frozen,int2float,0,125,45,3,True
frozen,int2float,0,126,45,3,True
frozen,int2float,0,127,45,3,True
frozen,int2float,0,128,45,3,True
frozen,int2float,0,129,45,3,True
frozen,int2float,0,130,45,3,True
frozen,int2float,0,131,45,3,True
frozen,int2float,0,132,45,3,True
frozen,int2float,0,133,45,3,True
frozen,int2float,0,134,45,3,True
frozen,int2float,0,135,45,3,True
frozen,int2float,0,136,45,3,True
frozen,int2float,0,137,45,3,True
frozen,int2float,0,138,45,3,True
frozen,int2float,0,139,45,3,True
frozen,int2float,0,140,45,3,True
frozen,int2float,0,141,45,3,True
frozen,int2float,0,142,45,3,True
frozen,int2float,0,143,45,3,True
frozen,int2float,0,144,45,3,True
frozen,int2float,0,145,45,3,True
frozen,int2float,0,146,45,3,True
frozen,int2float,0,147,45,3,True
frozen,int2float,0,148,45,3,True
frozen,int2float,0,149,45,3,True
frozen,int2float,0,150,45,3,True
frozen,int2float,0,151,45,3,True
frozen,int2float,0,152,45,3,True
frozen,int2float,0,153,45,3,True
frozen,int2float,0,154,45,3,True
frozen,int2float,0,155,45,3,True
frozen,int2float,0,156,45,3,True
frozen,int2float,0,157,45,3,True
frozen,int2float,0,158,45,3,True
frozen,int2float,0,159,45,3,True
frozen,int2float,0,160,45,3,True
frozen,int2float,0,161,45,3,True
frozen,int2float,0,162,45,3,True
frozen,int2float,0,163,45,3,True
frozen,int2float,0,164,45,3,True
frozen,int2float,0,165,45,3,True
frozen,int2float,0,166,45,3,True
frozen,int2float,0,167,45,3,True
frozen,int2float,0,168,45,3,True
frozen,int2float,0,169,45,3,True
frozen,int2float,0,170,45,3,True
frozen,int2float,0,171,45,3,True
frozen,int2float,0,172,45,3,True
frozen,int2float,0,173,45,3,True
frozen,int2float,0,174,45,3,True
frozen,int2float,0,175,45,3,True
frozen,int2float,0,176,45,3,True
frozen,int2float,0,177,45,3,True
frozen,int2float,0,178,45,3,True
frozen,int2float,0,179,45,3,True
frozen,int2float,0,180,45,3,True
frozen,int2float,0,181,45,3,True
frozen,int2float,0,182,45,3,True
frozen,int2float,0,183,45,3,True
frozen,int2float,0,184,45,3,True
frozen,int2float,0,185,45,3,True
frozen,int2float,0,186,45,3,True
frozen,int2float,0,187,45,3,True
frozen,int2float,0,188,45,3,True
frozen,int2float,0,189,45,3,True
frozen,int2float,0,190,45,3,True
frozen,int2float,0,191,45,3,True
frozen,int2float,0,192,45,3,True
frozen,int2float,0,193,45,3,True
frozen,int2float,0,194,45,3,True
frozen,int2float,0,195,45,3,True
frozen,int2float,0,196,45,3,True
frozen,int2float,0,197,45,3,True
frozen,int2float,0,198,45,3,True
frozen,int2float,0,199,45,3,True
frozen,int2float,0,200,45,3,True
frozen,int2float,0,201,45,3,True
frozen,int2float,0,202,45,3,True
frozen,int2float,0,203,45,3,True
frozen,int2float,0,204,45,3,True
frozen,int2float,0,205,45,3,True
frozen,int2float,0,206,45,3,True
frozen,int2float,0,207,45,3,True
frozen,int2float,0,208,45,3,True
frozen,int2float,0,209,45,3,True
frozen,int2float,0,210,45,3,True
frozen,int2float,0,211,45,3,True
frozen,int2float,0,212,45,3,True
frozen,int2float,0,213,45,3,True
frozen,int2float,0,214,45,3,True
frozen,int2float,0,215,45,3,True
frozen,int2float,0,216,45,3,True
frozen,int2float,0,217,45,3,True
frozen,int2float,0,218,45,3,True
frozen,int2float,0,219,45,3,True
frozen,int2float,0,220,45,3,True
frozen,int2float,0,221,45,3,True
frozen,int2float,0,222,45,3,True
frozen,int2float,0,223,45,3,True
frozen,int2float,0,224,45,3,True
frozen,int2float,0,225,45,3,True
frozen,int2float,0,226,45,3,True
frozen,int2float,0,227,45,3,True
frozen,int2float,0,228,45,3,True
frozen,int2float,0,229,45,3,True
frozen,int2float,0,230,45,3,True
frozen,int2float,0,231,45,3,True
frozen,int2float,0,232,45,3,True
frozen,int2float,0,233,45,3,True
frozen,int2float,0,234,45,3,True
frozen,int2float,0,235,45,3,True
frozen,int2float,0,236,45,3,True
frozen,int2float,0,237,45,3,True
frozen,int2float,0,238,45,3,True
frozen,int2float,0,239,45,3,True
frozen,int2float,0,240,45,3,True
frozen,int2float,0,241,45,3,True
frozen,int2float,0,242,45,3,True
frozen,int2float,0,243,45,3,True
frozen,int2float,0,244,45,3,True
frozen,int2float,0,245,45,3,True
frozen,int2float,0,246,45,3,True
frozen,int2float,0,247,45,3,True
frozen,int2float,0,248,45,3,True
frozen,int2float,0,249,45,3,True
frozen,int2float,0,250,45,3,True
frozen,int2float,0,251,45,3,True
frozen,int2float,0,252,45,3,True
frozen,int2float,0,253,45,3,True
frozen,int2float,0,254,45,3,True
frozen,int2float,0,255,45,3,True
frozen,int2float,0,256,45,3,True
frozen,int2float,0,257,45,3,True
frozen,int2float,0,258,45,3,True
frozen,int2float,0,259,45,3,True
frozen,int2float,0,260,45,3,True
frozen,int2float,0,261,45,3,True
frozen,int2float,0,262,45,3,True
frozen,int2float,0,263,45,3,True
frozen,int2float,0,264,45,3,True
frozen,int2float,0,265,45,3,True
frozen,int2float,0,266,45,3,True
frozen,int2float,0,267,45,3,True
frozen,int2float,0,268,45,3,True
frozen,int2float,0,269,45,3,True
frozen,int2float,0,270,45,3,True
frozen,int2float,0,271,45,3,True
frozen,int2float,0,272,45,3,True
frozen,int2float,0,273,45,3,True
frozen,int2float,0,274,45,3,True
frozen,int2float,0,275,45,3,True
frozen,int2float,0,276,45,3,True
frozen,int2float,0,277,45,3,True
frozen,int2float,0,278,45,3,True
frozen,int2float,0,279,45,3,True
frozen,int2float,0,280,45,3,True
frozen,int2float,0,281,45,3,True
frozen,int2float,0,282,45,3,True
frozen,int2float,0,283,45,3,True
frozen,int2float,0,284,45,3,True
frozen,int2float,0,285,45,3,True
frozen,int2float,0,286,45,3,True
frozen,int2float,0,287,45,3,True
frozen,int2float,0,288,45,3,True
frozen,int2float,0,289,45,3,True
frozen,int2float,0,290,45,3,True
frozen,int2float,0,291,45,3,True
frozen,int2float,0,292,45,3,True
frozen,int2float,0,293,45,3,True
frozen,int2float,0,294,45,3,True
frozen,int2float,0,295,45,3,True
frozen,int2float,0,296,45,3,True
frozen,int2float,0,297,45,3,True
frozen,int2float,0,298,45,3,True
frozen,int2float,0,299,45,3,True
frozen,int2float,0,300,45,3,True
frozen,int2float,0,301,45,3,True
frozen,int2float,0,302,45,3,True
frozen,int2float,0,303,45,3,True
frozen,int2float,0,304,45,3,True
frozen,int2float,0,305,45,3,True
frozen,int2float,0,306,45,3,True
frozen,int2float,0,307,45,3,True
frozen,int2float,0,308,45,3,True
frozen,int2float,0,309,45,3,True
frozen,int2float,0,310,45,3,True
frozen,int2float,0,311,45,3,True
frozen,int2float,0,312,45,3,True
frozen,int2float,0,313,45,3,True
frozen,int2float,0,314,45,3,True
frozen,int2float,0,315,45,3,True
frozen,int2float,0,316,45,3,True
frozen,int2float,0,317,45,3,True
frozen,int2float,0,318,45,3,True
frozen,int2float,0,319,45,3,True
frozen,int2float,0,320,45,3,True
frozen,int2float,0,321,45,3,True
frozen,int2float,0,322,45,3,True
frozen,int2float,0,323,45,3,True
frozen,int2float,0,324,45,3,True
frozen,int2float,0,325,45,3,True
frozen,int2float,0,326,45,3,True
frozen,int2float,0,327,45,3,True
frozen,int2float,0,328,45,3,True
frozen,int2float,0,329,45,3,True
frozen,int2float,0,330,45,3,True
frozen,int2float,0,331,45,3,True
frozen,int2float,0,332,45,3,True
frozen,int2float,0,333,45,3,True
frozen,int2float,0,334,45,3,True
frozen,int2float,0,335,45,3,True
frozen,int2float,0,336,45,3,True
frozen,int2float,0,337,45,3,True
frozen,int2float,0,338,45,3,True
frozen,int2float,0,339,45,3,True
frozen,int2float,0,340,45,3,True
frozen,int2float,0,341,45,3,True
frozen,int2float,0,342,45,3,True
frozen,int2float,0,343,45,3,True
frozen,int2float,0,344,45,3,True
frozen,int2float,0,345,45,3,True
frozen,int2float,0,346,45,3,True
frozen,int2float,0,347,45,3,True
frozen,int2float,0,348,45,3,True
frozen,int2float,0,349,45,3,True
frozen,int2float,0,350,45,3,True
frozen,int2float,0,351,45,3,True
frozen,int2float,0,352,45,3,True
frozen,int2float,0,353,45,3,True
frozen,int2float,0,354,45,3,True
frozen,int2float,0,355,45,3,True
frozen,int2float,0,356,45,3,True
frozen,int2float,0,357,45,3,True
frozen,int2float,0,358,45,3,True
frozen,int2float,0,359,45,3,True
frozen,int2float,0,360,45,3,True
frozen,int2float,0,361,45,3,True
frozen,int2float,0,362,45,3,True
frozen,int2float,0,363,45,3,True
frozen,int2float,0,364,45,3,True
frozen,int2float,0,365,45,3,True
frozen,int2float,0,366,45,3,True
frozen,int2float,0,367,45,3,True
frozen,int2float,0,368,45,3,True
frozen,int2float,0,369,45,3,True
frozen,int2float,0,370,45,3,True
frozen,int2float,0,371,45,3,True
frozen,int2float,0,372,45,3,True
frozen,int2float,0,373,45,3,True
frozen,int2float,0,374,45,3,True
frozen,int2float,0,375,45,3,True
frozen,int2float,0,376,45,3,True
frozen,int2float,0,377,45,3,True
frozen,int2float,0,378,45,3,True
frozen,int2float,0,379,45,3,True
frozen,int2float,0,380,45,3,True
frozen,int2float,0,381,45,3,True
frozen,int2float,0,382,45,3,True
frozen,int2float,0,383,45,3,True
frozen,int2float,0,384,45,3,True
frozen,int2float,0,385,45,3,True
frozen,int2float,0,386,45,3,True
frozen,int2float,0,387,45,3,True
frozen,int2float,0,388,45,3,True
frozen,int2float,0,389,45,3,True
frozen,int2float,0,390,45,3,True
frozen,int2float,0,391,45,3,True
frozen,int2float,0,392,45,3,True
frozen,int2float,0,393,45,3,True
frozen,int2float,0,394,45,3,True
frozen,int2float,0,395,45,3,True
frozen,int2float,0,396,45,3,True
frozen,int2float,0,397,45,3,True
frozen,int2float,0,398,45,3,True
frozen,int2float,0,399,45,3,True
frozen,int2float,0,400,45,3,True
frozen,int2float,0,401,45,3,True
frozen,int2float,0,402,45,3,True
frozen,int2float,0,403,45,3,True
frozen,int2float,0,404,45,3,True
frozen,int2float,0,405,45,3,True
frozen,int2float,0,406,45,3,True
frozen,int2float,0,407,45,3,True
frozen,int2float,0,408,45,3,True
frozen,int2float,0,409,45,3,True
frozen,int2float,0,410,45,3,True
frozen,int2float,0,411,45,3,True
frozen,int2float,0,412,45,3,True
frozen,int2float,0,413,45,3,True
frozen,int2float,0,414,45,3,True
frozen,int2float,0,415,45,3,True
frozen,int2float,0,416,45,3,True
frozen,int2float,0,417,45,3,True
frozen,int2float,0,418,45,3,True
frozen,int2float,0,419,45,3,True
frozen,int2float,0,420,45,3,True
frozen,int2float,0,421,45,3,True
frozen,int2float,0,422,45,3,True
frozen,int2float,0,423,45,3,True
frozen,int2float,0,424,45,3,True
frozen,int2float,0,425,45,3,True
frozen,int2float,0,426,45,3,True
frozen,int2float,0,427,45,3,True
frozen,int2float,0,428,45,3,True
frozen,int2float,0,429,45,3,True
frozen,int2float,0,430,45,3,True
frozen,int2float,0,431,45,3,True
frozen,int2float,0,432,45,3,True
frozen,int2float,0,433,45,3,True
frozen,int2float,0,434,45,3,True
frozen,int2float,0,435,45,3,True
frozen,int2float,0,436,45,3,True
frozen,int2float,0,437,45,3,True
frozen,int2float,0,438,45,3,True
frozen,int2float,0,439,45,3,True
frozen,int2float,0,440,45,3,True
frozen,int2float,0,441,45,3,True
frozen,int2float,0,442,45,3,True
frozen,int2float,0,443,45,3,True
frozen,int2float,0,444,45,3,True
frozen,int2float,0,445,45,3,True
frozen,int2float,0,446,45,3,True
frozen,int2float,0,447,45,3,True
frozen,int2float,0,448,45,3,True
frozen,int2float,0,449,45,3,True
frozen,int2float,0,450,45,3,True
frozen,int2float,0,451,45,3,True
frozen,int2float,0,452,45,3,True
frozen,int2float,0,453,45,3,True
frozen,int2float,0,454,45,3,True
frozen,int2float,0,455,45,3,True
frozen,int2float,0,456,45,3,True
frozen,int2float,0,457,45,3,True
frozen,int2float,0,458,45,3,True
frozen,int2float,0,459,45,3,True
frozen,int2float,0,460,45,3,True
frozen,int2float,0,461,45,3,True
frozen,int2float,0,462,45,3,True
frozen,int2float,0,463,45,3,True
frozen,int2float,0,464,45,3,True
frozen,int2float,0,465,45,3,True
frozen,int2float,0,466,45,3,True
frozen,int2float,0,467,45,3,True
frozen,int2float,0,468,45,3,True
frozen,int2float,0,469,45,3,True
frozen,int2float,0,470,45,3,True
frozen,int2float,0,471,45,3,True
frozen,int2float,0,472,45,3,True
frozen,int2float,0,473,45,3,True
frozen,int2float,0,474,45,3,True
frozen,int2float,0,475,45,3,True
frozen,int2float,0,476,45,3,True
frozen,int2float,0,477,45,3,True
frozen,int2float,0,478,45,3,True
frozen,int2float,0,479,45,3,True
frozen,int2float,0,480,45,3,True
frozen,int2float,0,481,45,3,True
frozen,int2float,0,482,45,3,True
frozen,int2float,0,483,45,3,True
frozen,int2float,0,484,45,3,True
frozen,int2float,0,485,45,3,True
frozen,int2float,0,486,45,3,True
frozen,int2float,0,487,45,3,True
frozen,int2float,0,488,45,3,True
frozen,int2float,0,489,45,3,True
frozen,int2float,0,490,45,3,True
frozen,int2float,0,491,45,3,True
frozen,int2float,0,492,45,3,True
frozen,int2float,0,493,45,3,True
frozen,int2float,0,494,45,3,True
frozen,int2float,0,495,45,3,True
frozen,int2float,0,496,45,3,True
frozen,int2float,0,497,45,3,True
frozen,int2float,0,498,45,3,True
frozen,int2float,0,499,45,3,True
frozen,int2float,0,500,45,3,True
frozen,int2float,0,501,45,3,True
frozen,int2float,0,502,45,3,True
frozen,int2float,0,503,45,3,True
frozen,int2float,0,504,45,3,True
frozen,int2float,0,505,45,3,True
frozen,int2float,0,506,45,3,True
frozen,int2float,0,507,45,3,True
frozen,int2float,0,508,45,3,True
frozen,int2float,0,509,45,3,True
frozen,int2float,0,510,45,3,True
frozen,int2float,0,511,45,3,True
frozen,int2float,0,512,45,3,True
frozen,int2float,0,513,45,3,True
frozen,int2float,0,514,45,3,True
frozen,int2float,0,515,45,3,True
frozen,int2float,0,516,45,3,True
frozen,int2float,0,517,45,3,True
frozen,int2float,0,518,45,3,True
frozen,int2float,0,519,45,3,True
frozen,int2float,0,520,45,3,True
frozen,int2float,0,521,45,3,True
frozen,int2float,0,522,45,3,True
frozen,int2float,0,523,45,3,True
frozen,int2float,0,524,45,3,True
frozen,int2float,0,525,45,3,True
frozen,int2float,0,526,45,3,True
frozen,int2float,0,527,45,3,True
frozen,int2float,0,528,45,3,True
frozen,int2float,0,529,45,3,True
frozen,int2float,0,530,45,3,True
frozen,int2float,0,531,45,3,True
frozen,int2float,0,532,45,3,True
frozen,int2float,0,533,45,3,True
frozen,int2float,0,534,45,3,True
frozen,int2float,0,535,45,3,True
frozen,int2float,0,536,45,3,True
frozen,int2float,0,537,45,3,True
frozen,int2float,0,538,45,3,True
frozen,int2float,0,539,45,3,True
frozen,int2float,0,540,45,3,True
frozen,int2float,0,541,45,3,True
frozen,int2float,0,542,45,3,True
frozen,int2float,0,543,45,3,True
frozen,int2float,0,544,45,3,True
frozen,int2float,0,545,45,3,True
frozen,int2float,0,546,45,3,True
frozen,int2float,0,547,45,3,True
frozen,int2float,0,548,45,3,True
frozen,int2float,0,549,45,3,True
frozen,int2float,0,550,45,3,True
frozen,int2float,0,551,45,3,True
frozen,int2float,0,552,45,3,True
frozen,int2float,0,553,45,3,True
frozen,int2float,0,554,45,3,True
frozen,int2float,0,555,45,3,True
frozen,int2float,0,556,45,3,True
frozen,int2float,0,557,45,3,True
frozen,int2float,0,558,45,3,True
frozen,int2float,0,559,45,3,True
frozen,int2float,0,560,45,3,True
frozen,int2float,0,561,45,3,True
frozen,int2float,0,562,45,3,True
frozen,int2float,0,563,45,3,True
frozen,int2float,0,564,45,3,True
frozen,int2float,0,565,45,3,True
frozen,int2float,0,566,45,3,True
frozen,int2float,0,567,45,3,True
frozen,int2float,0,568,45,3,True
frozen,int2float,0,569,45,3,True
frozen,int2float,0,570,45,3,True
frozen,int2float,0,571,45,3,True
frozen,int2float,0,572,45,3,True
frozen,int2float,0,573,45,3,True
frozen,int2float,0,574,45,3,True
frozen,int2float,0,575,45,3,True
frozen,int2float,0,576,45,3,True
frozen,int2float,0,577,45,3,True
frozen,int2float,0,578,45,3,True
frozen,int2float,0,579,45,3,True
frozen,int2float,0,580,45,3,True
frozen,int2float,0,581,45,3,True
frozen,int2float,0,582,45,3,True
frozen,int2float,0,583,45,3,True
frozen,int2float,0,584,45,3,True
frozen,int2float,0,585,45,3,True
frozen,int2float,0,586,45,3,True
frozen,int2float,0,587,45,3,True
frozen,int2float,0,588,45,3,True
frozen,int2float,0,589,45,3,True
frozen,int2float,0,590,45,3,True
frozen,int2float,0,591,45,3,True
frozen,int2float,0,592,45,3,True
frozen,int2float,0,593,45,3,True
frozen,int2float,0,594,45,3,True
frozen,int2float,0,595,45,3,True
frozen,int2float,0,596,45,3,True
frozen,int2float,0,597,45,3,True
frozen,int2float,0,598,45,3,True
frozen,int2float,0,599,45,3,True
frozen,int2float,0,600,45,3,True
frozen,int2float,0,601,45,3,True
frozen,int2float,0,602,45,3,True
frozen,int2float,0,603,45,3,True
frozen,int2float,0,604,45,3,True
frozen,int2float,0,605,45,3,True
frozen,int2float,0,606,45,3,True
frozen,int2float,0,607,45,3,True
frozen,int2float,0,608,45,3,True
frozen,int2float,0,609,45,3,True
frozen,int2float,0,610,45,3,True
frozen,int2float,0,611,45,3,True
frozen,int2float,0,612,45,3,True
frozen,int2float,0,613,45,3,True
frozen,int2float,0,614,45,3,True
frozen,int2float,0,615,45,3,True
frozen,int2float,0,616,45,3,True
frozen,int2float,0,617,45,3,True
frozen,int2float,0,618,45,3,True
frozen,int2float,0,619,45,3,True
frozen,int2float,0,620,45,3,True
frozen,int2float,0,621,45,3,True
frozen,int2float,0,622,45,3,True
frozen,int2float,0,623,45,3,True
frozen,int2float,0,624,45,3,True
frozen,int2float,0,625,45,3,True
frozen,int2float,0,626,45,3,True
frozen,int2float,0,627,45,3,True
frozen,int2float,0,628,45,3,True
frozen,int2float,0,629,45,3,True
frozen,int2float,0,630,45,3,True
frozen,int2float,0,631,45,3,True
frozen,int2float,0,632,45,3,True
frozen,int2float,0,633,45,3,True
frozen,int2float,0,634,45,3,True
frozen,int2float,0,635,45,3,True
frozen,int2float,0,636,45,3,True
frozen,int2float,0,637,45,3,True
frozen,int2float,0,638,45,3,True
frozen,int2float,0,639,45,3,True
frozen,int2float,0,640,45,3,True
frozen,int2float,0,641,45,3,True
frozen,int2float,0,642,45,3,True
frozen,int2float,0,643,45,3,True
frozen,int2float,0,644,45,3,True
frozen,int2float,0,645,45,3,True
frozen,int2float,0,646,45,3,True
frozen,int2float,0,647,45,3,True
frozen,int2float,0,648,45,3,True
frozen,int2float,0,649,45,3,True
frozen,int2float,0,650,45,3,True
frozen,int2float,0,651,45,3,True
frozen,int2float,0,652,45,3,True
frozen,int2float,0,653,45,3,True
frozen,int2float,0,654,45,3,True
frozen,int2float,0,655,45,3,True
frozen,int2float,0,656,45,3,True
frozen,int2float,0,657,45,3,True
frozen,int2float,0,658,45,3,True
frozen,int2float,0,659,45,3,True
frozen,int2float,0,660,45,3,True
frozen,int2float,0,661,45,3,True
frozen,int2float,0,662,45,3,True
frozen,int2float,0,663,45,3,True
frozen,int2float,0,664,45,3,True
frozen,int2float,0,665,45,3,True
frozen,int2float,0,666,45,3,True
frozen,int2float,0,667,45,3,True
frozen,int2float,0,668,45,3,True
frozen,int2float,0,669,45,3,True
frozen,int2float,0,670,45,3,True
frozen,int2float,0,671,45,3,True
frozen,int2float,0,672,45,3,True
frozen,int2float,0,673,45,3,True
frozen,int2float,0,674,45,3,True
frozen,int2float,0,675,45,3,True
frozen,int2float,0,676,45,3,True
frozen,int2float,0,677,45,3,True
frozen,int2float,0,678,45,3,True
frozen,int2float,0,679,45,3,True
frozen,int2float,0,680,45,3,True
frozen,int2float,0,681,45,3,True
frozen,int2float,0,682,45,3,True
frozen,int2float,0,683,45,3,True
frozen,int2float,0,684,45,3,True
frozen,int2float,0,685,45,3,True
frozen,int2float,0,686,45,3,True
frozen,int2float,0,687,45,3,True
frozen,int2float,0,688,45,3,True
frozen,int2float,0,689,45,3,True
frozen,int2float,0,690,45,3,True
frozen,int2float,0,691,45,3,True
frozen,int2float,0,692,45,3,True
frozen,int2float,0,693,45,3,True
frozen,int2float,0,694,45,3,True
frozen,int2float,0,695,45,3,True
frozen,int2float,0,696,45,3,True
frozen,int2float,0,697,45,3,True
frozen,int2float,0,698,45,3,True
frozen,int2float,0,699,45,3,True
frozen,int2float,0,700,45,3,True
frozen,int2float,0,701,45,3,True
frozen,int2float,0,702,45,3,True
frozen,int2float,0,703,45,3,True
frozen,int2float,0,704,45,3,True
frozen,int2float,0,705,45,3,True
frozen,int2float,0,706,45,3,True
frozen,int2float,0,707,45,3,True
frozen,int2float,0,708,45,3,True
frozen,int2float,0,709,45,3,True
frozen,int2float,0,710,45,3,True
frozen,int2float,0,711,45,3,True
frozen,int2float,0,712,45,3,True
frozen,int2float,0,713,45,3,True
frozen,int2float,0,714,45,3,True
frozen,int2float,0,715,45,3,True
frozen,int2float,0,716,45,3,True
frozen,int2float,0,717,45,3,True
frozen,int2float,0,718,45,3,True
frozen,int2float,0,719,45,3,True
frozen,int2float,0,720,45,3,True
frozen,int2float,0,721,45,3,True
frozen,int2float,0,722,45,3,True
frozen,int2float,0,723,45,3,True
frozen,int2float,0,724,45,3,True
frozen,int2float,0,725,45,3,True
frozen,int2float,0,726,45,3,True
frozen,int2float,0,727,45,3,True
frozen,int2float,0,728,45,3,True
frozen,int2float,0,729,45,3,True
frozen,int2float,0,730,45,3,True
frozen,int2float,0,731,45,3,True
frozen,int2float,0,732,45,3,True
frozen,int2float,0,733,45,3,True
frozen,int2float,0,734,45,3,True
frozen,int2float,0,735,45,3,True
frozen,int2float,0,736,45,3,True
frozen,int2float,0,737,45,3,True
frozen,int2float,0,738,45,3,True
frozen,int2float,0,739,45,3,True
frozen,int2float,0,740,45,3,True
frozen,int2float,0,741,45,3,True
frozen,int2float,0,742,45,3,True
frozen,int2float,0,743,45,3,True
frozen,int2float,0,744,45,3,True
frozen,int2float,0,745,45,3,True
frozen,int2float,0,746,45,3,True
frozen,int2float,0,747,45,3,True
frozen,int2float,0,748,45,3,True
frozen,int2float,0,749,45,3,True
frozen,int2float,0,750,45,3,True
frozen,int2float,0,751,45,3,True
frozen,int2float,0,752,45,3,True
frozen,int2float,0,753,45,3,True
frozen,int2float,0,754,45,3,True
frozen,int2float,0,755,45,3,True
frozen,int2float,0,756,45,3,True
frozen,int2float,0,757,45,3,True
frozen,int2float,0,758,45,3,True
frozen,int2float,0,759,45,3,True
frozen,int2float,0,760,45,3,True
frozen,int2float,0,761,45,3,True
frozen,int2float,0,762,45,3,True
frozen,int2float,0,763,45,3,True
frozen,int2float,0,764,45,3,True
frozen,int2float,0,765,45,3,True
frozen,int2float,0,766,45,3,True
frozen,int2float,0,767,45,3,True
frozen,int2float,0,768,45,3,True
frozen,int2float,0,769,45,3,True
frozen,int2float,0,770,45,3,True
frozen,int2float,0,771,45,3,True
frozen,int2float,0,772,45,3,True
frozen,int2float,0,773,45,3,True
frozen,int2float,0,774,45,3,True
frozen,int2float,0,775,45,3,True
frozen,int2float,0,776,45,3,True
frozen,int2float,0,777,45,3,True
frozen,int2float,0,778,45,3,True
frozen,int2float,0,779,45,3,True
frozen,int2float,0,780,45,3,True
frozen,int2float,0,781,45,3,True
frozen,int2float,0,782,45,3,True
frozen,int2float,0,783,45,3,True
frozen,int2float,0,784,45,3,True
frozen,int2float,0,785,45,3,True
frozen,int2float,0,786,45,3,True
frozen,int2float,0,787,45,3,True
frozen,int2float,0,788,45,3,True
frozen,int2float,0,789,45,3,True
frozen,int2float,0,790,45,3,True
frozen,int2float,0,791,45,3,True
frozen,int2float,0,792,45,3,True
frozen,int2float,0,793,45,3,True
frozen,int2float,0,794,45,3,True
frozen,int2float,0,795,45,3,True
frozen,int2float,0,796,45,3,True
frozen,int2float,0,797,45,3,True
frozen,int2float,0,798,45,3,True
frozen,int2float,0,799,45,3,True
frozen,int2float,0,800,45,3,True
frozen,int2float,0,801,45,3,True
frozen,int2float,0,802,45,3,True
frozen,int2float,0,803,45,3,True
frozen,int2float,0,804,45,3,True
frozen,int2float,0,805,45,3,True
frozen,int2float,0,806,45,3,True
frozen,int2float,0,807,45,3,True
frozen,int2float,0,808,45,3,True
frozen,int2float,0,809,45,3,True
frozen,int2float,0,810,45,3,True
frozen,int2float,0,811,45,3,True
frozen,int2float,0,812,45,3,True
frozen,int2float,0,813,45,3,True
frozen,int2float,0,814,45,3,True
frozen,int2float,0,815,45,3,True
frozen,int2float,0,816,45,3,True
frozen,int2float,0,817,45,3,True
frozen,int2float,0,818,45,3,True
frozen,int2float,0,819,45,3,True
frozen,int2float,0,820,45,3,True
frozen,int2float,0,821,45,3,True
frozen,int2float,0,822,45,3,True
frozen,int2float,0,823,45,3,True
frozen,int2float,0,824,45,3,True
frozen,int2float,0,825,45,3,True
frozen,int2float,0,826,45,3,True
frozen,int2float,0,827,45,3,True
frozen,int2float,0,828,45,3,True
frozen,int2float,0,829,45,3,True
frozen,int2float,0,830,45,3,True
frozen,int2float,0,831,45,3,True
frozen,int2float,0,832,45,3,True
frozen,int2float,0,833,45,3,True
frozen,int2float,0,834,45,3,True
frozen,int2float,0,835,45,3,True
frozen,int2float,0,836,45,3,True
frozen,int2float,0,837,45,3,True
frozen,int2float,0,838,45,3,True
frozen,int2float,0,839,45,3,True
frozen,int2float,0,840,45,3,True
frozen,int2float,0,841,45,3,True
frozen,int2float,0,842,45,3,True
frozen,int2float,0,843,45,3,True
frozen,int2float,0,844,45,3,True
frozen,int2float,0,845,45,3,True
frozen,int2float,0,846,45,3,True
frozen,int2float,0,847,45,3,True
frozen,int2float,0,848,45,3,True
frozen,int2float,0,849,45,3,True
frozen,int2float,0,850,45,3,True
frozen,int2float,0,851,45,3,True
frozen,int2float,0,852,45,3,True
frozen,int2float,0,853,45,3,True
frozen,int2float,0,854,45,3,True
frozen,int2float,0,855,45,3,True
frozen,int2float,0,856,45,3,True
frozen,int2float,0,857,45,3,True
frozen,int2float,0,858,45,3,True
frozen,int2float,0,859,45,3,True
frozen,int2float,0,860,45,3,True
frozen,int2float,0,861,45,3,True
frozen,int2float,0,862,45,3,True
frozen,int2float,0,863,45,3,True
frozen,int2float,0,864,45,3,True
frozen,int2float,0,865,45,3,True
frozen,int2float,0,866,45,3,True
frozen,int2float,0,867,45,3,True
frozen,int2float,0,868,45,3,True
frozen,int2float,0,869,45,3,True
frozen,int2float,0,870,45,3,True
frozen,int2float,0,871,45,3,True
frozen,int2float,0,872,45,3,True
frozen,int2float,0,873,45,3,True
frozen,int2float,0,874,45,3,True
frozen,int2float,0,875,45,3,True
frozen,int2float,0,876,45,3,True
frozen,int2float,0,877,45,3,True
frozen,int2float,0,878,45,3,True
frozen,int2float,0,879,45,3,True
frozen,int2float,0,880,45,3,True
frozen,int2float,0,881,45,3,True
frozen,int2float,0,882,45,3,True
frozen,int2float,0,883,45,3,True
frozen,int2float,0,884,45,3,True
frozen,int2float,0,885,45,3,True
frozen,int2float,0,886,45,3,True
frozen,int2float,0,887,45,3,True
frozen,int2float,0,888,45,3,True
frozen,int2float,0,889,45,3,True
frozen,int2float,0,890,45,3,True
frozen,int2float,0,891,45,3,True
frozen,int2float,0,892,45,3,True
frozen,int2float,0,893,45,3,True
frozen,int2float,0,894,45,3,True
frozen,int2float,0,895,45,3,True
frozen,int2float,0,896,45,3,True
frozen,int2float,0,897,45,3,True
frozen,int2float,0,898,45,3,True
frozen,int2float,0,899,45,3,True
frozen,int2float,0,900,45,3,True
frozen,int2float,0,901,45,3,True
frozen,int2float,0,902,45,3,True
frozen,int2float,0,903,45,3,True
frozen,int2float,0,904,45,3,True
frozen,int2float,0,905,45,3,True
frozen,int2float,0,906,45,3,True
frozen,int2float,0,907,45,3,True
frozen,int2float,0,908,45,3,True
frozen,int2float,0,909,45,3,True
frozen,int2float,0,910,45,3,True
frozen,int2float,0,911,45,3,True
frozen,int2float,0,912,45,3,True
frozen,int2float,0,913,45,3,True
frozen,int2float,0,914,45,3,True
frozen,int2float,0,915,45,3,True
frozen,int2float,0,916,45,3,True
frozen,int2float,0,917,45,3,True
frozen,int2float,0,918,45,3,True
frozen,int2float,0,919,45,3,True
frozen,int2float,0,920,45,3,True
frozen,int2float,0,921,45,3,True
frozen,int2float,0,922,45,3,True
frozen,int2float,0,923,45,3,True
frozen,int2float,0,924,45,3,True
frozen,int2float,0,925,45,3,True
frozen,int2float,0,926,45,3,True
frozen,int2float,0,927,45,3,True
frozen,int2float,0,928,45,3,True
frozen,int2float,0,929,45,3,True
frozen,int2float,0,930,45,3,True
frozen,int2float,0,931,45,3,True
frozen,int2float,0,932,45,3,True
frozen,int2float,0,933,45,3,True
frozen,int2float,0,934,45,3,True
frozen,int2float,0,935,45,3,True
frozen,int2float,0,936,45,3,True
frozen,int2float,0,937,45,3,True
frozen,int2float,0,938,45,3,True
frozen,int2float,0,939,45,3,True
frozen,int2float,0,940,45,3,True
frozen,int2float,0,941,45,3,True
frozen,int2float,0,942,45,3,True
frozen,int2float,0,943,45,3,True
frozen,int2float,0,944,45,3,True
frozen,int2float,0,945,45,3,True
frozen,int2float,0,946,45,3,True
frozen,int2float,0,947,45,3,True
frozen,int2float,0,948,45,3,True
frozen,int2float,0,949,45,3,True
frozen,int2float,0,950,45,3,True
frozen,int2float,0,951,45,3,True
frozen,int2float,0,952,45,3,True
frozen,int2float,0,953,45,3,True
frozen,int2float,0,954,45,3,True
frozen,int2float,0,955,45,3,True
frozen,int2float,0,956,45,3,True
frozen,int2float,0,957,45,3,True
frozen,int2float,0,958,45,3,True
frozen,int2float,0,959,45,3,True
frozen,int2float,0,960,45,3,True
frozen,int2float,0,961,45,3,True
frozen,int2float,0,962,45,3,True
frozen,int2float,0,963,45,3,True
frozen,int2float,0,964,45,3,True
frozen,int2float,0,965,45,3,True
frozen,int2float,0,966,45,3,True
frozen,int2float,0,967,45,3,True
frozen,int2float,0,968,45,3,True
frozen,int2float,0,969,45,3,True
frozen,int2float,0,970,45,3,True
frozen,int2float,0,971,45,3,True
frozen,int2float,0,972,45,3,True
frozen,int2float,0,973,45,3,True
frozen,int2float,0,974,45,3,True
frozen,int2float,0,975,45,3,True
frozen,int2float,0,976,45,3,True
frozen,int2float,0,977,45,3,True
frozen,int2float,0,978,44,3,True
frozen,int2float,0,979,44,3,True
frozen,int2float,0,980,44,3,True
frozen,int2float,0,981,44,3,True
frozen,int2float,0,982,44,3,True
frozen,int2float,0,983,44,3,True
frozen,int2float,0,984,44,3,True
frozen,int2float,0,985,44,3,True
frozen,int2float,0,986,44,3,True
frozen,int2float,0,987,44,3,True
frozen,int2float,0,988,44,3,True
frozen,int2float,0,989,44,3,True
frozen,int2float,0,990,44,3,True
frozen,int2float,0,991,44,3,True
frozen,int2float,0,992,44,3,True
frozen,int2float,0,993,44,3,True
frozen,int2float,0,994,44,3,True
frozen,int2float,0,995,44,3,True
frozen,int2float,0,996,44,3,True
frozen,int2float,0,997,44,3,True
frozen,int2float,0,998,44,3,True
frozen,int2float,0,999,44,3,True
frozen,int2float,0,1000,44,3,True
frozen,int2float,1,1,49,3,True
frozen,int2float,1,2,49,3,True
frozen,int2float,1,3,49,3,True
frozen,int2float,1,4,49,3,True
frozen,int2float,1,5,49,3,True
frozen,int2float,1,6,48,3,True
frozen,int2float,1,7,47,3,True
frozen,int2float,1,8,47,3,True
frozen,int2float,1,9,47,3,True
frozen,int2float,1,10,46,3,True
frozen,int2float,1,11,46,3,True
frozen,int2float,1,12,46,3,True
frozen,int2float,1,13,46,3,True
frozen,int2float,1,14,46,3,True
frozen,int2float,1,15,46,3,True
frozen,int2float,1,16,46,3,True
frozen,int2float,1,17,46,3,True
frozen,int2float,1,18,46,3,True
frozen,int2float,1,19,46,3,True
frozen,int2float,1,20,46,3,True
frozen,int2float,1,21,46,3,True
frozen,int2float,1,22,46,3,True
frozen,int2float,1,23,46,3,True
frozen,int2float,1,24,46,3,True
frozen,int2float,1,25,46,3,True
frozen,int2float,1,26,46,3,True
frozen,int2float,1,27,46,3,True
frozen,int2float,1,28,46,3,True
frozen,int2float,1,29,46,3,True
frozen,int2float,1,30,46,3,True
frozen,int2float,1,31,46,3,True
frozen,int2float,1,32,46,3,True
frozen,int2float,1,33,46,3,True
frozen,int2float,1,34,46,3,True
frozen,int2float,1,35,46,3,True
frozen,int2float,1,36,46,3,True
frozen,int2float,1,37,46,3,True
frozen,int2float,1,38,46,3,True
frozen,int2float,1,39,46,3,True
frozen,int2float,1,40,46,3,True
frozen,int2float,1,41,46,3,True
frozen,int2float,1,42,46,3,True
frozen,int2float,1,43,46,3,True
frozen,int2float,1,44,46,3,True
frozen,int2float,1,45,46,3,True
frozen,int2float,1,46,46,3,True
frozen,int2float,1,47,46,3,True
frozen,int2float,1,48,46,3,True
frozen,int2float,1,49,46,3,True
frozen,int2float,1,50,46,3,True
frozen,int2float,1,51,46,3,True
frozen,int2float,1,52,46,3,True
frozen,int2float,1,53,46,3,True
frozen,int2float,1,54,46,3,True
frozen,int2float,1,55,46,3,True
frozen,int2float,1,56,46,3,True
frozen,int2float,1,57,46,3,True
frozen,int2float,1,58,46,3,True
frozen,int2float,1,59,46,3,True
frozen,int2float,1,60,46,3,True
frozen,int2float,1,61,46,3,True
frozen,int2float,1,62,46,3,True
frozen,int2float,1,63,46,3,True
frozen,int2float,1,64,46,3,True
frozen,int2float,1,65,46,3,True
frozen,int2float,1,66,44,3,True
frozen,int2float,1,67,44,3,True
frozen,int2float,1,68,44,3,True
frozen,int2float,1,69,44,3,True
frozen,int2float,1,70,44,3,True
frozen,int2float,1,71,44,3,True
frozen,int2float,1,72,44,3,True
frozen,int2float,1,73,44,3,True
frozen,int2float,1,74,44,3,True
frozen,int2float,1,75,44,3,True
frozen,int2float,1,76,44,3,True
frozen,int2float,1,77,44,3,True
frozen,int2float,1,78,44,3,True
frozen,int2float,1,79,44,3,True
frozen,int2float,1,80,44,3,True
frozen,int2float,1,81,44,3,True
frozen,int2float,1,82,44,3,True
frozen,int2float,1,83,44,3,True
frozen,int2float,1,84,44,3,True
frozen,int2float,1,85,44,3,True
frozen,int2float,1,86,44,3,True
frozen,int2float,1,87,44,3,True
frozen,int2float,1,88,44,3,True
frozen,int2float,1,89,44,3,True
frozen,int2float,1,90,44,3,True
frozen,int2float,1,91,44,3,True
frozen,int2float,1,92,44,3,True
frozen,int2float,1,93,44,3,True
frozen,int2float,1,94,44,3,True
frozen,int2float,1,95,44,3,True
frozen,int2float,1,96,44,3,True
frozen,int2float,1,97,44,3,True
frozen,int2float,1,98,44,3,True
frozen,int2float,1,99,44,3,True
frozen,int2float,1,100,44,3,True
frozen,int2float,1,101,44,3,True
frozen,int2float,1,102,44,3,True
frozen,int2float,1,103,44,3,True
frozen,int2float,1,104,44,3,True
frozen,int2float,1,105,44,3,True
frozen,int2float,1,106,44,3,True
frozen,int2float,1,107,44,3,True
frozen,int2float,1,108,44,3,True
frozen,int2float,1,109,44,3,True
frozen,int2float,1,110,44,3,True
frozen,int2float,1,111,44,3,True
frozen,int2float,1,112,44,3,True
frozen,int2float,1,113,44,3,True
frozen,int2float,1,114,44,3,True
frozen,int2float,1,115,44,3,True
frozen,int2float,1,116,44,3,True
frozen,int2float,1,117,44,3,True
frozen,int2float,1,118,44,3,True
frozen,int2float,1,119,44,3,True
frozen,int2float,1,120,44,3,True
frozen,int2float,1,121,44,3,True
frozen,int2float,1,122,44,3,True
frozen,int2float,1,123,44,3,True
frozen,int2float,1,124,44,3,True
frozen,int2float,1,125,44,3,True
frozen,int2float,1,126,44,3,True
frozen,int2float,1,127,44,3,True
frozen,int2float,1,128,44,3,True
frozen,int2float,1,129,44,3,True
frozen,int2float,1,130,44,3,True
frozen,int2float,1,131,44,3,True
frozen,int2float,1,132,44,3,True
frozen,int2float,1,133,44,3,True
frozen,int2float,1,134,44,3,True
frozen,int2float,1,135,44,3,True
frozen,int2float,1,136,44,3,True
frozen,int2float,1,137,44,3,True
frozen,int2float,1,138,44,3,True
frozen,int2float,1,139,44,3,True
frozen,int2float,1,140,44,3,True
frozen,int2float,1,141,44,3,True
frozen,int2float,1,142,44,3,True
frozen,int2float,1,143,44,3,True
frozen,int2float,1,144,44,3,True
frozen,int2float,1,145,44,3,True
frozen,int2float,1,146,44,3,True
frozen,int2float,1,147,44,3,True
frozen,int2float,1,148,44,3,True
frozen,int2float,1,149,44,3,True
frozen,int2float,1,150,44,3,True
frozen,int2float,1,151,44,3,True
frozen,int2float,1,152,44,3,True
frozen,int2float,1,153,44,3,True
frozen,int2float,1,154,44,3,True
frozen,int2float,1,155,44,3,True
frozen,int2float,1,156,44,3,True
frozen,int2float,1,157,44,3,True
frozen,int2float,1,158,44,3,True
frozen,int2float,1,159,44,3,True
frozen,int2float,1,160,44,3,True
frozen,int2float,1,161,44,3,True
frozen,int2float,1,162,44,3,True
frozen,int2float,1,163,44,3,True
frozen,int2float,1,164,44,3,True
frozen,int2float,1,165,44,3,True
frozen,int2float,1,166,44,3,True
frozen,int2float,1,167,44,3,True
frozen,int2float,1,168,44,3,True
frozen,int2float,1,169,44,3,True
frozen,int2float,1,170,44,3,True
frozen,int2float,1,171,44,3,True
frozen,int2float,1,172,44,3,True
frozen,int2float,1,173,44,3,True
frozen,int2float,1,174,44,3,True
frozen,int2float,1,175,44,3,True
frozen,int2float,1,176,44,3,True
frozen,int2float,1,177,44,3,True
frozen,int2float,1,178,44,3,True
frozen,int2float,1,179,44,3,True
frozen,int2float,1,180,44,3,True
frozen,int2float,1,181,44,3,True
frozen,int2float,1,182,44,3,True
frozen,int2float,1,183,44,3,True
frozen,int2float,1,184,44,3,True
frozen,int2float,1,185,44,3,True
frozen,int2float,1,186,44,3,True
frozen,int2float,1,187,44,3,True
frozen,int2float,1,188,44,3,True
frozen,int2float,1,189,44,3,True
frozen,int2float,1,190,44,3,True
frozen,int2float,1,191,44,3,True
frozen,int2float,1,192,44,3,True
frozen,int2float,1,193,44,3,True
frozen,int2float,1,194,44,3,True
frozen,int2float,1,195,44,3,True
frozen,int2float,1,196,44,3,True
frozen,int2float,1,197,44,3,True
frozen,int2float,1,198,44,3,True
frozen,int2float,1,199,44,3,True
frozen,int2float,1,200,44,3,True
frozen,int2float,1,201,44,3,True
frozen,int2float,1,202,44,3,True
frozen,int2float,1,203,44,3,True
frozen,int2float,1,204,44,3,True
frozen,int2float,1,205,44,3,True
frozen,int2float,1,206,44,3,True
frozen,int2float,1,207,44,3,True
frozen,int2float,1,208,44,3,True
frozen,int2float,1,209,44,3,True
frozen,int2float,1,210,44,3,True
frozen,int2float,1,211,44,3,True
frozen,int2float,1,212,44,3,True
frozen,int2float,1,213,44,3,True
frozen,int2float,1,214,44,3,True
frozen,int2float,1,215,44,3,True
frozen,int2float,1,216,44,3,True
frozen,int2float,1,217,44,3,True
frozen,int2float,1,218,44,3,True
frozen,int2float,1,219,44,3,True
frozen,int2float,1,220,44,3,True
frozen,int2float,1,221,44,3,True
frozen,int2float,1,222,44,3,True
frozen,int2float,1,223,44,3,True
frozen,int2float,1,224,44,3,True
frozen,int2float,1,225,44,3,True
frozen,int2float,1,226,44,3,True
frozen,int2float,1,227,44,3,True
frozen,int2float,1,228,44,3,True
frozen,int2float,1,229,44,3,True
frozen,int2float,1,230,44,3,True
frozen,int2float,1,231,44,3,True
frozen,int2float,1,232,44,3,True
frozen,int2float,1,233,44,3,True
frozen,int2float,1,234,44,3,True
frozen,int2float,1,235,44,3,True
frozen,int2float,1,236,44,3,True
frozen,int2float,1,237,44,3,True
frozen,int2float,1,238,44,3,True
frozen,int2float,1,239,44,3,True
frozen,int2float,1,240,44,3,True
frozen,int2float,1,241,44,3,True
frozen,int2float,1,242,44,3,True
frozen,int2float,1,243,44,3,True
frozen,int2float,1,244,44,3,True
frozen,int2float,1,245,44,3,True
frozen,int2float,1,246,44,3,True
frozen,int2float,1,247,44,3,True
frozen,int2float,1,248,44,3,True
frozen,int2float,1,249,44,3,True
frozen,int2float,1,250,44,3,True
frozen,int2float,1,251,44,3,True
frozen,int2float,1,252,44,3,True
frozen,int2float,1,253,44,3,True
frozen,int2float,1,254,44,3,True
frozen,int2float,1,255,44,3,True
frozen,int2float,1,256,44,3,True
frozen,int2float,1,257,44,3,True
frozen,int2float,1,258,44,3,True
frozen,int2float,1,259,44,3,True
frozen,int2float,1,260,44,3,True
frozen,int2float,1,261,44,3,True
frozen,int2float,1,262,44,3,True
frozen,int2float,1,263,44,3,True
frozen,int2float,1,264,44,3,True
frozen,int2float,1,265,44,3,True
frozen,int2float,1,266,44,3,True
frozen,int2float,1,267,44,3,True
frozen,int2float,1,268,44,3,True
frozen,int2float,1,269,44,3,True
frozen,int2float,1,270,44,3,True
frozen,int2float,1,271,44,3,True
frozen,int2float,1,272,44,3,True
frozen,int2float,1,273,44,3,True
frozen,int2float,1,274,44,3,True
frozen,int2float,1,275,44,3,True
frozen,int2float,1,276,44,3,True
frozen,int2float,1,277,44,3,True
frozen,int2float,1,278,44,3,True
frozen,int2float,1,279,44,3,True
frozen,int2float,1,280,44,3,True
frozen,int2float,1,281,44,3,True
frozen,int2float,1,282,44,3,True
frozen,int2float,1,283,44,3,True
frozen,int2float,1,284,44,3,True
frozen,int2float,1,285,44,3,True
frozen,int2float,1,286,44,3,True
frozen,int2float,1,287,44,3,True
frozen,int2float,1,288,44,3,True
frozen,int2float,1,289,44,3,True
frozen,int2float,1,290,44,3,True
frozen,int2float,1,291,44,3,True
frozen,int2float,1,292,44,3,True
frozen,int2float,1,293,44,3,True
frozen,int2float,1,294,44,3,True
frozen,int2float,1,295,44,3,True
frozen,int2float,1,296,44,3,True
frozen,int2float,1,297,44,3,True
frozen,int2float,1,298,44,3,True
frozen,int2float,1,299,44,3,True
frozen,int2float,1,300,44,3,True
frozen,int2float,1,301,44,3,True
frozen,int2float,1,302,44,3,True
frozen,int2float,1,303,44,3,True
frozen,int2float,1,304,44,3,True
frozen,int2float,1,305,44,3,True
frozen,int2float,1,306,44,3,True
frozen,int2float,1,307,44,3,True
frozen,int2float,1,308,44,3,True
frozen,int2float,1,309,44,3,True
frozen,int2float,1,310,44,3,True
frozen,int2float,1,311,44,3,True
frozen,int2float,1,312,44,3,True
frozen,int2float,1,313,44,3,True
frozen,int2float,1,314,44,3,True
frozen,int2float,1,315,44,3,True
frozen,int2float,1,316,44,3,True
frozen,int2float,1,317,44,3,True
frozen,int2float,1,318,44,3,True
frozen,int2float,1,319,44,3,True
frozen,int2float,1,320,44,3,True
frozen,int2float,1,321,44,3,True
frozen,int2float,1,322,44,3,True
frozen,int2float,1,323,44,3,True
frozen,int2float,1,324,44,3,True
frozen,int2float,1,325,44,3,True
frozen,int2float,1,326,44,3,True
frozen,int2float,1,327,44,3,True
frozen,int2float,1,328,44,3,True
frozen,int2float,1,329,44,3,True
frozen,int2float,1,330,44,3,True
frozen,int2float,1,331,44,3,True
frozen,int2float,1,332,44,3,True
frozen,int2float,1,333,44,3,True
frozen,int2float,1,334,44,3,True
frozen,int2float,1,335,44,3,True
frozen,int2float,1,336,44,3,True
frozen,int2float,1,337,44,3,True
frozen,int2float,1,338,44,3,True
frozen,int2float,1,339,44,3,True
frozen,int2float,1,340,44,3,True
frozen,int2float,1,341,44,3,True
frozen,int2float,1,342,44,3,True
frozen,int2float,1,343,44,3,True
frozen,int2float,1,344,44,3,True
frozen,int2float,1,345,44,3,True
frozen,int2float,1,346,44,3,True
frozen,int2float,1,347,44,3,True
frozen,int2float,1,348,44,3,True
frozen,int2float,1,349,44,3,True
frozen,int2float,1,350,44,3,True
frozen,int2float,1,351,44,3,True
frozen,int2float,1,352,44,3,True
frozen,int2float,1,353,44,3,True
frozen,int2float,1,354,44,3,True
frozen,int2float,1,355,44,3,True
frozen,int2float,1,356,44,3,True
frozen,int2float,1,357,44,3,True
frozen,int2float,1,358,44,3,True
frozen,int2float,1,359,44,3,True
frozen,int2float,1,360,44,3,True
frozen,int2float,1,361,44,3,True
frozen,int2float,1,362,44,3,True
frozen,int2float,1,363,44,3,True
frozen,int2float,1,364,44,3,True
frozen,int2float,1,365,44,3,True
frozen,int2float,1,366,44,3,True
frozen,int2float,1,367,44,3,True
frozen,int2float,1,368,44,3,True
frozen,int2float,1,369,44,3,True
frozen,int2float,1,370,44,3,True
frozen,int2float,1,371,44,3,True
frozen,int2float,1,372,44,3,True
frozen,int2float,1,373,44,3,True
frozen,int2float,1,374,44,3,True
frozen,int2float,1,375,44,3,True
frozen,int2float,1,376,44,3,True
frozen,int2float,1,377,44,3,True
frozen,int2float,1,378,44,3,True
frozen,int2float,1,379,44,3,True
frozen,int2float,1,380,44,3,True
frozen,int2float,1,381,44,3,True
frozen,int2float,1,382,44,3,True
frozen,int2float,1,383,44,3,True
frozen,int2float,1,384,44,3,True
frozen,int2float,1,385,44,3,True
frozen,int2float,1,386,44,3,True
frozen,int2float,1,387,44,3,True
frozen,int2float,1,388,44,3,True
frozen,int2float,1,389,44,3,True
frozen,int2float,1,390,44,3,True
frozen,int2float,1,391,44,3,True
frozen,int2float,1,392,44,3,True
frozen,int2float,1,393,44,3,True
frozen,int2float,1,394,44,3,True
frozen,int2float,1,395,44,3,True
frozen,int2float,1,396,44,3,True
frozen,int2float,1,397,44,3,True
frozen,int2float,1,398,44,3,True
frozen,int2float,1,399,44,3,True
frozen,int2float,1,400,44,3,True
frozen,int2float,1,401,44,3,True
frozen,int2float,1,402,44,3,True
frozen,int2float,1,403,44,3,True
frozen,int2float,1,404,44,3,True
frozen,int2float,1,405,44,3,True
frozen,int2float,1,406,44,3,True
frozen,int2float,1,407,44,3,True
frozen,int2float,1,408,44,3,True
frozen,int2float,1,409,44,3,True
frozen,int2float,1,410,44,3,True
frozen,int2float,1,411,44,3,True
frozen,int2float,1,412,44,3,True
frozen,int2float,1,413,44,3,True
frozen,int2float,1,414,44,3,True
frozen,int2float,1,415,44,3,True
frozen,int2float,1,416,44,3,True
frozen,int2float,1,417,44,3,True
frozen,int2float,1,418,44,3,True
frozen,int2float,1,419,44,3,True
frozen,int2float,1,420,44,3,True
frozen,int2float,1,421,44,3,True
frozen,int2float,1,422,44,3,True
frozen,int2float,1,423,44,3,True
frozen,int2float,1,424,44,3,True
frozen,int2float,1,425,44,3,True
frozen,int2float,1,426,44,3,True
frozen,int2float,1,427,44,3,True
frozen,int2float,1,428,44,3,True
frozen,int2float,1,429,44,3,True
frozen,int2float,1,430,44,3,True
frozen,int2float,1,431,44,3,True
frozen,int2float,1,432,44,3,True
frozen,int2float,1,433,44,3,True
frozen,int2float,1,434,44,3,True
frozen,int2float,1,435,44,3,True
frozen,int2float,1,436,44,3,True
frozen,int2float,1,437,44,3,True
frozen,int2float,1,438,44,3,True
frozen,int2float,1,439,44,3,True
frozen,int2float,1,440,44,3,True
frozen,int2float,1,441,44,3,True
frozen,int2float,1,442,44,3,True
frozen,int2float,1,443,44,3,True
frozen,int2float,1,444,44,3,True
frozen,int2float,1,445,44,3,True
frozen,int2float,1,446,44,3,True
frozen,int2float,1,447,44,3,True
frozen,int2float,1,448,44,3,True
frozen,int2float,1,449,44,3,True
frozen,int2float,1,450,44,3,True
frozen,int2float,1,451,44,3,True
frozen,int2float,1,452,44,3,True
frozen,int2float,1,453,44,3,True
frozen,int2float,1,454,44,3,True
frozen,int2float,1,455,44,3,True
frozen,int2float,1,456,44,3,True
frozen,int2float,1,457,44,3,True
frozen,int2float,1,458,44,3,True
frozen,int2float,1,459,44,3,True
frozen,int2float,1,460,44,3,True
frozen,int2float,1,461,44,3,True
frozen,int2float,1,462,44,3,True
frozen,int2float,1,463,44,3,True
frozen,int2float,1,464,44,3,True
frozen,int2float,1,465,44,3,True
frozen,int2float,1,466,44,3,True
frozen,int2float,1,467,44,3,True
frozen,int2float,1,468,44,3,True
frozen,int2float,1,469,44,3,True
frozen,int2float,1,470,44,3,True
frozen,int2float,1,471,44,3,True
frozen,int2float,1,472,44,3,True
frozen,int2float,1,473,44,3,True
frozen,int2float,1,474,44,3,True
frozen,int2float,1,475,44,3,True
frozen,int2float,1,476,44,3,True
frozen,int2float,1,477,44,3,True
frozen,int2float,1,478,44,3,True
frozen,int2float,1,479,44,3,True
frozen,int2float,1,480,44,3,True
frozen,int2float,1,481,44,3,True
frozen,int2float,1,482,44,3,True
frozen,int2float,1,483,44,3,True
frozen,int2float,1,484,44,3,True
frozen,int2float,1,485,44,3,True
frozen,int2float,1,486,44,3,True
frozen,int2float,1,487,44,3,True
frozen,int2float,1,488,44,3,True
frozen,int2float,1,489,44,3,True
frozen,int2float,1,490,44,3,True
frozen,int2float,1,491,44,3,True
frozen,int2float,1,492,44,3,True
frozen,int2float,1,493,44,3,True
frozen,int2float,1,494,44,3,True
frozen,int2float,1,495,44,3,True
frozen,int2float,1,496,44,3,True
frozen,int2float,1,497,44,3,True
frozen,int2float,1,498,44,3,True
frozen,int2float,1,499,44,3,True
frozen,int2float,1,500,44,3,True
frozen,int2float,1,501,44,3,True
frozen,int2float,1,502,44,3,True
frozen,int2float,1,503,44,3,True
frozen,int2float,1,504,44,3,True
frozen,int2float,1,505,44,3,True
frozen,int2float,1,506,44,3,True
frozen,int2float,1,507,44,3,True
frozen,int2float,1,508,44,3,True
frozen,int2float,1,509,44,3,True
frozen,int2float,1,510,44,3,True
frozen,int2float,1,511,44,3,True
frozen,int2float,1,512,44,3,True
frozen,int2float,1,513,44,3,True
frozen,int2float,1,514,44,3,True
frozen,int2float,1,515,44,3,True
frozen,int2float,1,516,44,3,True
frozen,int2float,1,517,44,3,True
frozen,int2float,1,518,44,3,True
frozen,int2float,1,519,44,3,True
frozen,int2float,1,520,44,3,True
frozen,int2float,1,521,44,3,True
frozen,int2float,1,522,44,3,True
frozen,int2float,1,523,44,3,True
frozen,int2float,1,524,44,3,True
frozen,int2float,1,525,44,3,True
frozen,int2float,1,526,44,3,True
frozen,int2float,1,527,44,3,True
frozen,int2float,1,528,44,3,True
frozen,int2float,1,529,44,3,True
frozen,int2float,1,530,44,3,True
frozen,int2float,1,531,44,3,True
frozen,int2float,1,532,44,3,True
frozen,int2float,1,533,44,3,True
frozen,int2float,1,534,44,3,True
frozen,int2float,1,535,44,3,True
frozen,int2float,1,536,44,3,True
frozen,int2float,1,537,44,3,True
frozen,int2float,1,538,44,3,True
frozen,int2float,1,539,44,3,True
frozen,int2float,1,540,44,3,True
frozen,int2float,1,541,44,3,True
frozen,int2float,1,542,44,3,True
frozen,int2float,1,543,44,3,True
frozen,int2float,1,544,44,3,True
frozen,int2float,1,545,44,3,True
frozen,int2float,1,546,44,3,True
frozen,int2float,1,547,44,3,True
frozen,int2float,1,548,44,3,True
frozen,int2float,1,549,44,3,True
frozen,int2float,1,550,44,3,True
frozen,int2float,1,551,44,3,True
frozen,int2float,1,552,44,3,True
frozen,int2float,1,553,44,3,True
frozen,int2float,1,554,44,3,True
frozen,int2float,1,555,44,3,True
frozen,int2float,1,556,44,3,True
frozen,int2float,1,557,44,3,True
frozen,int2float,1,558,44,3,True
frozen,int2float,1,559,44,3,True
frozen,int2float,1,560,44,3,True
frozen,int2float,1,561,44,3,True
frozen,int2float,1,562,44,3,True
frozen,int2float,1,563,44,3,True
frozen,int2float,1,564,44,3,True
frozen,int2float,1,565,44,3,True
frozen,int2float,1,566,44,3,True
frozen,int2float,1,567,44,3,True
frozen,int2float,1,568,44,3,True
frozen,int2float,1,569,44,3,True
frozen,int2float,1,570,44,3,True
frozen,int2float,1,571,44,3,True
frozen,int2float,1,572,44,3,True
frozen,int2float,1,573,44,3,True
frozen,int2float,1,574,44,3,True
frozen,int2float,1,575,44,3,True
frozen,int2float,1,576,44,3,True
frozen,int2float,1,577,44,3,True
frozen,int2float,1,578,44,3,True
frozen,int2float,1,579,44,3,True
frozen,int2float,1,580,44,3,True
frozen,int2float,1,581,44,3,True
frozen,int2float,1,582,44,3,True
frozen,int2float,1,583,44,3,True
frozen,int2float,1,584,44,3,True
frozen,int2float,1,585,44,3,True
frozen,int2float,1,586,44,3,True
frozen,int2float,1,587,44,3,True
frozen,int2float,1,588,44,3,True
frozen,int2float,1,589,44,3,True
frozen,int2float,1,590,44,3,True
frozen,int2float,1,591,44,3,True
frozen,int2float,1,592,44,3,True
frozen,int2float,1,593,44,3,True
frozen,int2float,1,594,44,3,True
frozen,int2float,1,595,44,3,True
frozen,int2float,1,596,44,3,True
frozen,int2float,1,597,44,3,True
frozen,int2float,1,598,44,3,True
frozen,int2float,1,599,44,3,True
frozen,int2float,1,600,44,3,True
frozen,int2float,1,601,44,3,True
frozen,int2float,1,602,44,3,True
frozen,int2float,1,603,44,3,True
frozen,int2float,1,604,44,3,True
frozen,int2float,1,605,44,3,True
frozen,int2float,1,606,44,3,True
frozen,int2float,1,607,44,3,True
frozen,int2float,1,608,44,3,True
frozen,int2float,1,609,44,3,True
frozen,int2float,1,610,44,3,True
frozen,int2float,1,611,44,3,True
frozen,int2float,1,612,44,3,True
frozen,int2float,1,613,44,3,True
frozen,int2float,1,614,44,3,True
frozen,int2float,1,615,44,3,True
frozen,int2float,1,616,44,3,True
frozen,int2float,1,617,44,3,True
frozen,int2float,1,618,44,3,True
frozen,int2float,1,619,44,3,True
frozen,int2float,1,620,44,3,True
frozen,int2float,1,621,44,3,True
frozen,int2float,1,622,44,3,True
frozen,int2float,1,623,44,3,True
frozen,int2float,1,624,44,3,True
frozen,int2float,1,625,44,3,True
frozen,int2float,1,626,44,3,True
frozen,int2float,1,627,44,3,True
frozen,int2float,1,628,44,3,True
frozen,int2float,1,629,44,3,True
frozen,int2float,1,630,44,3,True
frozen,int2float,1,631,44,3,True
frozen,int2float,1,632,44,3,True
frozen,int2float,1,633,44,3,True
frozen,int2float,1,634,44,3,True
frozen,int2float,1,635,44,3,True
frozen,int2float,1,636,44,3,True
frozen,int2float,1,637,44,3,True
frozen,int2float,1,638,44,3,True
frozen,int2float,1,639,44,3,True
frozen,int2float,1,640,44,3,True
frozen,int2float,1,641,44,3,True
frozen,int2float,1,642,44,3,True
frozen,int2float,1,643,44,3,True
frozen,int2float,1,644,44,3,True
frozen,int2float,1,645,44,3,True
frozen,int2float,1,646,44,3,True
frozen,int2float,1,647,44,3,True
frozen,int2float,1,648,44,3,True
frozen,int2float,1,649,44,3,True
frozen,int2float,1,650,44,3,True
frozen,int2float,1,651,44,3,True
frozen,int2float,1,652,44,3,True
frozen,int2float,1,653,44,3,True
frozen,int2float,1,654,44,3,True
frozen,int2float,1,655,44,3,True
frozen,int2float,1,656,44,3,True
frozen,int2float,1,657,44,3,True
frozen,int2float,1,658,44,3,True
frozen,int2float,1,659,44,3,True
frozen,int2float,1,660,44,3,True
frozen,int2float,1,661,44,3,True
frozen,int2float,1,662,44,3,True
frozen,int2float,1,663,44,3,True
frozen,int2float,1,664,44,3,True
frozen,int2float,1,665,44,3,True
frozen,int2float,1,666,44,3,True
frozen,int2float,1,667,44,3,True
frozen,int2float,1,668,44,3,True
frozen,int2float,1,669,44,3,True
frozen,int2float,1,670,44,3,True
frozen,int2float,1,671,44,3,True
frozen,int2float,1,672,44,3,True
frozen,int2float,1,673,44,3,True
frozen,int2float,1,674,44,3,True
frozen,int2float,1,675,44,3,True
frozen,int2float,1,676,44,3,True
frozen,int2float,1,677,44,3,True
frozen,int2float,1,678,44,3,True
frozen,int2float,1,679,44,3,True
frozen,int2float,1,680,44,3,True
frozen,int2float,1,681,44,3,True
frozen,int2float,1,682,44,3,True
frozen,int2float,1,683,44,3,True
frozen,int2float,1,684,44,3,True
frozen,int2float,1,685,44,3,True
frozen,int2float,1,686,44,3,True
frozen,int2float,1,687,44,3,True
frozen,int2float,1,688,44,3,True
frozen,int2float,1,689,44,3,True
frozen,int2float,1,690,44,3,True
frozen,int2float,1,691,44,3,True
frozen,int2float,1,692,44,3,True
frozen,int2float,1,693,44,3,True
frozen,int2float,1,694,44,3,True
frozen,int2float,1,695,44,3,True
frozen,int2float,1,696,44,3,True
frozen,int2float,1,697,44,3,True
frozen,int2float,1,698,44,3,True
frozen,int2float,1,699,44,3,True
frozen,int2float,1,700,44,3,True
frozen,int2float,1,701,44,3,True
frozen,int2float,1,702,44,3,True
frozen,int2float,1,703,44,3,True
frozen,int2float,1,704,44,3,True
frozen,int2float,1,705,44,3,True
frozen,int2float,1,706,44,3,True
frozen,int2float,1,707,44,3,True
frozen,int2float,1,708,44,3,True
frozen,int2float,1,709,44,3,True
frozen,int2float,1,710,44,3,True
frozen,int2float,1,711,44,3,True
frozen,int2float,1,712,44,3,True
frozen,int2float,1,713,44,3,True
frozen,int2float,1,714,44,3,True
frozen,int2float,1,715,44,3,True
frozen,int2float,1,716,44,3,True
frozen,int2float,1,717,44,3,True
frozen,int2float,1,718,44,3,True
frozen,int2float,1,719,44,3,True
frozen,int2float,1,720,44,3,True
frozen,int2float,1,721,44,3,True
frozen,int2float,1,722,44,3,True
frozen,int2float,1,723,44,3,True
frozen,int2float,1,724,44,3,True
frozen,int2float,1,725,44,3,True
frozen,int2float,1,726,44,3,True
frozen,int2float,1,727,44,3,True
frozen,int2float,1,728,44,3,True
frozen,int2float,1,729,44,3,True
frozen,int2float,1,730,44,3,True
frozen,int2float,1,731,44,3,True
frozen,int2float,1,732,44,3,True
frozen,int2float,1,733,44,3,True
frozen,int2float,1,734,44,3,True
frozen,int2float,1,735,44,3,True
frozen,int2float,1,736,44,3,True
frozen,int2float,1,737,44,3,True
frozen,int2float,1,738,44,3,True
frozen,int2float,1,739,44,3,True
frozen,int2float,1,740,44,3,True
frozen,int2float,1,741,44,3,True
frozen,int2float,1,742,44,3,True
frozen,int2float,1,743,44,3,True
frozen,int2float,1,744,44,3,True
frozen,int2float,1,745,44,3,True
frozen,int2float,1,746,44,3,True
frozen,int2float,1,747,44,3,True
frozen,int2float,1,748,44,3,True
frozen,int2float,1,749,44,3,True
frozen,int2float,1,750,44,3,True
frozen,int2float,1,751,44,3,True
frozen,int2float,1,752,44,3,True
frozen,int2float,1,753,44,3,True
frozen,int2float,1,754,44,3,True
frozen,int2float,1,755,44,3,True
frozen,int2float,1,756,44,3,True
frozen,int2float,1,757,44,3,True
frozen,int2float,1,758,44,3,True
frozen,int2float,1,759,44,3,True
frozen,int2float,1,760,44,3,True
frozen,int2float,1,761,44,3,True
frozen,int2float,1,762,44,3,True
frozen,int2float,1,763,44,3,True
frozen,int2float,1,764,44,3,True
frozen,int2float,1,765,44,3,True
frozen,int2float,1,766,44,3,True
frozen,int2float,1,767,44,3,True
frozen,int2float,1,768,44,3,True
frozen,int2float,1,769,44,3,True
frozen,int2float,1,770,44,3,True
frozen,int2float,1,771,44,3,True
frozen,int2float,1,772,44,3,True
frozen,int2float,1,773,44,3,True
frozen,int2float,1,774,44,3,True
frozen,int2float,1,775,44,3,True
frozen,int2float,1,776,44,3,True
frozen,int2float,1,777,44,3,True
frozen,int2float,1,778,44,3,True
frozen,int2float,1,779,44,3,True
frozen,int2float,1,780,44,3,True
frozen,int2float,1,781,44,3,True
frozen,int2float,1,782,44,3,True
frozen,int2float,1,783,44,3,True
frozen,int2float,1,784,44,3,True
frozen,int2float,1,785,44,3,True
frozen,int2float,1,786,44,3,True
frozen,int2float,1,787,44,3,True
frozen,int2float,1,788,44,3,True
frozen,int2float,1,789,44,3,True
frozen,int2float,1,790,44,3,True
frozen,int2float,1,791,44,3,True
frozen,int2float,1,792,44,3,True
frozen,int2float,1,793,44,3,True
frozen,int2float,1,794,44,3,True
frozen,int2float,1,795,44,3,True
frozen,int2float,1,796,44,3,True
frozen,int2float,1,797,44,3,True
frozen,int2float,1,798,44,3,True
frozen,int2float,1,799,44,3,True
frozen,int2float,1,800,44,3,True
frozen,int2float,1,801,44,3,True
frozen,int2float,1,802,44,3,True
frozen,int2float,1,803,44,3,True
frozen,int2float,1,804,44,3,True
frozen,int2float,1,805,44,3,True
frozen,int2float,1,806,44,3,True
frozen,int2float,1,807,44,3,True
frozen,int2float,1,808,44,3,True
frozen,int2float,1,809,44,3,True
frozen,int2float,1,810,44,3,True
frozen,int2float,1,811,44,3,True
frozen,int2float,1,812,44,3,True
frozen,int2float,1,813,44,3,True
frozen,int2float,1,814,44,3,True
frozen,int2float,1,815,44,3,True
frozen,int2float,1,816,44,3,True
frozen,int2float,1,817,44,3,True
frozen,int2float,1,818,44,3,True
frozen,int2float,1,819,44,3,True
frozen,int2float,1,820,44,3,True
frozen,int2float,1,821,44,3,True
frozen,int2float,1,822,44,3,True
frozen,int2float,1,823,44,3,True
frozen,int2float,1,824,44,3,True
frozen,int2float,1,825,44,3,True
frozen,int2float,1,826,44,3,True
frozen,int2float,1,827,44,3,True
frozen,int2float,1,828,44,3,True
frozen,int2float,1,829,44,3,True
frozen,int2float,1,830,44,3,True
frozen,int2float,1,831,44,3,True
frozen,int2float,1,832,44,3,True
frozen,int2float,1,833,44,3,True
frozen,int2float,1,834,44,3,True
frozen,int2float,1,835,44,3,True
frozen,int2float,1,836,44,3,True
frozen,int2float,1,837,44,3,True
frozen,int2float,1,838,44,3,True
frozen,int2float,1,839,44,3,True
frozen,int2float,1,840,44,3,True
frozen,int2float,1,841,44,3,True
frozen,int2float,1,842,44,3,True
frozen,int2float,1,843,44,3,True
frozen,int2float,1,844,44,3,True
frozen,int2float,1,845,44,3,True
frozen,int2float,1,846,44,3,True
frozen,int2float,1,847,44,3,True
frozen,int2float,1,848,44,3,True
frozen,int2float,1,849,44,3,True
frozen,int2float,1,850,44,3,True
frozen,int2float,1,851,44,3,True
frozen,int2float,1,852,44,3,True
frozen,int2float,1,853,44,3,True
frozen,int2float,1,854,44,3,True
frozen,int2float,1,855,44,3,True
frozen,int2float,1,856,44,3,True
frozen,int2float,1,857,44,3,True
frozen,int2float,1,858,44,3,True
frozen,int2float,1,859,44,3,True
frozen,int2float,1,860,44,3,True
frozen,int2float,1,861,44,3,True
frozen,int2float,1,862,44,3,True
frozen,int2float,1,863,44,3,True
frozen,int2float,1,864,44,3,True
frozen,int2float,1,865,44,3,True
frozen,int2float,1,866,44,3,True
frozen,int2float,1,867,44,3,True
frozen,int2float,1,868,44,3,True
frozen,int2float,1,869,44,3,True
frozen,int2float,1,870,44,3,True
frozen,int2float,1,871,44,3,True
frozen,int2float,1,872,44,3,True
frozen,int2float,1,873,44,3,True
frozen,int2float,1,874,44,3,True
frozen,int2float,1,875,44,3,True
frozen,int2float,1,876,44,3,True
frozen,int2float,1,877,44,3,True
frozen,int2float,1,878,44,3,True
frozen,int2float,1,879,44,3,True
frozen,int2float,1,880,44,3,True
frozen,int2float,1,881,44,3,True
frozen,int2float,1,882,44,3,True
frozen,int2float,1,883,44,3,True
frozen,int2float,1,884,44,3,True
frozen,int2float,1,885,44,3,True
frozen,int2float,1,886,44,3,True
frozen,int2float,1,887,44,3,True
frozen,int2float,1,888,44,3,True
frozen,int2float,1,889,44,3,True
frozen,int2float,1,890,44,3,True
frozen,int2float,1,891,44,3,True
frozen,int2float,1,892,44,3,True
frozen,int2float,1,893,44,3,True
frozen,int2float,1,894,44,3,True
frozen,int2float,1,895,44,3,True
frozen,int2float,1,896,44,3,True
frozen,int2float,1,897,44,3,True
frozen,int2float,1,898,44,3,True
frozen,int2float,1,899,44,3,True
frozen,int2float,1,900,44,3,True
frozen,int2float,1,901,44,3,True
frozen,int2float,1,902,44,3,True
frozen,int2float,1,903,44,3,True
frozen,int2float,1,904,44,3,True
frozen,int2float,1,905,44,3,True
frozen,int2float,1,906,44,3,True
frozen,int2float,1,907,44,3,True
frozen,int2float,1,908,44,3,True
frozen,int2float,1,909,44,3,True
frozen,int2float,1,910,44,3,True
frozen,int2float,1,911,44,3,True
frozen,int2float,1,912,44,3,True
frozen,int2float,1,913,44,3,True
frozen,int2float,1,914,44,3,True
frozen,int2float,1,915,44,3,True
frozen,int2float,1,916,44,3,True
frozen,int2float,1,917,44,3,True
frozen,int2float,1,918,44,3,True
frozen,int2float,1,919,44,3,True
frozen,int2float,1,920,44,3,True
frozen,int2float,1,921,44,3,True
frozen,int2float,1,922,44,3,True
frozen,int2float,1,923,44,3,True
frozen,int2float,1,924,44,3,True
frozen,int2float,1,925,44,3,True
frozen,int2float,1,926,44,3,True
frozen,int2float,1,927,44,3,True
frozen,int2float,1,928,44,3,True
frozen,int2float,1,929,44,3,True
frozen,int2float,1,930,44,3,True
frozen,int2float,1,931,44,3,True
frozen,int2float,1,932,44,3,True
frozen,int2float,1,933,44,3,True
frozen,int2float,1,934,44,3,True
frozen,int2float,1,935,44,3,True
frozen,int2float,1,936,44,3,True
frozen,int2float,1,937,44,3,True
frozen,int2float,1,938,44,3,True
frozen,int2float,1,939,44,3,True
frozen,int2float,1,940,44,3,True
frozen,int2float,1,941,44,3,True
frozen,int2float,1,942,44,3,True
frozen,int2float,1,943,44,3,True
frozen,int2float,1,944,44,3,True
frozen,int2float,1,945,44,3,True
frozen,int2float,1,946,44,3,True
frozen,int2float,1,947,44,3,True
frozen,int2float,1,948,44,3,True
frozen,int2float,1,949,44,3,True
frozen,int2float,1,950,44,3,True
frozen,int2float,1,951,44,3,True
frozen,int2float,1,952,44,3,True
frozen,int2float,1,953,44,3,True
frozen,int2float,1,954,44,3,True
frozen,int2float,1,955,44,3,True
frozen,int2float,1,956,44,3,True
frozen,int2float,1,957,44,3,True
frozen,int2float,1,958,44,3,True
frozen,int2float,1,959,44,3,True
frozen,int2float,1,960,44,3,True
frozen,int2float,1,961,44,3,True
frozen,int2float,1,962,44,3,True
frozen,int2float,1,963,44,3,True
frozen,int2float,1,964,44,3,True
frozen,int2float,1,965,44,3,True
frozen,int2float,1,966,44,3,True
frozen,int2float,1,967,44,3,True
frozen,int2float,1,968,44,3,True
frozen,int2float,1,969,44,3,True
frozen,int2float,1,970,44,3,True
frozen,int2float,1,971,44,3,True
frozen,int2float,1,972,44,3,True
frozen,int2float,1,973,44,3,True
frozen,int2float,1,974,44,3,True
frozen,int2float,1,975,44,3,True
frozen,int2float,1,976,44,3,True
frozen,int2float,1,977,44,3,True
frozen,int2float,1,978,44,3,True
frozen,int2float,1,979,44,3,True
frozen,int2float,1,980,44,3,True
frozen,int2float,1,981,44,3,True
frozen,int2float,1,982,44,3,True
frozen,int2float,1,983,44,3,True
frozen,int2float,1,984,44,3,True
frozen,int2float,1,985,44,3,True
frozen,int2float,1,986,44,3,True
frozen,int2float,1,987,44,3,True
frozen,int2float,1,988,44,3,True
frozen,int2float,1,989,44,3,True
frozen,int2float,1,990,44,3,True
frozen,int2float,1,991,44,3,True
frozen,int2float,1,992,44,3,True
frozen,int2float,1,993,44,3,True
frozen,int2float,1,994,44,3,True
frozen,int2float,1,995,44,3,True
frozen,int2float,1,996,44,3,True
frozen,int2float,1,997,44,3,True
frozen,int2float,1,998,44,3,True
frozen,int2float,1,999,44,3,True
frozen,int2float,1,1000,44,3,True
frozen,int2float,2,1,49,3,True
frozen,int2float,2,2,49,3,True
frozen,int2float,2,3,48,3,True
frozen,int2float,2,4,48,3,True
frozen,int2float,2,5,48,3,True
frozen,int2float,2,6,46,3,True
frozen,int2float,2,7,46,3,True
frozen,int2float,2,8,46,3,True
frozen,int2float,2,9,46,3,True
frozen,int2float,2,10,46,3,True
frozen,int2float,2,11,46,3,True
frozen,int2float,2,12,46,3,True
frozen,int2float,2,13,46,3,True
frozen,int2float,2,14,46,3,True
frozen,int2float,2,15,46,3,True
frozen,int2float,2,16,46,3,True
frozen,int2float,2,17,46,3,True
frozen,int2float,2,18,46,3,True
frozen,int2float,2,19,46,3,True
frozen,int2float,2,20,46,3,True
frozen,int2float,2,21,46,3,True
frozen,int2float,2,22,46,3,True
frozen,int2float,2,23,46,3,True
frozen,int2float,2,24,46,3,True
frozen,int2float,2,25,46,3,True
frozen,int2float,2,26,46,3,True
frozen,int2float,2,27,46,3,True
frozen,int2float,2,28,46,3,True
frozen,int2float,2,29,46,3,True
frozen,int2float,2,30,46,3,True
frozen,int2float,2,31,46,3,True
frozen,int2float,2,32,46,3,True
frozen,int2float,2,33,46,3,True
frozen,int2float,2,34,46,3,True
frozen,int2float,2,35,46,3,True
frozen,int2float,2,36,46,3,True
frozen,int2float,2,37,46,3,True
frozen,int2float,2,38,46,3,True
frozen,int2float,2,39,46,3,True
frozen,int2float,2,40,46,3,True
frozen,int2float,2,41,46,3,True
frozen,int2float,2,42,46,3,True
frozen,int2float,2,43,46,3,True
frozen,int2float,2,44,46,3,True
frozen,int2float,2,45,46,3,True
frozen,int2float,2,46,46,3,True
frozen,int2float,2,47,46,3,True
frozen,int2float,2,48,46,3,True
frozen,int2float,2,49,46,3,True
frozen,int2float,2,50,46,3,True
frozen,int2float,2,51,46,3,True
frozen,int2float,2,52,46,3,True
frozen,int2float,2,53,46,3,True
frozen,int2float,2,54,46,3,True
frozen,int2float,2,55,46,3,True
frozen,int2float,2,56,46,3,True
frozen,int2float,2,57,46,3,True
frozen,int2float,2,58,46,3,True
frozen,int2float,2,59,46,3,True
frozen,int2float,2,60,46,3,True
frozen,int2float,2,61,46,3,True
frozen,int2float,2,62,46,3,True
frozen,int2float,2,63,46,3,True
frozen,int2float,2,64,46,3,True
frozen,int2float,2,65,46,3,True
frozen,int2float,2,66,46,3,True
frozen,int2float,2,67,46,3,True
frozen,int2float,2,68,46,3,True
frozen,int2float,2,69,46,3,True
frozen,int2float,2,70,46,3,True
frozen,int2float,2,71,46,3,True
frozen,int2float,2,72,46,3,True
frozen,int2float,2,73,46,3,True
frozen,int2float,2,74,46,3,True
frozen,int2float,2,75,46,3,True
frozen,int2float,2,76,46,3,True
frozen,int2float,2,77,46,3,True
frozen,int2float,2,78,46,3,True
frozen,int2float,2,79,46,3,True
frozen,int2float,2,80,46,3,True
frozen,int2float,2,81,46,3,True
frozen,int2float,2,82,46,3,True
frozen,int2float,2,83,46,3,True
frozen,int2float,2,84,46,3,True
frozen,int2float,2,85,46,3,True
frozen,int2float,2,86,46,3,True
frozen,int2float,2,87,46,3,True
frozen,int2float,2,88,46,3,True
frozen,int2float,2,89,46,3,True
frozen,int2float,2,90,46,3,True
frozen,int2float,2,91,46,3,True
frozen,int2float,2,92,46,3,True
frozen,int2float,2,93,46,3,True
frozen,int2float,2,94,46,3,True
frozen,int2float,2,95,46,3,True
frozen,int2float,2,96,46,3,True
frozen,int2float,2,97,46,3,True
frozen,int2float,2,98,46,3,True
frozen,int2float,2,99,46,3,True
frozen,int2float,2,100,46,3,True
frozen,int2float,2,101,46,3,True
frozen,int2float,2,102,46,3,True
frozen,int2float,2,103,46,3,True
frozen,int2float,2,104,46,3,True
frozen,int2float,2,105,46,3,True
frozen,int2float,2,106,46,3,True
frozen,int2float,2,107,46,3,True
frozen,int2float,2,108,46,3,True
frozen,int2float,2,109,46,3,True
frozen,int2float,2,110,46,3,True
frozen,int2float,2,111,46,3,True
frozen,int2float,2,112,46,3,True
frozen,int2float,2,113,46,3,True
frozen,int2float,2,114,46,3,True
frozen,int2float,2,115,46,3,True
frozen,int2float,2,116,46,3,True
frozen,int2float,2,117,46,3,True
frozen,int2float,2,118,46,3,True
frozen,int2float,2,119,46,3,True
frozen,int2float,2,120,46,3,True
frozen,int2float,2,121,46,3,True
frozen,int2float,2,122,46,3,True
frozen,int2float,2,123,46,3,True
frozen,int2float,2,124,46,3,True
frozen,int2float,2,125,46,3,True
frozen,int2float,2,126,46,3,True
frozen,int2float,2,127,46,3,True
frozen,int2float,2,128,46,3,True
frozen,int2float,2,129,46,3,True
frozen,int2float,2,130,46,3,True
frozen,int2float,2,131,46,3,True
frozen,int2float,2,132,46,3,True
frozen,int2float,2,133,46,3,True
frozen,int2float,2,134,46,3,True
frozen,int2float,2,135,46,3,True
frozen,int2float,2,136,46,3,True
frozen,int2float,2,137,46,3,True
frozen,int2float,2,138,46,3,True
frozen,int2float,2,139,46,3,True
frozen,int2float,2,140,46,3,True
frozen,int2float,2,141,46,3,True
frozen,int2float,2,142,46,3,True
frozen,int2float,2,143,46,3,True
frozen,int2float,2,144,46,3,True
frozen,int2float,2,145,46,3,True
frozen,int2float,2,146,46,3,True
frozen,int2float,2,147,46,3,True
frozen,int2float,2,148,44,3,True
frozen,int2float,2,149,44,3,True
frozen,int2float,2,150,44,3,True
frozen,int2float,2,151,44,3,True
frozen,int2float,2,152,44,3,True
frozen,int2float,2,153,44,3,True
frozen,int2float,2,154,44,3,True
frozen,int2float,2,155,44,3,True
frozen,int2float,2,156,44,3,True
frozen,int2float,2,157,44,3,True
frozen,int2float,2,158,44,3,True
frozen,int2float,2,159,44,3,True
frozen,int2float,2,160,44,3,True
frozen,int2float,2,161,44,3,True
frozen,int2float,2,162,44,3,True
frozen,int2float,2,163,44,3,True
frozen,int2float,2,164,44,3,True
frozen,int2float,2,165,44,3,True
frozen,int2float,2,166,44,3,True
frozen,int2float,2,167,44,3,True
frozen,int2float,2,168,44,3,True
frozen,int2float,2,169,44,3,True
frozen,int2float,2,170,44,3,True
frozen,int2float,2,171,44,3,True
frozen,int2float,2,172,44,3,True
frozen,int2float,2,173,44,3,True
frozen,int2float,2,174,44,3,True
frozen,int2float,2,175,44,3,True
frozen,int2float,2,176,44,3,True
frozen,int2float,2,177,44,3,True
frozen,int2float,2,178,44,3,True
frozen,int2float,2,179,44,3,True
frozen,int2float,2,180,44,3,True
frozen,int2float,2,181,44,3,True
frozen,int2float,2,182,44,3,True
frozen,int2float,2,183,44,3,True
frozen,int2float,2,184,44,3,True
frozen,int2float,2,185,44,3,True
frozen,int2float,2,186,44,3,True
frozen,int2float,2,187,44,3,True
frozen,int2float,2,188,44,3,True
frozen,int2float,2,189,44,3,True
frozen,int2float,2,190,44,3,True
frozen,int2float,2,191,44,3,True
frozen,int2float,2,192,44,3,True
frozen,int2float,2,193,44,3,True
frozen,int2float,2,194,44,3,True
frozen,int2float,2,195,44,3,True
frozen,int2float,2,196,44,3,True
frozen,int2float,2,197,44,3,True
frozen,int2float,2,198,44,3,True
frozen,int2float,2,199,44,3,True
frozen,int2float,2,200,44,3,True
frozen,int2float,2,201,44,3,True
frozen,int2float,2,202,44,3,True
frozen,int2float,2,203,44,3,True
frozen,int2float,2,204,44,3,True
frozen,int2float,2,205,44,3,True
frozen,int2float,2,206,44,3,True
frozen,int2float,2,207,44,3,True
frozen,int2float,2,208,44,3,True
frozen,int2float,2,209,44,3,True
frozen,int2float,2,210,44,3,True
frozen,int2float,2,211,44,3,True
frozen,int2float,2,212,44,3,True
frozen,int2float,2,213,44,3,True
frozen,int2float,2,214,44,3,True
frozen,int2float,2,215,44,3,True
frozen,int2float,2,216,44,3,True
frozen,int2float,2,217,44,3,True
frozen,int2float,2,218,44,3,True
frozen,int2float,2,219,44,3,True
frozen,int2float,2,220,44,3,True
frozen,int2float,2,221,44,3,True
frozen,int2float,2,222,44,3,True
frozen,int2float,2,223,44,3,True
frozen,int2float,2,224,44,3,True
frozen,int2float,2,225,44,3,True
frozen,int2float,2,226,44,3,True
frozen,int2float,2,227,44,3,True
frozen,int2float,2,228,44,3,True
frozen,int2float,2,229,44,3,True
frozen,int2float,2,230,44,3,True
frozen,int2float,2,231,44,3,True
frozen,int2float,2,232,44,3,True
frozen,int2float,2,233,44,3,True
frozen,int2float,2,234,44,3,True
frozen,int2float,2,235,44,3,True
frozen,int2float,2,236,44,3,True
frozen,int2float,2,237,44,3,True
frozen,int2float,2,238,44,3,True
frozen,int2float,2,239,44,3,True
frozen,int2float,2,240,44,3,True
frozen,int2float,2,241,44,3,True
frozen,int2float,2,242,44,3,True
frozen,int2float,2,243,44,3,True
frozen,int2float,2,244,44,3,True
frozen,int2float,2,245,44,3,True
frozen,int2float,2,246,44,3,True
frozen,int2float,2,247,44,3,True
frozen,int2float,2,248,44,3,True
frozen,int2float,2,249,44,3,True
frozen,int2float,2,250,44,3,True
frozen,int2float,2,251,44,3,True
frozen,int2float,2,252,44,3,True
frozen,int2float,2,253,44,3,True
frozen,int2float,2,254,44,3,True
frozen,int2float,2,255,44,3,True
frozen,int2float,2,256,44,3,True
frozen,int2float,2,257,44,3,True
frozen,int2float,2,258,44,3,True
frozen,int2float,2,259,44,3,True
frozen,int2float,2,260,44,3,True
frozen,int2float,2,261,44,3,True
frozen,int2float,2,262,44,3,True
frozen,int2float,2,263,44,3,True
frozen,int2float,2,264,44,3,True
frozen,int2float,2,265,44,3,True
frozen,int2float,2,266,44,3,True
frozen,int2float,2,267,44,3,True
frozen,int2float,2,268,44,3,True
frozen,int2float,2,269,44,3,True
frozen,int2float,2,270,44,3,True
frozen,int2float,2,271,44,3,True
frozen,int2float,2,272,44,3,True
frozen,int2float,2,273,44,3,True
frozen,int2float,2,274,44,3,True
frozen,int2float,2,275,44,3,True
frozen,int2float,2,276,44,3,True
frozen,int2float,2,277,44,3,True
frozen,int2float,2,278,44,3,True
frozen,int2float,2,279,44,3,True
frozen,int2float,2,280,44,3,True
frozen,int2float,2,281,44,3,True
frozen,int2float,2,282,44,3,True
frozen,int2float,2,283,44,3,True
frozen,int2float,2,284,44,3,True
frozen,int2float,2,285,44,3,True
frozen,int2float,2,286,44,3,True
frozen,int2float,2,287,44,3,True
frozen,int2float,2,288,44,3,True
frozen,int2float,2,289,44,3,True
frozen,int2float,2,290,44,3,True
frozen,int2float,2,291,44,3,True
frozen,int2float,2,292,44,3,True
frozen,int2float,2,293,44,3,True
frozen,int2float,2,294,44,3,True
frozen,int2float,2,295,44,3,True
frozen,int2float,2,296,44,3,True
frozen,int2float,2,297,44,3,True
frozen,int2float,2,298,44,3,True
frozen,int2float,2,299,44,3,True
frozen,int2float,2,300,44,3,True
frozen,int2float,2,301,44,3,True
frozen,int2float,2,302,44,3,True
frozen,int2float,2,303,44,3,True
frozen,int2float,2,304,44,3,True
frozen,int2float,2,305,44,3,True
frozen,int2float,2,306,44,3,True
frozen,int2float,2,307,44,3,True
frozen,int2float,2,308,44,3,True
frozen,int2float,2,309,44,3,True
frozen,int2float,2,310,44,3,True
frozen,int2float,2,311,44,3,True
frozen,int2float,2,312,44,3,True
frozen,int2float,2,313,44,3,True
frozen,int2float,2,314,44,3,True
frozen,int2float,2,315,44,3,True
frozen,int2float,2,316,44,3,True
frozen,int2float,2,317,44,3,True
frozen,int2float,2,318,44,3,True
frozen,int2float,2,319,44,3,True
frozen,int2float,2,320,44,3,True
frozen,int2float,2,321,44,3,True
frozen,int2float,2,322,44,3,True
frozen,int2float,2,323,44,3,True
frozen,int2float,2,324,44,3,True
frozen,int2float,2,325,44,3,True
frozen,int2float,2,326,44,3,True
frozen,int2float,2,327,44,3,True
frozen,int2float,2,328,44,3,True
frozen,int2float,2,329,44,3,True
frozen,int2float,2,330,44,3,True
frozen,int2float,2,331,44,3,True
frozen,int2float,2,332,44,3,True
frozen,int2float,2,333,44,3,True
frozen,int2float,2,334,44,3,True
frozen,int2float,2,335,44,3,True
frozen,int2float,2,336,44,3,True
frozen,int2float,2,337,44,3,True
frozen,int2float,2,338,44,3,True
frozen,int2float,2,339,44,3,True
frozen,int2float,2,340,44,3,True
frozen,int2float,2,341,44,3,True
frozen,int2float,2,342,44,3,True
frozen,int2float,2,343,44,3,True
frozen,int2float,2,344,44,3,True
frozen,int2float,2,345,44,3,True
frozen,int2float,2,346,44,3,True
frozen,int2float,2,347,44,3,True
frozen,int2float,2,348,44,3,True
frozen,int2float,2,349,44,3,True
frozen,int2float,2,350,44,3,True
frozen,int2float,2,351,44,3,True
frozen,int2float,2,352,44,3,True
frozen,int2float,2,353,44,3,True
frozen,int2float,2,354,44,3,True
frozen,int2float,2,355,44,3,True
frozen,int2float,2,356,44,3,True
frozen,int2float,2,357,44,3,True
frozen,int2float,2,358,44,3,True
frozen,int2float,2,359,44,3,True
frozen,int2float,2,360,44,3,True
frozen,int2float,2,361,44,3,True
frozen,int2float,2,362,44,3,True
frozen,int2float,2,363,44,3,True
frozen,int2float,2,364,44,3,True
frozen,int2float,2,365,44,3,True
frozen,int2float,2,366,44,3,True
frozen,int2float,2,367,44,3,True
frozen,int2float,2,368,44,3,True
frozen,int2float,2,369,44,3,True
frozen,int2float,2,370,44,3,True
frozen,int2float,2,371,44,3,True
frozen,int2float,2,372,44,3,True
frozen,int2float,2,373,44,3,True
frozen,int2float,2,374,44,3,True
frozen,int2float,2,375,44,3,True
frozen,int2float,2,376,44,3,True
frozen,int2float,2,377,44,3,True
frozen,int2float,2,378,44,3,True
frozen,int2float,2,379,44,3,True
frozen,int2float,2,380,44,3,True
frozen,int2float,2,381,44,3,True
frozen,int2float,2,382,44,3,True
frozen,int2float,2,383,44,3,True
frozen,int2float,2,384,44,3,True
frozen,int2float,2,385,44,3,True
frozen,int2float,2,386,44,3,True
frozen,int2float,2,387,44,3,True
frozen,int2float,2,388,44,3,True
frozen,int2float,2,389,44,3,True
frozen,int2float,2,390,44,3,True
frozen,int2float,2,391,44,3,True
frozen,int2float,2,392,44,3,True
frozen,int2float,2,393,44,3,True
frozen,int2float,2,394,44,3,True
frozen,int2float,2,395,44,3,True
frozen,int2float,2,396,44,3,True
frozen,int2float,2,397,44,3,True
frozen,int2float,2,398,44,3,True
frozen,int2float,2,399,44,3,True
frozen,int2float,2,400,44,3,True
frozen,int2float,2,401,44,3,True
frozen,int2float,2,402,44,3,True
frozen,int2float,2,403,44,3,True
frozen,int2float,2,404,44,3,True
frozen,int2float,2,405,44,3,True
frozen,int2float,2,406,44,3,True
frozen,int2float,2,407,44,3,True
frozen,int2float,2,408,44,3,True
frozen,int2float,2,409,44,3,True
frozen,int2float,2,410,44,3,True
frozen,int2float,2,411,44,3,True
frozen,int2float,2,412,44,3,True
frozen,int2float,2,413,44,3,True
frozen,int2float,2,414,44,3,True
frozen,int2float,2,415,44,3,True
frozen,int2float,2,416,44,3,True
frozen,int2float,2,417,44,3,True
frozen,int2float,2,418,44,3,True
frozen,int2float,2,419,44,3,True
frozen,int2float,2,420,44,3,True
frozen,int2float,2,421,44,3,True
frozen,int2float,2,422,44,3,True
frozen,int2float,2,423,44,3,True
frozen,int2float,2,424,44,3,True
frozen,int2float,2,425,44,3,True
frozen,int2float,2,426,44,3,True
frozen,int2float,2,427,44,3,True
frozen,int2float,2,428,44,3,True
frozen,int2float,2,429,44,3,True
frozen,int2float,2,430,44,3,True
frozen,int2float,2,431,44,3,True
frozen,int2float,2,432,44,3,True
frozen,int2float,2,433,44,3,True
frozen,int2float,2,434,44,3,True
frozen,int2float,2,435,44,3,True
frozen,int2float,2,436,44,3,True
frozen,int2float,2,437,44,3,True
frozen,int2float,2,438,44,3,True
frozen,int2float,2,439,44,3,True
frozen,int2float,2,440,44,3,True
frozen,int2float,2,441,44,3,True
frozen,int2float,2,442,44,3,True
frozen,int2float,2,443,44,3,True
frozen,int2float,2,444,44,3,True
frozen,int2float,2,445,44,3,True
frozen,int2float,2,446,44,3,True
frozen,int2float,2,447,44,3,True
frozen,int2float,2,448,44,3,True
frozen,int2float,2,449,44,3,True
frozen,int2float,2,450,44,3,True
frozen,int2float,2,451,44,3,True
frozen,int2float,2,452,44,3,True
frozen,int2float,2,453,44,3,True
frozen,int2float,2,454,44,3,True
frozen,int2float,2,455,44,3,True
frozen,int2float,2,456,44,3,True
frozen,int2float,2,457,44,3,True
frozen,int2float,2,458,44,3,True
frozen,int2float,2,459,44,3,True
frozen,int2float,2,460,44,3,True
frozen,int2float,2,461,44,3,True
frozen,int2float,2,462,44,3,True
frozen,int2float,2,463,44,3,True
frozen,int2float,2,464,44,3,True
frozen,int2float,2,465,44,3,True
frozen,int2float,2,466,44,3,True
frozen,int2float,2,467,44,3,True
frozen,int2float,2,468,44,3,True
frozen,int2float,2,469,44,3,True
frozen,int2float,2,470,43,3,True
frozen,int2float,2,471,43,3,True
frozen,int2float,2,472,43,3,True
frozen,int2float,2,473,43,3,True
frozen,int2float,2,474,43,3,True
frozen,int2float,2,475,43,3,True
frozen,int2float,2,476,43,3,True
frozen,int2float,2,477,43,3,True
frozen,int2float,2,478,43,3,True
frozen,int2float,2,479,43,3,True
frozen,int2float,2,480,43,3,True
frozen,int2float,2,481,43,3,True
frozen,int2float,2,482,43,3,True
frozen,int2float,2,483,43,3,True
frozen,int2float,2,484,43,3,True
frozen,int2float,2,485,43,3,True
frozen,int2float,2,486,43,3,True
frozen,int2float,2,487,43,3,True
frozen,int2float,2,488,43,3,True
frozen,int2float,2,489,43,3,True
frozen,int2float,2,490,43,3,True
frozen,int2float,2,491,43,3,True
frozen,int2float,2,492,43,3,True
frozen,int2float,2,493,43,3,True
frozen,int2float,2,494,43,3,True
frozen,int2float,2,495,43,3,True
frozen,int2float,2,496,43,3,True
frozen,int2float,2,497,43,3,True
frozen,int2float,2,498,43,3,True
frozen,int2float,2,499,43,3,True
frozen,int2float,2,500,43,3,True
frozen,int2float,2,501,43,3,True
frozen,int2float,2,502,43,3,True
frozen,int2float,2,503,43,3,True
frozen,int2float,2,504,43,3,True
frozen,int2float,2,505,43,3,True
frozen,int2float,2,506,43,3,True
frozen,int2float,2,507,43,3,True
frozen,int2float,2,508,43,3,True
frozen,int2float,2,509,43,3,True
frozen,int2float,2,510,43,3,True
frozen,int2float,2,511,43,3,True
frozen,int2float,2,512,43,3,True
frozen,int2float,2,513,43,3,True
frozen,int2float,2,514,43,3,True
frozen,int2float,2,515,43,3,True
frozen,int2float,2,516,43,3,True
frozen,int2float,2,517,43,3,True
frozen,int2float,2,518,43,3,True
frozen,int2float,2,519,43,3,True
frozen,int2float,2,520,43,3,True
frozen,int2float,2,521,43,3,True
frozen,int2float,2,522,43,3,True
frozen,int2float,2,523,43,3,True
frozen,int2float,2,524,43,3,True
frozen,int2float,2,525,43,3,True
frozen,int2float,2,526,43,3,True
frozen,int2float,2,527,43,3,True
frozen,int2float,2,528,43,3,True
frozen,int2float,2,529,43,3,True
frozen,int2float,2,530,43,3,True
frozen,int2float,2,531,43,3,True
frozen,int2float,2,532,43,3,True
frozen,int2float,2,533,43,3,True
frozen,int2float,2,534,43,3,True
frozen,int2float,2,535,43,3,True
frozen,int2float,2,536,43,3,True
frozen,int2float,2,537,43,3,True
frozen,int2float,2,538,43,3,True
frozen,int2float,2,539,43,3,True
frozen,int2float,2,540,43,3,True
frozen,int2float,2,541,43,3,True
frozen,int2float,2,542,43,3,True
frozen,int2float,2,543,43,3,True
frozen,int2float,2,544,43,3,True
frozen,int2float,2,545,43,3,True
frozen,int2float,2,546,43,3,True
frozen,int2float,2,547,43,3,True
frozen,int2float,2,548,43,3,True
frozen,int2float,2,549,43,3,True
frozen,int2float,2,550,43,3,True
frozen,int2float,2,551,43,3,True
frozen,int2float,2,552,43,3,True
frozen,int2float,2,553,43,3,True
frozen,int2float,2,554,43,3,True
frozen,int2float,2,555,43,3,True
frozen,int2float,2,556,43,3,True
frozen,int2float,2,557,43,3,True
frozen,int2float,2,558,43,3,True
frozen,int2float,2,559,43,3,True
frozen,int2float,2,560,43,3,True
frozen,int2float,2,561,43,3,True
frozen,int2float,2,562,43,3,True
frozen,int2float,2,563,43,3,True
frozen,int2float,2,564,43,3,True
frozen,int2float,2,565,43,3,True
frozen,int2float,2,566,43,3,True
frozen,int2float,2,567,43,3,True
frozen,int2float,2,568,43,3,True
frozen,int2float,2,569,43,3,True
frozen,int2float,2,570,43,3,True
frozen,int2float,2,571,43,3,True
frozen,int2float,2,572,43,3,True
frozen,int2float,2,573,43,3,True
frozen,int2float,2,574,43,3,True
frozen,int2float,2,575,43,3,True
frozen,int2float,2,576,43,3,True
frozen,int2float,2,577,43,3,True
frozen,int2float,2,578,43,3,True
frozen,int2float,2,579,43,3,True
frozen,int2float,2,580,43,3,True
frozen,int2float,2,581,43,3,True
frozen,int2float,2,582,43,3,True
frozen,int2float,2,583,43,3,True
frozen,int2float,2,584,43,3,True
frozen,int2float,2,585,43,3,True
frozen,int2float,2,586,43,3,True
frozen,int2float,2,587,43,3,True
frozen,int2float,2,588,43,3,True
frozen,int2float,2,589,43,3,True
frozen,int2float,2,590,43,3,True
frozen,int2float,2,591,43,3,True
frozen,int2float,2,592,43,3,True
frozen,int2float,2,593,43,3,True
frozen,int2float,2,594,43,3,True
frozen,int2float,2,595,43,3,True
frozen,int2float,2,596,43,3,True
frozen,int2float,2,597,43,3,True
frozen,int2float,2,598,43,3,True
frozen,int2float,2,599,43,3,True
frozen,int2float,2,600,43,3,True
frozen,int2float,2,601,43,3,True
frozen,int2float,2,602,43,3,True
frozen,int2float,2,603,43,3,True
frozen,int2float,2,604,43,3,True
frozen,int2float,2,605,43,3,True
frozen,int2float,2,606,43,3,True
frozen,int2float,2,607,43,3,True
frozen,int2float,2,608,43,3,True
frozen,int2float,2,609,43,3,True
frozen,int2float,2,610,43,3,True
frozen,int2float,2,611,43,3,True
frozen,int2float,2,612,43,3,True
frozen,int2float,2,613,43,3,True
frozen,int2float,2,614,43,3,True
frozen,int2float,2,615,43,3,True
frozen,int2float,2,616,43,3,True
frozen,int2float,2,617,43,3,True
frozen,int2float,2,618,43,3,True
frozen,int2float,2,619,43,3,True
frozen,int2float,2,620,43,3,True
frozen,int2float,2,621,43,3,True
frozen,int2float,2,622,43,3,True
frozen,int2float,2,623,43,3,True
frozen,int2float,2,624,43,3,True
frozen,int2float,2,625,43,3,True
frozen,int2float,2,626,43,3,True
frozen,int2float,2,627,43,3,True
frozen,int2float,2,628,43,3,True
frozen,int2float,2,629,43,3,True
frozen,int2float,2,630,43,3,True
frozen,int2float,2,631,43,3,True
frozen,int2float,2,632,43,3,True
frozen,int2float,2,633,43,3,True
frozen,int2float,2,634,43,3,True
frozen,int2float,2,635,43,3,True
frozen,int2float,2,636,43,3,True
frozen,int2float,2,637,43,3,True
frozen,int2float,2,638,43,3,True
frozen,int2float,2,639,43,3,True
frozen,int2float,2,640,43,3,True
frozen,int2float,2,641,43,3,True
frozen,int2float,2,642,43,3,True
frozen,int2float,2,643,43,3,True
frozen,int2float,2,644,43,3,True
frozen,int2float,2,645,43,3,True
frozen,int2float,2,646,43,3,True
frozen,int2float,2,647,43,3,True
frozen,int2float,2,648,43,3,True
frozen,int2float,2,649,43,3,True
frozen,int2float,2,650,43,3,True
frozen,int2float,2,651,43,3,True
frozen,int2float,2,652,43,3,True
frozen,int2float,2,653,43,3,True
frozen,int2float,2,654,43,3,True
frozen,int2float,2,655,43,3,True
frozen,int2float,2,656,43,3,True
frozen,int2float,2,657,43,3,True
frozen,int2float,2,658,43,3,True
frozen,int2float,2,659,43,3,True
frozen,int2float,2,660,43,3,True
frozen,int2float,2,661,43,3,True
frozen,int2float,2,662,43,3,True
frozen,int2float,2,663,43,3,True
frozen,int2float,2,664,43,3,True
frozen,int2float,2,665,43,3,True
frozen,int2float,2,666,43,3,True
frozen,int2float,2,667,43,3,True
frozen,int2float,2,668,43,3,True
frozen,int2float,2,669,43,3,True
frozen,int2float,2,670,43,3,True
frozen,int2float,2,671,43,3,True
frozen,int2float,2,672,43,3,True
frozen,int2float,2,673,43,3,True
frozen,int2float,2,674,43,3,True
frozen,int2float,2,675,43,3,True
frozen,int2float,2,676,43,3,True
frozen,int2float,2,677,43,3,True
frozen,int2float,2,678,43,3,True
frozen,int2float,2,679,43,3,True
frozen,int2float,2,680,43,3,True
frozen,int2float,2,681,43,3,True
frozen,int2float,2,682,43,3,True
frozen,int2float,2,683,43,3,True
frozen,int2float,2,684,43,3,True
frozen,int2float,2,685,43,3,True
frozen,int2float,2,686,43,3,True
frozen,int2float,2,687,43,3,True
frozen,int2float,2,688,43,3,True
frozen,int2float,2,689,43,3,True
frozen,int2float,2,690,43,3,True
frozen,int2float,2,691,43,3,True
frozen,int2float,2,692,43,3,True
frozen,int2float,2,693,43,3,True
frozen,int2float,2,694,43,3,True
frozen,int2float,2,695,43,3,True
frozen,int2float,2,696,43,3,True
frozen,int2float,2,697,43,3,True
frozen,int2float,2,698,43,3,True
frozen,int2float,2,699,43,3,True
frozen,int2float,2,700,43,3,True
frozen,int2float,2,701,43,3,True
frozen,int2float,2,702,43,3,True
frozen,int2float,2,703,43,3,True
frozen,int2float,2,704,43,3,True
frozen,int2float,2,705,43,3,True
frozen,int2float,2,706,43,3,True
frozen,int2float,2,707,43,3,True
frozen,int2float,2,708,43,3,True
frozen,int2float,2,709,43,3,True
frozen,int2float,2,710,43,3,True
frozen,int2float,2,711,43,3,True
frozen,int2float,2,712,43,3,True
frozen,int2float,2,713,43,3,True
frozen,int2float,2,714,43,3,True
frozen,int2float,2,715,43,3,True
frozen,int2float,2,716,43,3,True
frozen,int2float,2,717,43,3,True
frozen,int2float,2,718,43,3,True
frozen,int2float,2,719,43,3,True
frozen,int2float,2,720,43,3,True
frozen,int2float,2,721,43,3,True
frozen,int2float,2,722,43,3,True
frozen,int2float,2,723,43,3,True
frozen,int2float,2,724,43,3,True
frozen,int2float,2,725,43,3,True
frozen,int2float,2,726,43,3,True
frozen,int2float,2,727,43,3,True
frozen,int2float,2,728,43,3,True
frozen,int2float,2,729,43,3,True
frozen,int2float,2,730,43,3,True
frozen,int2float,2,731,43,3,True
frozen,int2float,2,732,43,3,True
frozen,int2float,2,733,43,3,True
frozen,int2float,2,734,43,3,True
frozen,int2float,2,735,43,3,True
frozen,int2float,2,736,43,3,True
frozen,int2float,2,737,43,3,True
frozen,int2float,2,738,43,3,True
frozen,int2float,2,739,43,3,True
frozen,int2float,2,740,43,3,True
frozen,int2float,2,741,43,3,True
frozen,int2float,2,742,43,3,True
frozen,int2float,2,743,43,3,True
frozen,int2float,2,744,43,3,True
frozen,int2float,2,745,43,3,True
frozen,int2float,2,746,43,3,True
frozen,int2float,2,747,43,3,True
frozen,int2float,2,748,43,3,True
frozen,int2float,2,749,43,3,True
frozen,int2float,2,750,43,3,True
frozen,int2float,2,751,43,3,True
frozen,int2float,2,752,43,3,True
frozen,int2float,2,753,43,3,True
frozen,int2float,2,754,43,3,True
frozen,int2float,2,755,43,3,True
frozen,int2float,2,756,43,3,True
frozen,int2float,2,757,43,3,True
frozen,int2float,2,758,43,3,True
frozen,int2float,2,759,43,3,True
frozen,int2float,2,760,43,3,True
frozen,int2float,2,761,43,3,True
frozen,int2float,2,762,43,3,True
frozen,int2float,2,763,43,3,True
frozen,int2float,2,764,43,3,True
frozen,int2float,2,765,43,3,True
frozen,int2float,2,766,43,3,True
frozen,int2float,2,767,43,3,True
frozen,int2float,2,768,43,3,True
frozen,int2float,2,769,43,3,True
frozen,int2float,2,770,43,3,True
frozen,int2float,2,771,43,3,True
frozen,int2float,2,772,43,3,True
frozen,int2float,2,773,43,3,True
frozen,int2float,2,774,43,3,True
frozen,int2float,2,775,43,3,True
frozen,int2float,2,776,43,3,True
frozen,int2float,2,777,43,3,True
frozen,int2float,2,778,43,3,True
frozen,int2float,2,779,43,3,True
frozen,int2float,2,780,43,3,True
frozen,int2float,2,781,43,3,True
frozen,int2float,2,782,43,3,True
frozen,int2float,2,783,43,3,True
frozen,int2float,2,784,43,3,True
frozen,int2float,2,785,43,3,True
frozen,int2float,2,786,43,3,True
frozen,int2float,2,787,43,3,True
frozen,int2float,2,788,43,3,True
frozen,int2float,2,789,43,3,True
frozen,int2float,2,790,43,3,True
frozen,int2float,2,791,43,3,True
frozen,int2float,2,792,43,3,True
frozen,int2float,2,793,43,3,True
frozen,int2float,2,794,43,3,True
frozen,int2float,2,795,43,3,True
frozen,int2float,2,796,43,3,True
frozen,int2float,2,797,43,3,True
frozen,int2float,2,798,43,3,True
frozen,int2float,2,799,43,3,True
frozen,int2float,2,800,43,3,True
frozen,int2float,2,801,43,3,True
frozen,int2float,2,802,43,3,True
frozen,int2float,2,803,43,3,True
frozen,int2float,2,804,43,3,True
frozen,int2float,2,805,43,3,True
frozen,int2float,2,806,43,3,True
frozen,int2float,2,807,43,3,True
frozen,int2float,2,808,43,3,True
frozen,int2float,2,809,43,3,True
frozen,int2float,2,810,43,3,True
frozen,int2float,2,811,43,3,True
frozen,int2float,2,812,43,3,True
frozen,int2float,2,813,43,3,True
frozen,int2float,2,814,43,3,True
frozen,int2float,2,815,43,3,True
frozen,int2float,2,816,43,3,True
frozen,int2float,2,817,43,3,True
frozen,int2float,2,818,43,3,True
frozen,int2float,2,819,43,3,True
frozen,int2float,2,820,43,3,True
frozen,int2float,2,821,43,3,True
frozen,int2float,2,822,43,3,True
frozen,int2float,2,823,43,3,True
frozen,int2float,2,824,43,3,True
frozen,int2float,2,825,43,3,True
frozen,int2float,2,826,43,3,True
frozen,int2float,2,827,43,3,True
frozen,int2float,2,828,43,3,True
frozen,int2float,2,829,43,3,True
frozen,int2float,2,830,43,3,True
frozen,int2float,2,831,43,3,True
frozen,int2float,2,832,43,3,True
frozen,int2float,2,833,43,3,True
frozen,int2float,2,834,43,3,True
frozen,int2float,2,835,43,3,True
frozen,int2float,2,836,43,3,True
frozen,int2float,2,837,43,3,True
frozen,int2float,2,838,43,3,True
frozen,int2float,2,839,43,3,True
frozen,int2float,2,840,43,3,True
frozen,int2float,2,841,43,3,True
frozen,int2float,2,842,43,3,True
frozen,int2float,2,843,43,3,True
frozen,int2float,2,844,43,3,True
frozen,int2float,2,845,43,3,True
frozen,int2float,2,846,43,3,True
frozen,int2float,2,847,43,3,True
frozen,int2float,2,848,43,3,True
frozen,int2float,2,849,43,3,True
frozen,int2float,2,850,43,3,True
frozen,int2float,2,851,43,3,True
frozen,int2float,2,852,43,3,True
frozen,int2float,2,853,43,3,True
frozen,int2float,2,854,43,3,True
frozen,int2float,2,855,43,3,True
frozen,int2float,2,856,43,3,True
frozen,int2float,2,857,43,3,True
frozen,int2float,2,858,43,3,True
frozen,int2float,2,859,43,3,True
frozen,int2float,2,860,43,3,True
frozen,int2float,2,861,43,3,True
frozen,int2float,2,862,43,3,True
frozen,int2float,2,863,43,3,True
frozen,int2float,2,864,43,3,True
frozen,int2float,2,865,43,3,True
frozen,int2float,2,866,43,3,True
frozen,int2float,2,867,43,3,True
frozen,int2float,2,868,43,3,True
frozen,int2float,2,869,43,3,True
frozen,int2float,2,870,43,3,True
frozen,int2float,2,871,43,3,True
frozen,int2float,2,872,43,3,True
frozen,int2float,2,873,43,3,True
frozen,int2float,2,874,43,3,True
frozen,int2float,2,875,43,3,True
frozen,int2float,2,876,43,3,True
frozen,int2float,2,877,43,3,True
frozen,int2float,2,878,43,3,True
frozen,int2float,2,879,43,3,True
frozen,int2float,2,880,43,3,True
frozen,int2float,2,881,43,3,True
frozen,int2float,2,882,43,3,True
frozen,int2float,2,883,43,3,True
frozen,int2float,2,884,43,3,True
frozen,int2float,2,885,43,3,True
frozen,int2float,2,886,43,3,True
frozen,int2float,2,887,43,3,True
frozen,int2float,2,888,43,3,True
frozen,int2float,2,889,43,3,True
frozen,int2float,2,890,43,3,True
frozen,int2float,2,891,43,3,True
frozen,int2float,2,892,43,3,True
frozen,int2float,2,893,43,3,True
frozen,int2float,2,894,43,3,True
frozen,int2float,2,895,43,3,True
frozen,int2float,2,896,43,3,True
frozen,int2float,2,897,43,3,True
frozen,int2float,2,898,43,3,True
frozen,int2float,2,899,43,3,True
frozen,int2float,2,900,43,3,True
frozen,int2float,2,901,43,3,True
frozen,int2float,2,902,43,3,True
frozen,int2float,2,903,43,3,True
frozen,int2float,2,904,43,3,True
frozen,int2float,2,905,43,3,True
frozen,int2float,2,906,43,3,True
frozen,int2float,2,907,43,3,True
frozen,int2float,2,908,43,3,True
frozen,int2float,2,909,43,3,True
frozen,int2float,2,910,43,3,True
frozen,int2float,2,911,43,3,True
frozen,int2float,2,912,43,3,True
frozen,int2float,2,913,43,3,True
frozen,int2float,2,914,43,3,True
frozen,int2float,2,915,43,3,True
frozen,int2float,2,916,43,3,True
frozen,int2float,2,917,43,3,True
frozen,int2float,2,918,43,3,True
frozen,int2float,2,919,43,3,True
frozen,int2float,2,920,43,3,True
frozen,int2float,2,921,43,3,True
frozen,int2float,2,922,43,3,True
frozen,int2float,2,923,43,3,True
frozen,int2float,2,924,43,3,True
frozen,int2float,2,925,43,3,True
frozen,int2float,2,926,43,3,True
frozen,int2float,2,927,43,3,True
frozen,int2float,2,928,43,3,True
frozen,int2float,2,929,43,3,True
frozen,int2float,2,930,43,3,True
frozen,int2float,2,931,43,3,True
frozen,int2float,2,932,43,3,True
frozen,int2float,2,933,43,3,True
frozen,int2float,2,934,43,3,True
frozen,int2float,2,935,43,3,True
frozen,int2float,2,936,43,3,True
frozen,int2float,2,937,43,3,True
frozen,int2float,2,938,43,3,True
frozen,int2float,2,939,43,3,True
frozen,int2float,2,940,43,3,True
frozen,int2float,2,941,43,3,True
frozen,int2float,2,942,43,3,True
frozen,int2float,2,943,43,3,True
frozen,int2float,2,944,43,3,True
frozen,int2float,2,945,43,3,True
frozen,int2float,2,946,43,3,True
frozen,int2float,2,947,43,3,True
frozen,int2float,2,948,43,3,True
frozen,int2float,2,949,43,3,True
frozen,int2float,2,950,43,3,True
frozen,int2float,2,951,43,3,True
frozen,int2float,2,952,43,3,True
frozen,int2float,2,953,43,3,True
frozen,int2float,2,954,43,3,True
frozen,int2float,2,955,43,3,True
frozen,int2float,2,956,43,3,True
frozen,int2float,2,957,43,3,True
frozen,int2float,2,958,43,3,True
frozen,int2float,2,959,43,3,True
frozen,int2float,2,960,43,3,True
frozen,int2float,2,961,43,3,True
frozen,int2float,2,962,43,3,True
frozen,int2float,2,963,43,3,True
frozen,int2float,2,964,43,3,True
frozen,int2float,2,965,43,3,True
frozen,int2float,2,966,43,3,True
frozen,int2float,2,967,43,3,True
frozen,int2float,2,968,43,3,True
frozen,int2float,2,969,43,3,True
frozen,int2float,2,970,43,3,True
frozen,int2float,2,971,43,3,True
frozen,int2float,2,972,43,3,True
frozen,int2float,2,973,43,3,True
frozen,int2float,2,974,43,3,True
frozen,int2float,2,975,43,3,True
frozen,int2float,2,976,43,3,True
frozen,int2float,2,977,43,3,True
frozen,int2float,2,978,43,3,True
frozen,int2float,2,979,43,3,True
frozen,int2float,2,980,43,3,True
frozen,int2float,2,981,43,3,True
frozen,int2float,2,982,43,3,True
frozen,int2float,2,983,43,3,True
frozen,int2float,2,984,43,3,True
frozen,int2float,2,985,43,3,True
frozen,int2float,2,986,43,3,True
frozen,int2float,2,987,43,3,True
frozen,int2float,2,988,43,3,True
frozen,int2float,2,989,43,3,True
frozen,int2float,2,990,43,3,True
frozen,int2float,2,991,43,3,True
frozen,int2float,2,992,43,3,True
frozen,int2float,2,993,43,3,True
frozen,int2float,2,994,43,3,True
frozen,int2float,2,995,43,3,True
frozen,int2float,2,996,43,3,True
frozen,int2float,2,997,43,3,True
frozen,int2float,2,998,43,3,True
frozen,int2float,2,999,43,3,True
frozen,int2float,2,1000,43,3,True
frozen,i2c,0,1,353,4,True
frozen,i2c,0,2,330,4,True
frozen,i2c,0,3,328,4,True
frozen,i2c,0,4,322,4,True
frozen,i2c,0,5,321,4,True
frozen,i2c,0,6,320,4,True
frozen,i2c,0,7,317,4,True
frozen,i2c,0,8,317,4,True
frozen,i2c,0,9,317,4,True
frozen,i2c,0,10,317,4,True
frozen,i2c,0,11,317,4,True
frozen,i2c,0,12,317,4,True
frozen,i2c,0,13,317,4,True
frozen,i2c,0,14,317,4,True
frozen,i2c,0,15,317,4,True
frozen,i2c,0,16,317,4,True
frozen,i2c,0,17,317,4,True
frozen,i2c,0,18,317,4,True
frozen,i2c,0,19,317,4,True
frozen,i2c,0,20,317,4,True
frozen,i2c,0,21,317,4,True
frozen,i2c,0,22,317,4,True
frozen,i2c,0,23,317,4,True
frozen,i2c,0,24,317,4,True
frozen,i2c,0,25,317,4,True
frozen,i2c,0,26,317,4,True
frozen,i2c,0,27,317,4,True
frozen,i2c,0,28,317,4,True
frozen,i2c,0,29,317,4,True
frozen,i2c,0,30,317,4,True
frozen,i2c,0,31,317,4,True
frozen,i2c,0,32,317,4,True
frozen,i2c,0,33,317,4,True
frozen,i2c,0,34,317,4,True
frozen,i2c,0,35,317,4,True
frozen,i2c,0,36,317,4,True
frozen,i2c,0,37,317,4,True
frozen,i2c,0,38,317,4,True
frozen,i2c,0,39,317,4,True
frozen,i2c,0,40,317,4,True
frozen,i2c,0,41,317,4,True
frozen,i2c,0,42,317,4,True
frozen,i2c,0,43,317,4,True
frozen,i2c,0,44,317,4,True
frozen,i2c,0,45,317,4,True
frozen,i2c,0,46,317,4,True
frozen,i2c,0,47,317,4,True
frozen,i2c,0,48,317,4,True
frozen,i2c,0,49,317,4,True
frozen,i2c,0,50,317,4,True
frozen,i2c,0,51,317,4,True
frozen,i2c,0,52,317,4,True
frozen,i2c,0,53,317,4,True
frozen,i2c,0,54,315,4,True
frozen,i2c,0,55,312,4,True
frozen,i2c,0,56,309,4,True
frozen,i2c,0,57,309,4,True
frozen,i2c,0,58,309,4,True
frozen,i2c,0,59,309,4,True
frozen,i2c,0,60,309,4,True
frozen,i2c,0,61,309,4,True
frozen,i2c,0,62,309,4,True
frozen,i2c,0,63,309,4,True
frozen,i2c,0,64,309,4,True
frozen,i2c,0,65,309,4,True
frozen,i2c,0,66,309,4,True
frozen,i2c,0,67,309,4,True
frozen,i2c,0,68,309,4,True
frozen,i2c,0,69,307,4,True
frozen,i2c,0,70,307,4,True
frozen,i2c,0,71,307,4,True
frozen,i2c,0,72,307,4,True
frozen,i2c,0,73,307,4,True
frozen,i2c,0,74,307,4,True
frozen,i2c,0,75,307,4,True
frozen,i2c,0,76,307,4,True
frozen,i2c,0,77,307,4,True
frozen,i2c,0,78,307,4,True
frozen,i2c,0,79,307,4,True
frozen,i2c,0,80,307,4,True
frozen,i2c,0,81,307,4,True
frozen,i2c,0,82,307,4,True
frozen,i2c,0,83,307,4,True
frozen,i2c,0,84,307,4,True
frozen,i2c,0,85,307,4,True
frozen,i2c,0,86,307,4,True
frozen,i2c,0,87,307,4,True
frozen,i2c,0,88,307,4,True
frozen,i2c,0,89,307,4,True
frozen,i2c,0,90,307,4,True
frozen,i2c,0,91,307,4,True
frozen,i2c,0,92,307,4,True
frozen,i2c,0,93,307,4,True
frozen,i2c,0,94,307,4,True
frozen,i2c,0,95,307,4,True
frozen,i2c,0,96,307,4,True
frozen,i2c,0,97,307,4,True
frozen,i2c,0,98,307,4,True
frozen,i2c,0,99,307,4,True
frozen,i2c,0,100,307,4,True
frozen,i2c,0,101,307,4,True
frozen,i2c,0,102,307,4,True
frozen,i2c,0,103,307,4,True
frozen,i2c,0,104,307,4,True
frozen,i2c,0,105,307,4,True
frozen,i2c,0,106,307,4,True
frozen,i2c,0,107,307,4,True
frozen,i2c,0,108,307,4,True
frozen,i2c,0,109,307,4,True
frozen,i2c,0,110,307,4,True
frozen,i2c,0,111,307,4,True
frozen,i2c,0,112,307,4,True
frozen,i2c,0,113,307,4,True
frozen,i2c,0,114,307,4,True
frozen,i2c,0,115,307,4,True
frozen,i2c,0,116,307,4,True
frozen,i2c,0,117,307,4,True
frozen,i2c,0,118,307,4,True
frozen,i2c,0,119,307,4,True
frozen,i2c,0,120,307,4,True
frozen,i2c,0,121,307,4,True
frozen,i2c,0,122,307,4,True
frozen,i2c,0,123,307,4,True
frozen,i2c,0,124,307,4,True
frozen,i2c,0,125,307,4,True
frozen,i2c,0,126,307,4,True
frozen,i2c,0,127,307,4,True
frozen,i2c,0,128,307,4,True
frozen,i2c,0,129,307,4,True
frozen,i2c,0,130,307,4,True
frozen,i2c,0,131,307,4,True
frozen,i2c,0,132,307,4,True
frozen,i2c,0,133,307,4,True
frozen,i2c,0,134,307,4,True
frozen,i2c,0,135,307,4,True
frozen,i2c,0,136,307,4,True
frozen,i2c,0,137,307,4,True
frozen,i2c,0,138,307,4,True
frozen,i2c,0,139,307,4,True
frozen,i2c,0,140,307,4,True
frozen,i2c,0,141,307,4,True
frozen,i2c,0,142,307,4,True
frozen,i2c,0,143,307,4,True
frozen,i2c,0,144,307,4,True
frozen,i2c,0,145,307,4,True
frozen,i2c,0,146,307,4,True
frozen,i2c,0,147,307,4,True
frozen,i2c,0,148,307,4,True
frozen,i2c,0,149,307,4,True
frozen,i2c,0,150,307,4,True
frozen,i2c,0,151,307,4,True
frozen,i2c,0,152,307,4,True
frozen,i2c,0,153,307,4,True
frozen,i2c,0,154,307,4,True
frozen,i2c,0,155,307,4,True
frozen,i2c,0,156,307,4,True
frozen,i2c,0,157,307,4,True
frozen,i2c,0,158,307,4,True
frozen,i2c,0,159,307,4,True
frozen,i2c,0,160,307,4,True
frozen,i2c,0,161,307,4,True
frozen,i2c,0,162,307,4,True
frozen,i2c,0,163,307,4,True
frozen,i2c,0,164,307,4,True
frozen,i2c,0,165,307,4,True
frozen,i2c,0,166,307,4,True
frozen,i2c,0,167,307,4,True
frozen,i2c,0,168,307,4,True
frozen,i2c,0,169,307,4,True
frozen,i2c,0,170,307,4,True
frozen,i2c,0,171,307,4,True
frozen,i2c,0,172,307,4,True
frozen,i2c,0,173,307,4,True
frozen,i2c,0,174,307,4,True
frozen,i2c,0,175,307,4,True
frozen,i2c,0,176,307,4,True
frozen,i2c,0,177,307,4,True
frozen,i2c,0,178,307,4,True
frozen,i2c,0,179,307,4,True
frozen,i2c,0,180,307,4,True
frozen,i2c,0,181,307,4,True
frozen,i2c,0,182,307,4,True
frozen,i2c,0,183,307,4,True
frozen,i2c,0,184,307,4,True
frozen,i2c,0,185,307,4,True
frozen,i2c,0,186,307,4,True
frozen,i2c,0,187,307,4,True
frozen,i2c,0,188,307,4,True
frozen,i2c,0,189,307,4,True
frozen,i2c,0,190,307,4,True
frozen,i2c,0,191,307,4,True
frozen,i2c,0,192,307,4,True
frozen,i2c,0,193,307,4,True
frozen,i2c,0,194,307,4,True
frozen,i2c,0,195,307,4,True
frozen,i2c,0,196,307,4,True
frozen,i2c,0,197,307,4,True
frozen,i2c,0,198,307,4,True
frozen,i2c,0,199,307,4,True
frozen,i2c,0,200,307,4,True
frozen,i2c,0,201,307,4,True
frozen,i2c,0,202,307,4,True
frozen,i2c,0,203,307,4,True
frozen,i2c,0,204,307,4,True
frozen,i2c,0,205,307,4,True
frozen,i2c,0,206,307,4,True
frozen,i2c,0,207,307,4,True
frozen,i2c,0,208,307,4,True
frozen,i2c,0,209,307,4,True
frozen,i2c,0,210,307,4,True
frozen,i2c,0,211,307,4,True
frozen,i2c,0,212,307,4,True
frozen,i2c,0,213,307,4,True
frozen,i2c,0,214,307,4,True
frozen,i2c,0,215,307,4,True
frozen,i2c,0,216,307,4,True
frozen,i2c,0,217,307,4,True
frozen,i2c,0,218,307,4,True
frozen,i2c,0,219,307,4,True
frozen,i2c,0,220,307,4,True
frozen,i2c,0,221,307,4,True
frozen,i2c,0,222,307,4,True
frozen,i2c,0,223,307,4,True
frozen,i2c,0,224,307,4,True
frozen,i2c,0,225,307,4,True
frozen,i2c,0,226,307,4,True
frozen,i2c,0,227,307,4,True
frozen,i2c,0,228,307,4,True
frozen,i2c,0,229,304,4,True
frozen,i2c,0,230,304,4,True
frozen,i2c,0,231,304,4,True
frozen,i2c,0,232,304,4,True
frozen,i2c,0,233,304,4,True
frozen,i2c,0,234,304,4,True
frozen,i2c,0,235,304,4,True
frozen,i2c,0,236,304,4,True
frozen,i2c,0,237,304,4,True
frozen,i2c,0,238,304,4,True
frozen,i2c,0,239,304,4,True
frozen,i2c,0,240,304,4,True
frozen,i2c,0,241,304,4,True
frozen,i2c,0,242,304,4,True
frozen,i2c,0,243,304,4,True
frozen,i2c,0,244,304,4,True
frozen,i2c,0,245,304,4,True
frozen,i2c,0,246,304,4,True
frozen,i2c,0,247,304,4,True
frozen,i2c,0,248,304,4,True
frozen,i2c,0,249,304,4,True
frozen,i2c,0,250,304,4,True
frozen,i2c,0,251,304,4,True
frozen,i2c,0,252,304,4,True
frozen,i2c,0,253,304,4,True
frozen,i2c,0,254,304,4,True
frozen,i2c,0,255,304,4,True
frozen,i2c,0,256,304,4,True
frozen,i2c,0,257,304,4,True
frozen,i2c,0,258,304,4,True
frozen,i2c,0,259,304,4,True
frozen,i2c,0,260,304,4,True
frozen,i2c,0,261,304,4,True
frozen,i2c,0,262,304,4,True
frozen,i2c,0,263,304,4,True
frozen,i2c,0,264,304,4,True
frozen,i2c,0,265,304,4,True
frozen,i2c,0,266,304,4,True
frozen,i2c,0,267,304,4,True
frozen,i2c,0,268,304,4,True
frozen,i2c,0,269,304,4,True
frozen,i2c,0,270,304,4,True
frozen,i2c,0,271,304,4,True
frozen,i2c,0,272,304,4,True
frozen,i2c,0,273,304,4,True
frozen,i2c,0,274,304,4,True
frozen,i2c,0,275,304,4,True
frozen,i2c,0,276,304,4,True
frozen,i2c,0,277,304,4,True
frozen,i2c,0,278,304,4,True
frozen,i2c,0,279,304,4,True
frozen,i2c,0,280,304,4,True
frozen,i2c,0,281,304,4,True
frozen,i2c,0,282,304,4,True
frozen,i2c,0,283,304,4,True
frozen,i2c,0,284,304,4,True
frozen,i2c,0,285,304,4,True
frozen,i2c,0,286,304,4,True
frozen,i2c,0,287,304,4,True
frozen,i2c,0,288,304,4,True
frozen,i2c,0,289,304,4,True
frozen,i2c,0,290,304,4,True
frozen,i2c,0,291,304,4,True
frozen,i2c,0,292,304,4,True
frozen,i2c,0,293,304,4,True
frozen,i2c,0,294,304,4,True
frozen,i2c,0,295,304,4,True
frozen,i2c,0,296,304,4,True
frozen,i2c,0,297,304,4,True
frozen,i2c,0,298,304,4,True
frozen,i2c,0,299,304,4,True
frozen,i2c,0,300,304,4,True
frozen,i2c,0,301,304,4,True
frozen,i2c,0,302,304,4,True
frozen,i2c,0,303,304,4,True
frozen,i2c,0,304,304,4,True
frozen,i2c,0,305,304,4,True
frozen,i2c,0,306,304,4,True
frozen,i2c,0,307,304,4,True
frozen,i2c,0,308,304,4,True
frozen,i2c,0,309,304,4,True
frozen,i2c,0,310,304,4,True
frozen,i2c,0,311,304,4,True
frozen,i2c,0,312,304,4,True
frozen,i2c,0,313,304,4,True
frozen,i2c,0,314,304,4,True
frozen,i2c,0,315,304,4,True
frozen,i2c,0,316,304,4,True
frozen,i2c,0,317,304,4,True
frozen,i2c,0,318,304,4,True
frozen,i2c,0,319,304,4,True
frozen,i2c,0,320,304,4,True
frozen,i2c,0,321,304,4,True
frozen,i2c,0,322,304,4,True
frozen,i2c,0,323,304,4,True
frozen,i2c,0,324,304,4,True
frozen,i2c,0,325,304,4,True
frozen,i2c,0,326,304,4,True
frozen,i2c,0,327,304,4,True
frozen,i2c,0,328,304,4,True
frozen,i2c,0,329,304,4,True
frozen,i2c,0,330,304,4,True
frozen,i2c,0,331,304,4,True
frozen,i2c,0,332,304,4,True
frozen,i2c,0,333,304,4,True
frozen,i2c,0,334,304,4,True
frozen,i2c,0,335,304,4,True
frozen,i2c,0,336,304,4,True
frozen,i2c,0,337,304,4,True
frozen,i2c,0,338,304,4,True
frozen,i2c,0,339,304,4,True
frozen,i2c,0,340,304,4,True
frozen,i2c,0,341,304,4,True
frozen,i2c,0,342,304,4,True
frozen,i2c,0,343,304,4,True
frozen,i2c,0,344,304,4,True
frozen,i2c,0,345,304,4,True
frozen,i2c,0,346,304,4,True
frozen,i2c,0,347,304,4,True
frozen,i2c,0,348,304,4,True
frozen,i2c,0,349,304,4,True
frozen,i2c,0,350,304,4,True
frozen,i2c,0,351,304,4,True
frozen,i2c,0,352,304,4,True
frozen,i2c,0,353,304,4,True
frozen,i2c,0,354,304,4,True
frozen,i2c,0,355,304,4,True
frozen,i2c,0,356,304,4,True
frozen,i2c,0,357,304,4,True
frozen,i2c,0,358,304,4,True
frozen,i2c,0,359,304,4,True
frozen,i2c,0,360,304,4,True
frozen,i2c,0,361,304,4,True
frozen,i2c,0,362,304,4,True
frozen,i2c,0,363,304,4,True
frozen,i2c,0,364,304,4,True
frozen,i2c,0,365,304,4,True
frozen,i2c,0,366,304,4,True
frozen,i2c,0,367,304,4,True
frozen,i2c,0,368,304,4,True
frozen,i2c,0,369,304,4,True
frozen,i2c,0,370,304,4,True
frozen,i2c,0,371,304,4,True
frozen,i2c,0,372,304,4,True
frozen,i2c,0,373,304,4,True
frozen,i2c,0,374,304,4,True
frozen,i2c,0,375,304,4,True
frozen,i2c,0,376,304,4,True
frozen,i2c,0,377,304,4,True
frozen,i2c,0,378,304,4,True
frozen,i2c,0,379,304,4,True
frozen,i2c,0,380,304,4,True
frozen,i2c,0,381,304,4,True
frozen,i2c,0,382,304,4,True
frozen,i2c,0,383,304,4,True
frozen,i2c,0,384,304,4,True
frozen,i2c,0,385,304,4,True
frozen,i2c,0,386,304,4,True
frozen,i2c,0,387,304,4,True
frozen,i2c,0,388,304,4,True
frozen,i2c,0,389,304,4,True
frozen,i2c,0,390,304,4,True
frozen,i2c,0,391,304,4,True
frozen,i2c,0,392,304,4,True
frozen,i2c,0,393,304,4,True
frozen,i2c,0,394,304,4,True
frozen,i2c,0,395,304,4,True
frozen,i2c,0,396,304,4,True
frozen,i2c,0,397,304,4,True
frozen,i2c,0,398,304,4,True
frozen,i2c,0,399,304,4,True
frozen,i2c,0,400,304,4,True
frozen,i2c,0,401,304,4,True
frozen,i2c,0,402,304,4,True
frozen,i2c,0,403,304,4,True
frozen,i2c,0,404,304,4,True
frozen,i2c,0,405,304,4,True
frozen,i2c,0,406,304,4,True
frozen,i2c,0,407,304,4,True
frozen,i2c,0,408,304,4,True
frozen,i2c,0,409,304,4,True
frozen,i2c,0,410,304,4,True
frozen,i2c,0,411,304,4,True
frozen,i2c,0,412,304,4,True
frozen,i2c,0,413,304,4,True
frozen,i2c,0,414,304,4,True
frozen,i2c,0,415,304,4,True
frozen,i2c,0,416,304,4,True
frozen,i2c,0,417,304,4,True
frozen,i2c,0,418,304,4,True
frozen,i2c,0,419,304,4,True
frozen,i2c,0,420,304,4,True
frozen,i2c,0,421,304,4,True
frozen,i2c,0,422,304,4,True
frozen,i2c,0,423,304,4,True
frozen,i2c,0,424,304,4,True
frozen,i2c,0,425,304,4,True
frozen,i2c,0,426,304,4,True
frozen,i2c,0,427,304,4,True
frozen,i2c,0,428,304,4,True
frozen,i2c,0,429,304,4,True
frozen,i2c,0,430,304,4,True
frozen,i2c,0,431,304,4,True
frozen,i2c,0,432,304,4,True
frozen,i2c,0,433,304,4,True
frozen,i2c,0,434,304,4,True
frozen,i2c,0,435,304,4,True
frozen,i2c,0,436,304,4,True
frozen,i2c,0,437,304,4,True
frozen,i2c,0,438,304,4,True
frozen,i2c,0,439,304,4,True
frozen,i2c,0,440,304,4,True
frozen,i2c,0,441,304,4,True
frozen,i2c,0,442,304,4,True
frozen,i2c,0,443,304,4,True
frozen,i2c,0,444,304,4,True
frozen,i2c,0,445,304,4,True
frozen,i2c,0,446,304,4,True
frozen,i2c,0,447,304,4,True
frozen,i2c,0,448,304,4,True
frozen,i2c,0,449,304,4,True
frozen,i2c,0,450,304,4,True
frozen,i2c,0,451,304,4,True
frozen,i2c,0,452,304,4,True
frozen,i2c,0,453,304,4,True
frozen,i2c,0,454,304,4,True
frozen,i2c,0,455,304,4,True
frozen,i2c,0,456,304,4,True
frozen,i2c,0,457,304,4,True
frozen,i2c,0,458,304,4,True
frozen,i2c,0,459,304,4,True
frozen,i2c,0,460,304,4,True
frozen,i2c,0,461,304,4,True
frozen,i2c,0,462,304,4,True
frozen,i2c,0,463,304,4,True
frozen,i2c,0,464,304,4,True
frozen,i2c,0,465,304,4,True
frozen,i2c,0,466,304,4,True
frozen,i2c,0,467,304,4,True
frozen,i2c,0,468,304,4,True
frozen,i2c,0,469,304,4,True
frozen,i2c,0,470,304,4,True
frozen,i2c,0,471,304,4,True
frozen,i2c,0,472,304,4,True
frozen,i2c,0,473,304,4,True
frozen,i2c,0,474,304,4,True
frozen,i2c,0,475,304,4,True
frozen,i2c,0,476,304,4,True
frozen,i2c,0,477,304,4,True
frozen,i2c,0,478,304,4,True
frozen,i2c,0,479,304,4,True
frozen,i2c,0,480,304,4,True
frozen,i2c,0,481,304,4,True
frozen,i2c,0,482,304,4,True
frozen,i2c,0,483,304,4,True
frozen,i2c,0,484,304,4,True
frozen,i2c,0,485,304,4,True
frozen,i2c,0,486,304,4,True
frozen,i2c,0,487,304,4,True
frozen,i2c,0,488,304,4,True
frozen,i2c,0,489,304,4,True
frozen,i2c,0,490,304,4,True
frozen,i2c,0,491,304,4,True
frozen,i2c,0,492,304,4,True
frozen,i2c,0,493,304,4,True
frozen,i2c,0,494,304,4,True
frozen,i2c,0,495,304,4,True
frozen,i2c,0,496,304,4,True
frozen,i2c,0,497,304,4,True
frozen,i2c,0,498,304,4,True
frozen,i2c,0,499,304,4,True
frozen,i2c,0,500,304,4,True
frozen,i2c,0,501,304,4,True
frozen,i2c,0,502,304,4,True
frozen,i2c,0,503,304,4,True
frozen,i2c,0,504,304,4,True
frozen,i2c,0,505,304,4,True
frozen,i2c,0,506,304,4,True
frozen,i2c,0,507,304,4,True
frozen,i2c,0,508,304,4,True
frozen,i2c,0,509,304,4,True
frozen,i2c,0,510,304,4,True
frozen,i2c,0,511,304,4,True
frozen,i2c,0,512,304,4,True
frozen,i2c,0,513,304,4,True
frozen,i2c,0,514,304,4,True
frozen,i2c,0,515,304,4,True
frozen,i2c,0,516,304,4,True
frozen,i2c,0,517,304,4,True
frozen,i2c,0,518,304,4,True
frozen,i2c,0,519,303,4,True
frozen,i2c,0,520,303,4,True
frozen,i2c,0,521,303,4,True
frozen,i2c,0,522,303,4,True
frozen,i2c,0,523,303,4,True
frozen,i2c,0,524,303,4,True
frozen,i2c,0,525,303,4,True
frozen,i2c,0,526,303,4,True
frozen,i2c,0,527,303,4,True
frozen,i2c,0,528,303,4,True
frozen,i2c,0,529,303,4,True
frozen,i2c,0,530,303,4,True
frozen,i2c,0,531,303,4,True
frozen,i2c,0,532,303,4,True
frozen,i2c,0,533,303,4,True
frozen,i2c,0,534,303,4,True
frozen,i2c,0,535,303,4,True
frozen,i2c,0,536,303,4,True
frozen,i2c,0,537,303,4,True
frozen,i2c,0,538,303,4,True
frozen,i2c,0,539,303,4,True
frozen,i2c,0,540,303,4,True
frozen,i2c,0,541,303,4,True
frozen,i2c,0,542,303,4,True
frozen,i2c,0,543,303,4,True
frozen,i2c,0,544,303,4,True
frozen,i2c,0,545,303,4,True
frozen,i2c,0,546,303,4,True
frozen,i2c,0,547,303,4,True
frozen,i2c,0,548,303,4,True
frozen,i2c,0,549,303,4,True
frozen,i2c,0,550,303,4,True
frozen,i2c,0,551,303,4,True
frozen,i2c,0,552,303,4,True
frozen,i2c,0,553,303,4,True
frozen,i2c,0,554,303,4,True
frozen,i2c,0,555,303,4,True
frozen,i2c,0,556,303,4,True
frozen,i2c,0,557,303,4,True
frozen,i2c,0,558,303,4,True
frozen,i2c,0,559,303,4,True
frozen,i2c,0,560,303,4,True
frozen,i2c,0,561,303,4,True
frozen,i2c,0,562,303,4,True
frozen,i2c,0,563,303,4,True
frozen,i2c,0,564,303,4,True
frozen,i2c,0,565,303,4,True
frozen,i2c,0,566,303,4,True
frozen,i2c,0,567,303,4,True
frozen,i2c,0,568,303,4,True
frozen,i2c,0,569,303,4,True
frozen,i2c,0,570,303,4,True
frozen,i2c,0,571,303,4,True
frozen,i2c,0,572,303,4,True
frozen,i2c,0,573,303,4,True
frozen,i2c,0,574,303,4,True
frozen,i2c,0,575,303,4,True
frozen,i2c,0,576,303,4,True
frozen,i2c,0,577,303,4,True
frozen,i2c,0,578,303,4,True
frozen,i2c,0,579,303,4,True
frozen,i2c,0,580,303,4,True
frozen,i2c,0,581,303,4,True
frozen,i2c,0,582,303,4,True
frozen,i2c,0,583,303,4,True
frozen,i2c,0,584,303,4,True
frozen,i2c,0,585,303,4,True
frozen,i2c,0,586,303,4,True
frozen,i2c,0,587,303,4,True
frozen,i2c,0,588,303,4,True
frozen,i2c,0,589,303,4,True
frozen,i2c,0,590,303,4,True
frozen,i2c,0,591,303,4,True
frozen,i2c,0,592,303,4,True
frozen,i2c,0,593,303,4,True
frozen,i2c,0,594,303,4,True
frozen,i2c,0,595,303,4,True
frozen,i2c,0,596,303,4,True
frozen,i2c,0,597,303,4,True
frozen,i2c,0,598,303,4,True
frozen,i2c,0,599,303,4,True
frozen,i2c,0,600,303,4,True
frozen,i2c,0,601,303,4,True
frozen,i2c,0,602,303,4,True
frozen,i2c,0,603,303,4,True
frozen,i2c,0,604,303,4,True
frozen,i2c,0,605,303,4,True
frozen,i2c,0,606,303,4,True
frozen,i2c,0,607,303,4,True
frozen,i2c,0,608,303,4,True
frozen,i2c,0,609,303,4,True
frozen,i2c,0,610,303,4,True
frozen,i2c,0,611,303,4,True
frozen,i2c,0,612,303,4,True
frozen,i2c,0,613,303,4,True
frozen,i2c,0,614,303,4,True
frozen,i2c,0,615,303,4,True
frozen,i2c,0,616,303,4,True
frozen,i2c,0,617,303,4,True
frozen,i2c,0,618,303,4,True
frozen,i2c,0,619,303,4,True
frozen,i2c,0,620,303,4,True
frozen,i2c,0,621,303,4,True
frozen,i2c,0,622,303,4,True
frozen,i2c,0,623,303,4,True
frozen,i2c,0,624,303,4,True
frozen,i2c,0,625,303,4,True
frozen,i2c,0,626,303,4,True
frozen,i2c,0,627,303,4,True
frozen,i2c,0,628,303,4,True
frozen,i2c,0,629,303,4,True
frozen,i2c,0,630,303,4,True
frozen,i2c,0,631,303,4,True
frozen,i2c,0,632,303,4,True
frozen,i2c,0,633,303,4,True
frozen,i2c,0,634,303,4,True
frozen,i2c,0,635,303,4,True
frozen,i2c,0,636,303,4,True
frozen,i2c,0,637,303,4,True
frozen,i2c,0,638,303,4,True
frozen,i2c,0,639,303,4,True
frozen,i2c,0,640,301,4,True
frozen,i2c,0,641,301,4,True
frozen,i2c,0,642,301,4,True
frozen,i2c,0,643,301,4,True
frozen,i2c,0,644,301,4,True
frozen,i2c,0,645,301,4,True
frozen,i2c,0,646,301,4,True
frozen,i2c,0,647,301,4,True
frozen,i2c,0,648,301,4,True
frozen,i2c,0,649,301,4,True
frozen,i2c,0,650,301,4,True
frozen,i2c,0,651,301,4,True
frozen,i2c,0,652,301,4,True
frozen,i2c,0,653,301,4,True
frozen,i2c,0,654,301,4,True
frozen,i2c,0,655,301,4,True
frozen,i2c,0,656,301,4,True
frozen,i2c,0,657,301,4,True
frozen,i2c,0,658,301,4,True
frozen,i2c,0,659,301,4,True
frozen,i2c,0,660,301,4,True
frozen,i2c,0,661,301,4,True
frozen,i2c,0,662,301,4,True
frozen,i2c,0,663,301,4,True
frozen,i2c,0,664,301,4,True
frozen,i2c,0,665,301,4,True
frozen,i2c,0,666,301,4,True
frozen,i2c,0,667,301,4,True
frozen,i2c,0,668,301,4,True
frozen,i2c,0,669,301,4,True
frozen,i2c,0,670,301,4,True
frozen,i2c,0,671,301,4,True
frozen,i2c,0,672,301,4,True
frozen,i2c,0,673,301,4,True
frozen,i2c,0,674,301,4,True
frozen,i2c,0,675,301,4,True
frozen,i2c,0,676,301,4,True
frozen,i2c,0,677,301,4,True
frozen,i2c,0,678,301,4,True
frozen,i2c,0,679,301,4,True
frozen,i2c,0,680,301,4,True
frozen,i2c,0,681,301,4,True
frozen,i2c,0,682,301,4,True
frozen,i2c,0,683,301,4,True
frozen,i2c,0,684,301,4,True
frozen,i2c,0,685,301,4,True
frozen,i2c,0,686,301,4,True
frozen,i2c,0,687,301,4,True
frozen,i2c,0,688,301,4,True
frozen,i2c,0,689,301,4,True
frozen,i2c,0,690,301,4,True
frozen,i2c,0,691,301,4,True
frozen,i2c,0,692,301,4,True
frozen,i2c,0,693,301,4,True
frozen,i2c,0,694,301,4,True
frozen,i2c,0,695,301,4,True
frozen,i2c,0,696,301,4,True
frozen,i2c,0,697,301,4,True
frozen,i2c,0,698,301,4,True
frozen,i2c,0,699,301,4,True
frozen,i2c,0,700,301,4,True
frozen,i2c,0,701,301,4,True
frozen,i2c,0,702,301,4,True
frozen,i2c,0,703,301,4,True
frozen,i2c,0,704,301,4,True
frozen,i2c,0,705,301,4,True
frozen,i2c,0,706,301,4,True
frozen,i2c,0,707,301,4,True
frozen,i2c,0,708,301,4,True
frozen,i2c,0,709,301,4,True
frozen,i2c,0,710,301,4,True
frozen,i2c,0,711,301,4,True
frozen,i2c,0,712,301,4,True
frozen,i2c,0,713,301,4,True
frozen,i2c,0,714,301,4,True
frozen,i2c,0,715,301,4,True
frozen,i2c,0,716,301,4,True
frozen,i2c,0,717,301,4,True
frozen,i2c,0,718,301,4,True
frozen,i2c,0,719,301,4,True
frozen,i2c,0,720,301,4,True
frozen,i2c,0,721,301,4,True
frozen,i2c,0,722,301,4,True
frozen,i2c,0,723,301,4,True
frozen,i2c,0,724,301,4,True
frozen,i2c,0,725,301,4,True
frozen,i2c,0,726,301,4,True
frozen,i2c,0,727,301,4,True
frozen,i2c,0,728,301,4,True
frozen,i2c,0,729,301,4,True
frozen,i2c,0,730,301,4,True
frozen,i2c,0,731,301,4,True
frozen,i2c,0,732,301,4,True
frozen,i2c,0,733,301,4,True
frozen,i2c,0,734,301,4,True
frozen,i2c,0,735,301,4,True
frozen,i2c,0,736,301,4,True
frozen,i2c,0,737,301,4,True
frozen,i2c,0,738,301,4,True
frozen,i2c,0,739,301,4,True
frozen,i2c,0,740,301,4,True
frozen,i2c,0,741,301,4,True
frozen,i2c,0,742,301,4,True
frozen,i2c,0,743,301,4,True
frozen,i2c,0,744,301,4,True
frozen,i2c,0,745,301,4,True
frozen,i2c,0,746,301,4,True
frozen,i2c,0,747,301,4,True
frozen,i2c,0,748,301,4,True
frozen,i2c,0,749,301,4,True
frozen,i2c,0,750,301,4,True
frozen,i2c,0,751,301,4,True
frozen,i2c,0,752,301,4,True
frozen,i2c,0,753,301,4,True
frozen,i2c,0,754,301,4,True
frozen,i2c,0,755,301,4,True
frozen,i2c,0,756,301,4,True
frozen,i2c,0,757,301,4,True
frozen,i2c,0,758,301,4,True
frozen,i2c,0,759,301,4,True
frozen,i2c,0,760,301,4,True
frozen,i2c,0,761,301,4,True
frozen,i2c,0,762,301,4,True
frozen,i2c,0,763,301,4,True
frozen,i2c,0,764,301,4,True
frozen,i2c,0,765,301,4,True
frozen,i2c,0,766,301,4,True
frozen,i2c,0,767,301,4,True
frozen,i2c,0,768,301,4,True
frozen,i2c,0,769,301,4,True
frozen,i2c,0,770,301,4,True
frozen,i2c,0,771,301,4,True
frozen,i2c,0,772,301,4,True
frozen,i2c,0,773,301,4,True
frozen,i2c,0,774,301,4,True
frozen,i2c,0,775,301,4,True
frozen,i2c,0,776,301,4,True
frozen,i2c,0,777,301,4,True
frozen,i2c,0,778,301,4,True
frozen,i2c,0,779,301,4,True
frozen,i2c,0,780,301,4,True
frozen,i2c,0,781,301,4,True
frozen,i2c,0,782,301,4,True
frozen,i2c,0,783,301,4,True
frozen,i2c,0,784,301,4,True
frozen,i2c,0,785,301,4,True
frozen,i2c,0,786,301,4,True
frozen,i2c,0,787,301,4,True
frozen,i2c,0,788,301,4,True
frozen,i2c,0,789,301,4,True
frozen,i2c,0,790,301,4,True
frozen,i2c,0,791,301,4,True
frozen,i2c,0,792,301,4,True
frozen,i2c,0,793,301,4,True
frozen,i2c,0,794,301,4,True
frozen,i2c,0,795,301,4,True
frozen,i2c,0,796,301,4,True
frozen,i2c,0,797,301,4,True
frozen,i2c,0,798,301,4,True
frozen,i2c,0,799,301,4,True
frozen,i2c,0,800,301,4,True
frozen,i2c,0,801,301,4,True
frozen,i2c,0,802,301,4,True
frozen,i2c,0,803,301,4,True
frozen,i2c,0,804,301,4,True
frozen,i2c,0,805,301,4,True
frozen,i2c,0,806,301,4,True
frozen,i2c,0,807,301,4,True
frozen,i2c,0,808,301,4,True
frozen,i2c,0,809,301,4,True
frozen,i2c,0,810,301,4,True
frozen,i2c,0,811,301,4,True
frozen,i2c,0,812,301,4,True
frozen,i2c,0,813,301,4,True
frozen,i2c,0,814,301,4,True
frozen,i2c,0,815,301,4,True
frozen,i2c,0,816,301,4,True
frozen,i2c,0,817,301,4,True
frozen,i2c,0,818,301,4,True
frozen,i2c,0,819,301,4,True
frozen,i2c,0,820,301,4,True
frozen,i2c,0,821,301,4,True
frozen,i2c,0,822,301,4,True
frozen,i2c,0,823,301,4,True
frozen,i2c,0,824,301,4,True
frozen,i2c,0,825,301,4,True
frozen,i2c,0,826,301,4,True
frozen,i2c,0,827,301,4,True
frozen,i2c,0,828,301,4,True
frozen,i2c,0,829,301,4,True
frozen,i2c,0,830,301,4,True
frozen,i2c,0,831,301,4,True
frozen,i2c,0,832,301,4,True
frozen,i2c,0,833,301,4,True
frozen,i2c,0,834,301,4,True
frozen,i2c,0,835,301,4,True
frozen,i2c,0,836,301,4,True
frozen,i2c,0,837,301,4,True
frozen,i2c,0,838,301,4,True
frozen,i2c,0,839,301,4,True
frozen,i2c,0,840,301,4,True
frozen,i2c,0,841,301,4,True
frozen,i2c,0,842,301,4,True
frozen,i2c,0,843,301,4,True
frozen,i2c,0,844,301,4,True
frozen,i2c,0,845,301,4,True
frozen,i2c,0,846,301,4,True
frozen,i2c,0,847,301,4,True
frozen,i2c,0,848,301,4,True
frozen,i2c,0,849,301,4,True
frozen,i2c,0,850,301,4,True
frozen,i2c,0,851,301,4,True
frozen,i2c,0,852,301,4,True
frozen,i2c,0,853,301,4,True
frozen,i2c,0,854,301,4,True
frozen,i2c,0,855,301,4,True
frozen,i2c,0,856,301,4,True
frozen,i2c,0,857,301,4,True
frozen,i2c,0,858,301,4,True
frozen,i2c,0,859,301,4,True
frozen,i2c,0,860,301,4,True
frozen,i2c,0,861,301,4,True
frozen,i2c,0,862,301,4,True
frozen,i2c,0,863,301,4,True
frozen,i2c,0,864,301,4,True
frozen,i2c,0,865,301,4,True
frozen,i2c,0,866,301,4,True
frozen,i2c,0,867,301,4,True
frozen,i2c,0,868,301,4,True
frozen,i2c,0,869,301,4,True
frozen,i2c,0,870,301,4,True
frozen,i2c,0,871,301,4,True
frozen,i2c,0,872,301,4,True
frozen,i2c,0,873,301,4,True
frozen,i2c,0,874,301,4,True
frozen,i2c,0,875,301,4,True
frozen,i2c,0,876,301,4,True
frozen,i2c,0,877,301,4,True
frozen,i2c,0,878,301,4,True
frozen,i2c,0,879,301,4,True
frozen,i2c,0,880,301,4,True
frozen,i2c,0,881,301,4,True
frozen,i2c,0,882,301,4,True
frozen,i2c,0,883,301,4,True
frozen,i2c,0,884,301,4,True
frozen,i2c,0,885,301,4,True
frozen,i2c,0,886,301,4,True
frozen,i2c,0,887,301,4,True
frozen,i2c,0,888,301,4,True
frozen,i2c,0,889,301,4,True
frozen,i2c,0,890,301,4,True
frozen,i2c,0,891,301,4,True
frozen,i2c,0,892,301,4,True
frozen,i2c,0,893,301,4,True
frozen,i2c,0,894,301,4,True
frozen,i2c,0,895,301,4,True
frozen,i2c,0,896,301,4,True
frozen,i2c,0,897,301,4,True
frozen,i2c,0,898,301,4,True
frozen,i2c,0,899,301,4,True
frozen,i2c,0,900,301,4,True
frozen,i2c,0,901,301,4,True
frozen,i2c,0,902,301,4,True
frozen,i2c,0,903,301,4,True
frozen,i2c,0,904,301,4,True
frozen,i2c,0,905,301,4,True
frozen,i2c,0,906,301,4,True
frozen,i2c,0,907,301,4,True
frozen,i2c,0,908,301,4,True
frozen,i2c,0,909,301,4,True
frozen,i2c,0,910,301,4,True
frozen,i2c,0,911,301,4,True
frozen,i2c,0,912,301,4,True
frozen,i2c,0,913,301,4,True
frozen,i2c,0,914,301,4,True
frozen,i2c,0,915,301,4,True
frozen,i2c,0,916,301,4,True
frozen,i2c,0,917,301,4,True
frozen,i2c,0,918,301,4,True
frozen,i2c,0,919,301,4,True
frozen,i2c,0,920,301,4,True
frozen,i2c,0,921,301,4,True
frozen,i2c,0,922,301,4,True
frozen,i2c,0,923,301,4,True
frozen,i2c,0,924,301,4,True
frozen,i2c,0,925,301,4,True
frozen,i2c,0,926,301,4,True
frozen,i2c,0,927,301,4,True
frozen,i2c,0,928,301,4,True
frozen,i2c,0,929,301,4,True
frozen,i2c,0,930,301,4,True
frozen,i2c,0,931,301,4,True
frozen,i2c,0,932,301,4,True
frozen,i2c,0,933,301,4,True
frozen,i2c,0,934,301,4,True
frozen,i2c,0,935,301,4,True
frozen,i2c,0,936,301,4,True
frozen,i2c,0,937,301,4,True
frozen,i2c,0,938,301,4,True
frozen,i2c,0,939,301,4,True
frozen,i2c,0,940,301,4,True
frozen,i2c,0,941,301,4,True
frozen,i2c,0,942,301,4,True
frozen,i2c,0,943,301,4,True
frozen,i2c,0,944,301,4,True
frozen,i2c,0,945,301,4,True
frozen,i2c,0,946,301,4,True
frozen,i2c,0,947,301,4,True
frozen,i2c,0,948,301,4,True
frozen,i2c,0,949,301,4,True
frozen,i2c,0,950,301,4,True
frozen,i2c,0,951,301,4,True
frozen,i2c,0,952,301,4,True
frozen,i2c,0,953,301,4,True
frozen,i2c,0,954,301,4,True
frozen,i2c,0,955,301,4,True
frozen,i2c,0,956,301,4,True
frozen,i2c,0,957,301,4,True
frozen,i2c,0,958,301,4,True
frozen,i2c,0,959,301,4,True
frozen,i2c,0,960,301,4,True
frozen,i2c,0,961,301,4,True
frozen,i2c,0,962,301,4,True
frozen,i2c,0,963,301,4,True
frozen,i2c,0,964,301,4,True
frozen,i2c,0,965,301,4,True
frozen,i2c,0,966,301,4,True
frozen,i2c,0,967,301,4,True
frozen,i2c,0,968,301,4,True
frozen,i2c,0,969,301,4,True
frozen,i2c,0,970,301,4,True
frozen,i2c,0,971,301,4,True
frozen,i2c,0,972,301,4,True
frozen,i2c,0,973,301,4,True
frozen,i2c,0,974,301,4,True
frozen,i2c,0,975,301,4,True
frozen,i2c,0,976,301,4,True
frozen,i2c,0,977,301,4,True
frozen,i2c,0,978,301,4,True
frozen,i2c,0,979,301,4,True
frozen,i2c,0,980,301,4,True
frozen,i2c,0,981,301,4,True
frozen,i2c,0,982,301,4,True
frozen,i2c,0,983,301,4,True
frozen,i2c,0,984,301,4,True
frozen,i2c,0,985,301,4,True
frozen,i2c,0,986,301,4,True
frozen,i2c,0,987,301,4,True
frozen,i2c,0,988,301,4,True
frozen,i2c,0,989,301,4,True
frozen,i2c,0,990,301,4,True
frozen,i2c,0,991,301,4,True
frozen,i2c,0,992,301,4,True
frozen,i2c,0,993,301,4,True
frozen,i2c,0,994,301,4,True
frozen,i2c,0,995,301,4,True
frozen,i2c,0,996,301,4,True
frozen,i2c,0,997,301,4,True
frozen,i2c,0,998,301,4,True
frozen,i2c,0,999,301,4,True
frozen,i2c,0,1000,301,4,True
frozen,i2c,1,1,354,4,True
frozen,i2c,1,2,347,4,True
frozen,i2c,1,3,347,4,True
frozen,i2c,1,4,338,4,True
frozen,i2c,1,5,338,4,True
frozen,i2c,1,6,334,4,True
frozen,i2c,1,7,334,4,True
frozen,i2c,1,8,334,4,True
frozen,i2c,1,9,334,4,True
frozen,i2c,1,10,330,4,True
frozen,i2c,1,11,330,4,True
frozen,i2c,1,12,330,4,True
frozen,i2c,1,13,330,4,True
frozen,i2c,1,14,330,4,True
frozen,i2c,1,15,330,4,True
frozen,i2c,1,16,330,4,True
frozen,i2c,1,17,330,4,True
frozen,i2c,1,18,330,4,True
frozen,i2c,1,19,330,4,True
frozen,i2c,1,20,330,4,True
frozen,i2c,1,21,330,4,True
frozen,i2c,1,22,329,4,True
frozen,i2c,1,23,329,4,True
frozen,i2c,1,24,329,4,True
frozen,i2c,1,25,327,4,True
frozen,i2c,1,26,323,4,True
frozen,i2c,1,27,321,4,True
frozen,i2c,1,28,321,4,True
frozen,i2c,1,29,321,4,True
frozen,i2c,1,30,321,4,True
frozen,i2c,1,31,321,4,True
frozen,i2c,1,32,321,4,True
frozen,i2c,1,33,321,4,True
frozen,i2c,1,34,321,4,True
frozen,i2c,1,35,321,4,True
frozen,i2c,1,36,321,4,True
frozen,i2c,1,37,321,4,True
frozen,i2c,1,38,321,4,True
frozen,i2c,1,39,320,4,True
frozen,i2c,1,40,319,4,True
frozen,i2c,1,41,319,4,True
frozen,i2c,1,42,319,4,True
frozen,i2c,1,43,319,4,True
frozen,i2c,1,44,319,4,True
frozen,i2c,1,45,319,4,True
frozen,i2c,1,46,319,4,True
frozen,i2c,1,47,319,4,True
frozen,i2c,1,48,319,4,True
frozen,i2c,1,49,318,4,True
frozen,i2c,1,50,312,4,True
frozen,i2c,1,51,312,4,True
frozen,i2c,1,52,312,4,True
frozen,i2c,1,53,312,4,True
frozen,i2c,1,54,312,4,True
frozen,i2c,1,55,312,4,True
frozen,i2c,1,56,312,4,True
frozen,i2c,1,57,312,4,True
frozen,i2c,1,58,312,4,True
frozen,i2c,1,59,312,4,True
frozen,i2c,1,60,312,4,True
frozen,i2c,1,61,312,4,True
frozen,i2c,1,62,312,4,True
frozen,i2c,1,63,312,4,True
frozen,i2c,1,64,312,4,True
frozen,i2c,1,65,312,4,True
frozen,i2c,1,66,312,4,True
frozen,i2c,1,67,311,4,True
frozen,i2c,1,68,311,4,True
frozen,i2c,1,69,311,4,True
frozen,i2c,1,70,311,4,True
frozen,i2c,1,71,311,4,True
frozen,i2c,1,72,311,4,True
frozen,i2c,1,73,311,4,True
frozen,i2c,1,74,311,4,True
frozen,i2c,1,75,311,4,True
frozen,i2c,1,76,311,4,True
frozen,i2c,1,77,311,4,True
frozen,i2c,1,78,311,4,True
frozen,i2c,1,79,311,4,True
frozen,i2c,1,80,311,4,True
frozen,i2c,1,81,311,4,True
frozen,i2c,1,82,311,4,True
frozen,i2c,1,83,311,4,True
frozen,i2c,1,84,311,4,True
frozen,i2c,1,85,311,4,True
frozen,i2c,1,86,311,4,True
frozen,i2c,1,87,311,4,True
frozen,i2c,1,88,311,4,True
frozen,i2c,1,89,311,4,True
frozen,i2c,1,90,311,4,True
frozen,i2c,1,91,311,4,True
frozen,i2c,1,92,311,4,True
frozen,i2c,1,93,311,4,True
frozen,i2c,1,94,311,4,True
frozen,i2c,1,95,311,4,True
frozen,i2c,1,96,311,4,True
frozen,i2c,1,97,311,4,True
frozen,i2c,1,98,311,4,True
frozen,i2c,1,99,311,4,True
frozen,i2c,1,100,311,4,True
frozen,i2c,1,101,311,4,True
frozen,i2c,1,102,311,4,True
frozen,i2c,1,103,311,4,True
frozen,i2c,1,104,311,4,True
frozen,i2c,1,105,311,4,True
frozen,i2c,1,106,311,4,True
frozen,i2c,1,107,311,4,True
frozen,i2c,1,108,311,4,True
frozen,i2c,1,109,311,4,True
frozen,i2c,1,110,311,4,True
frozen,i2c,1,111,311,4,True
frozen,i2c,1,112,311,4,True
frozen,i2c,1,113,311,4,True
frozen,i2c,1,114,311,4,True
frozen,i2c,1,115,311,4,True
frozen,i2c,1,116,311,4,True
frozen,i2c,1,117,311,4,True
frozen,i2c,1,118,311,4,True
frozen,i2c,1,119,311,4,True
frozen,i2c,1,120,311,4,True
frozen,i2c,1,121,311,4,True
frozen,i2c,1,122,311,4,True
frozen,i2c,1,123,311,4,True
frozen,i2c,1,124,311,4,True
frozen,i2c,1,125,311,4,True
frozen,i2c,1,126,311,4,True
frozen,i2c,1,127,311,4,True
frozen,i2c,1,128,311,4,True
frozen,i2c,1,129,311,4,True
frozen,i2c,1,130,311,4,True
frozen,i2c,1,131,311,4,True
frozen,i2c,1,132,311,4,True
frozen,i2c,1,133,311,4,True
frozen,i2c,1,134,311,4,True
frozen,i2c,1,135,311,4,True
frozen,i2c,1,136,311,4,True
frozen,i2c,1,137,311,4,True
frozen,i2c,1,138,311,4,True
frozen,i2c,1,139,311,4,True
frozen,i2c,1,140,311,4,True
frozen,i2c,1,141,311,4,True
frozen,i2c,1,142,311,4,True
frozen,i2c,1,143,311,4,True
frozen,i2c,1,144,311,4,True
frozen,i2c,1,145,311,4,True
frozen,i2c,1,146,311,4,True
frozen,i2c,1,147,311,4,True
frozen,i2c,1,148,311,4,True
frozen,i2c,1,149,311,4,True
frozen,i2c,1,150,311,4,True
frozen,i2c,1,151,311,4,True
frozen,i2c,1,152,311,4,True
frozen,i2c,1,153,311,4,True
frozen,i2c,1,154,311,4,True
frozen,i2c,1,155,311,4,True
frozen,i2c,1,156,311,4,True
frozen,i2c,1,157,311,4,True
frozen,i2c,1,158,311,4,True
frozen,i2c,1,159,311,4,True
frozen,i2c,1,160,311,4,True
frozen,i2c,1,161,311,4,True
frozen,i2c,1,162,311,4,True
frozen,i2c,1,163,311,4,True
frozen,i2c,1,164,311,4,True
frozen,i2c,1,165,311,4,True
frozen,i2c,1,166,311,4,True
frozen,i2c,1,167,311,4,True
frozen,i2c,1,168,311,4,True
frozen,i2c,1,169,311,4,True
frozen,i2c,1,170,311,4,True
frozen,i2c,1,171,311,4,True
frozen,i2c,1,172,311,4,True
frozen,i2c,1,173,311,4,True
frozen,i2c,1,174,311,4,True
frozen,i2c,1,175,311,4,True
frozen,i2c,1,176,311,4,True
frozen,i2c,1,177,311,4,True
frozen,i2c,1,178,311,4,True
frozen,i2c,1,179,311,4,True
frozen,i2c,1,180,311,4,True
frozen,i2c,1,181,311,4,True
frozen,i2c,1,182,311,4,True
frozen,i2c,1,183,311,4,True
frozen,i2c,1,184,311,4,True
frozen,i2c,1,185,311,4,True
frozen,i2c,1,186,311,4,True
frozen,i2c,1,187,311,4,True
frozen,i2c,1,188,311,4,True
frozen,i2c,1,189,311,4,True
frozen,i2c,1,190,311,4,True
frozen,i2c,1,191,311,4,True
frozen,i2c,1,192,311,4,True
frozen,i2c,1,193,311,4,True
frozen,i2c,1,194,311,4,True
frozen,i2c,1,195,311,4,True
frozen,i2c,1,196,311,4,True
frozen,i2c,1,197,311,4,True
frozen,i2c,1,198,311,4,True
frozen,i2c,1,199,311,4,True
frozen,i2c,1,200,311,4,True
frozen,i2c,1,201,311,4,True
frozen,i2c,1,202,311,4,True
frozen,i2c,1,203,311,4,True
frozen,i2c,1,204,311,4,True
frozen,i2c,1,205,311,4,True
frozen,i2c,1,206,311,4,True
frozen,i2c,1,207,311,4,True
frozen,i2c,1,208,311,4,True
frozen,i2c,1,209,311,4,True
frozen,i2c,1,210,311,4,True
frozen,i2c,1,211,311,4,True
frozen,i2c,1,212,311,4,True
frozen,i2c,1,213,311,4,True
frozen,i2c,1,214,311,4,True
frozen,i2c,1,215,311,4,True
frozen,i2c,1,216,311,4,True
frozen,i2c,1,217,311,4,True
frozen,i2c,1,218,311,4,True
frozen,i2c,1,219,311,4,True
frozen,i2c,1,220,311,4,True
frozen,i2c,1,221,311,4,True
frozen,i2c,1,222,311,4,True
frozen,i2c,1,223,311,4,True
frozen,i2c,1,224,311,4,True
frozen,i2c,1,225,311,4,True
frozen,i2c,1,226,311,4,True
frozen,i2c,1,227,311,4,True
frozen,i2c,1,228,311,4,True
frozen,i2c,1,229,311,4,True
frozen,i2c,1,230,311,4,True
frozen,i2c,1,231,311,4,True
frozen,i2c,1,232,311,4,True
frozen,i2c,1,233,311,4,True
frozen,i2c,1,234,311,4,True
frozen,i2c,1,235,311,4,True
frozen,i2c,1,236,311,4,True
frozen,i2c,1,237,311,4,True
frozen,i2c,1,238,311,4,True
frozen,i2c,1,239,311,4,True
frozen,i2c,1,240,311,4,True
frozen,i2c,1,241,311,4,True
frozen,i2c,1,242,311,4,True
frozen,i2c,1,243,311,4,True
frozen,i2c,1,244,311,4,True
frozen,i2c,1,245,311,4,True
frozen,i2c,1,246,311,4,True
frozen,i2c,1,247,311,4,True
frozen,i2c,1,248,311,4,True
frozen,i2c,1,249,311,4,True
frozen,i2c,1,250,311,4,True
frozen,i2c,1,251,311,4,True
frozen,i2c,1,252,311,4,True
frozen,i2c,1,253,311,4,True
frozen,i2c,1,254,311,4,True
frozen,i2c,1,255,311,4,True
frozen,i2c,1,256,311,4,True
frozen,i2c,1,257,311,4,True
frozen,i2c,1,258,311,4,True
frozen,i2c,1,259,311,4,True
frozen,i2c,1,260,311,4,True
frozen,i2c,1,261,311,4,True
frozen,i2c,1,262,311,4,True
frozen,i2c,1,263,311,4,True
frozen,i2c,1,264,311,4,True
frozen,i2c,1,265,311,4,True
frozen,i2c,1,266,311,4,True
frozen,i2c,1,267,311,4,True
frozen,i2c,1,268,311,4,True
frozen,i2c,1,269,311,4,True
frozen,i2c,1,270,311,4,True
frozen,i2c,1,271,311,4,True
frozen,i2c,1,272,311,4,True
frozen,i2c,1,273,311,4,True
frozen,i2c,1,274,311,4,True
frozen,i2c,1,275,311,4,True
frozen,i2c,1,276,311,4,True
frozen,i2c,1,277,311,4,True
frozen,i2c,1,278,311,4,True
frozen,i2c,1,279,311,4,True
frozen,i2c,1,280,311,4,True
frozen,i2c,1,281,311,4,True
frozen,i2c,1,282,311,4,True
frozen,i2c,1,283,311,4,True
frozen,i2c,1,284,311,4,True
frozen,i2c,1,285,311,4,True
frozen,i2c,1,286,311,4,True
frozen,i2c,1,287,311,4,True
frozen,i2c,1,288,311,4,True
frozen,i2c,1,289,311,4,True
frozen,i2c,1,290,311,4,True
frozen,i2c,1,291,311,4,True
frozen,i2c,1,292,311,4,True
frozen,i2c,1,293,311,4,True
frozen,i2c,1,294,311,4,True
frozen,i2c,1,295,311,4,True
frozen,i2c,1,296,311,4,True
frozen,i2c,1,297,311,4,True
frozen,i2c,1,298,311,4,True
frozen,i2c,1,299,311,4,True
frozen,i2c,1,300,311,4,True
frozen,i2c,1,301,311,4,True
frozen,i2c,1,302,311,4,True
frozen,i2c,1,303,311,4,True
frozen,i2c,1,304,311,4,True
frozen,i2c,1,305,311,4,True
frozen,i2c,1,306,311,4,True
frozen,i2c,1,307,311,4,True
frozen,i2c,1,308,311,4,True
frozen,i2c,1,309,311,4,True
frozen,i2c,1,310,311,4,True
frozen,i2c,1,311,311,4,True
frozen,i2c,1,312,311,4,True
frozen,i2c,1,313,311,4,True
frozen,i2c,1,314,311,4,True
frozen,i2c,1,315,311,4,True
frozen,i2c,1,316,311,4,True
frozen,i2c,1,317,311,4,True
frozen,i2c,1,318,311,4,True
frozen,i2c,1,319,311,4,True
frozen,i2c,1,320,311,4,True
frozen,i2c,1,321,311,4,True
frozen,i2c,1,322,311,4,True
frozen,i2c,1,323,311,4,True
frozen,i2c,1,324,311,4,True
frozen,i2c,1,325,311,4,True
frozen,i2c,1,326,311,4,True
frozen,i2c,1,327,311,4,True
frozen,i2c,1,328,311,4,True
frozen,i2c,1,329,311,4,True
frozen,i2c,1,330,311,4,True
frozen,i2c,1,331,311,4,True
frozen,i2c,1,332,311,4,True
frozen,i2c,1,333,311,4,True
frozen,i2c,1,334,311,4,True
frozen,i2c,1,335,311,4,True
frozen,i2c,1,336,311,4,True
frozen,i2c,1,337,311,4,True
frozen,i2c,1,338,311,4,True
frozen,i2c,1,339,311,4,True
frozen,i2c,1,340,311,4,True
frozen,i2c,1,341,311,4,True
frozen,i2c,1,342,311,4,True
frozen,i2c,1,343,311,4,True
frozen,i2c,1,344,311,4,True
frozen,i2c,1,345,311,4,True
frozen,i2c,1,346,311,4,True
frozen,i2c,1,347,311,4,True
frozen,i2c,1,348,311,4,True
frozen,i2c,1,349,311,4,True
frozen,i2c,1,350,311,4,True
frozen,i2c,1,351,311,4,True
frozen,i2c,1,352,311,4,True
frozen,i2c,1,353,311,4,True
frozen,i2c,1,354,311,4,True
frozen,i2c,1,355,311,4,True
frozen,i2c,1,356,311,4,True
frozen,i2c,1,357,311,4,True
frozen,i2c,1,358,311,4,True
frozen,i2c,1,359,311,4,True
frozen,i2c,1,360,311,4,True
frozen,i2c,1,361,311,4,True
frozen,i2c,1,362,311,4,True
frozen,i2c,1,363,311,4,True
frozen,i2c,1,364,311,4,True
frozen,i2c,1,365,311,4,True
frozen,i2c,1,366,311,4,True
frozen,i2c,1,367,311,4,True
frozen,i2c,1,368,311,4,True
frozen,i2c,1,369,311,4,True
frozen,i2c,1,370,311,4,True
frozen,i2c,1,371,311,4,True
frozen,i2c,1,372,311,4,True
frozen,i2c,1,373,311,4,True
frozen,i2c,1,374,311,4,True
frozen,i2c,1,375,311,4,True
frozen,i2c,1,376,311,4,True
frozen,i2c,1,377,311,4,True
frozen,i2c,1,378,311,4,True
frozen,i2c,1,379,311,4,True
frozen,i2c,1,380,311,4,True
frozen,i2c,1,381,311,4,True
frozen,i2c,1,382,311,4,True
frozen,i2c,1,383,311,4,True
frozen,i2c,1,384,311,4,True
frozen,i2c,1,385,311,4,True
frozen,i2c,1,386,311,4,True
frozen,i2c,1,387,311,4,True
frozen,i2c,1,388,311,4,True
frozen,i2c,1,389,311,4,True
frozen,i2c,1,390,311,4,True
frozen,i2c,1,391,311,4,True
frozen,i2c,1,392,311,4,True
frozen,i2c,1,393,311,4,True
frozen,i2c,1,394,311,4,True
frozen,i2c,1,395,311,4,True
frozen,i2c,1,396,311,4,True
frozen,i2c,1,397,311,4,True
frozen,i2c,1,398,311,4,True
frozen,i2c,1,399,311,4,True
frozen,i2c,1,400,311,4,True
frozen,i2c,1,401,311,4,True
frozen,i2c,1,402,311,4,True
frozen,i2c,1,403,311,4,True
frozen,i2c,1,404,311,4,True
frozen,i2c,1,405,311,4,True
frozen,i2c,1,406,311,4,True
frozen,i2c,1,407,311,4,True
frozen,i2c,1,408,311,4,True
frozen,i2c,1,409,311,4,True
frozen,i2c,1,410,311,4,True
frozen,i2c,1,411,311,4,True
frozen,i2c,1,412,311,4,True
frozen,i2c,1,413,311,4,True
frozen,i2c,1,414,311,4,True
frozen,i2c,1,415,311,4,True
frozen,i2c,1,416,311,4,True
frozen,i2c,1,417,311,4,True
frozen,i2c,1,418,311,4,True
frozen,i2c,1,419,311,4,True
frozen,i2c,1,420,311,4,True
frozen,i2c,1,421,311,4,True
frozen,i2c,1,422,311,4,True
frozen,i2c,1,423,311,4,True
frozen,i2c,1,424,311,4,True
frozen,i2c,1,425,311,4,True
frozen,i2c,1,426,311,4,True
frozen,i2c,1,427,311,4,True
frozen,i2c,1,428,311,4,True
frozen,i2c,1,429,311,4,True
frozen,i2c,1,430,311,4,True
frozen,i2c,1,431,311,4,True
frozen,i2c,1,432,311,4,True
frozen,i2c,1,433,311,4,True
frozen,i2c,1,434,311,4,True
frozen,i2c,1,435,311,4,True
frozen,i2c,1,436,311,4,True
frozen,i2c,1,437,311,4,True
frozen,i2c,1,438,311,4,True
frozen,i2c,1,439,311,4,True
frozen,i2c,1,440,311,4,True
frozen,i2c,1,441,311,4,True
frozen,i2c,1,442,311,4,True
frozen,i2c,1,443,311,4,True
frozen,i2c,1,444,311,4,True
frozen,i2c,1,445,311,4,True
frozen,i2c,1,446,311,4,True
frozen,i2c,1,447,311,4,True
frozen,i2c,1,448,311,4,True
frozen,i2c,1,449,311,4,True
frozen,i2c,1,450,311,4,True
frozen,i2c,1,451,311,4,True
frozen,i2c,1,452,311,4,True
frozen,i2c,1,453,311,4,True
frozen,i2c,1,454,311,4,True
frozen,i2c,1,455,311,4,True
frozen,i2c,1,456,311,4,True
frozen,i2c,1,457,311,4,True
frozen,i2c,1,458,311,4,True
frozen,i2c,1,459,311,4,True
frozen,i2c,1,460,311,4,True
frozen,i2c,1,461,311,4,True
frozen,i2c,1,462,311,4,True
frozen,i2c,1,463,311,4,True
frozen,i2c,1,464,311,4,True
frozen,i2c,1,465,311,4,True
frozen,i2c,1,466,311,4,True
frozen,i2c,1,467,311,4,True
frozen,i2c,1,468,311,4,True
frozen,i2c,1,469,311,4,True
frozen,i2c,1,470,311,4,True
frozen,i2c,1,471,311,4,True
frozen,i2c,1,472,311,4,True
frozen,i2c,1,473,311,4,True
frozen,i2c,1,474,311,4,True
frozen,i2c,1,475,311,4,True
frozen,i2c,1,476,311,4,True
frozen,i2c,1,477,311,4,True
frozen,i2c,1,478,311,4,True
frozen,i2c,1,479,311,4,True
frozen,i2c,1,480,311,4,True
frozen,i2c,1,481,311,4,True
frozen,i2c,1,482,311,4,True
frozen,i2c,1,483,311,4,True
frozen,i2c,1,484,311,4,True
frozen,i2c,1,485,311,4,True
frozen,i2c,1,486,311,4,True
frozen,i2c,1,487,311,4,True
frozen,i2c,1,488,311,4,True
frozen,i2c,1,489,311,4,True
frozen,i2c,1,490,311,4,True
frozen,i2c,1,491,311,4,True
frozen,i2c,1,492,311,4,True
frozen,i2c,1,493,311,4,True
frozen,i2c,1,494,311,4,True
frozen,i2c,1,495,311,4,True
frozen,i2c,1,496,311,4,True
frozen,i2c,1,497,311,4,True
frozen,i2c,1,498,311,4,True
frozen,i2c,1,499,311,4,True
frozen,i2c,1,500,311,4,True
frozen,i2c,1,501,311,4,True
frozen,i2c,1,502,311,4,True
frozen,i2c,1,503,311,4,True
frozen,i2c,1,504,311,4,True
frozen,i2c,1,505,311,4,True
frozen,i2c,1,506,311,4,True
frozen,i2c,1,507,311,4,True
frozen,i2c,1,508,311,4,True
frozen,i2c,1,509,311,4,True
frozen,i2c,1,510,311,4,True
frozen,i2c,1,511,311,4,True
frozen,i2c,1,512,311,4,True
frozen,i2c,1,513,311,4,True
frozen,i2c,1,514,311,4,True
frozen,i2c,1,515,311,4,True
frozen,i2c,1,516,311,4,True
frozen,i2c,1,517,311,4,True
frozen,i2c,1,518,311,4,True
frozen,i2c,1,519,311,4,True
frozen,i2c,1,520,311,4,True
frozen,i2c,1,521,311,4,True
frozen,i2c,1,522,311,4,True
frozen,i2c,1,523,311,4,True
frozen,i2c,1,524,311,4,True
frozen,i2c,1,525,311,4,True
frozen,i2c,1,526,311,4,True
frozen,i2c,1,527,311,4,True
frozen,i2c,1,528,311,4,True
frozen,i2c,1,529,311,4,True
frozen,i2c,1,530,311,4,True
frozen,i2c,1,531,311,4,True
frozen,i2c,1,532,311,4,True
frozen,i2c,1,533,311,4,True
frozen,i2c,1,534,311,4,True
frozen,i2c,1,535,311,4,True
frozen,i2c,1,536,311,4,True
frozen,i2c,1,537,311,4,True
frozen,i2c,1,538,311,4,True
frozen,i2c,1,539,311,4,True
frozen,i2c,1,540,311,4,True
frozen,i2c,1,541,311,4,True
frozen,i2c,1,542,311,4,True
frozen,i2c,1,543,311,4,True
frozen,i2c,1,544,311,4,True
frozen,i2c,1,545,311,4,True
frozen,i2c,1,546,311,4,True
frozen,i2c,1,547,311,4,True
frozen,i2c,1,548,311,4,True
frozen,i2c,1,549,311,4,True
frozen,i2c,1,550,311,4,True
frozen,i2c,1,551,311,4,True
frozen,i2c,1,552,311,4,True
frozen,i2c,1,553,311,4,True
frozen,i2c,1,554,311,4,True
frozen,i2c,1,555,311,4,True
frozen,i2c,1,556,311,4,True
frozen,i2c,1,557,311,4,True
frozen,i2c,1,558,311,4,True
frozen,i2c,1,559,311,4,True
frozen,i2c,1,560,311,4,True
frozen,i2c,1,561,311,4,True
frozen,i2c,1,562,311,4,True
frozen,i2c,1,563,311,4,True
frozen,i2c,1,564,311,4,True
frozen,i2c,1,565,311,4,True
frozen,i2c,1,566,311,4,True
frozen,i2c,1,567,311,4,True
frozen,i2c,1,568,311,4,True
frozen,i2c,1,569,311,4,True
frozen,i2c,1,570,311,4,True
frozen,i2c,1,571,311,4,True
frozen,i2c,1,572,311,4,True
frozen,i2c,1,573,311,4,True
frozen,i2c,1,574,311,4,True
frozen,i2c,1,575,311,4,True
frozen,i2c,1,576,311,4,True
frozen,i2c,1,577,311,4,True
frozen,i2c,1,578,311,4,True
frozen,i2c,1,579,311,4,True
frozen,i2c,1,580,311,4,True
frozen,i2c,1,581,311,4,True
frozen,i2c,1,582,311,4,True
frozen,i2c,1,583,311,4,True
frozen,i2c,1,584,311,4,True
frozen,i2c,1,585,311,4,True
frozen,i2c,1,586,311,4,True
frozen,i2c,1,587,311,4,True
frozen,i2c,1,588,311,4,True
frozen,i2c,1,589,311,4,True
frozen,i2c,1,590,311,4,True
frozen,i2c,1,591,311,4,True
frozen,i2c,1,592,311,4,True
frozen,i2c,1,593,311,4,True
frozen,i2c,1,594,311,4,True
frozen,i2c,1,595,311,4,True
frozen,i2c,1,596,311,4,True
frozen,i2c,1,597,311,4,True
frozen,i2c,1,598,311,4,True
frozen,i2c,1,599,311,4,True
frozen,i2c,1,600,311,4,True
frozen,i2c,1,601,311,4,True
frozen,i2c,1,602,311,4,True
frozen,i2c,1,603,311,4,True
frozen,i2c,1,604,311,4,True
frozen,i2c,1,605,311,4,True
frozen,i2c,1,606,311,4,True
frozen,i2c,1,607,311,4,True
frozen,i2c,1,608,311,4,True
frozen,i2c,1,609,311,4,True
frozen,i2c,1,610,311,4,True
frozen,i2c,1,611,311,4,True
frozen,i2c,1,612,311,4,True
frozen,i2c,1,613,311,4,True
frozen,i2c,1,614,311,4,True
frozen,i2c,1,615,311,4,True
frozen,i2c,1,616,311,4,True
frozen,i2c,1,617,311,4,True
frozen,i2c,1,618,311,4,True
frozen,i2c,1,619,311,4,True
frozen,i2c,1,620,311,4,True
frozen,i2c,1,621,311,4,True
frozen,i2c,1,622,311,4,True
frozen,i2c,1,623,311,4,True
frozen,i2c,1,624,311,4,True
frozen,i2c,1,625,311,4,True
frozen,i2c,1,626,311,4,True
frozen,i2c,1,627,311,4,True
frozen,i2c,1,628,311,4,True
frozen,i2c,1,629,311,4,True
frozen,i2c,1,630,311,4,True
frozen,i2c,1,631,311,4,True
frozen,i2c,1,632,311,4,True
frozen,i2c,1,633,311,4,True
frozen,i2c,1,634,311,4,True
frozen,i2c,1,635,311,4,True
frozen,i2c,1,636,311,4,True
frozen,i2c,1,637,311,4,True
frozen,i2c,1,638,311,4,True
frozen,i2c,1,639,311,4,True
frozen,i2c,1,640,311,4,True
frozen,i2c,1,641,311,4,True
frozen,i2c,1,642,311,4,True
frozen,i2c,1,643,311,4,True
frozen,i2c,1,644,311,4,True
frozen,i2c,1,645,311,4,True
frozen,i2c,1,646,311,4,True
frozen,i2c,1,647,311,4,True
frozen,i2c,1,648,311,4,True
frozen,i2c,1,649,311,4,True
frozen,i2c,1,650,311,4,True
frozen,i2c,1,651,311,4,True
frozen,i2c,1,652,311,4,True
frozen,i2c,1,653,311,4,True
frozen,i2c,1,654,311,4,True
frozen,i2c,1,655,311,4,True
frozen,i2c,1,656,311,4,True
frozen,i2c,1,657,311,4,True
frozen,i2c,1,658,311,4,True
frozen,i2c,1,659,311,4,True
frozen,i2c,1,660,311,4,True
frozen,i2c,1,661,311,4,True
frozen,i2c,1,662,311,4,True
frozen,i2c,1,663,311,4,True
frozen,i2c,1,664,311,4,True
frozen,i2c,1,665,311,4,True
frozen,i2c,1,666,311,4,True
frozen,i2c,1,667,311,4,True
frozen,i2c,1,668,311,4,True
frozen,i2c,1,669,311,4,True
frozen,i2c,1,670,311,4,True
frozen,i2c,1,671,311,4,True
frozen,i2c,1,672,311,4,True
frozen,i2c,1,673,311,4,True
frozen,i2c,1,674,311,4,True
frozen,i2c,1,675,311,4,True
frozen,i2c,1,676,311,4,True
frozen,i2c,1,677,311,4,True
frozen,i2c,1,678,311,4,True
frozen,i2c,1,679,311,4,True
frozen,i2c,1,680,311,4,True
frozen,i2c,1,681,311,4,True
frozen,i2c,1,682,311,4,True
frozen,i2c,1,683,311,4,True
frozen,i2c,1,684,311,4,True
frozen,i2c,1,685,311,4,True
frozen,i2c,1,686,311,4,True
frozen,i2c,1,687,311,4,True
frozen,i2c,1,688,311,4,True
frozen,i2c,1,689,311,4,True
frozen,i2c,1,690,311,4,True
frozen,i2c,1,691,311,4,True
frozen,i2c,1,692,311,4,True
frozen,i2c,1,693,311,4,True
frozen,i2c,1,694,311,4,True
frozen,i2c,1,695,311,4,True
frozen,i2c,1,696,311,4,True
frozen,i2c,1,697,311,4,True
frozen,i2c,1,698,307,4,True
frozen,i2c,1,699,307,4,True
frozen,i2c,1,700,307,4,True
frozen,i2c,1,701,307,4,True
frozen,i2c,1,702,307,4,True
frozen,i2c,1,703,307,4,True
frozen,i2c,1,704,307,4,True
frozen,i2c,1,705,307,4,True
frozen,i2c,1,706,307,4,True
frozen,i2c,1,707,307,4,True
frozen,i2c,1,708,307,4,True
frozen,i2c,1,709,307,4,True
frozen,i2c,1,710,307,4,True
frozen,i2c,1,711,307,4,True
frozen,i2c,1,712,307,4,True
frozen,i2c,1,713,307,4,True
frozen,i2c,1,714,307,4,True
frozen,i2c,1,715,307,4,True
frozen,i2c,1,716,307,4,True
frozen,i2c,1,717,307,4,True
frozen,i2c,1,718,307,4,True
frozen,i2c,1,719,307,4,True
frozen,i2c,1,720,307,4,True
frozen,i2c,1,721,307,4,True
frozen,i2c,1,722,307,4,True
frozen,i2c,1,723,307,4,True
frozen,i2c,1,724,307,4,True
frozen,i2c,1,725,307,4,True
frozen,i2c,1,726,307,4,True
frozen,i2c,1,727,307,4,True
frozen,i2c,1,728,307,4,True
frozen,i2c,1,729,307,4,True
frozen,i2c,1,730,307,4,True
frozen,i2c,1,731,307,4,True
frozen,i2c,1,732,307,4,True
frozen,i2c,1,733,307,4,True
frozen,i2c,1,734,307,4,True
frozen,i2c,1,735,307,4,True
frozen,i2c,1,736,307,4,True
frozen,i2c,1,737,307,4,True
frozen,i2c,1,738,307,4,True
frozen,i2c,1,739,307,4,True
frozen,i2c,1,740,307,4,True
frozen,i2c,1,741,307,4,True
frozen,i2c,1,742,307,4,True
frozen,i2c,1,743,307,4,True
frozen,i2c,1,744,307,4,True
frozen,i2c,1,745,307,4,True
frozen,i2c,1,746,307,4,True
frozen,i2c,1,747,307,4,True
frozen,i2c,1,748,307,4,True
frozen,i2c,1,749,307,4,True
frozen,i2c,1,750,307,4,True
frozen,i2c,1,751,307,4,True
frozen,i2c,1,752,307,4,True
frozen,i2c,1,753,307,4,True
frozen,i2c,1,754,307,4,True
frozen,i2c,1,755,307,4,True
frozen,i2c,1,756,307,4,True
frozen,i2c,1,757,307,4,True
frozen,i2c,1,758,307,4,True
frozen,i2c,1,759,307,4,True
frozen,i2c,1,760,307,4,True
frozen,i2c,1,761,307,4,True
frozen,i2c,1,762,307,4,True
frozen,i2c,1,763,307,4,True
frozen,i2c,1,764,307,4,True
frozen,i2c,1,765,307,4,True
frozen,i2c,1,766,307,4,True
frozen,i2c,1,767,307,4,True
frozen,i2c,1,768,307,4,True
frozen,i2c,1,769,307,4,True
frozen,i2c,1,770,307,4,True
frozen,i2c,1,771,307,4,True
frozen,i2c,1,772,307,4,True
frozen,i2c,1,773,307,4,True
frozen,i2c,1,774,307,4,True
frozen,i2c,1,775,307,4,True
frozen,i2c,1,776,307,4,True
frozen,i2c,1,777,307,4,True
frozen,i2c,1,778,307,4,True
frozen,i2c,1,779,307,4,True
frozen,i2c,1,780,307,4,True
frozen,i2c,1,781,307,4,True
frozen,i2c,1,782,307,4,True
frozen,i2c,1,783,307,4,True
frozen,i2c,1,784,307,4,True
frozen,i2c,1,785,307,4,True
frozen,i2c,1,786,307,4,True
frozen,i2c,1,787,307,4,True
frozen,i2c,1,788,307,4,True
frozen,i2c,1,789,307,4,True
frozen,i2c,1,790,307,4,True
frozen,i2c,1,791,307,4,True
frozen,i2c,1,792,307,4,True
frozen,i2c,1,793,307,4,True
frozen,i2c,1,794,307,4,True
frozen,i2c,1,795,307,4,True
frozen,i2c,1,796,307,4,True
frozen,i2c,1,797,307,4,True
frozen,i2c,1,798,307,4,True
frozen,i2c,1,799,307,4,True
frozen,i2c,1,800,307,4,True
frozen,i2c,1,801,307,4,True
frozen,i2c,1,802,307,4,True
frozen,i2c,1,803,307,4,True
frozen,i2c,1,804,307,4,True
frozen,i2c,1,805,307,4,True
frozen,i2c,1,806,307,4,True
frozen,i2c,1,807,307,4,True
frozen,i2c,1,808,307,4,True
frozen,i2c,1,809,307,4,True
frozen,i2c,1,810,307,4,True
frozen,i2c,1,811,307,4,True
frozen,i2c,1,812,307,4,True
frozen,i2c,1,813,307,4,True
frozen,i2c,1,814,307,4,True
frozen,i2c,1,815,307,4,True
frozen,i2c,1,816,307,4,True
frozen,i2c,1,817,307,4,True
frozen,i2c,1,818,307,4,True
frozen,i2c,1,819,307,4,True
frozen,i2c,1,820,307,4,True
frozen,i2c,1,821,307,4,True
frozen,i2c,1,822,307,4,True
frozen,i2c,1,823,307,4,True
frozen,i2c,1,824,307,4,True
frozen,i2c,1,825,307,4,True
frozen,i2c,1,826,307,4,True
frozen,i2c,1,827,307,4,True
frozen,i2c,1,828,307,4,True
frozen,i2c,1,829,307,4,True
frozen,i2c,1,830,307,4,True
frozen,i2c,1,831,307,4,True
frozen,i2c,1,832,307,4,True
frozen,i2c,1,833,307,4,True
frozen,i2c,1,834,307,4,True
frozen,i2c,1,835,307,4,True
frozen,i2c,1,836,307,4,True
frozen,i2c,1,837,307,4,True
frozen,i2c,1,838,307,4,True
frozen,i2c,1,839,307,4,True
frozen,i2c,1,840,307,4,True
frozen,i2c,1,841,307,4,True
frozen,i2c,1,842,307,4,True
frozen,i2c,1,843,307,4,True
frozen,i2c,1,844,307,4,True
frozen,i2c,1,845,307,4,True
frozen,i2c,1,846,307,4,True
frozen,i2c,1,847,307,4,True
frozen,i2c,1,848,307,4,True
frozen,i2c,1,849,307,4,True
frozen,i2c,1,850,307,4,True
frozen,i2c,1,851,307,4,True
frozen,i2c,1,852,307,4,True
frozen,i2c,1,853,307,4,True
frozen,i2c,1,854,307,4,True
frozen,i2c,1,855,307,4,True
frozen,i2c,1,856,307,4,True
frozen,i2c,1,857,307,4,True
frozen,i2c,1,858,307,4,True
frozen,i2c,1,859,307,4,True
frozen,i2c,1,860,307,4,True
frozen,i2c,1,861,307,4,True
frozen,i2c,1,862,307,4,True
frozen,i2c,1,863,307,4,True
frozen,i2c,1,864,307,4,True
frozen,i2c,1,865,307,4,True
frozen,i2c,1,866,307,4,True
frozen,i2c,1,867,307,4,True
frozen,i2c,1,868,307,4,True
frozen,i2c,1,869,307,4,True
frozen,i2c,1,870,307,4,True
frozen,i2c,1,871,307,4,True
frozen,i2c,1,872,307,4,True
frozen,i2c,1,873,307,4,True
frozen,i2c,1,874,307,4,True
frozen,i2c,1,875,307,4,True
frozen,i2c,1,876,307,4,True
frozen,i2c,1,877,307,4,True
frozen,i2c,1,878,307,4,True
frozen,i2c,1,879,307,4,True
frozen,i2c,1,880,307,4,True
frozen,i2c,1,881,307,4,True
frozen,i2c,1,882,307,4,True
frozen,i2c,1,883,307,4,True
frozen,i2c,1,884,307,4,True
frozen,i2c,1,885,307,4,True
frozen,i2c,1,886,307,4,True
frozen,i2c,1,887,307,4,True
frozen,i2c,1,888,307,4,True
frozen,i2c,1,889,307,4,True
frozen,i2c,1,890,307,4,True
frozen,i2c,1,891,307,4,True
frozen,i2c,1,892,307,4,True
frozen,i2c,1,893,307,4,True
frozen,i2c,1,894,307,4,True
frozen,i2c,1,895,307,4,True
frozen,i2c,1,896,307,4,True
frozen,i2c,1,897,307,4,True
frozen,i2c,1,898,307,4,True
frozen,i2c,1,899,307,4,True
frozen,i2c,1,900,307,4,True
frozen,i2c,1,901,307,4,True
frozen,i2c,1,902,307,4,True
frozen,i2c,1,903,307,4,True
frozen,i2c,1,904,307,4,True
frozen,i2c,1,905,307,4,True
frozen,i2c,1,906,307,4,True
frozen,i2c,1,907,307,4,True
frozen,i2c,1,908,307,4,True
frozen,i2c,1,909,307,4,True
frozen,i2c,1,910,307,4,True
frozen,i2c,1,911,307,4,True
frozen,i2c,1,912,307,4,True
frozen,i2c,1,913,307,4,True
frozen,i2c,1,914,307,4,True
frozen,i2c,1,915,307,4,True
frozen,i2c,1,916,307,4,True
frozen,i2c,1,917,307,4,True
frozen,i2c,1,918,307,4,True
frozen,i2c,1,919,307,4,True
frozen,i2c,1,920,307,4,True
frozen,i2c,1,921,307,4,True
frozen,i2c,1,922,307,4,True
frozen,i2c,1,923,307,4,True
frozen,i2c,1,924,307,4,True
frozen,i2c,1,925,307,4,True
frozen,i2c,1,926,307,4,True
frozen,i2c,1,927,307,4,True
frozen,i2c,1,928,307,4,True
frozen,i2c,1,929,307,4,True
frozen,i2c,1,930,307,4,True
frozen,i2c,1,931,307,4,True
frozen,i2c,1,932,307,4,True
frozen,i2c,1,933,307,4,True
frozen,i2c,1,934,307,4,True
frozen,i2c,1,935,307,4,True
frozen,i2c,1,936,307,4,True
frozen,i2c,1,937,307,4,True
frozen,i2c,1,938,307,4,True
frozen,i2c,1,939,307,4,True
frozen,i2c,1,940,307,4,True
frozen,i2c,1,941,307,4,True
frozen,i2c,1,942,307,4,True
frozen,i2c,1,943,307,4,True
frozen,i2c,1,944,307,4,True
frozen,i2c,1,945,307,4,True
frozen,i2c,1,946,307,4,True
frozen,i2c,1,947,307,4,True
frozen,i2c,1,948,307,4,True
frozen,i2c,1,949,307,4,True
frozen,i2c,1,950,307,4,True
frozen,i2c,1,951,307,4,True
frozen,i2c,1,952,307,4,True
frozen,i2c,1,953,307,4,True
frozen,i2c,1,954,307,4,True
frozen,i2c,1,955,307,4,True
frozen,i2c,1,956,307,4,True
frozen,i2c,1,957,307,4,True
frozen,i2c,1,958,307,4,True
frozen,i2c,1,959,307,4,True
frozen,i2c,1,960,307,4,True
frozen,i2c,1,961,307,4,True
frozen,i2c,1,962,307,4,True
frozen,i2c,1,963,307,4,True
frozen,i2c,1,964,307,4,True
frozen,i2c,1,965,307,4,True
frozen,i2c,1,966,307,4,True
frozen,i2c,1,967,307,4,True
frozen,i2c,1,968,307,4,True
frozen,i2c,1,969,307,4,True
frozen,i2c,1,970,307,4,True
frozen,i2c,1,971,307,4,True
frozen,i2c,1,972,307,4,True
frozen,i2c,1,973,307,4,True
frozen,i2c,1,974,307,4,True
frozen,i2c,1,975,307,4,True
frozen,i2c,1,976,307,4,True
frozen,i2c,1,977,307,4,True
frozen,i2c,1,978,307,4,True
frozen,i2c,1,979,307,4,True
frozen,i2c,1,980,307,4,True
frozen,i2c,1,981,307,4,True
frozen,i2c,1,982,307,4,True
frozen,i2c,1,983,307,4,True
frozen,i2c,1,984,307,4,True
frozen,i2c,1,985,307,4,True
frozen,i2c,1,986,307,4,True
frozen,i2c,1,987,307,4,True
frozen,i2c,1,988,307,4,True
frozen,i2c,1,989,307,4,True
frozen,i2c,1,990,307,4,True
frozen,i2c,1,991,307,4,True
frozen,i2c,1,992,307,4,True
frozen,i2c,1,993,307,4,True
frozen,i2c,1,994,307,4,True
frozen,i2c,1,995,307,4,True
frozen,i2c,1,996,307,4,True
frozen,i2c,1,997,307,4,True
frozen,i2c,1,998,307,4,True
frozen,i2c,1,999,307,4,True
frozen,i2c,1,1000,307,4,True
frozen,i2c,2,1,340,4,True
frozen,i2c,2,2,340,4,True
frozen,i2c,2,3,332,4,True
frozen,i2c,2,4,331,4,True
frozen,i2c,2,5,331,4,True
frozen,i2c,2,6,327,4,True
frozen,i2c,2,7,327,4,True
frozen,i2c,2,8,327,4,True
frozen,i2c,2,9,323,4,True
frozen,i2c,2,10,323,4,True
frozen,i2c,2,11,323,4,True
frozen,i2c,2,12,323,4,True
frozen,i2c,2,13,323,4,True
frozen,i2c,2,14,323,4,True
frozen,i2c,2,15,323,4,True
frozen,i2c,2,16,323,4,True
frozen,i2c,2,17,320,4,True
frozen,i2c,2,18,318,4,True
frozen,i2c,2,19,313,4,True
frozen,i2c,2,20,310,4,True
frozen,i2c,2,21,310,4,True
frozen,i2c,2,22,310,4,True
frozen,i2c,2,23,310,4,True
frozen,i2c,2,24,310,4,True
frozen,i2c,2,25,310,4,True
frozen,i2c,2,26,310,4,True
frozen,i2c,2,27,310,4,True
frozen,i2c,2,28,310,4,True
frozen,i2c,2,29,310,4,True
frozen,i2c,2,30,310,4,True
frozen,i2c,2,31,310,4,True
frozen,i2c,2,32,310,4,True
frozen,i2c,2,33,310,4,True
frozen,i2c,2,34,310,4,True
frozen,i2c,2,35,310,4,True
frozen,i2c,2,36,310,4,True
frozen,i2c,2,37,310,4,True
frozen,i2c,2,38,310,4,True
frozen,i2c,2,39,310,4,True
frozen,i2c,2,40,310,4,True
frozen,i2c,2,41,310,4,True
frozen,i2c,2,42,310,4,True
frozen,i2c,2,43,310,4,True
frozen,i2c,2,44,310,4,True
frozen,i2c,2,45,310,4,True
frozen,i2c,2,46,310,4,True
frozen,i2c,2,47,310,4,True
frozen,i2c,2,48,310,4,True
frozen,i2c,2,49,310,4,True
frozen,i2c,2,50,310,4,True
frozen,i2c,2,51,310,4,True
frozen,i2c,2,52,310,4,True
frozen,i2c,2,53,310,4,True
frozen,i2c,2,54,310,4,True
frozen,i2c,2,55,310,4,True
frozen,i2c,2,56,310,4,True
frozen,i2c,2,57,310,4,True
frozen,i2c,2,58,310,4,True
frozen,i2c,2,59,310,4,True
frozen,i2c,2,60,310,4,True
frozen,i2c,2,61,310,4,True
frozen,i2c,2,62,310,4,True
frozen,i2c,2,63,310,4,True
frozen,i2c,2,64,310,4,True
frozen,i2c,2,65,310,4,True
frozen,i2c,2,66,310,4,True
frozen,i2c,2,67,310,4,True
frozen,i2c,2,68,310,4,True
frozen,i2c,2,69,310,4,True
frozen,i2c,2,70,310,4,True
frozen,i2c,2,71,310,4,True
frozen,i2c,2,72,310,4,True
frozen,i2c,2,73,310,4,True
frozen,i2c,2,74,310,4,True
frozen,i2c,2,75,310,4,True
frozen,i2c,2,76,310,4,True
frozen,i2c,2,77,310,4,True
frozen,i2c,2,78,310,4,True
frozen,i2c,2,79,310,4,True
frozen,i2c,2,80,310,4,True
frozen,i2c,2,81,310,4,True
frozen,i2c,2,82,310,4,True
frozen,i2c,2,83,310,4,True
frozen,i2c,2,84,310,4,True
frozen,i2c,2,85,310,4,True
frozen,i2c,2,86,310,4,True
frozen,i2c,2,87,310,4,True
frozen,i2c,2,88,310,4,True
frozen,i2c,2,89,310,4,True
frozen,i2c,2,90,310,4,True
frozen,i2c,2,91,310,4,True
frozen,i2c,2,92,310,4,True
frozen,i2c,2,93,310,4,True
frozen,i2c,2,94,310,4,True
frozen,i2c,2,95,310,4,True
frozen,i2c,2,96,310,4,True
frozen,i2c,2,97,310,4,True
frozen,i2c,2,98,310,4,True
frozen,i2c,2,99,310,4,True
frozen,i2c,2,100,310,4,True
frozen,i2c,2,101,310,4,True
frozen,i2c,2,102,310,4,True
frozen,i2c,2,103,310,4,True
frozen,i2c,2,104,310,4,True
frozen,i2c,2,105,310,4,True
frozen,i2c,2,106,310,4,True
frozen,i2c,2,107,310,4,True
frozen,i2c,2,108,310,4,True
frozen,i2c,2,109,310,4,True
frozen,i2c,2,110,310,4,True
frozen,i2c,2,111,310,4,True
frozen,i2c,2,112,310,4,True
frozen,i2c,2,113,310,4,True
frozen,i2c,2,114,310,4,True
frozen,i2c,2,115,310,4,True
frozen,i2c,2,116,310,4,True
frozen,i2c,2,117,310,4,True
frozen,i2c,2,118,310,4,True
frozen,i2c,2,119,310,4,True
frozen,i2c,2,120,310,4,True
frozen,i2c,2,121,310,4,True
frozen,i2c,2,122,310,4,True
frozen,i2c,2,123,310,4,True
frozen,i2c,2,124,310,4,True
frozen,i2c,2,125,310,4,True
frozen,i2c,2,126,310,4,True
frozen,i2c,2,127,310,4,True
frozen,i2c,2,128,310,4,True
frozen,i2c,2,129,310,4,True
frozen,i2c,2,130,310,4,True
frozen,i2c,2,131,310,4,True
frozen,i2c,2,132,310,4,True
frozen,i2c,2,133,310,4,True
frozen,i2c,2,134,310,4,True
frozen,i2c,2,135,310,4,True
frozen,i2c,2,136,310,4,True
frozen,i2c,2,137,310,4,True
frozen,i2c,2,138,310,4,True
frozen,i2c,2,139,310,4,True
frozen,i2c,2,140,310,4,True
frozen,i2c,2,141,310,4,True
frozen,i2c,2,142,310,4,True
frozen,i2c,2,143,310,4,True
frozen,i2c,2,144,310,4,True
frozen,i2c,2,145,310,4,True
frozen,i2c,2,146,310,4,True
frozen,i2c,2,147,310,4,True
frozen,i2c,2,148,310,4,True
frozen,i2c,2,149,310,4,True
frozen,i2c,2,150,310,4,True
frozen,i2c,2,151,310,4,True
frozen,i2c,2,152,310,4,True
frozen,i2c,2,153,310,4,True
frozen,i2c,2,154,310,4,True
frozen,i2c,2,155,310,4,True
frozen,i2c,2,156,310,4,True
frozen,i2c,2,157,310,4,True
frozen,i2c,2,158,310,4,True
frozen,i2c,2,159,310,4,True
frozen,i2c,2,160,310,4,True
frozen,i2c,2,161,310,4,True
frozen,i2c,2,162,310,4,True
frozen,i2c,2,163,310,4,True
frozen,i2c,2,164,310,4,True
frozen,i2c,2,165,310,4,True
frozen,i2c,2,166,310,4,True
frozen,i2c,2,167,310,4,True
frozen,i2c,2,168,310,4,True
frozen,i2c,2,169,310,4,True
frozen,i2c,2,170,310,4,True
frozen,i2c,2,171,310,4,True
frozen,i2c,2,172,310,4,True
frozen,i2c,2,173,310,4,True
frozen,i2c,2,174,310,4,True
frozen,i2c,2,175,310,4,True
frozen,i2c,2,176,310,4,True
frozen,i2c,2,177,310,4,True
frozen,i2c,2,178,310,4,True
frozen,i2c,2,179,310,4,True
frozen,i2c,2,180,310,4,True
frozen,i2c,2,181,310,4,True
frozen,i2c,2,182,310,4,True
frozen,i2c,2,183,310,4,True
frozen,i2c,2,184,310,4,True
frozen,i2c,2,185,310,4,True
frozen,i2c,2,186,310,4,True
frozen,i2c,2,187,310,4,True
frozen,i2c,2,188,310,4,True
frozen,i2c,2,189,310,4,True
frozen,i2c,2,190,310,4,True
frozen,i2c,2,191,310,4,True
frozen,i2c,2,192,310,4,True
frozen,i2c,2,193,310,4,True
frozen,i2c,2,194,310,4,True
frozen,i2c,2,195,310,4,True
frozen,i2c,2,196,310,4,True
frozen,i2c,2,197,310,4,True
frozen,i2c,2,198,310,4,True
frozen,i2c,2,199,310,4,True
frozen,i2c,2,200,310,4,True
frozen,i2c,2,201,310,4,True
frozen,i2c,2,202,310,4,True
frozen,i2c,2,203,310,4,True
frozen,i2c,2,204,310,4,True
frozen,i2c,2,205,310,4,True
frozen,i2c,2,206,310,4,True
frozen,i2c,2,207,310,4,True
frozen,i2c,2,208,310,4,True
frozen,i2c,2,209,310,4,True
frozen,i2c,2,210,310,4,True
frozen,i2c,2,211,310,4,True
frozen,i2c,2,212,310,4,True
frozen,i2c,2,213,310,4,True
frozen,i2c,2,214,310,4,True
frozen,i2c,2,215,310,4,True
frozen,i2c,2,216,310,4,True
frozen,i2c,2,217,310,4,True
frozen,i2c,2,218,310,4,True
frozen,i2c,2,219,310,4,True
frozen,i2c,2,220,310,4,True
frozen,i2c,2,221,310,4,True
frozen,i2c,2,222,310,4,True
frozen,i2c,2,223,310,4,True
frozen,i2c,2,224,310,4,True
frozen,i2c,2,225,310,4,True
frozen,i2c,2,226,310,4,True
frozen,i2c,2,227,310,4,True
frozen,i2c,2,228,310,4,True
frozen,i2c,2,229,310,4,True
frozen,i2c,2,230,310,4,True
frozen,i2c,2,231,310,4,True
frozen,i2c,2,232,310,4,True
frozen,i2c,2,233,310,4,True
frozen,i2c,2,234,310,4,True
frozen,i2c,2,235,310,4,True
frozen,i2c,2,236,310,4,True
frozen,i2c,2,237,310,4,True
frozen,i2c,2,238,310,4,True
frozen,i2c,2,239,310,4,True
frozen,i2c,2,240,310,4,True
frozen,i2c,2,241,310,4,True
frozen,i2c,2,242,310,4,True
frozen,i2c,2,243,310,4,True
frozen,i2c,2,244,310,4,True
frozen,i2c,2,245,310,4,True
frozen,i2c,2,246,310,4,True
frozen,i2c,2,247,310,4,True
frozen,i2c,2,248,310,4,True
frozen,i2c,2,249,310,4,True
frozen,i2c,2,250,310,4,True
frozen,i2c,2,251,310,4,True
frozen,i2c,2,252,310,4,True
frozen,i2c,2,253,310,4,True
frozen,i2c,2,254,310,4,True
frozen,i2c,2,255,310,4,True
frozen,i2c,2,256,310,4,True
frozen,i2c,2,257,310,4,True
frozen,i2c,2,258,310,4,True
frozen,i2c,2,259,310,4,True
frozen,i2c,2,260,310,4,True
frozen,i2c,2,261,310,4,True
frozen,i2c,2,262,310,4,True
frozen,i2c,2,263,310,4,True
frozen,i2c,2,264,310,4,True
frozen,i2c,2,265,310,4,True
frozen,i2c,2,266,310,4,True
frozen,i2c,2,267,310,4,True
frozen,i2c,2,268,310,4,True
frozen,i2c,2,269,310,4,True
frozen,i2c,2,270,310,4,True
frozen,i2c,2,271,310,4,True
frozen,i2c,2,272,310,4,True
frozen,i2c,2,273,310,4,True
frozen,i2c,2,274,310,4,True
frozen,i2c,2,275,310,4,True
frozen,i2c,2,276,310,4,True
frozen,i2c,2,277,310,4,True
frozen,i2c,2,278,310,4,True
frozen,i2c,2,279,310,4,True
frozen,i2c,2,280,310,4,True
frozen,i2c,2,281,310,4,True
frozen,i2c,2,282,310,4,True
frozen,i2c,2,283,310,4,True
frozen,i2c,2,284,310,4,True
frozen,i2c,2,285,310,4,True
frozen,i2c,2,286,310,4,True
frozen,i2c,2,287,310,4,True
frozen,i2c,2,288,310,4,True
frozen,i2c,2,289,310,4,True
frozen,i2c,2,290,310,4,True
frozen,i2c,2,291,310,4,True
frozen,i2c,2,292,310,4,True
frozen,i2c,2,293,310,4,True
frozen,i2c,2,294,310,4,True
frozen,i2c,2,295,310,4,True
frozen,i2c,2,296,310,4,True
frozen,i2c,2,297,310,4,True
frozen,i2c,2,298,310,4,True
frozen,i2c,2,299,310,4,True
frozen,i2c,2,300,310,4,True
frozen,i2c,2,301,310,4,True
frozen,i2c,2,302,310,4,True
frozen,i2c,2,303,310,4,True
frozen,i2c,2,304,310,4,True
frozen,i2c,2,305,310,4,True
frozen,i2c,2,306,310,4,True
frozen,i2c,2,307,310,4,True
frozen,i2c,2,308,310,4,True
frozen,i2c,2,309,310,4,True
frozen,i2c,2,310,310,4,True
frozen,i2c,2,311,310,4,True
frozen,i2c,2,312,310,4,True
frozen,i2c,2,313,310,4,True
frozen,i2c,2,314,310,4,True
frozen,i2c,2,315,310,4,True
frozen,i2c,2,316,310,4,True
frozen,i2c,2,317,310,4,True
frozen,i2c,2,318,310,4,True
frozen,i2c,2,319,310,4,True
frozen,i2c,2,320,310,4,True
frozen,i2c,2,321,310,4,True
frozen,i2c,2,322,310,4,True
frozen,i2c,2,323,310,4,True
frozen,i2c,2,324,310,4,True
frozen,i2c,2,325,310,4,True
frozen,i2c,2,326,310,4,True
frozen,i2c,2,327,310,4,True
frozen,i2c,2,328,310,4,True
frozen,i2c,2,329,310,4,True
frozen,i2c,2,330,310,4,True
frozen,i2c,2,331,310,4,True
frozen,i2c,2,332,310,4,True
frozen,i2c,2,333,310,4,True
frozen,i2c,2,334,310,4,True
frozen,i2c,2,335,310,4,True
frozen,i2c,2,336,310,4,True
frozen,i2c,2,337,310,4,True
frozen,i2c,2,338,310,4,True
frozen,i2c,2,339,310,4,True
frozen,i2c,2,340,310,4,True
frozen,i2c,2,341,310,4,True
frozen,i2c,2,342,310,4,True
frozen,i2c,2,343,310,4,True
frozen,i2c,2,344,310,4,True
frozen,i2c,2,345,310,4,True
frozen,i2c,2,346,310,4,True
frozen,i2c,2,347,310,4,True
frozen,i2c,2,348,310,4,True
frozen,i2c,2,349,310,4,True
frozen,i2c,2,350,310,4,True
frozen,i2c,2,351,310,4,True
frozen,i2c,2,352,310,4,True
frozen,i2c,2,353,310,4,True
frozen,i2c,2,354,310,4,True
frozen,i2c,2,355,310,4,True
frozen,i2c,2,356,310,4,True
frozen,i2c,2,357,310,4,True
frozen,i2c,2,358,310,4,True
frozen,i2c,2,359,310,4,True
frozen,i2c,2,360,310,4,True
frozen,i2c,2,361,310,4,True
frozen,i2c,2,362,310,4,True
frozen,i2c,2,363,310,4,True
frozen,i2c,2,364,310,4,True
frozen,i2c,2,365,310,4,True
frozen,i2c,2,366,310,4,True
frozen,i2c,2,367,310,4,True
frozen,i2c,2,368,310,4,True
frozen,i2c,2,369,310,4,True
frozen,i2c,2,370,310,4,True
frozen,i2c,2,371,310,4,True
frozen,i2c,2,372,310,4,True
frozen,i2c,2,373,310,4,True
frozen,i2c,2,374,310,4,True
frozen,i2c,2,375,310,4,True
frozen,i2c,2,376,310,4,True
frozen,i2c,2,377,310,4,True
frozen,i2c,2,378,310,4,True
frozen,i2c,2,379,310,4,True
frozen,i2c,2,380,310,4,True
frozen,i2c,2,381,310,4,True
frozen,i2c,2,382,310,4,True
frozen,i2c,2,383,310,4,True
frozen,i2c,2,384,310,4,True
frozen,i2c,2,385,310,4,True
frozen,i2c,2,386,310,4,True
frozen,i2c,2,387,310,4,True
frozen,i2c,2,388,310,4,True
frozen,i2c,2,389,310,4,True
frozen,i2c,2,390,310,4,True
frozen,i2c,2,391,310,4,True
frozen,i2c,2,392,310,4,True
frozen,i2c,2,393,310,4,True
frozen,i2c,2,394,310,4,True
frozen,i2c,2,395,310,4,True
frozen,i2c,2,396,310,4,True
frozen,i2c,2,397,310,4,True
frozen,i2c,2,398,310,4,True
frozen,i2c,2,399,310,4,True
frozen,i2c,2,400,310,4,True
frozen,i2c,2,401,310,4,True
frozen,i2c,2,402,310,4,True
frozen,i2c,2,403,310,4,True
frozen,i2c,2,404,310,4,True
frozen,i2c,2,405,310,4,True
frozen,i2c,2,406,310,4,True
frozen,i2c,2,407,310,4,True
frozen,i2c,2,408,310,4,True
frozen,i2c,2,409,310,4,True
frozen,i2c,2,410,310,4,True
frozen,i2c,2,411,310,4,True
frozen,i2c,2,412,310,4,True
frozen,i2c,2,413,310,4,True
frozen,i2c,2,414,310,4,True
frozen,i2c,2,415,310,4,True
frozen,i2c,2,416,310,4,True
frozen,i2c,2,417,310,4,True
frozen,i2c,2,418,310,4,True
frozen,i2c,2,419,310,4,True
frozen,i2c,2,420,310,4,True
frozen,i2c,2,421,310,4,True
frozen,i2c,2,422,310,4,True
frozen,i2c,2,423,310,4,True
frozen,i2c,2,424,310,4,True
frozen,i2c,2,425,310,4,True
frozen,i2c,2,426,310,4,True
frozen,i2c,2,427,310,4,True
frozen,i2c,2,428,310,4,True
frozen,i2c,2,429,310,4,True
frozen,i2c,2,430,310,4,True
frozen,i2c,2,431,310,4,True
frozen,i2c,2,432,310,4,True
frozen,i2c,2,433,310,4,True
frozen,i2c,2,434,310,4,True
frozen,i2c,2,435,310,4,True
frozen,i2c,2,436,310,4,True
frozen,i2c,2,437,310,4,True
frozen,i2c,2,438,310,4,True
frozen,i2c,2,439,310,4,True
frozen,i2c,2,440,310,4,True
frozen,i2c,2,441,310,4,True
frozen,i2c,2,442,310,4,True
frozen,i2c,2,443,310,4,True
frozen,i2c,2,444,310,4,True
frozen,i2c,2,445,310,4,True
frozen,i2c,2,446,310,4,True
frozen,i2c,2,447,310,4,True
frozen,i2c,2,448,310,4,True
frozen,i2c,2,449,310,4,True
frozen,i2c,2,450,310,4,True
frozen,i2c,2,451,310,4,True
frozen,i2c,2,452,310,4,True
frozen,i2c,2,453,310,4,True
frozen,i2c,2,454,310,4,True
frozen,i2c,2,455,310,4,True
frozen,i2c,2,456,310,4,True
frozen,i2c,2,457,310,4,True
frozen,i2c,2,458,310,4,True
frozen,i2c,2,459,310,4,True
frozen,i2c,2,460,310,4,True
frozen,i2c,2,461,310,4,True
frozen,i2c,2,462,310,4,True
frozen,i2c,2,463,310,4,True
frozen,i2c,2,464,310,4,True
frozen,i2c,2,465,310,4,True
frozen,i2c,2,466,310,4,True
frozen,i2c,2,467,310,4,True
frozen,i2c,2,468,310,4,True
frozen,i2c,2,469,310,4,True
frozen,i2c,2,470,310,4,True
frozen,i2c,2,471,310,4,True
frozen,i2c,2,472,310,4,True
frozen,i2c,2,473,310,4,True
frozen,i2c,2,474,310,4,True
frozen,i2c,2,475,310,4,True
frozen,i2c,2,476,310,4,True
frozen,i2c,2,477,310,4,True
frozen,i2c,2,478,310,4,True
frozen,i2c,2,479,310,4,True
frozen,i2c,2,480,310,4,True
frozen,i2c,2,481,310,4,True
frozen,i2c,2,482,310,4,True
frozen,i2c,2,483,310,4,True
frozen,i2c,2,484,310,4,True
frozen,i2c,2,485,310,4,True
frozen,i2c,2,486,310,4,True
frozen,i2c,2,487,310,4,True
frozen,i2c,2,488,310,4,True
frozen,i2c,2,489,310,4,True
frozen,i2c,2,490,310,4,True
frozen,i2c,2,491,310,4,True
frozen,i2c,2,492,310,4,True
frozen,i2c,2,493,310,4,True
frozen,i2c,2,494,310,4,True
frozen,i2c,2,495,310,4,True
frozen,i2c,2,496,310,4,True
frozen,i2c,2,497,310,4,True
frozen,i2c,2,498,310,4,True
frozen,i2c,2,499,310,4,True
frozen,i2c,2,500,310,4,True
frozen,i2c,2,501,310,4,True
frozen,i2c,2,502,310,4,True
frozen,i2c,2,503,310,4,True
frozen,i2c,2,504,310,4,True
frozen,i2c,2,505,310,4,True
frozen,i2c,2,506,310,4,True
frozen,i2c,2,507,310,4,True
frozen,i2c,2,508,310,4,True
frozen,i2c,2,509,310,4,True
frozen,i2c,2,510,310,4,True
frozen,i2c,2,511,310,4,True
frozen,i2c,2,512,310,4,True
frozen,i2c,2,513,310,4,True
frozen,i2c,2,514,310,4,True
frozen,i2c,2,515,310,4,True
frozen,i2c,2,516,310,4,True
frozen,i2c,2,517,310,4,True
frozen,i2c,2,518,310,4,True
frozen,i2c,2,519,309,4,True
frozen,i2c,2,520,309,4,True
frozen,i2c,2,521,309,4,True
frozen,i2c,2,522,309,4,True
frozen,i2c,2,523,309,4,True
frozen,i2c,2,524,309,4,True
frozen,i2c,2,525,309,4,True
frozen,i2c,2,526,309,4,True
frozen,i2c,2,527,309,4,True
frozen,i2c,2,528,309,4,True
frozen,i2c,2,529,309,4,True
frozen,i2c,2,530,309,4,True
frozen,i2c,2,531,309,4,True
frozen,i2c,2,532,309,4,True
frozen,i2c,2,533,309,4,True
frozen,i2c,2,534,309,4,True
frozen,i2c,2,535,309,4,True
frozen,i2c,2,536,309,4,True
frozen,i2c,2,537,309,4,True
frozen,i2c,2,538,309,4,True
frozen,i2c,2,539,309,4,True
frozen,i2c,2,540,309,4,True
frozen,i2c,2,541,309,4,True
frozen,i2c,2,542,309,4,True
frozen,i2c,2,543,309,4,True
frozen,i2c,2,544,309,4,True
frozen,i2c,2,545,309,4,True
frozen,i2c,2,546,309,4,True
frozen,i2c,2,547,309,4,True
frozen,i2c,2,548,309,4,True
frozen,i2c,2,549,309,4,True
frozen,i2c,2,550,309,4,True
frozen,i2c,2,551,309,4,True
frozen,i2c,2,552,309,4,True
frozen,i2c,2,553,309,4,True
frozen,i2c,2,554,309,4,True
frozen,i2c,2,555,309,4,True
frozen,i2c,2,556,309,4,True
frozen,i2c,2,557,309,4,True
frozen,i2c,2,558,309,4,True
frozen,i2c,2,559,309,4,True
frozen,i2c,2,560,309,4,True
frozen,i2c,2,561,309,4,True
frozen,i2c,2,562,309,4,True
frozen,i2c,2,563,309,4,True
frozen,i2c,2,564,309,4,True
frozen,i2c,2,565,309,4,True
frozen,i2c,2,566,309,4,True
frozen,i2c,2,567,309,4,True
frozen,i2c,2,568,309,4,True
frozen,i2c,2,569,309,4,True
frozen,i2c,2,570,309,4,True
frozen,i2c,2,571,309,4,True
frozen,i2c,2,572,309,4,True
frozen,i2c,2,573,309,4,True
frozen,i2c,2,574,309,4,True
frozen,i2c,2,575,309,4,True
frozen,i2c,2,576,309,4,True
frozen,i2c,2,577,309,4,True
frozen,i2c,2,578,309,4,True
frozen,i2c,2,579,309,4,True
frozen,i2c,2,580,309,4,True
frozen,i2c,2,581,309,4,True
frozen,i2c,2,582,309,4,True
frozen,i2c,2,583,309,4,True
frozen,i2c,2,584,309,4,True
frozen,i2c,2,585,309,4,True
frozen,i2c,2,586,309,4,True
frozen,i2c,2,587,309,4,True
frozen,i2c,2,588,309,4,True
frozen,i2c,2,589,309,4,True
frozen,i2c,2,590,309,4,True
frozen,i2c,2,591,309,4,True
frozen,i2c,2,592,309,4,True
frozen,i2c,2,593,309,4,True
frozen,i2c,2,594,309,4,True
frozen,i2c,2,595,309,4,True
frozen,i2c,2,596,309,4,True
frozen,i2c,2,597,309,4,True
frozen,i2c,2,598,309,4,True
frozen,i2c,2,599,309,4,True
frozen,i2c,2,600,309,4,True
frozen,i2c,2,601,309,4,True
frozen,i2c,2,602,309,4,True
frozen,i2c,2,603,309,4,True
frozen,i2c,2,604,309,4,True
frozen,i2c,2,605,309,4,True
frozen,i2c,2,606,309,4,True
frozen,i2c,2,607,309,4,True
frozen,i2c,2,608,309,4,True
frozen,i2c,2,609,309,4,True
frozen,i2c,2,610,309,4,True
frozen,i2c,2,611,309,4,True
frozen,i2c,2,612,309,4,True
frozen,i2c,2,613,309,4,True
frozen,i2c,2,614,309,4,True
frozen,i2c,2,615,309,4,True
frozen,i2c,2,616,309,4,True
frozen,i2c,2,617,309,4,True
frozen,i2c,2,618,309,4,True
frozen,i2c,2,619,309,4,True
frozen,i2c,2,620,309,4,True
frozen,i2c,2,621,309,4,True
frozen,i2c,2,622,309,4,True
frozen,i2c,2,623,309,4,True
frozen,i2c,2,624,309,4,True
frozen,i2c,2,625,309,4,True
frozen,i2c,2,626,309,4,True
frozen,i2c,2,627,309,4,True
frozen,i2c,2,628,309,4,True
frozen,i2c,2,629,309,4,True
frozen,i2c,2,630,309,4,True
frozen,i2c,2,631,309,4,True
frozen,i2c,2,632,309,4,True
frozen,i2c,2,633,309,4,True
frozen,i2c,2,634,309,4,True
frozen,i2c,2,635,309,4,True
frozen,i2c,2,636,309,4,True
frozen,i2c,2,637,309,4,True
frozen,i2c,2,638,309,4,True
frozen,i2c,2,639,309,4,True
frozen,i2c,2,640,309,4,True
frozen,i2c,2,641,309,4,True
frozen,i2c,2,642,309,4,True
frozen,i2c,2,643,309,4,True
frozen,i2c,2,644,309,4,True
frozen,i2c,2,645,309,4,True
frozen,i2c,2,646,309,4,True
frozen,i2c,2,647,309,4,True
frozen,i2c,2,648,309,4,True
frozen,i2c,2,649,309,4,True
frozen,i2c,2,650,309,4,True
frozen,i2c,2,651,309,4,True
frozen,i2c,2,652,309,4,True
frozen,i2c,2,653,309,4,True
frozen,i2c,2,654,309,4,True
frozen,i2c,2,655,309,4,True
frozen,i2c,2,656,309,4,True
frozen,i2c,2,657,309,4,True
frozen,i2c,2,658,309,4,True
frozen,i2c,2,659,309,4,True
frozen,i2c,2,660,309,4,True
frozen,i2c,2,661,309,4,True
frozen,i2c,2,662,309,4,True
frozen,i2c,2,663,309,4,True
frozen,i2c,2,664,309,4,True
frozen,i2c,2,665,309,4,True
frozen,i2c,2,666,309,4,True
frozen,i2c,2,667,309,4,True
frozen,i2c,2,668,309,4,True
frozen,i2c,2,669,309,4,True
frozen,i2c,2,670,309,4,True
frozen,i2c,2,671,309,4,True
frozen,i2c,2,672,309,4,True
frozen,i2c,2,673,309,4,True
frozen,i2c,2,674,309,4,True
frozen,i2c,2,675,309,4,True
frozen,i2c,2,676,309,4,True
frozen,i2c,2,677,309,4,True
frozen,i2c,2,678,309,4,True
frozen,i2c,2,679,309,4,True
frozen,i2c,2,680,309,4,True
frozen,i2c,2,681,309,4,True
frozen,i2c,2,682,309,4,True
frozen,i2c,2,683,309,4,True
frozen,i2c,2,684,309,4,True
frozen,i2c,2,685,309,4,True
frozen,i2c,2,686,309,4,True
frozen,i2c,2,687,309,4,True
frozen,i2c,2,688,309,4,True
frozen,i2c,2,689,309,4,True
frozen,i2c,2,690,309,4,True
frozen,i2c,2,691,309,4,True
frozen,i2c,2,692,309,4,True
frozen,i2c,2,693,309,4,True
frozen,i2c,2,694,309,4,True
frozen,i2c,2,695,309,4,True
frozen,i2c,2,696,309,4,True
frozen,i2c,2,697,309,4,True
frozen,i2c,2,698,309,4,True
frozen,i2c,2,699,309,4,True
frozen,i2c,2,700,309,4,True
frozen,i2c,2,701,309,4,True
frozen,i2c,2,702,309,4,True
frozen,i2c,2,703,309,4,True
frozen,i2c,2,704,309,4,True
frozen,i2c,2,705,309,4,True
frozen,i2c,2,706,309,4,True
frozen,i2c,2,707,309,4,True
frozen,i2c,2,708,309,4,True
frozen,i2c,2,709,309,4,True
frozen,i2c,2,710,307,4,True
frozen,i2c,2,711,307,4,True
frozen,i2c,2,712,307,4,True
frozen,i2c,2,713,307,4,True
frozen,i2c,2,714,307,4,True
frozen,i2c,2,715,307,4,True
frozen,i2c,2,716,307,4,True
frozen,i2c,2,717,307,4,True
frozen,i2c,2,718,307,4,True
frozen,i2c,2,719,307,4,True
frozen,i2c,2,720,307,4,True
frozen,i2c,2,721,307,4,True
frozen,i2c,2,722,307,4,True
frozen,i2c,2,723,307,4,True
frozen,i2c,2,724,307,4,True
frozen,i2c,2,725,307,4,True
frozen,i2c,2,726,307,4,True
frozen,i2c,2,727,307,4,True
frozen,i2c,2,728,307,4,True
frozen,i2c,2,729,307,4,True
frozen,i2c,2,730,307,4,True
frozen,i2c,2,731,307,4,True
frozen,i2c,2,732,307,4,True
frozen,i2c,2,733,307,4,True
frozen,i2c,2,734,307,4,True
frozen,i2c,2,735,307,4,True
frozen,i2c,2,736,307,4,True
frozen,i2c,2,737,307,4,True
frozen,i2c,2,738,307,4,True
frozen,i2c,2,739,307,4,True
frozen,i2c,2,740,307,4,True
frozen,i2c,2,741,307,4,True
frozen,i2c,2,742,307,4,True
frozen,i2c,2,743,307,4,True
frozen,i2c,2,744,307,4,True
frozen,i2c,2,745,307,4,True
frozen,i2c,2,746,307,4,True
frozen,i2c,2,747,307,4,True
frozen,i2c,2,748,307,4,True
frozen,i2c,2,749,307,4,True
frozen,i2c,2,750,307,4,True
frozen,i2c,2,751,307,4,True
frozen,i2c,2,752,307,4,True
frozen,i2c,2,753,307,4,True
frozen,i2c,2,754,307,4,True
frozen,i2c,2,755,307,4,True
frozen,i2c,2,756,307,4,True
frozen,i2c,2,757,307,4,True
frozen,i2c,2,758,307,4,True
frozen,i2c,2,759,307,4,True
frozen,i2c,2,760,307,4,True
frozen,i2c,2,761,307,4,True
frozen,i2c,2,762,307,4,True
frozen,i2c,2,763,307,4,True
frozen,i2c,2,764,307,4,True
frozen,i2c,2,765,307,4,True
frozen,i2c,2,766,307,4,True
frozen,i2c,2,767,307,4,True
frozen,i2c,2,768,307,4,True
frozen,i2c,2,769,307,4,True
frozen,i2c,2,770,307,4,True
frozen,i2c,2,771,307,4,True
frozen,i2c,2,772,307,4,True
frozen,i2c,2,773,307,4,True
frozen,i2c,2,774,307,4,True
frozen,i2c,2,775,307,4,True
frozen,i2c,2,776,307,4,True
frozen,i2c,2,777,307,4,True
frozen,i2c,2,778,307,4,True
frozen,i2c,2,779,307,4,True
frozen,i2c,2,780,307,4,True
frozen,i2c,2,781,307,4,True
frozen,i2c,2,782,307,4,True
frozen,i2c,2,783,307,4,True
frozen,i2c,2,784,307,4,True
frozen,i2c,2,785,307,4,True
frozen,i2c,2,786,307,4,True
frozen,i2c,2,787,307,4,True
frozen,i2c,2,788,307,4,True
frozen,i2c,2,789,307,4,True
frozen,i2c,2,790,307,4,True
frozen,i2c,2,791,307,4,True
frozen,i2c,2,792,307,4,True
frozen,i2c,2,793,307,4,True
frozen,i2c,2,794,307,4,True
frozen,i2c,2,795,307,4,True
frozen,i2c,2,796,307,4,True
frozen,i2c,2,797,307,4,True
frozen,i2c,2,798,307,4,True
frozen,i2c,2,799,307,4,True
frozen,i2c,2,800,307,4,True
frozen,i2c,2,801,307,4,True
frozen,i2c,2,802,307,4,True
frozen,i2c,2,803,307,4,True
frozen,i2c,2,804,307,4,True
frozen,i2c,2,805,307,4,True
frozen,i2c,2,806,307,4,True
frozen,i2c,2,807,307,4,True
frozen,i2c,2,808,307,4,True
frozen,i2c,2,809,307,4,True
frozen,i2c,2,810,306,4,True
frozen,i2c,2,811,306,4,True
frozen,i2c,2,812,306,4,True
frozen,i2c,2,813,306,4,True
frozen,i2c,2,814,306,4,True
frozen,i2c,2,815,306,4,True
frozen,i2c,2,816,306,4,True
frozen,i2c,2,817,306,4,True
frozen,i2c,2,818,306,4,True
frozen,i2c,2,819,306,4,True
frozen,i2c,2,820,306,4,True
frozen,i2c,2,821,306,4,True
frozen,i2c,2,822,306,4,True
frozen,i2c,2,823,306,4,True
frozen,i2c,2,824,306,4,True
frozen,i2c,2,825,306,4,True
frozen,i2c,2,826,306,4,True
frozen,i2c,2,827,306,4,True
frozen,i2c,2,828,306,4,True
frozen,i2c,2,829,306,4,True
frozen,i2c,2,830,306,4,True
frozen,i2c,2,831,306,4,True
frozen,i2c,2,832,306,4,True
frozen,i2c,2,833,306,4,True
frozen,i2c,2,834,306,4,True
frozen,i2c,2,835,306,4,True
frozen,i2c,2,836,306,4,True
frozen,i2c,2,837,306,4,True
frozen,i2c,2,838,306,4,True
frozen,i2c,2,839,306,4,True
frozen,i2c,2,840,306,4,True
frozen,i2c,2,841,306,4,True
frozen,i2c,2,842,306,4,True
frozen,i2c,2,843,306,4,True
frozen,i2c,2,844,306,4,True
frozen,i2c,2,845,306,4,True
frozen,i2c,2,846,306,4,True
frozen,i2c,2,847,306,4,True
frozen,i2c,2,848,306,4,True
frozen,i2c,2,849,306,4,True
frozen,i2c,2,850,306,4,True
frozen,i2c,2,851,306,4,True
frozen,i2c,2,852,306,4,True
frozen,i2c,2,853,306,4,True
frozen,i2c,2,854,306,4,True
frozen,i2c,2,855,306,4,True
frozen,i2c,2,856,306,4,True
frozen,i2c,2,857,306,4,True
frozen,i2c,2,858,306,4,True
frozen,i2c,2,859,306,4,True
frozen,i2c,2,860,306,4,True
frozen,i2c,2,861,306,4,True
frozen,i2c,2,862,306,4,True
frozen,i2c,2,863,306,4,True
frozen,i2c,2,864,306,4,True
frozen,i2c,2,865,306,4,True
frozen,i2c,2,866,306,4,True
frozen,i2c,2,867,306,4,True
frozen,i2c,2,868,306,4,True
frozen,i2c,2,869,306,4,True
frozen,i2c,2,870,306,4,True
frozen,i2c,2,871,306,4,True
frozen,i2c,2,872,306,4,True
frozen,i2c,2,873,306,4,True
frozen,i2c,2,874,306,4,True
frozen,i2c,2,875,306,4,True
frozen,i2c,2,876,306,4,True
frozen,i2c,2,877,306,4,True
frozen,i2c,2,878,306,4,True
frozen,i2c,2,879,306,4,True
frozen,i2c,2,880,306,4,True
frozen,i2c,2,881,306,4,True
frozen,i2c,2,882,306,4,True
frozen,i2c,2,883,306,4,True
frozen,i2c,2,884,306,4,True
frozen,i2c,2,885,306,4,True
frozen,i2c,2,886,306,4,True
frozen,i2c,2,887,306,4,True
frozen,i2c,2,888,306,4,True
frozen,i2c,2,889,306,4,True
frozen,i2c,2,890,306,4,True
frozen,i2c,2,891,306,4,True
frozen,i2c,2,892,306,4,True
frozen,i2c,2,893,306,4,True
frozen,i2c,2,894,306,4,True
frozen,i2c,2,895,306,4,True
frozen,i2c,2,896,306,4,True
frozen,i2c,2,897,306,4,True
frozen,i2c,2,898,306,4,True
frozen,i2c,2,899,306,4,True
frozen,i2c,2,900,306,4,True
frozen,i2c,2,901,306,4,True
frozen,i2c,2,902,306,4,True
frozen,i2c,2,903,306,4,True
frozen,i2c,2,904,306,4,True
frozen,i2c,2,905,306,4,True
frozen,i2c,2,906,306,4,True
frozen,i2c,2,907,306,4,True
frozen,i2c,2,908,306,4,True
frozen,i2c,2,909,306,4,True
frozen,i2c,2,910,306,4,True
frozen,i2c,2,911,306,4,True
frozen,i2c,2,912,306,4,True
frozen,i2c,2,913,306,4,True
frozen,i2c,2,914,306,4,True
frozen,i2c,2,915,306,4,True
frozen,i2c,2,916,306,4,True
frozen,i2c,2,917,306,4,True
frozen,i2c,2,918,306,4,True
frozen,i2c,2,919,306,4,True
frozen,i2c,2,920,306,4,True
frozen,i2c,2,921,306,4,True
frozen,i2c,2,922,306,4,True
frozen,i2c,2,923,306,4,True
frozen,i2c,2,924,306,4,True
frozen,i2c,2,925,306,4,True
frozen,i2c,2,926,306,4,True
frozen,i2c,2,927,306,4,True
frozen,i2c,2,928,306,4,True
frozen,i2c,2,929,306,4,True
frozen,i2c,2,930,306,4,True
frozen,i2c,2,931,306,4,True
frozen,i2c,2,932,306,4,True
frozen,i2c,2,933,306,4,True
frozen,i2c,2,934,306,4,True
frozen,i2c,2,935,306,4,True
frozen,i2c,2,936,306,4,True
frozen,i2c,2,937,306,4,True
frozen,i2c,2,938,306,4,True
frozen,i2c,2,939,306,4,True
frozen,i2c,2,940,306,4,True
frozen,i2c,2,941,306,4,True
frozen,i2c,2,942,306,4,True
frozen,i2c,2,943,306,4,True
frozen,i2c,2,944,306,4,True
frozen,i2c,2,945,306,4,True
frozen,i2c,2,946,306,4,True
frozen,i2c,2,947,306,4,True
frozen,i2c,2,948,306,4,True
frozen,i2c,2,949,306,4,True
frozen,i2c,2,950,306,4,True
frozen,i2c,2,951,306,4,True
frozen,i2c,2,952,306,4,True
frozen,i2c,2,953,306,4,True
frozen,i2c,2,954,306,4,True
frozen,i2c,2,955,306,4,True
frozen,i2c,2,956,306,4,True
frozen,i2c,2,957,306,4,True
frozen,i2c,2,958,306,4,True
frozen,i2c,2,959,306,4,True
frozen,i2c,2,960,306,4,True
frozen,i2c,2,961,306,4,True
frozen,i2c,2,962,306,4,True
frozen,i2c,2,963,306,4,True
frozen,i2c,2,964,306,4,True
frozen,i2c,2,965,306,4,True
frozen,i2c,2,966,306,4,True
frozen,i2c,2,967,306,4,True
frozen,i2c,2,968,306,4,True
frozen,i2c,2,969,306,4,True
frozen,i2c,2,970,306,4,True
frozen,i2c,2,971,306,4,True
frozen,i2c,2,972,306,4,True
frozen,i2c,2,973,306,4,True
frozen,i2c,2,974,306,4,True
frozen,i2c,2,975,306,4,True
frozen,i2c,2,976,306,4,True
frozen,i2c,2,977,306,4,True
frozen,i2c,2,978,306,4,True
frozen,i2c,2,979,306,4,True
frozen,i2c,2,980,306,4,True
frozen,i2c,2,981,306,4,True
frozen,i2c,2,982,306,4,True
frozen,i2c,2,983,306,4,True
frozen,i2c,2,984,306,4,True
frozen,i2c,2,985,306,4,True
frozen,i2c,2,986,306,4,True
frozen,i2c,2,987,306,4,True
frozen,i2c,2,988,306,4,True
frozen,i2c,2,989,306,4,True
frozen,i2c,2,990,306,4,True
frozen,i2c,2,991,306,4,True
frozen,i2c,2,992,306,4,True
frozen,i2c,2,993,306,4,True
frozen,i2c,2,994,306,4,True
frozen,i2c,2,995,306,4,True
frozen,i2c,2,996,306,4,True
frozen,i2c,2,997,306,4,True
frozen,i2c,2,998,306,4,True
frozen,i2c,2,999,306,4,True
frozen,i2c,2,1000,306,4,True
frozen,max,0,1,769,44,False
frozen,max,0,2,769,44,False
frozen,max,0,3,782,42,False
frozen,max,0,4,782,42,False
frozen,max,0,5,782,42,False
frozen,max,0,6,786,41,True
frozen,max,0,7,786,41,True
frozen,max,0,8,786,41,True
frozen,max,0,9,786,41,True
frozen,max,0,10,786,41,True
frozen,max,0,11,786,41,True
frozen,max,0,12,786,41,True
frozen,max,0,13,786,41,True
frozen,max,0,14,786,41,True
frozen,max,0,15,786,41,True
frozen,max,0,16,786,41,True
frozen,max,0,17,786,41,True
frozen,max,0,18,786,41,True
frozen,max,0,19,786,41,True
frozen,max,0,20,786,41,True
frozen,max,0,21,786,41,True
frozen,max,0,22,786,41,True
frozen,max,0,23,786,41,True
frozen,max,0,24,786,41,True
frozen,max,0,25,786,41,True
frozen,max,0,26,786,41,True
frozen,max,0,27,786,41,True
frozen,max,0,28,786,41,True
frozen,max,0,29,786,41,True
frozen,max,0,30,786,41,True
frozen,max,0,31,786,41,True
frozen,max,0,32,786,41,True
frozen,max,0,33,786,41,True
frozen,max,0,34,786,41,True
frozen,max,0,35,786,41,True
frozen,max,0,36,786,41,True
frozen,max,0,37,786,41,True
frozen,max,0,38,786,41,True
frozen,max,0,39,786,41,True
frozen,max,0,40,786,41,True
frozen,max,0,41,786,41,True
frozen,max,0,42,786,41,True
frozen,max,0,43,786,41,True
frozen,max,0,44,786,41,True
frozen,max,0,45,786,41,True
frozen,max,0,46,786,41,True
frozen,max,0,47,786,41,True
frozen,max,0,48,786,41,True
frozen,max,0,49,786,41,True
frozen,max,0,50,786,41,True
frozen,max,0,51,786,41,True
frozen,max,0,52,786,41,True
frozen,max,0,53,786,41,True
frozen,max,0,54,786,41,True
frozen,max,0,55,786,41,True
frozen,max,0,56,786,41,True
frozen,max,0,57,786,41,True
frozen,max,0,58,786,41,True
frozen,max,0,59,786,41,True
frozen,max,0,60,786,41,True
frozen,max,0,61,786,41,True
frozen,max,0,62,786,41,True
frozen,max,0,63,786,41,True
frozen,max,0,64,786,41,True
frozen,max,0,65,786,41,True
frozen,max,0,66,786,41,True
frozen,max,0,67,786,41,True
frozen,max,0,68,786,41,True
frozen,max,0,69,786,41,True
frozen,max,0,70,786,41,True
frozen,max,0,71,786,41,True
frozen,max,0,72,786,41,True
frozen,max,0,73,786,41,True
frozen,max,0,74,786,41,True
frozen,max,0,75,786,41,True
frozen,max,0,76,786,41,True
frozen,max,0,77,786,41,True
frozen,max,0,78,786,41,True
frozen,max,0,79,786,41,True
frozen,max,0,80,786,41,True
frozen,max,0,81,786,41,True
frozen,max,0,82,786,41,True
frozen,max,0,83,786,41,True
frozen,max,0,84,786,41,True
frozen,max,0,85,786,41,True
frozen,max,0,86,786,41,True
frozen,max,0,87,786,41,True
frozen,max,0,88,781,41,True
frozen,max,0,89,781,41,True
frozen,max,0,90,781,41,True
frozen,max,0,91,781,41,True
frozen,max,0,92,781,41,True
frozen,max,0,93,781,41,True
frozen,max,0,94,781,41,True
frozen,max,0,95,781,41,True
frozen,max,0,96,781,41,True
frozen,max,0,97,781,41,True
frozen,max,0,98,781,41,True
frozen,max,0,99,781,41,True
frozen,max,0,100,781,41,True
frozen,max,0,101,781,41,True
frozen,max,0,102,781,41,True
frozen,max,0,103,781,41,True
frozen,max,0,104,781,41,True
frozen,max,0,105,781,41,True
frozen,max,0,106,781,41,True
frozen,max,0,107,781,41,True
frozen,max,0,108,781,41,True
frozen,max,0,109,781,41,True
frozen,max,0,110,781,41,True
frozen,max,0,111,781,41,True
frozen,max,0,112,781,41,True
frozen,max,0,113,781,41,True
frozen,max,0,114,781,41,True
frozen,max,0,115,781,41,True
frozen,max,0,116,781,41,True
frozen,max,0,117,781,41,True
frozen,max,0,118,781,41,True
frozen,max,0,119,781,41,True
frozen,max,0,120,781,41,True
frozen,max,0,121,781,41,True
frozen,max,0,122,781,41,True
frozen,max,0,123,781,41,True
frozen,max,0,124,781,41,True
frozen,max,0,125,781,41,True
frozen,max,0,126,781,41,True
frozen,max,0,127,781,41,True
frozen,max,0,128,781,41,True
frozen,max,0,129,781,41,True
frozen,max,0,130,781,41,True
frozen,max,0,131,781,41,True
frozen,max,0,132,781,41,True
frozen,max,0,133,781,41,True
frozen,max,0,134,781,41,True
frozen,max,0,135,781,41,True
frozen,max,0,136,781,41,True
frozen,max,0,137,781,41,True
frozen,max,0,138,781,41,True
frozen,max,0,139,781,41,True
frozen,max,0,140,781,41,True
frozen,max,0,141,781,41,True
frozen,max,0,142,781,41,True
frozen,max,0,143,781,41,True
frozen,max,0,144,781,41,True
frozen,max,0,145,781,41,True
frozen,max,0,146,781,41,True
frozen,max,0,147,781,41,True
frozen,max,0,148,781,41,True
frozen,max,0,149,781,41,True
frozen,max,0,150,781,41,True
frozen,max,0,151,781,41,True
frozen,max,0,152,781,41,True
frozen,max,0,153,781,41,True
frozen,max,0,154,781,41,True
frozen,max,0,155,781,41,True
frozen,max,0,156,781,41,True
frozen,max,0,157,781,41,True
frozen,max,0,158,781,41,True
frozen,max,0,159,781,41,True
frozen,max,0,160,781,41,True
frozen,max,0,161,781,41,True
frozen,max,0,162,781,41,True
frozen,max,0,163,781,41,True
frozen,max,0,164,781,41,True
frozen,max,0,165,781,41,True
frozen,max,0,166,781,41,True
frozen,max,0,167,781,41,True
frozen,max,0,168,781,41,True
frozen,max,0,169,781,41,True
frozen,max,0,170,781,41,True
frozen,max,0,171,781,41,True
frozen,max,0,172,781,41,True
frozen,max,0,173,781,41,True
frozen,max,0,174,781,41,True
frozen,max,0,175,781,41,True
frozen,max,0,176,781,41,True
frozen,max,0,177,781,41,True
frozen,max,0,178,781,41,True
frozen,max,0,179,781,41,True
frozen,max,0,180,781,41,True
frozen,max,0,181,781,41,True
frozen,max,0,182,781,41,True
frozen,max,0,183,781,41,True
frozen,max,0,184,781,41,True
frozen,max,0,185,781,41,True
frozen,max,0,186,781,41,True
frozen,max,0,187,781,41,True
frozen,max,0,188,781,41,True
frozen,max,0,189,781,41,True
frozen,max,0,190,781,41,True
frozen,max,0,191,781,41,True
frozen,max,0,192,781,41,True
frozen,max,0,193,781,41,True
frozen,max,0,194,781,41,True
frozen,max,0,195,781,41,True
frozen,max,0,196,781,41,True
frozen,max,0,197,781,41,True
frozen,max,0,198,781,41,True
frozen,max,0,199,781,41,True
frozen,max,0,200,781,41,True
frozen,max,0,201,781,41,True
frozen,max,0,202,781,41,True
frozen,max,0,203,781,41,True
frozen,max,0,204,781,41,True
frozen,max,0,205,781,41,True
frozen,max,0,206,781,41,True
frozen,max,0,207,781,41,True
frozen,max,0,208,781,41,True
frozen,max,0,209,781,41,True
frozen,max,0,210,781,41,True
frozen,max,0,211,781,41,True
frozen,max,0,212,781,41,True
frozen,max,0,213,781,41,True
frozen,max,0,214,781,41,True
frozen,max,0,215,781,41,True
frozen,max,0,216,781,41,True
frozen,max,0,217,781,41,True
frozen,max,0,218,781,41,True
frozen,max,0,219,781,41,True
frozen,max,0,220,781,41,True
frozen,max,0,221,781,41,True
frozen,max,0,222,781,41,True
frozen,max,0,223,781,41,True
frozen,max,0,224,781,41,True
frozen,max,0,225,781,41,True
frozen,max,0,226,781,41,True
frozen,max,0,227,781,41,True
frozen,max,0,228,781,41,True
frozen,max,0,229,781,41,True
frozen,max,0,230,781,41,True
frozen,max,0,231,781,41,True
frozen,max,0,232,781,41,True
frozen,max,0,233,781,41,True
frozen,max,0,234,781,41,True
frozen,max,0,235,781,41,True
frozen,max,0,236,781,41,True
frozen,max,0,237,781,41,True
frozen,max,0,238,781,41,True
frozen,max,0,239,781,41,True
frozen,max,0,240,781,41,True
frozen,max,0,241,781,41,True
frozen,max,0,242,781,41,True
frozen,max,0,243,781,41,True
frozen,max,0,244,781,41,True
frozen,max,0,245,781,41,True
frozen,max,0,246,781,41,True
frozen,max,0,247,781,41,True
frozen,max,0,248,781,41,True
frozen,max,0,249,781,41,True
frozen,max,0,250,781,41,True
frozen,max,0,251,781,41,True
frozen,max,0,252,781,41,True
frozen,max,0,253,781,41,True
frozen,max,0,254,781,41,True
frozen,max,0,255,781,41,True
frozen,max,0,256,781,41,True
frozen,max,0,257,781,41,True
frozen,max,0,258,781,41,True
frozen,max,0,259,781,41,True
frozen,max,0,260,781,41,True
frozen,max,0,261,781,41,True
frozen,max,0,262,781,41,True
frozen,max,0,263,781,41,True
frozen,max,0,264,781,41,True
frozen,max,0,265,781,41,True
frozen,max,0,266,781,41,True
frozen,max,0,267,781,41,True
frozen,max,0,268,781,41,True
frozen,max,0,269,781,41,True
frozen,max,0,270,781,41,True
frozen,max,0,271,781,41,True
frozen,max,0,272,781,41,True
frozen,max,0,273,781,41,True
frozen,max,0,274,781,41,True
frozen,max,0,275,781,41,True
frozen,max,0,276,781,41,True
frozen,max,0,277,781,41,True
frozen,max,0,278,781,41,True
frozen,max,0,279,781,41,True
frozen,max,0,280,769,41,True
frozen,max,0,281,769,41,True
frozen,max,0,282,769,41,True
frozen,max,0,283,769,41,True
frozen,max,0,284,769,41,True
frozen,max,0,285,769,41,True
frozen,max,0,286,769,41,True
frozen,max,0,287,769,41,True
frozen,max,0,288,769,41,True
frozen,max,0,289,769,41,True
frozen,max,0,290,769,41,True
frozen,max,0,291,769,41,True
frozen,max,0,292,769,41,True
frozen,max,0,293,769,41,True
frozen,max,0,294,769,41,True
frozen,max,0,295,769,41,True
frozen,max,0,296,769,41,True
frozen,max,0,297,769,41,True
frozen,max,0,298,769,41,True
frozen,max,0,299,769,41,True
frozen,max,0,300,769,41,True
frozen,max,0,301,769,41,True
frozen,max,0,302,769,41,True
frozen,max,0,303,769,41,True
frozen,max,0,304,769,41,True
frozen,max,0,305,769,41,True
frozen,max,0,306,769,41,True
frozen,max,0,307,769,41,True
frozen,max,0,308,769,41,True
frozen,max,0,309,769,41,True
frozen,max,0,310,769,41,True
frozen,max,0,311,769,41,True
frozen,max,0,312,769,41,True
frozen,max,0,313,769,41,True
frozen,max,0,314,769,41,True
frozen,max,0,315,769,41,True
frozen,max,0,316,769,41,True
frozen,max,0,317,769,41,True
frozen,max,0,318,769,41,True
frozen,max,0,319,769,41,True
frozen,max,0,320,769,41,True
frozen,max,0,321,769,41,True
frozen,max,0,322,769,41,True
frozen,max,0,323,769,41,True
frozen,max,0,324,769,41,True
frozen,max,0,325,769,41,True
frozen,max,0,326,769,41,True
frozen,max,0,327,769,41,True
frozen,max,0,328,769,41,True
frozen,max,0,329,769,41,True
frozen,max,0,330,769,41,True
frozen,max,0,331,769,41,True
frozen,max,0,332,769,41,True
frozen,max,0,333,769,41,True
frozen,max,0,334,769,41,True
frozen,max,0,335,769,41,True
frozen,max,0,336,769,41,True
frozen,max,0,337,769,41,True
frozen,max,0,338,769,41,True
frozen,max,0,339,769,41,True
frozen,max,0,340,769,41,True
frozen,max,0,341,769,41,True
frozen,max,0,342,769,41,True
frozen,max,0,343,769,41,True
frozen,max,0,344,769,41,True
frozen,max,0,345,769,41,True
frozen,max,0,346,769,41,True
frozen,max,0,347,769,41,True
frozen,max,0,348,769,41,True
frozen,max,0,349,769,41,True
frozen,max,0,350,769,41,True
frozen,max,0,351,769,41,True
frozen,max,0,352,769,41,True
frozen,max,0,353,769,41,True
frozen,max,0,354,769,41,True
frozen,max,0,355,769,41,True
frozen,max,0,356,769,41,True
frozen,max,0,357,769,41,True
frozen,max,0,358,769,41,True
frozen,max,0,359,769,41,True
frozen,max,0,360,769,41,True
frozen,max,0,361,769,41,True
frozen,max,0,362,769,41,True
frozen,max,0,363,769,41,True
frozen,max,0,364,769,41,True
frozen,max,0,365,769,41,True
frozen,max,0,366,769,41,True
frozen,max,0,367,769,41,True
frozen,max,0,368,769,41,True
frozen,max,0,369,769,41,True
frozen,max,0,370,769,41,True
frozen,max,0,371,769,41,True
frozen,max,0,372,769,41,True
frozen,max,0,373,769,41,True
frozen,max,0,374,769,41,True
frozen,max,0,375,769,41,True
frozen,max,0,376,769,41,True
frozen,max,0,377,769,41,True
frozen,max,0,378,769,41,True
frozen,max,0,379,769,41,True
frozen,max,0,380,769,41,True
frozen,max,0,381,769,41,True
frozen,max,0,382,769,41,True
frozen,max,0,383,769,41,True
frozen,max,0,384,769,41,True
frozen,max,0,385,769,41,True
frozen,max,0,386,769,41,True
frozen,max,0,387,769,41,True
frozen,max,0,388,769,41,True
frozen,max,0,389,769,41,True
frozen,max,0,390,769,41,True
frozen,max,0,391,769,41,True
frozen,max,0,392,769,41,True
frozen,max,0,393,769,41,True
frozen,max,0,394,769,41,True
frozen,max,0,395,769,41,True
frozen,max,0,396,769,41,True
frozen,max,0,397,769,41,True
frozen,max,0,398,769,41,True
frozen,max,0,399,769,41,True
frozen,max,0,400,769,41,True
frozen,max,0,401,769,41,True
frozen,max,0,402,769,41,True
frozen,max,0,403,769,41,True
frozen,max,0,404,769,41,True
frozen,max,0,405,769,41,True
frozen,max,0,406,769,41,True
frozen,max,0,407,769,41,True
frozen,max,0,408,769,41,True
frozen,max,0,409,769,41,True
frozen,max,0,410,769,41,True
frozen,max,0,411,769,41,True
frozen,max,0,412,769,41,True
frozen,max,0,413,769,41,True
frozen,max,0,414,769,41,True
frozen,max,0,415,769,41,True
frozen,max,0,416,769,41,True
frozen,max,0,417,769,41,True
frozen,max,0,418,769,41,True
frozen,max,0,419,769,41,True
frozen,max,0,420,769,41,True
frozen,max,0,421,769,41,True
frozen,max,0,422,769,41,True
frozen,max,0,423,769,41,True
frozen,max,0,424,769,41,True
frozen,max,0,425,769,41,True
frozen,max,0,426,769,41,True
frozen,max,0,427,769,41,True
frozen,max,0,428,769,41,True
frozen,max,0,429,769,41,True
frozen,max,0,430,769,41,True
frozen,max,0,431,769,41,True
frozen,max,0,432,769,41,True
frozen,max,0,433,769,41,True
frozen,max,0,434,769,41,True
frozen,max,0,435,769,41,True
frozen,max,0,436,769,41,True
frozen,max,0,437,769,41,True
frozen,max,0,438,769,41,True
frozen,max,0,439,769,41,True
frozen,max,0,440,769,41,True
frozen,max,0,441,769,41,True
frozen,max,0,442,769,41,True
frozen,max,0,443,769,41,True
frozen,max,0,444,769,41,True
frozen,max,0,445,769,41,True
frozen,max,0,446,769,41,True
frozen,max,0,447,769,41,True
frozen,max,0,448,769,41,True
frozen,max,0,449,769,41,True
frozen,max,0,450,769,41,True
frozen,max,0,451,769,41,True
frozen,max,0,452,769,41,True
frozen,max,0,453,769,41,True
frozen,max,0,454,769,41,True
frozen,max,0,455,769,41,True
frozen,max,0,456,769,41,True
frozen,max,0,457,769,41,True
frozen,max,0,458,769,41,True
frozen,max,0,459,769,41,True
frozen,max,0,460,769,41,True
frozen,max,0,461,769,41,True
frozen,max,0,462,769,41,True
frozen,max,0,463,769,41,True
frozen,max,0,464,769,41,True
frozen,max,0,465,769,41,True
frozen,max,0,466,769,41,True
frozen,max,0,467,769,41,True
frozen,max,0,468,769,41,True
frozen,max,0,469,769,41,True
frozen,max,0,470,769,41,True
frozen,max,0,471,769,41,True
frozen,max,0,472,769,41,True
frozen,max,0,473,769,41,True
frozen,max,0,474,769,41,True
frozen,max,0,475,769,41,True
frozen,max,0,476,769,41,True
frozen,max,0,477,769,41,True
frozen,max,0,478,769,41,True
frozen,max,0,479,769,41,True
frozen,max,0,480,763,41,True
frozen,max,0,481,763,41,True
frozen,max,0,482,763,41,True
frozen,max,0,483,763,41,True
frozen,max,0,484,763,41,True
frozen,max,0,485,763,41,True
frozen,max,0,486,763,41,True
frozen,max,0,487,763,41,True
frozen,max,0,488,763,41,True
frozen,max,0,489,763,41,True
frozen,max,0,490,763,41,True
frozen,max,0,491,763,41,True
frozen,max,0,492,763,41,True
frozen,max,0,493,763,41,True
frozen,max,0,494,763,41,True
frozen,max,0,495,763,41,True
frozen,max,0,496,763,41,True
frozen,max,0,497,763,41,True
frozen,max,0,498,763,41,True
frozen,max,0,499,763,41,True
frozen,max,0,500,763,41,True
frozen,max,0,501,763,41,True
frozen,max,0,502,763,41,True
frozen,max,0,503,763,41,True
frozen,max,0,504,763,41,True
frozen,max,0,505,763,41,True
frozen,max,0,506,763,41,True
frozen,max,0,507,763,41,True
frozen,max,0,508,763,41,True
frozen,max,0,509,763,41,True
frozen,max,0,510,763,41,True
frozen,max,0,511,763,41,True
frozen,max,0,512,763,41,True
frozen,max,0,513,763,41,True
frozen,max,0,514,763,41,True
frozen,max,0,515,763,41,True
frozen,max,0,516,763,41,True
frozen,max,0,517,763,41,True
frozen,max,0,518,763,41,True
frozen,max,0,519,763,41,True
frozen,max,0,520,763,41,True
frozen,max,0,521,763,41,True
frozen,max,0,522,763,41,True
frozen,max,0,523,763,41,True
frozen,max,0,524,763,41,True
frozen,max,0,525,763,41,True
frozen,max,0,526,763,41,True
frozen,max,0,527,763,41,True
frozen,max,0,528,763,41,True
frozen,max,0,529,763,41,True
frozen,max,0,530,763,41,True
frozen,max,0,531,763,41,True
frozen,max,0,532,763,41,True
frozen,max,0,533,763,41,True
frozen,max,0,534,763,41,True
frozen,max,0,535,763,41,True
frozen,max,0,536,763,41,True
frozen,max,0,537,763,41,True
frozen,max,0,538,763,41,True
frozen,max,0,539,763,41,True
frozen,max,0,540,763,41,True
frozen,max,0,541,763,41,True
frozen,max,0,542,763,41,True
frozen,max,0,543,763,41,True
frozen,max,0,544,763,41,True
frozen,max,0,545,763,41,True
frozen,max,0,546,763,41,True
frozen,max,0,547,763,41,True
frozen,max,0,548,763,41,True
frozen,max,0,549,763,41,True
frozen,max,0,550,763,41,True
frozen,max,0,551,763,41,True
frozen,max,0,552,763,41,True
frozen,max,0,553,763,41,True
frozen,max,0,554,763,41,True
frozen,max,0,555,763,41,True
frozen,max,0,556,763,41,True
frozen,max,0,557,763,41,True
frozen,max,0,558,763,41,True
frozen,max,0,559,763,41,True
frozen,max,0,560,763,41,True
frozen,max,0,561,763,41,True
frozen,max,0,562,763,41,True
frozen,max,0,563,763,41,True
frozen,max,0,564,763,41,True
frozen,max,0,565,763,41,True
frozen,max,0,566,763,41,True
frozen,max,0,567,763,41,True
frozen,max,0,568,763,41,True
frozen,max,0,569,763,41,True
frozen,max,0,570,763,41,True
frozen,max,0,571,763,41,True
frozen,max,0,572,763,41,True
frozen,max,0,573,763,41,True
frozen,max,0,574,763,41,True
frozen,max,0,575,763,41,True
frozen,max,0,576,763,41,True
frozen,max,0,577,763,41,True
frozen,max,0,578,763,41,True
frozen,max,0,579,763,41,True
frozen,max,0,580,763,41,True
frozen,max,0,581,763,41,True
frozen,max,0,582,763,41,True
frozen,max,0,583,763,41,True
frozen,max,0,584,763,41,True
frozen,max,0,585,763,41,True
frozen,max,0,586,763,41,True
frozen,max,0,587,763,41,True
frozen,max,0,588,763,41,True
frozen,max,0,589,763,41,True
frozen,max,0,590,763,41,True
frozen,max,0,591,763,41,True
frozen,max,0,592,763,41,True
frozen,max,0,593,763,41,True
frozen,max,0,594,763,41,True
frozen,max,0,595,763,41,True
frozen,max,0,596,763,41,True
frozen,max,0,597,763,41,True
frozen,max,0,598,763,41,True
frozen,max,0,599,763,41,True
frozen,max,0,600,763,41,True
frozen,max,0,601,763,41,True
frozen,max,0,602,763,41,True
frozen,max,0,603,763,41,True
frozen,max,0,604,763,41,True
frozen,max,0,605,763,41,True
frozen,max,0,606,763,41,True
frozen,max,0,607,763,41,True
frozen,max,0,608,763,41,True
frozen,max,0,609,763,41,True
frozen,max,0,610,763,41,True
frozen,max,0,611,763,41,True
frozen,max,0,612,763,41,True
frozen,max,0,613,763,41,True
frozen,max,0,614,763,41,True
frozen,max,0,615,763,41,True
frozen,max,0,616,763,41,True
frozen,max,0,617,763,41,True
frozen,max,0,618,763,41,True
frozen,max,0,619,763,41,True
frozen,max,0,620,763,41,True
frozen,max,0,621,763,41,True
frozen,max,0,622,763,41,True
frozen,max,0,623,763,41,True
frozen,max,0,624,763,41,True
frozen,max,0,625,763,41,True
frozen,max,0,626,763,41,True
frozen,max,0,627,763,41,True
frozen,max,0,628,763,41,True
frozen,max,0,629,763,41,True
frozen,max,0,630,763,41,True
frozen,max,0,631,763,41,True
frozen,max,0,632,763,41,True
frozen,max,0,633,763,41,True
frozen,max,0,634,763,41,True
frozen,max,0,635,763,41,True
frozen,max,0,636,763,41,True
frozen,max,0,637,763,41,True
frozen,max,0,638,763,41,True
frozen,max,0,639,763,41,True
frozen,max,0,640,763,41,True
frozen,max,0,641,763,41,True
frozen,max,0,642,763,41,True
frozen,max,0,643,763,41,True
frozen,max,0,644,763,41,True
frozen,max,0,645,763,41,True
frozen,max,0,646,763,41,True
frozen,max,0,647,763,41,True
frozen,max,0,648,763,41,True
frozen,max,0,649,763,41,True
frozen,max,0,650,763,41,True
frozen,max,0,651,763,41,True
frozen,max,0,652,763,41,True
frozen,max,0,653,763,41,True
frozen,max,0,654,763,41,True
frozen,max,0,655,763,41,True
frozen,max,0,656,763,41,True
frozen,max,0,657,763,41,True
frozen,max,0,658,763,41,True
frozen,max,0,659,763,41,True
frozen,max,0,660,763,41,True
frozen,max,0,661,763,41,True
frozen,max,0,662,763,41,True
frozen,max,0,663,763,41,True
frozen,max,0,664,763,41,True
frozen,max,0,665,763,41,True
frozen,max,0,666,763,41,True
frozen,max,0,667,763,41,True
frozen,max,0,668,763,41,True
frozen,max,0,669,763,41,True
frozen,max,0,670,763,41,True
frozen,max,0,671,763,41,True
frozen,max,0,672,763,41,True
frozen,max,0,673,763,41,True
frozen,max,0,674,763,41,True
frozen,max,0,675,763,41,True
frozen,max,0,676,763,41,True
frozen,max,0,677,763,41,True
frozen,max,0,678,763,41,True
frozen,max,0,679,763,41,True
frozen,max,0,680,763,41,True
frozen,max,0,681,763,41,True
frozen,max,0,682,763,41,True
frozen,max,0,683,763,41,True
frozen,max,0,684,763,41,True
frozen,max,0,685,763,41,True
frozen,max,0,686,763,41,True
frozen,max,0,687,763,41,True
frozen,max,0,688,763,41,True
frozen,max,0,689,763,41,True
frozen,max,0,690,763,41,True
frozen,max,0,691,763,41,True
frozen,max,0,692,763,41,True
frozen,max,0,693,763,41,True
frozen,max,0,694,763,41,True
frozen,max,0,695,763,41,True
frozen,max,0,696,763,41,True
frozen,max,0,697,763,41,True
frozen,max,0,698,763,41,True
frozen,max,0,699,763,41,True
frozen,max,0,700,763,41,True
frozen,max,0,701,763,41,True
frozen,max,0,702,763,41,True
frozen,max,0,703,763,41,True
frozen,max,0,704,763,41,True
frozen,max,0,705,763,41,True
frozen,max,0,706,763,41,True
frozen,max,0,707,763,41,True
frozen,max,0,708,763,41,True
frozen,max,0,709,763,41,True
frozen,max,0,710,763,41,True
frozen,max,0,711,763,41,True
frozen,max,0,712,763,41,True
frozen,max,0,713,763,41,True
frozen,max,0,714,763,41,True
frozen,max,0,715,763,41,True
frozen,max,0,716,763,41,True
frozen,max,0,717,763,41,True
frozen,max,0,718,763,41,True
frozen,max,0,719,763,41,True
frozen,max,0,720,763,41,True
frozen,max,0,721,763,41,True
frozen,max,0,722,763,41,True
frozen,max,0,723,763,41,True
frozen,max,0,724,763,41,True
frozen,max,0,725,763,41,True
frozen,max,0,726,763,41,True
frozen,max,0,727,763,41,True
frozen,max,0,728,763,41,True
frozen,max,0,729,763,41,True
frozen,max,0,730,763,41,True
frozen,max,0,731,763,41,True
frozen,max,0,732,763,41,True
frozen,max,0,733,763,41,True
frozen,max,0,734,763,41,True
frozen,max,0,735,763,41,True
frozen,max,0,736,763,41,True
frozen,max,0,737,763,41,True
frozen,max,0,738,763,41,True
frozen,max,0,739,763,41,True
frozen,max,0,740,763,41,True
frozen,max,0,741,763,41,True
frozen,max,0,742,763,41,True
frozen,max,0,743,763,41,True
frozen,max,0,744,763,41,True
frozen,max,0,745,763,41,True
frozen,max,0,746,763,41,True
frozen,max,0,747,763,41,True
frozen,max,0,748,763,41,True
frozen,max,0,749,763,41,True
frozen,max,0,750,763,41,True
frozen,max,0,751,763,41,True
frozen,max,0,752,763,41,True
frozen,max,0,753,763,41,True
frozen,max,0,754,763,41,True
frozen,max,0,755,763,41,True
frozen,max,0,756,763,41,True
frozen,max,0,757,763,41,True
frozen,max,0,758,763,41,True
frozen,max,0,759,763,41,True
frozen,max,0,760,763,41,True
frozen,max,0,761,763,41,True
frozen,max,0,762,763,41,True
frozen,max,0,763,763,41,True
frozen,max,0,764,763,41,True
frozen,max,0,765,763,41,True
frozen,max,0,766,763,41,True
frozen,max,0,767,763,41,True
frozen,max,0,768,763,41,True
frozen,max,0,769,763,41,True
frozen,max,0,770,763,41,True
frozen,max,0,771,763,41,True
frozen,max,0,772,763,41,True
frozen,max,0,773,763,41,True
frozen,max,0,774,763,41,True
frozen,max,0,775,763,41,True
frozen,max,0,776,763,41,True
frozen,max,0,777,763,41,True
frozen,max,0,778,763,41,True
frozen,max,0,779,763,41,True
frozen,max,0,780,763,41,True
frozen,max,0,781,763,41,True
frozen,max,0,782,763,41,True
frozen,max,0,783,763,41,True
frozen,max,0,784,763,41,True
frozen,max,0,785,763,41,True
frozen,max,0,786,763,41,True
frozen,max,0,787,763,41,True
frozen,max,0,788,763,41,True
frozen,max,0,789,763,41,True
frozen,max,0,790,763,41,True
frozen,max,0,791,763,41,True
frozen,max,0,792,763,41,True
frozen,max,0,793,763,41,True
frozen,max,0,794,763,41,True
frozen,max,0,795,763,41,True
frozen,max,0,796,763,41,True
frozen,max,0,797,763,41,True
frozen,max,0,798,763,41,True
frozen,max,0,799,763,41,True
frozen,max,0,800,763,41,True
frozen,max,0,801,763,41,True
frozen,max,0,802,763,41,True
frozen,max,0,803,763,41,True
frozen,max,0,804,763,41,True
frozen,max,0,805,763,41,True
frozen,max,0,806,763,41,True
frozen,max,0,807,763,41,True
frozen,max,0,808,763,41,True
frozen,max,0,809,763,41,True
frozen,max,0,810,763,41,True
frozen,max,0,811,763,41,True
frozen,max,0,812,763,41,True
frozen,max,0,813,763,41,True
frozen,max,0,814,763,41,True
frozen,max,0,815,763,41,True
frozen,max,0,816,763,41,True
frozen,max,0,817,763,41,True
frozen,max,0,818,763,41,True
frozen,max,0,819,763,41,True
frozen,max,0,820,763,41,True
frozen,max,0,821,763,41,True
frozen,max,0,822,763,41,True
frozen,max,0,823,763,41,True
frozen,max,0,824,763,41,True
frozen,max,0,825,763,41,True
frozen,max,0,826,763,41,True
frozen,max,0,827,763,41,True
frozen,max,0,828,763,41,True
frozen,max,0,829,763,41,True
frozen,max,0,830,763,41,True
frozen,max,0,831,763,41,True
frozen,max,0,832,763,41,True
frozen,max,0,833,763,41,True
frozen,max,0,834,763,41,True
frozen,max,0,835,763,41,True
frozen,max,0,836,763,41,True
frozen,max,0,837,763,41,True
frozen,max,0,838,763,41,True
frozen,max,0,839,763,41,True
frozen,max,0,840,763,41,True
frozen,max,0,841,763,41,True
frozen,max,0,842,763,41,True
frozen,max,0,843,763,41,True
frozen,max,0,844,763,41,True
frozen,max,0,845,763,41,True
frozen,max,0,846,763,41,True
frozen,max,0,847,763,41,True
frozen,max,0,848,763,41,True
frozen,max,0,849,763,41,True
frozen,max,0,850,763,41,True
frozen,max,0,851,763,41,True
frozen,max,0,852,763,41,True
frozen,max,0,853,763,41,True
frozen,max,0,854,763,41,True
frozen,max,0,855,763,41,True
frozen,max,0,856,763,41,True
frozen,max,0,857,763,41,True
frozen,max,0,858,763,41,True
frozen,max,0,859,763,41,True
frozen,max,0,860,763,41,True
frozen,max,0,861,763,41,True
frozen,max,0,862,763,41,True
frozen,max,0,863,763,41,True
frozen,max,0,864,763,41,True
frozen,max,0,865,763,41,True
frozen,max,0,866,763,41,True
frozen,max,0,867,763,41,True
frozen,max,0,868,763,41,True
frozen,max,0,869,763,41,True
frozen,max,0,870,763,41,True
frozen,max,0,871,763,41,True
frozen,max,0,872,763,41,True
frozen,max,0,873,763,41,True
frozen,max,0,874,763,41,True
frozen,max,0,875,763,41,True
frozen,max,0,876,763,41,True
frozen,max,0,877,763,41,True
frozen,max,0,878,763,41,True
frozen,max,0,879,763,41,True
frozen,max,0,880,763,41,True
frozen,max,0,881,763,41,True
frozen,max,0,882,763,41,True
frozen,max,0,883,763,41,True
frozen,max,0,884,763,41,True
frozen,max,0,885,763,41,True
frozen,max,0,886,763,41,True
frozen,max,0,887,763,41,True
frozen,max,0,888,763,41,True
frozen,max,0,889,763,41,True
frozen,max,0,890,763,41,True
frozen,max,0,891,763,41,True
frozen,max,0,892,763,41,True
frozen,max,0,893,763,41,True
frozen,max,0,894,763,41,True
frozen,max,0,895,763,41,True
frozen,max,0,896,763,41,True
frozen,max,0,897,763,41,True
frozen,max,0,898,763,41,True
frozen,max,0,899,763,41,True
frozen,max,0,900,763,41,True
frozen,max,0,901,763,41,True
frozen,max,0,902,763,41,True
frozen,max,0,903,763,41,True
frozen,max,0,904,763,41,True
frozen,max,0,905,763,41,True
frozen,max,0,906,763,41,True
frozen,max,0,907,763,41,True
frozen,max,0,908,763,41,True
frozen,max,0,909,763,41,True
frozen,max,0,910,763,41,True
frozen,max,0,911,763,41,True
frozen,max,0,912,763,41,True
frozen,max,0,913,763,41,True
frozen,max,0,914,763,41,True
frozen,max,0,915,763,41,True
frozen,max,0,916,763,41,True
frozen,max,0,917,763,41,True
frozen,max,0,918,763,41,True
frozen,max,0,919,763,41,True
frozen,max,0,920,763,41,True
frozen,max,0,921,763,41,True
frozen,max,0,922,763,41,True
frozen,max,0,923,763,41,True
frozen,max,0,924,763,41,True
frozen,max,0,925,763,41,True
frozen,max,0,926,763,41,True
frozen,max,0,927,763,41,True
frozen,max,0,928,763,41,True
frozen,max,0,929,763,41,True
frozen,max,0,930,763,41,True
frozen,max,0,931,763,41,True
frozen,max,0,932,763,41,True
frozen,max,0,933,763,41,True
frozen,max,0,934,763,41,True
frozen,max,0,935,763,41,True
frozen,max,0,936,763,41,True
frozen,max,0,937,763,41,True
frozen,max,0,938,763,41,True
frozen,max,0,939,763,41,True
frozen,max,0,940,763,41,True
frozen,max,0,941,763,41,True
frozen,max,0,942,763,41,True
frozen,max,0,943,763,41,True
frozen,max,0,944,763,41,True
frozen,max,0,945,763,41,True
frozen,max,0,946,763,41,True
frozen,max,0,947,763,41,True
frozen,max,0,948,763,41,True
frozen,max,0,949,763,41,True
frozen,max,0,950,763,41,True
frozen,max,0,951,763,41,True
frozen,max,0,952,763,41,True
frozen,max,0,953,763,41,True
frozen,max,0,954,763,41,True
frozen,max,0,955,763,41,True
frozen,max,0,956,763,41,True
frozen,max,0,957,763,41,True
frozen,max,0,958,763,41,True
frozen,max,0,959,763,41,True
frozen,max,0,960,763,41,True
frozen,max,0,961,763,41,True
frozen,max,0,962,763,41,True
frozen,max,0,963,763,41,True
frozen,max,0,964,763,41,True
frozen,max,0,965,763,41,True
frozen,max,0,966,763,41,True
frozen,max,0,967,763,41,True
frozen,max,0,968,763,41,True
frozen,max,0,969,763,41,True
frozen,max,0,970,763,41,True
frozen,max,0,971,763,41,True
frozen,max,0,972,763,41,True
frozen,max,0,973,763,41,True
frozen,max,0,974,763,41,True
frozen,max,0,975,763,41,True
frozen,max,0,976,763,41,True
frozen,max,0,977,763,41,True
frozen,max,0,978,763,41,True
frozen,max,0,979,763,41,True
frozen,max,0,980,763,41,True
frozen,max,0,981,763,41,True
frozen,max,0,982,763,41,True
frozen,max,0,983,763,41,True
frozen,max,0,984,763,41,True
frozen,max,0,985,763,41,True
frozen,max,0,986,763,41,True
frozen,max,0,987,763,41,True
frozen,max,0,988,763,41,True
frozen,max,0,989,763,41,True
frozen,max,0,990,763,41,True
frozen,max,0,991,763,41,True
frozen,max,0,992,763,41,True
frozen,max,0,993,763,41,True
frozen,max,0,994,763,41,True
frozen,max,0,995,763,41,True
frozen,max,0,996,763,41,True
frozen,max,0,997,763,41,True
frozen,max,0,998,763,41,True
frozen,max,0,999,763,41,True
frozen,max,0,1000,763,41,True
frozen,max,1,1,842,56,False
frozen,max,1,2,842,56,False
frozen,max,1,3,842,56,False
frozen,max,1,4,842,56,False
frozen,max,1,5,842,56,False
frozen,max,1,6,842,56,False
frozen,max,1,7,828,46,False
frozen,max,1,8,828,46,False
frozen,max,1,9,791,42,False
frozen,max,1,10,791,42,False
frozen,max,1,11,791,42,False
frozen,max,1,12,791,42,False
frozen,max,1,13,791,42,False
frozen,max,1,14,791,42,False
frozen,max,1,15,791,42,False
frozen,max,1,16,791,42,False
frozen,max,1,17,791,42,False
frozen,max,1,18,791,42,False
frozen,max,1,19,791,42,False
frozen,max,1,20,791,42,False
frozen,max,1,21,791,42,False
frozen,max,1,22,791,42,False
frozen,max,1,23,791,42,False
frozen,max,1,24,791,42,False
frozen,max,1,25,791,42,False
frozen,max,1,26,791,42,False
frozen,max,1,27,791,42,False
frozen,max,1,28,791,42,False
frozen,max,1,29,791,42,False
frozen,max,1,30,791,42,False
frozen,max,1,31,791,42,False
frozen,max,1,32,791,42,False
frozen,max,1,33,791,42,False
frozen,max,1,34,782,42,False
frozen,max,1,35,782,42,False
frozen,max,1,36,782,42,False
frozen,max,1,37,782,42,False
frozen,max,1,38,782,42,False
frozen,max,1,39,782,42,False
frozen,max,1,40,782,42,False
frozen,max,1,41,782,42,False
frozen,max,1,42,782,42,False
frozen,max,1,43,782,42,False
frozen,max,1,44,782,42,False
frozen,max,1,45,782,42,False
frozen,max,1,46,782,42,False
frozen,max,1,47,785,41,True
frozen,max,1,48,785,41,True
frozen,max,1,49,785,41,True
frozen,max,1,50,785,41,True
frozen,max,1,51,785,41,True
frozen,max,1,52,785,41,True
frozen,max,1,53,785,41,True
frozen,max,1,54,785,41,True
frozen,max,1,55,785,41,True
frozen,max,1,56,785,41,True
frozen,max,1,57,785,41,True
frozen,max,1,58,785,41,True
frozen,max,1,59,785,41,True
frozen,max,1,60,785,41,True
frozen,max,1,61,785,41,True
frozen,max,1,62,785,41,True
frozen,max,1,63,785,41,True
frozen,max,1,64,785,41,True
frozen,max,1,65,785,41,True
frozen,max,1,66,783,41,True
frozen,max,1,67,780,41,True
frozen,max,1,68,779,41,True
frozen,max,1,69,779,41,True
frozen,max,1,70,775,41,True
frozen,max,1,71,775,41,True
frozen,max,1,72,775,41,True
frozen,max,1,73,775,41,True
frozen,max,1,74,775,41,True
frozen,max,1,75,775,41,True
frozen,max,1,76,775,41,True
frozen,max,1,77,775,41,True
frozen,max,1,78,775,41,True
frozen,max,1,79,775,41,True
frozen,max,1,80,775,41,True
frozen,max,1,81,775,41,True
frozen,max,1,82,775,41,True
frozen,max,1,83,775,41,True
frozen,max,1,84,775,41,True
frozen,max,1,85,775,41,True
frozen,max,1,86,775,41,True
frozen,max,1,87,775,41,True
frozen,max,1,88,775,41,True
frozen,max,1,89,775,41,True
frozen,max,1,90,775,41,True
frozen,max,1,91,775,41,True
frozen,max,1,92,775,41,True
frozen,max,1,93,775,41,True
frozen,max,1,94,775,41,True
frozen,max,1,95,775,41,True
frozen,max,1,96,775,41,True
frozen,max,1,97,775,41,True
frozen,max,1,98,775,41,True
frozen,max,1,99,775,41,True
frozen,max,1,100,775,41,True
frozen,max,1,101,775,41,True
frozen,max,1,102,775,41,True
frozen,max,1,103,775,41,True
frozen,max,1,104,775,41,True
frozen,max,1,105,775,41,True
frozen,max,1,106,775,41,True
frozen,max,1,107,775,41,True
frozen,max,1,108,775,41,True
frozen,max,1,109,775,41,True
frozen,max,1,110,775,41,True
frozen,max,1,111,775,41,True
frozen,max,1,112,775,41,True
frozen,max,1,113,775,41,True
frozen,max,1,114,775,41,True
frozen,max,1,115,775,41,True
frozen,max,1,116,775,41,True
frozen,max,1,117,775,41,True
frozen,max,1,118,775,41,True
frozen,max,1,119,775,41,True
frozen,max,1,120,775,41,True
frozen,max,1,121,775,41,True
frozen,max,1,122,775,41,True
frozen,max,1,123,775,41,True
frozen,max,1,124,775,41,True
frozen,max,1,125,775,41,True
frozen,max,1,126,775,41,True
frozen,max,1,127,775,41,True
frozen,max,1,128,775,41,True
frozen,max,1,129,775,41,True
frozen,max,1,130,775,41,True
frozen,max,1,131,775,41,True
frozen,max,1,132,775,41,True
frozen,max,1,133,775,41,True
frozen,max,1,134,775,41,True
frozen,max,1,135,775,41,True
frozen,max,1,136,775,41,True
frozen,max,1,137,775,41,True
frozen,max,1,138,775,41,True
frozen,max,1,139,775,41,True
frozen,max,1,140,775,41,True
frozen,max,1,141,775,41,True
frozen,max,1,142,775,41,True
frozen,max,1,143,775,41,True
frozen,max,1,144,775,41,True
frozen,max,1,145,775,41,True
frozen,max,1,146,775,41,True
frozen,max,1,147,775,41,True
frozen,max,1,148,775,41,True
frozen,max,1,149,775,41,True
frozen,max,1,150,775,41,True
frozen,max,1,151,775,41,True
frozen,max,1,152,775,41,True
frozen,max,1,153,775,41,True
frozen,max,1,154,775,41,True
frozen,max,1,155,775,41,True
frozen,max,1,156,775,41,True
frozen,max,1,157,775,41,True
frozen,max,1,158,775,41,True
frozen,max,1,159,775,41,True
frozen,max,1,160,775,41,True
frozen,max,1,161,775,41,True
frozen,max,1,162,775,41,True
frozen,max,1,163,775,41,True
frozen,max,1,164,775,41,True
frozen,max,1,165,775,41,True
frozen,max,1,166,775,41,True
frozen,max,1,167,775,41,True
frozen,max,1,168,775,41,True
frozen,max,1,169,775,41,True
frozen,max,1,170,775,41,True
frozen,max,1,171,775,41,True
frozen,max,1,172,775,41,True
frozen,max,1,173,775,41,True
frozen,max,1,174,775,41,True
frozen,max,1,175,775,41,True
frozen,max,1,176,775,41,True
frozen,max,1,177,775,41,True
frozen,max,1,178,775,41,True
frozen,max,1,179,775,41,True
frozen,max,1,180,775,41,True
frozen,max,1,181,775,41,True
frozen,max,1,182,775,41,True
frozen,max,1,183,775,41,True
frozen,max,1,184,775,41,True
frozen,max,1,185,775,41,True
frozen,max,1,186,775,41,True
frozen,max,1,187,775,41,True
frozen,max,1,188,775,41,True
frozen,max,1,189,775,41,True
frozen,max,1,190,775,41,True
frozen,max,1,191,775,41,True
frozen,max,1,192,775,41,True
frozen,max,1,193,775,41,True
frozen,max,1,194,775,41,True
frozen,max,1,195,775,41,True
frozen,max,1,196,775,41,True
frozen,max,1,197,775,41,True
frozen,max,1,198,775,41,True
frozen,max,1,199,775,41,True
frozen,max,1,200,775,41,True
frozen,max,1,201,775,41,True
frozen,max,1,202,775,41,True
frozen,max,1,203,775,41,True
frozen,max,1,204,775,41,True
frozen,max,1,205,775,41,True
frozen,max,1,206,775,41,True
frozen,max,1,207,775,41,True
frozen,max,1,208,775,41,True
frozen,max,1,209,775,41,True
frozen,max,1,210,775,41,True
frozen,max,1,211,775,41,True
frozen,max,1,212,775,41,True
frozen,max,1,213,775,41,True
frozen,max,1,214,775,41,True
frozen,max,1,215,775,41,True
frozen,max,1,216,775,41,True
frozen,max,1,217,775,41,True
frozen,max,1,218,775,41,True
frozen,max,1,219,775,41,True
frozen,max,1,220,775,41,True
frozen,max,1,221,775,41,True
frozen,max,1,222,775,41,True
frozen,max,1,223,775,41,True
frozen,max,1,224,775,41,True
frozen,max,1,225,775,41,True
frozen,max,1,226,775,41,True
frozen,max,1,227,775,41,True
frozen,max,1,228,775,41,True
frozen,max,1,229,775,41,True
frozen,max,1,230,775,41,True
frozen,max,1,231,775,41,True
frozen,max,1,232,775,41,True
frozen,max,1,233,775,41,True
frozen,max,1,234,775,41,True
frozen,max,1,235,775,41,True
frozen,max,1,236,775,41,True
frozen,max,1,237,775,41,True
frozen,max,1,238,775,41,True
frozen,max,1,239,775,41,True
frozen,max,1,240,775,41,True
frozen,max,1,241,775,41,True
frozen,max,1,242,775,41,True
frozen,max,1,243,775,41,True
frozen,max,1,244,775,41,True
frozen,max,1,245,775,41,True
frozen,max,1,246,775,41,True
frozen,max,1,247,775,41,True
frozen,max,1,248,775,41,True
frozen,max,1,249,775,41,True
frozen,max,1,250,775,41,True
frozen,max,1,251,775,41,True
frozen,max,1,252,775,41,True
frozen,max,1,253,775,41,True
frozen,max,1,254,775,41,True
frozen,max,1,255,775,41,True
frozen,max,1,256,775,41,True
frozen,max,1,257,775,41,True
frozen,max,1,258,775,41,True
frozen,max,1,259,775,41,True
frozen,max,1,260,775,41,True
frozen,max,1,261,775,41,True
frozen,max,1,262,775,41,True
frozen,max,1,263,775,41,True
frozen,max,1,264,775,41,True
frozen,max,1,265,775,41,True
frozen,max,1,266,775,41,True
frozen,max,1,267,775,41,True
frozen,max,1,268,775,41,True
frozen,max,1,269,775,41,True
frozen,max,1,270,775,41,True
frozen,max,1,271,775,41,True
frozen,max,1,272,775,41,True
frozen,max,1,273,775,41,True
frozen,max,1,274,775,41,True
frozen,max,1,275,775,41,True
frozen,max,1,276,775,41,True
frozen,max,1,277,775,41,True
frozen,max,1,278,775,41,True
frozen,max,1,279,775,41,True
frozen,max,1,280,775,41,True
frozen,max,1,281,775,41,True
frozen,max,1,282,775,41,True
frozen,max,1,283,775,41,True
frozen,max,1,284,775,41,True
frozen,max,1,285,775,41,True
frozen,max,1,286,775,41,True
frozen,max,1,287,775,41,True
frozen,max,1,288,775,41,True
frozen,max,1,289,775,41,True
frozen,max,1,290,775,41,True
frozen,max,1,291,775,41,True
frozen,max,1,292,775,41,True
frozen,max,1,293,775,41,True
frozen,max,1,294,775,41,True
frozen,max,1,295,775,41,True
frozen,max,1,296,775,41,True
frozen,max,1,297,775,41,True
frozen,max,1,298,775,41,True
frozen,max,1,299,775,41,True
frozen,max,1,300,775,41,True
frozen,max,1,301,775,41,True
frozen,max,1,302,775,41,True
frozen,max,1,303,775,41,True
frozen,max,1,304,775,41,True
frozen,max,1,305,775,41,True
frozen,max,1,306,775,41,True
frozen,max,1,307,775,41,True
frozen,max,1,308,775,41,True
frozen,max,1,309,775,41,True
frozen,max,1,310,775,41,True
frozen,max,1,311,775,41,True
frozen,max,1,312,775,41,True
frozen,max,1,313,775,41,True
frozen,max,1,314,775,41,True
frozen,max,1,315,775,41,True
frozen,max,1,316,775,41,True
frozen,max,1,317,775,41,True
frozen,max,1,318,775,41,True
frozen,max,1,319,775,41,True
frozen,max,1,320,775,41,True
frozen,max,1,321,775,41,True
frozen,max,1,322,775,41,True
frozen,max,1,323,775,41,True
frozen,max,1,324,775,41,True
frozen,max,1,325,775,41,True
frozen,max,1,326,775,41,True
frozen,max,1,327,775,41,True
frozen,max,1,328,775,41,True
frozen,max,1,329,775,41,True
frozen,max,1,330,775,41,True
frozen,max,1,331,775,41,True
frozen,max,1,332,775,41,True
frozen,max,1,333,775,41,True
frozen,max,1,334,775,41,True
frozen,max,1,335,775,41,True
frozen,max,1,336,775,41,True
frozen,max,1,337,775,41,True
frozen,max,1,338,775,41,True
frozen,max,1,339,775,41,True
frozen,max,1,340,775,41,True
frozen,max,1,341,775,41,True
frozen,max,1,342,775,41,True
frozen,max,1,343,775,41,True
frozen,max,1,344,775,41,True
frozen,max,1,345,775,41,True
frozen,max,1,346,775,41,True
frozen,max,1,347,775,41,True
frozen,max,1,348,775,41,True
frozen,max,1,349,775,41,True
frozen,max,1,350,775,41,True
frozen,max,1,351,775,41,True
frozen,max,1,352,775,41,True
frozen,max,1,353,775,41,True
frozen,max,1,354,775,41,True
frozen,max,1,355,775,41,True
frozen,max,1,356,775,41,True
frozen,max,1,357,775,41,True
frozen,max,1,358,775,41,True
frozen,max,1,359,775,41,True
frozen,max,1,360,775,41,True
frozen,max,1,361,775,41,True
frozen,max,1,362,775,41,True
frozen,max,1,363,775,41,True
frozen,max,1,364,775,41,True
frozen,max,1,365,775,41,True
frozen,max,1,366,775,41,True
frozen,max,1,367,775,41,True
frozen,max,1,368,775,41,True
frozen,max,1,369,775,41,True
frozen,max,1,370,775,41,True
frozen,max,1,371,775,41,True
frozen,max,1,372,775,41,True
frozen,max,1,373,775,41,True
frozen,max,1,374,775,41,True
frozen,max,1,375,775,41,True
frozen,max,1,376,775,41,True
frozen,max,1,377,775,41,True
frozen,max,1,378,775,41,True
frozen,max,1,379,775,41,True
frozen,max,1,380,775,41,True
frozen,max,1,381,775,41,True
frozen,max,1,382,775,41,True
frozen,max,1,383,775,41,True
frozen,max,1,384,775,41,True
frozen,max,1,385,775,41,True
frozen,max,1,386,775,41,True
frozen,max,1,387,775,41,True
frozen,max,1,388,775,41,True
frozen,max,1,389,775,41,True
frozen,max,1,390,775,41,True
frozen,max,1,391,775,41,True
frozen,max,1,392,775,41,True
frozen,max,1,393,775,41,True
frozen,max,1,394,775,41,True
frozen,max,1,395,775,41,True
frozen,max,1,396,775,41,True
frozen,max,1,397,775,41,True
frozen,max,1,398,775,41,True
frozen,max,1,399,775,41,True
frozen,max,1,400,775,41,True
frozen,max,1,401,775,41,True
frozen,max,1,402,775,41,True
frozen,max,1,403,775,41,True
frozen,max,1,404,775,41,True
frozen,max,1,405,775,41,True
frozen,max,1,406,775,41,True
frozen,max,1,407,775,41,True
frozen,max,1,408,775,41,True
frozen,max,1,409,775,41,True
frozen,max,1,410,775,41,True
frozen,max,1,411,775,41,True
frozen,max,1,412,775,41,True
frozen,max,1,413,775,41,True
frozen,max,1,414,775,41,True
frozen,max,1,415,775,41,True
frozen,max,1,416,775,41,True
frozen,max,1,417,775,41,True
frozen,max,1,418,775,41,True
frozen,max,1,419,775,41,True
frozen,max,1,420,775,41,True
frozen,max,1,421,775,41,True
frozen,max,1,422,775,41,True
frozen,max,1,423,775,41,True
frozen,max,1,424,775,41,True
frozen,max,1,425,775,41,True
frozen,max,1,426,775,41,True
frozen,max,1,427,775,41,True
frozen,max,1,428,775,41,True
frozen,max,1,429,775,41,True
frozen,max,1,430,775,41,True
frozen,max,1,431,775,41,True
frozen,max,1,432,775,41,True
frozen,max,1,433,775,41,True
frozen,max,1,434,775,41,True
frozen,max,1,435,775,41,True
frozen,max,1,436,775,41,True
frozen,max,1,437,775,41,True
frozen,max,1,438,775,41,True
frozen,max,1,439,775,41,True
frozen,max,1,440,775,41,True
frozen,max,1,441,775,41,True
frozen,max,1,442,775,41,True
frozen,max,1,443,775,41,True
frozen,max,1,444,775,41,True
frozen,max,1,445,775,41,True
frozen,max,1,446,775,41,True
frozen,max,1,447,775,41,True
frozen,max,1,448,775,41,True
frozen,max,1,449,775,41,True
frozen,max,1,450,775,41,True
frozen,max,1,451,775,41,True
frozen,max,1,452,775,41,True
frozen,max,1,453,775,41,True
frozen,max,1,454,775,41,True
frozen,max,1,455,775,41,True
frozen,max,1,456,775,41,True
frozen,max,1,457,775,41,True
frozen,max,1,458,775,41,True
frozen,max,1,459,775,41,True
frozen,max,1,460,775,41,True
frozen,max,1,461,775,41,True
frozen,max,1,462,775,41,True
frozen,max,1,463,775,41,True
frozen,max,1,464,775,41,True
frozen,max,1,465,775,41,True
frozen,max,1,466,775,41,True
frozen,max,1,467,775,41,True
frozen,max,1,468,775,41,True
frozen,max,1,469,775,41,True
frozen,max,1,470,775,41,True
frozen,max,1,471,775,41,True
frozen,max,1,472,775,41,True
frozen,max,1,473,775,41,True
frozen,max,1,474,775,41,True
frozen,max,1,475,775,41,True
frozen,max,1,476,775,41,True
frozen,max,1,477,775,41,True
frozen,max,1,478,775,41,True
frozen,max,1,479,775,41,True
frozen,max,1,480,775,41,True
frozen,max,1,481,775,41,True
frozen,max,1,482,775,41,True
frozen,max,1,483,775,41,True
frozen,max,1,484,775,41,True
frozen,max,1,485,775,41,True
frozen,max,1,486,775,41,True
frozen,max,1,487,775,41,True
frozen,max,1,488,775,41,True
frozen,max,1,489,775,41,True
frozen,max,1,490,775,41,True
frozen,max,1,491,775,41,True
frozen,max,1,492,775,41,True
frozen,max,1,493,775,41,True
frozen,max,1,494,775,41,True
frozen,max,1,495,775,41,True
frozen,max,1,496,775,41,True
frozen,max,1,497,775,41,True
frozen,max,1,498,775,41,True
frozen,max,1,499,775,41,True
frozen,max,1,500,775,41,True
frozen,max,1,501,775,41,True
frozen,max,1,502,775,41,True
frozen,max,1,503,775,41,True
frozen,max,1,504,775,41,True
frozen,max,1,505,775,41,True
frozen,max,1,506,775,41,True
frozen,max,1,507,775,41,True
frozen,max,1,508,775,41,True
frozen,max,1,509,775,41,True
frozen,max,1,510,775,41,True
frozen,max,1,511,775,41,True
frozen,max,1,512,775,41,True
frozen,max,1,513,775,41,True
frozen,max,1,514,775,41,True
frozen,max,1,515,775,41,True
frozen,max,1,516,775,41,True
frozen,max,1,517,775,41,True
frozen,max,1,518,775,41,True
frozen,max,1,519,775,41,True
frozen,max,1,520,775,41,True
frozen,max,1,521,775,41,True
frozen,max,1,522,775,41,True
frozen,max,1,523,775,41,True
frozen,max,1,524,775,41,True
frozen,max,1,525,775,41,True
frozen,max,1,526,775,41,True
frozen,max,1,527,775,41,True
frozen,max,1,528,775,41,True
frozen,max,1,529,775,41,True
frozen,max,1,530,775,41,True
frozen,max,1,531,775,41,True
frozen,max,1,532,775,41,True
frozen,max,1,533,775,41,True
frozen,max,1,534,775,41,True
frozen,max,1,535,775,41,True
frozen,max,1,536,775,41,True
frozen,max,1,537,775,41,True
frozen,max,1,538,775,41,True
frozen,max,1,539,775,41,True
frozen,max,1,540,775,41,True
frozen,max,1,541,775,41,True
frozen,max,1,542,775,41,True
frozen,max,1,543,775,41,True
frozen,max,1,544,775,41,True
frozen,max,1,545,775,41,True
frozen,max,1,546,775,41,True
frozen,max,1,547,775,41,True
frozen,max,1,548,775,41,True
frozen,max,1,549,775,41,True
frozen,max,1,550,775,41,True
frozen,max,1,551,775,41,True
frozen,max,1,552,775,41,True
frozen,max,1,553,775,41,True
frozen,max,1,554,775,41,True
frozen,max,1,555,775,41,True
frozen,max,1,556,775,41,True
frozen,max,1,557,775,41,True
frozen,max,1,558,775,41,True
frozen,max,1,559,775,41,True
frozen,max,1,560,775,41,True
frozen,max,1,561,775,41,True
frozen,max,1,562,775,41,True
frozen,max,1,563,775,41,True
frozen,max,1,564,775,41,True
frozen,max,1,565,775,41,True
frozen,max,1,566,775,41,True
frozen,max,1,567,775,41,True
frozen,max,1,568,775,41,True
frozen,max,1,569,775,41,True
frozen,max,1,570,775,41,True
frozen,max,1,571,775,41,True
frozen,max,1,572,775,41,True
frozen,max,1,573,775,41,True
frozen,max,1,574,775,41,True
frozen,max,1,575,775,41,True
frozen,max,1,576,775,41,True
frozen,max,1,577,775,41,True
frozen,max,1,578,775,41,True
frozen,max,1,579,775,41,True
frozen,max,1,580,775,41,True
frozen,max,1,581,775,41,True
frozen,max,1,582,775,41,True
frozen,max,1,583,775,41,True
frozen,max,1,584,775,41,True
frozen,max,1,585,775,41,True
frozen,max,1,586,775,41,True
frozen,max,1,587,775,41,True
frozen,max,1,588,775,41,True
frozen,max,1,589,775,41,True
frozen,max,1,590,775,41,True
frozen,max,1,591,775,41,True
frozen,max,1,592,775,41,True
frozen,max,1,593,775,41,True
frozen,max,1,594,775,41,True
frozen,max,1,595,775,41,True
frozen,max,1,596,775,41,True
frozen,max,1,597,775,41,True
frozen,max,1,598,775,41,True
frozen,max,1,599,775,41,True
frozen,max,1,600,775,41,True
frozen,max,1,601,775,41,True
frozen,max,1,602,775,41,True
frozen,max,1,603,775,41,True
frozen,max,1,604,775,41,True
frozen,max,1,605,775,41,True
frozen,max,1,606,775,41,True
frozen,max,1,607,775,41,True
frozen,max,1,608,775,41,True
frozen,max,1,609,775,41,True
frozen,max,1,610,775,41,True
frozen,max,1,611,775,41,True
frozen,max,1,612,775,41,True
frozen,max,1,613,775,41,True
frozen,max,1,614,775,41,True
frozen,max,1,615,775,41,True
frozen,max,1,616,775,41,True
frozen,max,1,617,775,41,True
frozen,max,1,618,775,41,True
frozen,max,1,619,775,41,True
frozen,max,1,620,775,41,True
frozen,max,1,621,775,41,True
frozen,max,1,622,775,41,True
frozen,max,1,623,775,41,True
frozen,max,1,624,775,41,True
frozen,max,1,625,775,41,True
frozen,max,1,626,775,41,True
frozen,max,1,627,775,41,True
frozen,max,1,628,775,41,True
frozen,max,1,629,775,41,True
frozen,max,1,630,775,41,True
frozen,max,1,631,775,41,True
frozen,max,1,632,775,41,True
frozen,max,1,633,775,41,True
frozen,max,1,634,775,41,True
frozen,max,1,635,775,41,True
frozen,max,1,636,775,41,True
frozen,max,1,637,775,41,True
frozen,max,1,638,775,41,True
frozen,max,1,639,775,41,True
frozen,max,1,640,775,41,True
frozen,max,1,641,775,41,True
frozen,max,1,642,775,41,True
frozen,max,1,643,775,41,True
frozen,max,1,644,775,41,True
frozen,max,1,645,775,41,True
frozen,max,1,646,775,41,True
frozen,max,1,647,775,41,True
frozen,max,1,648,775,41,True
frozen,max,1,649,775,41,True
frozen,max,1,650,775,41,True
frozen,max,1,651,775,41,True
frozen,max,1,652,775,41,True
frozen,max,1,653,775,41,True
frozen,max,1,654,775,41,True
frozen,max,1,655,775,41,True
frozen,max,1,656,775,41,True
frozen,max,1,657,775,41,True
frozen,max,1,658,775,41,True
frozen,max,1,659,775,41,True
frozen,max,1,660,775,41,True
frozen,max,1,661,775,41,True
frozen,max,1,662,775,41,True
frozen,max,1,663,775,41,True
frozen,max,1,664,775,41,True
frozen,max,1,665,775,41,True
frozen,max,1,666,775,41,True
frozen,max,1,667,775,41,True
frozen,max,1,668,775,41,True
frozen,max,1,669,775,41,True
frozen,max,1,670,775,41,True
frozen,max,1,671,775,41,True
frozen,max,1,672,775,41,True
frozen,max,1,673,775,41,True
frozen,max,1,674,775,41,True
frozen,max,1,675,775,41,True
frozen,max,1,676,775,41,True
frozen,max,1,677,775,41,True
frozen,max,1,678,775,41,True
frozen,max,1,679,775,41,True
frozen,max,1,680,775,41,True
frozen,max,1,681,775,41,True
frozen,max,1,682,775,41,True
frozen,max,1,683,775,41,True
frozen,max,1,684,775,41,True
frozen,max,1,685,775,41,True
frozen,max,1,686,775,41,True
frozen,max,1,687,775,41,True
frozen,max,1,688,775,41,True
frozen,max,1,689,775,41,True
frozen,max,1,690,775,41,True
frozen,max,1,691,775,41,True
frozen,max,1,692,775,41,True
frozen,max,1,693,775,41,True
frozen,max,1,694,775,41,True
frozen,max,1,695,775,41,True
frozen,max,1,696,775,41,True
frozen,max,1,697,775,41,True
frozen,max,1,698,775,41,True
frozen,max,1,699,775,41,True
frozen,max,1,700,775,41,True
frozen,max,1,701,775,41,True
frozen,max,1,702,775,41,True
frozen,max,1,703,775,41,True
frozen,max,1,704,775,41,True
frozen,max,1,705,775,41,True
frozen,max,1,706,775,41,True
frozen,max,1,707,775,41,True
frozen,max,1,708,775,41,True
frozen,max,1,709,775,41,True
frozen,max,1,710,775,41,True
frozen,max,1,711,775,41,True
frozen,max,1,712,775,41,True
frozen,max,1,713,775,41,True
frozen,max,1,714,775,41,True
frozen,max,1,715,775,41,True
frozen,max,1,716,775,41,True
frozen,max,1,717,775,41,True
frozen,max,1,718,775,41,True
frozen,max,1,719,775,41,True
frozen,max,1,720,775,41,True
frozen,max,1,721,775,41,True
frozen,max,1,722,775,41,True
frozen,max,1,723,775,41,True
frozen,max,1,724,775,41,True
frozen,max,1,725,775,41,True
frozen,max,1,726,775,41,True
frozen,max,1,727,775,41,True
frozen,max,1,728,775,41,True
frozen,max,1,729,775,41,True
frozen,max,1,730,775,41,True
frozen,max,1,731,775,41,True
frozen,max,1,732,775,41,True
frozen,max,1,733,775,41,True
frozen,max,1,734,775,41,True
frozen,max,1,735,775,41,True
frozen,max,1,736,775,41,True
frozen,max,1,737,775,41,True
frozen,max,1,738,775,41,True
frozen,max,1,739,775,41,True
frozen,max,1,740,775,41,True
frozen,max,1,741,775,41,True
frozen,max,1,742,775,41,True
frozen,max,1,743,775,41,True
frozen,max,1,744,775,41,True
frozen,max,1,745,775,41,True
frozen,max,1,746,775,41,True
frozen,max,1,747,775,41,True
frozen,max,1,748,775,41,True
frozen,max,1,749,775,41,True
frozen,max,1,750,775,41,True
frozen,max,1,751,775,41,True
frozen,max,1,752,775,41,True
frozen,max,1,753,775,41,True
frozen,max,1,754,775,41,True
frozen,max,1,755,775,41,True
frozen,max,1,756,775,41,True
frozen,max,1,757,775,41,True
frozen,max,1,758,775,41,True
frozen,max,1,759,775,41,True
frozen,max,1,760,775,41,True
frozen,max,1,761,775,41,True
frozen,max,1,762,775,41,True
frozen,max,1,763,775,41,True
frozen,max,1,764,775,41,True
frozen,max,1,765,775,41,True
frozen,max,1,766,775,41,True
frozen,max,1,767,775,41,True
frozen,max,1,768,775,41,True
frozen,max,1,769,775,41,True
frozen,max,1,770,775,41,True
frozen,max,1,771,775,41,True
frozen,max,1,772,775,41,True
frozen,max,1,773,775,41,True
frozen,max,1,774,775,41,True
frozen,max,1,775,775,41,True
frozen,max,1,776,775,41,True
frozen,max,1,777,775,41,True
frozen,max,1,778,775,41,True
frozen,max,1,779,775,41,True
frozen,max,1,780,775,41,True
frozen,max,1,781,775,41,True
frozen,max,1,782,775,41,True
frozen,max,1,783,775,41,True
frozen,max,1,784,775,41,True
frozen,max,1,785,775,41,True
frozen,max,1,786,775,41,True
frozen,max,1,787,775,41,True
frozen,max,1,788,775,41,True
frozen,max,1,789,775,41,True
frozen,max,1,790,775,41,True
frozen,max,1,791,775,41,True
frozen,max,1,792,775,41,True
frozen,max,1,793,775,41,True
frozen,max,1,794,775,41,True
frozen,max,1,795,775,41,True
frozen,max,1,796,775,41,True
frozen,max,1,797,775,41,True
frozen,max,1,798,775,41,True
frozen,max,1,799,775,41,True
frozen,max,1,800,775,41,True
frozen,max,1,801,775,41,True
frozen,max,1,802,775,41,True
frozen,max,1,803,775,41,True
frozen,max,1,804,775,41,True
frozen,max,1,805,775,41,True
frozen,max,1,806,775,41,True
frozen,max,1,807,775,41,True
frozen,max,1,808,775,41,True
frozen,max,1,809,775,41,True
frozen,max,1,810,775,41,True
frozen,max,1,811,775,41,True
frozen,max,1,812,775,41,True
frozen,max,1,813,775,41,True
frozen,max,1,814,775,41,True
frozen,max,1,815,775,41,True
frozen,max,1,816,775,41,True
frozen,max,1,817,775,41,True
frozen,max,1,818,775,41,True
frozen,max,1,819,775,41,True
frozen,max,1,820,775,41,True
frozen,max,1,821,775,41,True
frozen,max,1,822,775,41,True
frozen,max,1,823,775,41,True
frozen,max,1,824,775,41,True
frozen,max,1,825,775,41,True
frozen,max,1,826,775,41,True
frozen,max,1,827,775,41,True
frozen,max,1,828,775,41,True
frozen,max,1,829,775,41,True
frozen,max,1,830,775,41,True
frozen,max,1,831,775,41,True
frozen,max,1,832,775,41,True
frozen,max,1,833,775,41,True
frozen,max,1,834,775,41,True
frozen,max,1,835,775,41,True
frozen,max,1,836,775,41,True
frozen,max,1,837,775,41,True
frozen,max,1,838,775,41,True
frozen,max,1,839,775,41,True
frozen,max,1,840,775,41,True
frozen,max,1,841,775,41,True
frozen,max,1,842,775,41,True
frozen,max,1,843,775,41,True
frozen,max,1,844,775,41,True
frozen,max,1,845,775,41,True
frozen,max,1,846,775,41,True
frozen,max,1,847,775,41,True
frozen,max,1,848,775,41,True
frozen,max,1,849,775,41,True
frozen,max,1,850,775,41,True
frozen,max,1,851,775,41,True
frozen,max,1,852,775,41,True
frozen,max,1,853,775,41,True
frozen,max,1,854,775,41,True
frozen,max,1,855,775,41,True
frozen,max,1,856,775,41,True
frozen,max,1,857,775,41,True
frozen,max,1,858,775,41,True
frozen,max,1,859,775,41,True
frozen,max,1,860,775,41,True
frozen,max,1,861,775,41,True
frozen,max,1,862,775,41,True
frozen,max,1,863,775,41,True
frozen,max,1,864,775,41,True
frozen,max,1,865,775,41,True
frozen,max,1,866,775,41,True
frozen,max,1,867,775,41,True
frozen,max,1,868,775,41,True
frozen,max,1,869,775,41,True
frozen,max,1,870,775,41,True
frozen,max,1,871,775,41,True
frozen,max,1,872,775,41,True
frozen,max,1,873,775,41,True
frozen,max,1,874,775,41,True
frozen,max,1,875,775,41,True
frozen,max,1,876,775,41,True
frozen,max,1,877,775,41,True
frozen,max,1,878,775,41,True
frozen,max,1,879,775,41,True
frozen,max,1,880,775,41,True
frozen,max,1,881,775,41,True
frozen,max,1,882,775,41,True
frozen,max,1,883,775,41,True
frozen,max,1,884,775,41,True
frozen,max,1,885,775,41,True
frozen,max,1,886,775,41,True
frozen,max,1,887,775,41,True
frozen,max,1,888,775,41,True
frozen,max,1,889,775,41,True
frozen,max,1,890,775,41,True
frozen,max,1,891,775,41,True
frozen,max,1,892,775,41,True
frozen,max,1,893,775,41,True
frozen,max,1,894,775,41,True
frozen,max,1,895,775,41,True
frozen,max,1,896,775,41,True
frozen,max,1,897,775,41,True
frozen,max,1,898,775,41,True
frozen,max,1,899,775,41,True
frozen,max,1,900,775,41,True
frozen,max,1,901,775,41,True
frozen,max,1,902,775,41,True
frozen,max,1,903,775,41,True
frozen,max,1,904,775,41,True
frozen,max,1,905,775,41,True
frozen,max,1,906,775,41,True
frozen,max,1,907,775,41,True
frozen,max,1,908,775,41,True
frozen,max,1,909,775,41,True
frozen,max,1,910,775,41,True
frozen,max,1,911,775,41,True
frozen,max,1,912,775,41,True
frozen,max,1,913,775,41,True
frozen,max,1,914,775,41,True
frozen,max,1,915,775,41,True
frozen,max,1,916,775,41,True
frozen,max,1,917,775,41,True
frozen,max,1,918,775,41,True
frozen,max,1,919,775,41,True
frozen,max,1,920,775,41,True
frozen,max,1,921,775,41,True
frozen,max,1,922,775,41,True
frozen,max,1,923,775,41,True
frozen,max,1,924,775,41,True
frozen,max,1,925,775,41,True
frozen,max,1,926,775,41,True
frozen,max,1,927,775,41,True
frozen,max,1,928,775,41,True
frozen,max,1,929,775,41,True
frozen,max,1,930,775,41,True
frozen,max,1,931,775,41,True
frozen,max,1,932,775,41,True
frozen,max,1,933,775,41,True
frozen,max,1,934,775,41,True
frozen,max,1,935,775,41,True
frozen,max,1,936,775,41,True
frozen,max,1,937,775,41,True
frozen,max,1,938,775,41,True
frozen,max,1,939,775,41,True
frozen,max,1,940,775,41,True
frozen,max,1,941,775,41,True
frozen,max,1,942,775,41,True
frozen,max,1,943,775,41,True
frozen,max,1,944,775,41,True
frozen,max,1,945,775,41,True
frozen,max,1,946,775,41,True
frozen,max,1,947,775,41,True
frozen,max,1,948,775,41,True
frozen,max,1,949,775,41,True
frozen,max,1,950,775,41,True
frozen,max,1,951,775,41,True
frozen,max,1,952,775,41,True
frozen,max,1,953,775,41,True
frozen,max,1,954,775,41,True
frozen,max,1,955,775,41,True
frozen,max,1,956,775,41,True
frozen,max,1,957,775,41,True
frozen,max,1,958,775,41,True
frozen,max,1,959,775,41,True
frozen,max,1,960,775,41,True
frozen,max,1,961,775,41,True
frozen,max,1,962,775,41,True
frozen,max,1,963,775,41,True
frozen,max,1,964,775,41,True
frozen,max,1,965,775,41,True
frozen,max,1,966,775,41,True
frozen,max,1,967,775,41,True
frozen,max,1,968,775,41,True
frozen,max,1,969,775,41,True
frozen,max,1,970,775,41,True
frozen,max,1,971,775,41,True
frozen,max,1,972,775,41,True
frozen,max,1,973,775,41,True
frozen,max,1,974,775,41,True
frozen,max,1,975,775,41,True
frozen,max,1,976,775,41,True
frozen,max,1,977,775,41,True
frozen,max,1,978,775,41,True
frozen,max,1,979,775,41,True
frozen,max,1,980,775,41,True
frozen,max,1,981,775,41,True
frozen,max,1,982,775,41,True
frozen,max,1,983,775,41,True
frozen,max,1,984,775,41,True
frozen,max,1,985,775,41,True
frozen,max,1,986,775,41,True
frozen,max,1,987,775,41,True
frozen,max,1,988,775,41,True
frozen,max,1,989,775,41,True
frozen,max,1,990,775,41,True
frozen,max,1,991,775,41,True
frozen,max,1,992,775,41,True
frozen,max,1,993,775,41,True
frozen,max,1,994,775,41,True
frozen,max,1,995,775,41,True
frozen,max,1,996,775,41,True
frozen,max,1,997,775,41,True
frozen,max,1,998,775,41,True
frozen,max,1,999,775,41,True
frozen,max,1,1000,775,41,True
frozen,max,2,1,842,56,False
frozen,max,2,2,800,49,False
frozen,max,2,3,800,49,False
frozen,max,2,4,790,42,False
frozen,max,2,5,790,42,False
frozen,max,2,6,790,42,False
frozen,max,2,7,790,42,False
frozen,max,2,8,790,42,False
frozen,max,2,9,790,42,False
frozen,max,2,10,790,42,False
frozen,max,2,11,790,42,False
frozen,max,2,12,790,42,False
frozen,max,2,13,790,42,False
frozen,max,2,14,790,42,False
frozen,max,2,15,790,42,False
frozen,max,2,16,790,42,False
frozen,max,2,17,790,42,False
frozen,max,2,18,790,42,False
frozen,max,2,19,790,42,False
frozen,max,2,20,790,42,False
frozen,max,2,21,790,42,False
frozen,max,2,22,790,42,False
frozen,max,2,23,790,42,False
frozen,max,2,24,790,42,False
frozen,max,2,25,790,42,False
frozen,max,2,26,790,42,False
frozen,max,2,27,767,42,False
frozen,max,2,28,767,42,False
frozen,max,2,29,777,41,True
frozen,max,2,30,777,41,True
frozen,max,2,31,777,41,True
frozen,max,2,32,777,41,True
frozen,max,2,33,777,41,True
frozen,max,2,34,777,41,True
frozen,max,2,35,777,41,True
frozen,max,2,36,777,41,True
frozen,max,2,37,777,41,True
frozen,max,2,38,777,41,True
frozen,max,2,39,777,41,True
frozen,max,2,40,777,41,True
frozen,max,2,41,777,41,True
frozen,max,2,42,777,41,True
frozen,max,2,43,777,41,True
frozen,max,2,44,777,41,True
frozen,max,2,45,777,41,True
frozen,max,2,46,777,41,True
frozen,max,2,47,777,41,True
frozen,max,2,48,777,41,True
frozen,max,2,49,777,41,True
frozen,max,2,50,777,41,True
frozen,max,2,51,777,41,True
frozen,max,2,52,777,41,True
frozen,max,2,53,777,41,True
frozen,max,2,54,777,41,True
frozen,max,2,55,777,41,True
frozen,max,2,56,777,41,True
frozen,max,2,57,777,41,True
frozen,max,2,58,777,41,True
frozen,max,2,59,777,41,True
frozen,max,2,60,777,41,True
frozen,max,2,61,777,41,True
frozen,max,2,62,777,41,True
frozen,max,2,63,777,41,True
frozen,max,2,64,777,41,True
frozen,max,2,65,777,41,True
frozen,max,2,66,777,41,True
frozen,max,2,67,777,41,True
frozen,max,2,68,777,41,True
frozen,max,2,69,777,41,True
frozen,max,2,70,777,41,True
frozen,max,2,71,777,41,True
frozen,max,2,72,777,41,True
frozen,max,2,73,777,41,True
frozen,max,2,74,777,41,True
frozen,max,2,75,777,41,True
frozen,max,2,76,777,41,True
frozen,max,2,77,777,41,True
frozen,max,2,78,777,41,True
frozen,max,2,79,777,41,True
frozen,max,2,80,777,41,True
frozen,max,2,81,777,41,True
frozen,max,2,82,777,41,True
frozen,max,2,83,777,41,True
frozen,max,2,84,777,41,True
frozen,max,2,85,777,41,True
frozen,max,2,86,777,41,True
frozen,max,2,87,777,41,True
frozen,max,2,88,777,41,True
frozen,max,2,89,777,41,True
frozen,max,2,90,777,41,True
frozen,max,2,91,777,41,True
frozen,max,2,92,777,41,True
frozen,max,2,93,777,41,True
frozen,max,2,94,777,41,True
frozen,max,2,95,777,41,True
frozen,max,2,96,777,41,True
frozen,max,2,97,777,41,True
frozen,max,2,98,777,41,True
frozen,max,2,99,777,41,True
frozen,max,2,100,777,41,True
frozen,max,2,101,777,41,True
frozen,max,2,102,777,41,True
frozen,max,2,103,777,41,True
frozen,max,2,104,777,41,True
frozen,max,2,105,777,41,True
frozen,max,2,106,777,41,True
frozen,max,2,107,777,41,True
frozen,max,2,108,777,41,True
frozen,max,2,109,777,41,True
frozen,max,2,110,777,41,True
frozen,max,2,111,777,41,True
frozen,max,2,112,777,41,True
frozen,max,2,113,777,41,True
frozen,max,2,114,777,41,True
frozen,max,2,115,777,41,True
frozen,max,2,116,777,41,True
frozen,max,2,117,777,41,True
frozen,max,2,118,777,41,True
frozen,max,2,119,777,41,True
frozen,max,2,120,777,41,True
frozen,max,2,121,777,41,True
frozen,max,2,122,777,41,True
frozen,max,2,123,777,41,True
frozen,max,2,124,777,41,True
frozen,max,2,125,777,41,True
frozen,max,2,126,777,41,True
frozen,max,2,127,777,41,True
frozen,max,2,128,777,41,True
frozen,max,2,129,777,41,True
frozen,max,2,130,777,41,True
frozen,max,2,131,777,41,True
frozen,max,2,132,777,41,True
frozen,max,2,133,777,41,True
frozen,max,2,134,777,41,True
frozen,max,2,135,777,41,True
frozen,max,2,136,777,41,True
frozen,max,2,137,777,41,True
frozen,max,2,138,777,41,True
frozen,max,2,139,777,41,True
frozen,max,2,140,777,41,True
frozen,max,2,141,777,41,True
frozen,max,2,142,777,41,True
frozen,max,2,143,777,41,True
frozen,max,2,144,777,41,True
frozen,max,2,145,777,41,True
frozen,max,2,146,777,41,True
frozen,max,2,147,777,41,True
frozen,max,2,148,777,41,True
frozen,max,2,149,777,41,True
frozen,max,2,150,777,41,True
frozen,max,2,151,777,41,True
frozen,max,2,152,777,41,True
frozen,max,2,153,777,41,True
frozen,max,2,154,777,41,True
frozen,max,2,155,777,41,True
frozen,max,2,156,777,41,True
frozen,max,2,157,777,41,True
frozen,max,2,158,777,41,True
frozen,max,2,159,777,41,True
frozen,max,2,160,777,41,True
frozen,max,2,161,777,41,True
frozen,max,2,162,777,41,True
frozen,max,2,163,777,41,True
frozen,max,2,164,777,41,True
frozen,max,2,165,777,41,True
frozen,max,2,166,777,41,True
frozen,max,2,167,777,41,True
frozen,max,2,168,777,41,True
frozen,max,2,169,777,41,True
frozen,max,2,170,777,41,True
frozen,max,2,171,777,41,True
frozen,max,2,172,777,41,True
frozen,max,2,173,777,41,True
frozen,max,2,174,777,41,True
frozen,max,2,175,777,41,True
frozen,max,2,176,777,41,True
frozen,max,2,177,777,41,True
frozen,max,2,178,777,41,True
frozen,max,2,179,777,41,True
frozen,max,2,180,777,41,True
frozen,max,2,181,777,41,True
frozen,max,2,182,777,41,True
frozen,max,2,183,777,41,True
frozen,max,2,184,777,41,True
frozen,max,2,185,777,41,True
frozen,max,2,186,777,41,True
frozen,max,2,187,777,41,True
frozen,max,2,188,777,41,True
frozen,max,2,189,777,41,True
frozen,max,2,190,777,41,True
frozen,max,2,191,777,41,True
frozen,max,2,192,777,41,True
frozen,max,2,193,777,41,True
frozen,max,2,194,777,41,True
frozen,max,2,195,777,41,True
frozen,max,2,196,777,41,True
frozen,max,2,197,777,41,True
frozen,max,2,198,777,41,True
frozen,max,2,199,777,41,True
frozen,max,2,200,777,41,True
frozen,max,2,201,777,41,True
frozen,max,2,202,777,41,True
frozen,max,2,203,777,41,True
frozen,max,2,204,777,41,True
frozen,max,2,205,777,41,True
frozen,max,2,206,777,41,True
frozen,max,2,207,777,41,True
frozen,max,2,208,777,41,True
frozen,max,2,209,777,41,True
frozen,max,2,210,777,41,True
frozen,max,2,211,777,41,True
frozen,max,2,212,777,41,True
frozen,max,2,213,777,41,True
frozen,max,2,214,777,41,True
frozen,max,2,215,777,41,True
frozen,max,2,216,777,41,True
frozen,max,2,217,777,41,True
frozen,max,2,218,777,41,True
frozen,max,2,219,777,41,True
frozen,max,2,220,777,41,True
frozen,max,2,221,777,41,True
frozen,max,2,222,777,41,True
frozen,max,2,223,777,41,True
frozen,max,2,224,777,41,True
frozen,max,2,225,777,41,True
frozen,max,2,226,777,41,True
frozen,max,2,227,777,41,True
frozen,max,2,228,777,41,True
frozen,max,2,229,777,41,True
frozen,max,2,230,777,41,True
frozen,max,2,231,777,41,True
frozen,max,2,232,777,41,True
frozen,max,2,233,777,41,True
frozen,max,2,234,777,41,True
frozen,max,2,235,777,41,True
frozen,max,2,236,777,41,True
frozen,max,2,237,777,41,True
frozen,max,2,238,777,41,True
frozen,max,2,239,777,41,True
frozen,max,2,240,777,41,True
frozen,max,2,241,777,41,True
frozen,max,2,242,777,41,True
frozen,max,2,243,777,41,True
frozen,max,2,244,777,41,True
frozen,max,2,245,777,41,True
frozen,max,2,246,777,41,True
frozen,max,2,247,777,41,True
frozen,max,2,248,777,41,True
frozen,max,2,249,777,41,True
frozen,max,2,250,777,41,True
frozen,max,2,251,777,41,True
frozen,max,2,252,777,41,True
frozen,max,2,253,777,41,True
frozen,max,2,254,777,41,True
frozen,max,2,255,777,41,True
frozen,max,2,256,777,41,True
frozen,max,2,257,777,41,True
frozen,max,2,258,777,41,True
frozen,max,2,259,777,41,True
frozen,max,2,260,777,41,True
frozen,max,2,261,777,41,True
frozen,max,2,262,777,41,True
frozen,max,2,263,777,41,True
frozen,max,2,264,777,41,True
frozen,max,2,265,777,41,True
frozen,max,2,266,777,41,True
frozen,max,2,267,777,41,True
frozen,max,2,268,777,41,True
frozen,max,2,269,777,41,True
frozen,max,2,270,777,41,True
frozen,max,2,271,777,41,True
frozen,max,2,272,777,41,True
frozen,max,2,273,777,41,True
frozen,max,2,274,777,41,True
frozen,max,2,275,777,41,True
frozen,max,2,276,777,41,True
frozen,max,2,277,777,41,True
frozen,max,2,278,777,41,True
frozen,max,2,279,777,41,True
frozen,max,2,280,777,41,True
frozen,max,2,281,777,41,True
frozen,max,2,282,777,41,True
frozen,max,2,283,777,41,True
frozen,max,2,284,777,41,True
frozen,max,2,285,777,41,True
frozen,max,2,286,777,41,True
frozen,max,2,287,777,41,True
frozen,max,2,288,777,41,True
frozen,max,2,289,777,41,True
frozen,max,2,290,777,41,True
frozen,max,2,291,777,41,True
frozen,max,2,292,777,41,True
frozen,max,2,293,777,41,True
frozen,max,2,294,777,41,True
frozen,max,2,295,777,41,True
frozen,max,2,296,777,41,True
frozen,max,2,297,777,41,True
frozen,max,2,298,777,41,True
frozen,max,2,299,777,41,True
frozen,max,2,300,777,41,True
frozen,max,2,301,777,41,True
frozen,max,2,302,777,41,True
frozen,max,2,303,777,41,True
frozen,max,2,304,777,41,True
frozen,max,2,305,777,41,True
frozen,max,2,306,777,41,True
frozen,max,2,307,777,41,True
frozen,max,2,308,777,41,True
frozen,max,2,309,777,41,True
frozen,max,2,310,777,41,True
frozen,max,2,311,777,41,True
frozen,max,2,312,777,41,True
frozen,max,2,313,777,41,True
frozen,max,2,314,777,41,True
frozen,max,2,315,777,41,True
frozen,max,2,316,777,41,True
frozen,max,2,317,777,41,True
frozen,max,2,318,777,41,True
frozen,max,2,319,777,41,True
frozen,max,2,320,777,41,True
frozen,max,2,321,777,41,True
frozen,max,2,322,777,41,True
frozen,max,2,323,777,41,True
frozen,max,2,324,777,41,True
frozen,max,2,325,777,41,True
frozen,max,2,326,777,41,True
frozen,max,2,327,777,41,True
frozen,max,2,328,777,41,True
frozen,max,2,329,777,41,True
frozen,max,2,330,777,41,True
frozen,max,2,331,777,41,True
frozen,max,2,332,777,41,True
frozen,max,2,333,777,41,True
frozen,max,2,334,777,41,True
frozen,max,2,335,777,41,True
frozen,max,2,336,777,41,True
frozen,max,2,337,777,41,True
frozen,max,2,338,777,41,True
frozen,max,2,339,777,41,True
frozen,max,2,340,777,41,True
frozen,max,2,341,777,41,True
frozen,max,2,342,777,41,True
frozen,max,2,343,777,41,True
frozen,max,2,344,777,41,True
frozen,max,2,345,777,41,True
frozen,max,2,346,777,41,True
frozen,max,2,347,777,41,True
frozen,max,2,348,777,41,True
frozen,max,2,349,777,41,True
frozen,max,2,350,777,41,True
frozen,max,2,351,777,41,True
frozen,max,2,352,777,41,True
frozen,max,2,353,777,41,True
frozen,max,2,354,777,41,True
frozen,max,2,355,777,41,True
frozen,max,2,356,777,41,True
frozen,max,2,357,777,41,True
frozen,max,2,358,777,41,True
frozen,max,2,359,777,41,True
frozen,max,2,360,777,41,True
frozen,max,2,361,777,41,True
frozen,max,2,362,777,41,True
frozen,max,2,363,777,41,True
frozen,max,2,364,777,41,True
frozen,max,2,365,777,41,True
frozen,max,2,366,777,41,True
frozen,max,2,367,777,41,True
frozen,max,2,368,777,41,True
frozen,max,2,369,777,41,True
frozen,max,2,370,777,41,True
frozen,max,2,371,777,41,True
frozen,max,2,372,777,41,True
frozen,max,2,373,777,41,True
frozen,max,2,374,777,41,True
frozen,max,2,375,777,41,True
frozen,max,2,376,777,41,True
frozen,max,2,377,777,41,True
frozen,max,2,378,777,41,True
frozen,max,2,379,777,41,True
frozen,max,2,380,777,41,True
frozen,max,2,381,777,41,True
frozen,max,2,382,777,41,True
frozen,max,2,383,777,41,True
frozen,max,2,384,777,41,True
frozen,max,2,385,777,41,True
frozen,max,2,386,777,41,True
frozen,max,2,387,777,41,True
frozen,max,2,388,777,41,True
frozen,max,2,389,777,41,True
frozen,max,2,390,777,41,True
frozen,max,2,391,777,41,True
frozen,max,2,392,777,41,True
frozen,max,2,393,777,41,True
frozen,max,2,394,777,41,True
frozen,max,2,395,777,41,True
frozen,max,2,396,777,41,True
frozen,max,2,397,777,41,True
frozen,max,2,398,777,41,True
frozen,max,2,399,777,41,True
frozen,max,2,400,777,41,True
frozen,max,2,401,777,41,True
frozen,max,2,402,777,41,True
frozen,max,2,403,777,41,True
frozen,max,2,404,777,41,True
frozen,max,2,405,777,41,True
frozen,max,2,406,777,41,True
frozen,max,2,407,777,41,True
frozen,max,2,408,777,41,True
frozen,max,2,409,777,41,True
frozen,max,2,410,777,41,True
frozen,max,2,411,777,41,True
frozen,max,2,412,777,41,True
frozen,max,2,413,777,41,True
frozen,max,2,414,777,41,True
frozen,max,2,415,777,41,True
frozen,max,2,416,777,41,True
frozen,max,2,417,777,41,True
frozen,max,2,418,777,41,True
frozen,max,2,419,777,41,True
frozen,max,2,420,777,41,True
frozen,max,2,421,777,41,True
frozen,max,2,422,777,41,True
frozen,max,2,423,777,41,True
frozen,max,2,424,777,41,True
frozen,max,2,425,777,41,True
frozen,max,2,426,777,41,True
frozen,max,2,427,777,41,True
frozen,max,2,428,777,41,True
frozen,max,2,429,777,41,True
frozen,max,2,430,777,41,True
frozen,max,2,431,777,41,True
frozen,max,2,432,777,41,True
frozen,max,2,433,777,41,True
frozen,max,2,434,777,41,True
frozen,max,2,435,777,41,True
frozen,max,2,436,777,41,True
frozen,max,2,437,777,41,True
frozen,max,2,438,777,41,True
frozen,max,2,439,777,41,True
frozen,max,2,440,777,41,True
frozen,max,2,441,777,41,True
frozen,max,2,442,777,41,True
frozen,max,2,443,777,41,True
frozen,max,2,444,777,41,True
frozen,max,2,445,777,41,True
frozen,max,2,446,777,41,True
frozen,max,2,447,777,41,True
frozen,max,2,448,777,41,True
frozen,max,2,449,777,41,True
frozen,max,2,450,777,41,True
frozen,max,2,451,777,41,True
frozen,max,2,452,777,41,True
frozen,max,2,453,777,41,True
frozen,max,2,454,777,41,True
frozen,max,2,455,777,41,True
frozen,max,2,456,777,41,True
frozen,max,2,457,777,41,True
frozen,max,2,458,777,41,True
frozen,max,2,459,777,41,True
frozen,max,2,460,777,41,True
frozen,max,2,461,777,41,True
frozen,max,2,462,777,41,True
frozen,max,2,463,777,41,True
frozen,max,2,464,777,41,True
frozen,max,2,465,777,41,True
frozen,max,2,466,777,41,True
frozen,max,2,467,777,41,True
frozen,max,2,468,777,41,True
frozen,max,2,469,777,41,True
frozen,max,2,470,777,41,True
frozen,max,2,471,777,41,True
frozen,max,2,472,777,41,True
frozen,max,2,473,777,41,True
frozen,max,2,474,777,41,True
frozen,max,2,475,777,41,True
frozen,max,2,476,777,41,True
frozen,max,2,477,777,41,True
frozen,max,2,478,777,41,True
frozen,max,2,479,777,41,True
frozen,max,2,480,777,41,True
frozen,max,2,481,777,41,True
frozen,max,2,482,777,41,True
frozen,max,2,483,777,41,True
frozen,max,2,484,777,41,True
frozen,max,2,485,777,41,True
frozen,max,2,486,777,41,True
frozen,max,2,487,777,41,True
frozen,max,2,488,777,41,True
frozen,max,2,489,777,41,True
frozen,max,2,490,777,41,True
frozen,max,2,491,777,41,True
frozen,max,2,492,777,41,True
frozen,max,2,493,777,41,True
frozen,max,2,494,777,41,True
frozen,max,2,495,777,41,True
frozen,max,2,496,777,41,True
frozen,max,2,497,777,41,True
frozen,max,2,498,777,41,True
frozen,max,2,499,777,41,True
frozen,max,2,500,777,41,True
frozen,max,2,501,777,41,True
frozen,max,2,502,777,41,True
frozen,max,2,503,777,41,True
frozen,max,2,504,777,41,True
frozen,max,2,505,777,41,True
frozen,max,2,506,777,41,True
frozen,max,2,507,777,41,True
frozen,max,2,508,777,41,True
frozen,max,2,509,777,41,True
frozen,max,2,510,777,41,True
frozen,max,2,511,777,41,True
frozen,max,2,512,777,41,True
frozen,max,2,513,777,41,True
frozen,max,2,514,777,41,True
frozen,max,2,515,777,41,True
frozen,max,2,516,777,41,True
frozen,max,2,517,777,41,True
frozen,max,2,518,777,41,True
frozen,max,2,519,777,41,True
frozen,max,2,520,777,41,True
frozen,max,2,521,777,41,True
frozen,max,2,522,777,41,True
frozen,max,2,523,777,41,True
frozen,max,2,524,777,41,True
frozen,max,2,525,777,41,True
frozen,max,2,526,777,41,True
frozen,max,2,527,777,41,True
frozen,max,2,528,777,41,True
frozen,max,2,529,777,41,True
frozen,max,2,530,777,41,True
frozen,max,2,531,777,41,True
frozen,max,2,532,777,41,True
frozen,max,2,533,777,41,True
frozen,max,2,534,777,41,True
frozen,max,2,535,777,41,True
frozen,max,2,536,777,41,True
frozen,max,2,537,777,41,True
frozen,max,2,538,777,41,True
frozen,max,2,539,777,41,True
frozen,max,2,540,777,41,True
frozen,max,2,541,777,41,True
frozen,max,2,542,777,41,True
frozen,max,2,543,777,41,True
frozen,max,2,544,777,41,True
frozen,max,2,545,777,41,True
frozen,max,2,546,777,41,True
frozen,max,2,547,777,41,True
frozen,max,2,548,777,41,True
frozen,max,2,549,777,41,True
frozen,max,2,550,777,41,True
frozen,max,2,551,777,41,True
frozen,max,2,552,777,41,True
frozen,max,2,553,777,41,True
frozen,max,2,554,777,41,True
frozen,max,2,555,777,41,True
frozen,max,2,556,777,41,True
frozen,max,2,557,777,41,True
frozen,max,2,558,777,41,True
frozen,max,2,559,777,41,True
frozen,max,2,560,777,41,True
frozen,max,2,561,777,41,True
frozen,max,2,562,777,41,True
frozen,max,2,563,777,41,True
frozen,max,2,564,777,41,True
frozen,max,2,565,777,41,True
frozen,max,2,566,777,41,True
frozen,max,2,567,777,41,True
frozen,max,2,568,777,41,True
frozen,max,2,569,777,41,True
frozen,max,2,570,777,41,True
frozen,max,2,571,777,41,True
frozen,max,2,572,777,41,True
frozen,max,2,573,777,41,True
frozen,max,2,574,777,41,True
frozen,max,2,575,777,41,True
frozen,max,2,576,777,41,True
frozen,max,2,577,777,41,True
frozen,max,2,578,777,41,True
frozen,max,2,579,777,41,True
frozen,max,2,580,777,41,True
frozen,max,2,581,777,41,True
frozen,max,2,582,777,41,True
frozen,max,2,583,777,41,True
frozen,max,2,584,777,41,True
frozen,max,2,585,777,41,True
frozen,max,2,586,777,41,True
frozen,max,2,587,777,41,True
frozen,max,2,588,777,41,True
frozen,max,2,589,777,41,True
frozen,max,2,590,777,41,True
frozen,max,2,591,777,41,True
frozen,max,2,592,777,41,True
frozen,max,2,593,777,41,True
frozen,max,2,594,777,41,True
frozen,max,2,595,777,41,True
frozen,max,2,596,777,41,True
frozen,max,2,597,777,41,True
frozen,max,2,598,777,41,True
frozen,max,2,599,777,41,True
frozen,max,2,600,777,41,True
frozen,max,2,601,777,41,True
frozen,max,2,602,777,41,True
frozen,max,2,603,777,41,True
frozen,max,2,604,777,41,True
frozen,max,2,605,777,41,True
frozen,max,2,606,777,41,True
frozen,max,2,607,777,41,True
frozen,max,2,608,777,41,True
frozen,max,2,609,777,41,True
frozen,max,2,610,777,41,True
frozen,max,2,611,777,41,True
frozen,max,2,612,777,41,True
frozen,max,2,613,777,41,True
frozen,max,2,614,777,41,True
frozen,max,2,615,777,41,True
frozen,max,2,616,777,41,True
frozen,max,2,617,777,41,True
frozen,max,2,618,777,41,True
frozen,max,2,619,777,41,True
frozen,max,2,620,774,41,True
frozen,max,2,621,774,41,True
frozen,max,2,622,774,41,True
frozen,max,2,623,774,41,True
frozen,max,2,624,774,41,True
frozen,max,2,625,774,41,True
frozen,max,2,626,774,41,True
frozen,max,2,627,774,41,True
frozen,max,2,628,774,41,True
frozen,max,2,629,774,41,True
frozen,max,2,630,774,41,True
frozen,max,2,631,774,41,True
frozen,max,2,632,774,41,True
frozen,max,2,633,774,41,True
frozen,max,2,634,774,41,True
frozen,max,2,635,774,41,True
frozen,max,2,636,774,41,True
frozen,max,2,637,774,41,True
frozen,max,2,638,774,41,True
frozen,max,2,639,774,41,True
frozen,max,2,640,774,41,True
frozen,max,2,641,774,41,True
frozen,max,2,642,774,41,True
frozen,max,2,643,774,41,True
frozen,max,2,644,774,41,True
frozen,max,2,645,774,41,True
frozen,max,2,646,774,41,True
frozen,max,2,647,774,41,True
frozen,max,2,648,774,41,True
frozen,max,2,649,774,41,True
frozen,max,2,650,774,41,True
frozen,max,2,651,774,41,True
frozen,max,2,652,774,41,True
frozen,max,2,653,774,41,True
frozen,max,2,654,774,41,True
frozen,max,2,655,774,41,True
frozen,max,2,656,774,41,True
frozen,max,2,657,774,41,True
frozen,max,2,658,774,41,True
frozen,max,2,659,774,41,True
frozen,max,2,660,774,41,True
frozen,max,2,661,774,41,True
frozen,max,2,662,774,41,True
frozen,max,2,663,774,41,True
frozen,max,2,664,774,41,True
frozen,max,2,665,774,41,True
frozen,max,2,666,774,41,True
frozen,max,2,667,774,41,True
frozen,max,2,668,774,41,True
frozen,max,2,669,774,41,True
frozen,max,2,670,774,41,True
frozen,max,2,671,774,41,True
frozen,max,2,672,774,41,True
frozen,max,2,673,774,41,True
frozen,max,2,674,774,41,True
frozen,max,2,675,774,41,True
frozen,max,2,676,774,41,True
frozen,max,2,677,774,41,True
frozen,max,2,678,774,41,True
frozen,max,2,679,774,41,True
frozen,max,2,680,774,41,True
frozen,max,2,681,774,41,True
frozen,max,2,682,774,41,True
frozen,max,2,683,774,41,True
frozen,max,2,684,774,41,True
frozen,max,2,685,774,41,True
frozen,max,2,686,774,41,True
frozen,max,2,687,774,41,True
frozen,max,2,688,774,41,True
frozen,max,2,689,774,41,True
frozen,max,2,690,774,41,True
frozen,max,2,691,774,41,True
frozen,max,2,692,774,41,True
frozen,max,2,693,774,41,True
frozen,max,2,694,774,41,True
frozen,max,2,695,774,41,True
frozen,max,2,696,774,41,True
frozen,max,2,697,774,41,True
frozen,max,2,698,774,41,True
frozen,max,2,699,774,41,True
frozen,max,2,700,774,41,True
frozen,max,2,701,774,41,True
frozen,max,2,702,774,41,True
frozen,max,2,703,774,41,True
frozen,max,2,704,774,41,True
frozen,max,2,705,774,41,True
frozen,max,2,706,774,41,True
frozen,max,2,707,774,41,True
frozen,max,2,708,774,41,True
frozen,max,2,709,774,41,True
frozen,max,2,710,774,41,True
frozen,max,2,711,774,41,True
frozen,max,2,712,774,41,True
frozen,max,2,713,774,41,True
frozen,max,2,714,774,41,True
frozen,max,2,715,774,41,True
frozen,max,2,716,774,41,True
frozen,max,2,717,774,41,True
frozen,max,2,718,774,41,True
frozen,max,2,719,774,41,True
frozen,max,2,720,774,41,True
frozen,max,2,721,774,41,True
frozen,max,2,722,774,41,True
frozen,max,2,723,774,41,True
frozen,max,2,724,774,41,True
frozen,max,2,725,774,41,True
frozen,max,2,726,774,41,True
frozen,max,2,727,774,41,True
frozen,max,2,728,774,41,True
frozen,max,2,729,774,41,True
frozen,max,2,730,774,41,True
frozen,max,2,731,774,41,True
frozen,max,2,732,774,41,True
frozen,max,2,733,774,41,True
frozen,max,2,734,774,41,True
frozen,max,2,735,774,41,True
frozen,max,2,736,774,41,True
frozen,max,2,737,774,41,True
frozen,max,2,738,774,41,True
frozen,max,2,739,774,41,True
frozen,max,2,740,774,41,True
frozen,max,2,741,774,41,True
frozen,max,2,742,774,41,True
frozen,max,2,743,774,41,True
frozen,max,2,744,774,41,True
frozen,max,2,745,774,41,True
frozen,max,2,746,774,41,True
frozen,max,2,747,774,41,True
frozen,max,2,748,774,41,True
frozen,max,2,749,774,41,True
frozen,max,2,750,774,41,True
frozen,max,2,751,774,41,True
frozen,max,2,752,774,41,True
frozen,max,2,753,774,41,True
frozen,max,2,754,774,41,True
frozen,max,2,755,774,41,True
frozen,max,2,756,774,41,True
frozen,max,2,757,774,41,True
frozen,max,2,758,774,41,True
frozen,max,2,759,774,41,True
frozen,max,2,760,774,41,True
frozen,max,2,761,774,41,True
frozen,max,2,762,774,41,True
frozen,max,2,763,774,41,True
frozen,max,2,764,774,41,True
frozen,max,2,765,774,41,True
frozen,max,2,766,774,41,True
frozen,max,2,767,774,41,True
frozen,max,2,768,774,41,True
frozen,max,2,769,774,41,True
frozen,max,2,770,774,41,True
frozen,max,2,771,774,41,True
frozen,max,2,772,774,41,True
frozen,max,2,773,774,41,True
frozen,max,2,774,774,41,True
frozen,max,2,775,774,41,True
frozen,max,2,776,774,41,True
frozen,max,2,777,774,41,True
frozen,max,2,778,774,41,True
frozen,max,2,779,774,41,True
frozen,max,2,780,774,41,True
frozen,max,2,781,774,41,True
frozen,max,2,782,774,41,True
frozen,max,2,783,774,41,True
frozen,max,2,784,774,41,True
frozen,max,2,785,774,41,True
frozen,max,2,786,774,41,True
frozen,max,2,787,774,41,True
frozen,max,2,788,774,41,True
frozen,max,2,789,774,41,True
frozen,max,2,790,774,41,True
frozen,max,2,791,774,41,True
frozen,max,2,792,774,41,True
frozen,max,2,793,774,41,True
frozen,max,2,794,774,41,True
frozen,max,2,795,774,41,True
frozen,max,2,796,774,41,True
frozen,max,2,797,774,41,True
frozen,max,2,798,774,41,True
frozen,max,2,799,774,41,True
frozen,max,2,800,774,41,True
frozen,max,2,801,774,41,True
frozen,max,2,802,774,41,True
frozen,max,2,803,774,41,True
frozen,max,2,804,774,41,True
frozen,max,2,805,774,41,True
frozen,max,2,806,774,41,True
frozen,max,2,807,774,41,True
frozen,max,2,808,774,41,True
frozen,max,2,809,774,41,True
frozen,max,2,810,774,41,True
frozen,max,2,811,774,41,True
frozen,max,2,812,774,41,True
frozen,max,2,813,774,41,True
frozen,max,2,814,774,41,True
frozen,max,2,815,774,41,True
frozen,max,2,816,774,41,True
frozen,max,2,817,774,41,True
frozen,max,2,818,774,41,True
frozen,max,2,819,774,41,True
frozen,max,2,820,774,41,True
frozen,max,2,821,774,41,True
frozen,max,2,822,774,41,True
frozen,max,2,823,774,41,True
frozen,max,2,824,774,41,True
frozen,max,2,825,774,41,True
frozen,max,2,826,774,41,True
frozen,max,2,827,774,41,True
frozen,max,2,828,774,41,True
frozen,max,2,829,774,41,True
frozen,max,2,830,774,41,True
frozen,max,2,831,774,41,True
frozen,max,2,832,774,41,True
frozen,max,2,833,774,41,True
frozen,max,2,834,774,41,True
frozen,max,2,835,774,41,True
frozen,max,2,836,774,41,True
frozen,max,2,837,774,41,True
frozen,max,2,838,774,41,True
frozen,max,2,839,774,41,True
frozen,max,2,840,774,41,True
frozen,max,2,841,774,41,True
frozen,max,2,842,774,41,True
frozen,max,2,843,774,41,True
frozen,max,2,844,774,41,True
frozen,max,2,845,774,41,True
frozen,max,2,846,774,41,True
frozen,max,2,847,774,41,True
frozen,max,2,848,774,41,True
frozen,max,2,849,774,41,True
frozen,max,2,850,774,41,True
frozen,max,2,851,774,41,True
frozen,max,2,852,774,41,True
frozen,max,2,853,774,41,True
frozen,max,2,854,774,41,True
frozen,max,2,855,774,41,True
frozen,max,2,856,774,41,True
frozen,max,2,857,774,41,True
frozen,max,2,858,774,41,True
frozen,max,2,859,774,41,True
frozen,max,2,860,774,41,True
frozen,max,2,861,774,41,True
frozen,max,2,862,774,41,True
frozen,max,2,863,774,41,True
frozen,max,2,864,774,41,True
frozen,max,2,865,774,41,True
frozen,max,2,866,774,41,True
frozen,max,2,867,774,41,True
frozen,max,2,868,774,41,True
frozen,max,2,869,774,41,True
frozen,max,2,870,774,41,True
frozen,max,2,871,774,41,True
frozen,max,2,872,774,41,True
frozen,max,2,873,774,41,True
frozen,max,2,874,774,41,True
frozen,max,2,875,774,41,True
frozen,max,2,876,774,41,True
frozen,max,2,877,774,41,True
frozen,max,2,878,774,41,True
frozen,max,2,879,774,41,True
frozen,max,2,880,774,41,True
frozen,max,2,881,774,41,True
frozen,max,2,882,774,41,True
frozen,max,2,883,774,41,True
frozen,max,2,884,774,41,True
frozen,max,2,885,774,41,True
frozen,max,2,886,774,41,True
frozen,max,2,887,774,41,True
frozen,max,2,888,774,41,True
frozen,max,2,889,774,41,True
frozen,max,2,890,774,41,True
frozen,max,2,891,774,41,True
frozen,max,2,892,774,41,True
frozen,max,2,893,774,41,True
frozen,max,2,894,774,41,True
frozen,max,2,895,774,41,True
frozen,max,2,896,774,41,True
frozen,max,2,897,774,41,True
frozen,max,2,898,774,41,True
frozen,max,2,899,774,41,True
frozen,max,2,900,774,41,True
frozen,max,2,901,774,41,True
frozen,max,2,902,774,41,True
frozen,max,2,903,774,41,True
frozen,max,2,904,774,41,True
frozen,max,2,905,774,41,True
frozen,max,2,906,774,41,True
frozen,max,2,907,774,41,True
frozen,max,2,908,774,41,True
frozen,max,2,909,774,41,True
frozen,max,2,910,774,41,True
frozen,max,2,911,774,41,True
frozen,max,2,912,774,41,True
frozen,max,2,913,774,41,True
frozen,max,2,914,774,41,True
frozen,max,2,915,774,41,True
frozen,max,2,916,774,41,True
frozen,max,2,917,774,41,True
frozen,max,2,918,774,41,True
frozen,max,2,919,774,41,True
frozen,max,2,920,774,41,True
frozen,max,2,921,774,41,True
frozen,max,2,922,774,41,True
frozen,max,2,923,774,41,True
frozen,max,2,924,774,41,True
frozen,max,2,925,774,41,True
frozen,max,2,926,774,41,True
frozen,max,2,927,774,41,True
frozen,max,2,928,774,41,True
frozen,max,2,929,774,41,True
frozen,max,2,930,774,41,True
frozen,max,2,931,774,41,True
frozen,max,2,932,774,41,True
frozen,max,2,933,774,41,True
frozen,max,2,934,774,41,True
frozen,max,2,935,774,41,True
frozen,max,2,936,774,41,True
frozen,max,2,937,774,41,True
frozen,max,2,938,774,41,True
frozen,max,2,939,774,41,True
frozen,max,2,940,774,41,True
frozen,max,2,941,774,41,True
frozen,max,2,942,774,41,True
frozen,max,2,943,774,41,True
frozen,max,2,944,774,41,True
frozen,max,2,945,774,41,True
frozen,max,2,946,774,41,True
frozen,max,2,947,774,41,True
frozen,max,2,948,774,41,True
frozen,max,2,949,774,41,True
frozen,max,2,950,774,41,True
frozen,max,2,951,774,41,True
frozen,max,2,952,774,41,True
frozen,max,2,953,774,41,True
frozen,max,2,954,774,41,True
frozen,max,2,955,774,41,True
frozen,max,2,956,774,41,True
frozen,max,2,957,774,41,True
frozen,max,2,958,774,41,True
frozen,max,2,959,774,41,True
frozen,max,2,960,774,41,True
frozen,max,2,961,774,41,True
frozen,max,2,962,774,41,True
frozen,max,2,963,774,41,True
frozen,max,2,964,774,41,True
frozen,max,2,965,774,41,True
frozen,max,2,966,774,41,True
frozen,max,2,967,774,41,True
frozen,max,2,968,774,41,True
frozen,max,2,969,774,41,True
frozen,max,2,970,774,41,True
frozen,max,2,971,774,41,True
frozen,max,2,972,774,41,True
frozen,max,2,973,774,41,True
frozen,max,2,974,774,41,True
frozen,max,2,975,774,41,True
frozen,max,2,976,774,41,True
frozen,max,2,977,774,41,True
frozen,max,2,978,774,41,True
frozen,max,2,979,774,41,True
frozen,max,2,980,774,41,True
frozen,max,2,981,774,41,True
frozen,max,2,982,774,41,True
frozen,max,2,983,774,41,True
frozen,max,2,984,774,41,True
frozen,max,2,985,774,41,True
frozen,max,2,986,774,41,True
frozen,max,2,987,774,41,True
frozen,max,2,988,774,41,True
frozen,max,2,989,774,41,True
frozen,max,2,990,774,41,True
frozen,max,2,991,774,41,True
frozen,max,2,992,774,41,True
frozen,max,2,993,774,41,True
frozen,max,2,994,774,41,True
frozen,max,2,995,774,41,True
frozen,max,2,996,774,41,True
frozen,max,2,997,774,41,True
frozen,max,2,998,774,41,True
frozen,max,2,999,773,41,True
frozen,max,2,1000,773,41,True
uniform,int2float,0,1,49,3,True
uniform,int2float,0,2,48,3,True
uniform,int2float,0,3,48,3,True
uniform,int2float,0,4,48,3,True
uniform,int2float,0,5,48,3,True
uniform,int2float,0,6,48,3,True
uniform,int2float,0,7,48,3,True
uniform,int2float,0,8,47,3,True
uniform,int2float,0,9,47,3,True
uniform,int2float,0,10,47,3,True
uniform,int2float,0,11,47,3,True
uniform,int2float,0,12,47,3,True
uniform,int2float,0,13,47,3,True
uniform,int2float,0,14,47,3,True
uniform,int2float,0,15,47,3,True
uniform,int2float,0,16,47,3,True
uniform,int2float,0,17,47,3,True
uniform,int2float,0,18,47,3,True
uniform,int2float,0,19,47,3,True
uniform,int2float,0,20,47,3,True
uniform,int2float,0,21,47,3,True
uniform,int2float,0,22,47,3,True
uniform,int2float,0,23,47,3,True
uniform,int2float,0,24,47,3,True
uniform,int2float,0,25,47,3,True
uniform,int2float,0,26,47,3,True
uniform,int2float,0,27,47,3,True
uniform,int2float,0,28,47,3,True
uniform,int2float,0,29,47,3,True
uniform,int2float,0,30,47,3,True
uniform,int2float,0,31,47,3,True
uniform,int2float,0,32,47,3,True
uniform,int2float,0,33,47,3,True
uniform,int2float,0,34,47,3,True
uniform,int2float,0,35,47,3,True
uniform,int2float,0,36,47,3,True
uniform,int2float,0,37,47,3,True
uniform,int2float,0,38,47,3,True
uniform,int2float,0,39,47,3,True
uniform,int2float,0,40,47,3,True
uniform,int2float,0,41,47,3,True
uniform,int2float,0,42,47,3,True
uniform,int2float,0,43,47,3,True
uniform,int2float,0,44,47,3,True
uniform,int2float,0,45,47,3,True
uniform,int2float,0,46,47,3,True
uniform,int2float,0,47,47,3,True
uniform,int2float,0,48,47,3,True
uniform,int2float,0,49,47,3,True
uniform,int2float,0,50,47,3,True
uniform,int2float,0,51,47,3,True
uniform,int2float,0,52,47,3,True
uniform,int2float,0,53,47,3,True
uniform,int2float,0,54,47,3,True
uniform,int2float,0,55,47,3,True
uniform,int2float,0,56,47,3,True
uniform,int2float,0,57,47,3,True
uniform,int2float,0,58,47,3,True
uniform,int2float,0,59,47,3,True
uniform,int2float,0,60,47,3,True
uniform,int2float,0,61,47,3,True
uniform,int2float,0,62,47,3,True
uniform,int2float,0,63,47,3,True
uniform,int2float,0,64,47,3,True
uniform,int2float,0,65,47,3,True
uniform,int2float,0,66,47,3,True
uniform,int2float,0,67,47,3,True
uniform,int2float,0,68,47,3,True
uniform,int2float,0,69,47,3,True
uniform,int2float,0,70,47,3,True
uniform,int2float,0,71,47,3,True
uniform,int2float,0,72,47,3,True
uniform,int2float,0,73,47,3,True
uniform,int2float,0,74,47,3,True
uniform,int2float,0,75,47,3,True
uniform,int2float,0,76,47,3,True
uniform,int2float,0,77,47,3,True
uniform,int2float,0,78,47,3,True
uniform,int2float,0,79,47,3,True
uniform,int2float,0,80,47,3,True
uniform,int2float,0,81,47,3,True
uniform,int2float,0,82,47,3,True
uniform,int2float,0,83,47,3,True
uniform,int2float,0,84,47,3,True
uniform,int2float,0,85,47,3,True
uniform,int2float,0,86,47,3,True
uniform,int2float,0,87,47,3,True
uniform,int2float,0,88,47,3,True
uniform,int2float,0,89,47,3,True
uniform,int2float,0,90,47,3,True
uniform,int2float,0,91,47,3,True
uniform,int2float,0,92,47,3,True
uniform,int2float,0,93,47,3,True
uniform,int2float,0,94,47,3,True
uniform,int2float,0,95,47,3,True
uniform,int2float,0,96,47,3,True
uniform,int2float,0,97,47,3,True
uniform,int2float,0,98,47,3,True
uniform,int2float,0,99,47,3,True
uniform,int2float,0,100,47,3,True
uniform,int2float,0,101,47,3,True
uniform,int2float,0,102,47,3,True
uniform,int2float,0,103,47,3,True
uniform,int2float,0,104,47,3,True
uniform,int2float,0,105,47,3,True
uniform,int2float,0,106,47,3,True
uniform,int2float,0,107,47,3,True
uniform,int2float,0,108,47,3,True
uniform,int2float,0,109,47,3,True
uniform,int2float,0,110,47,3,True
uniform,int2float,0,111,47,3,True
uniform,int2float,0,112,47,3,True
uniform,int2float,0,113,47,3,True
uniform,int2float,0,114,47,3,True
uniform,int2float,0,115,47,3,True
uniform,int2float,0,116,47,3,True
uniform,int2float,0,117,47,3,True
uniform,int2float,0,118,47,3,True
uniform,int2float,0,119,47,3,True
uniform,int2float,0,120,47,3,True
uniform,int2float,0,121,47,3,True
uniform,int2float,0,122,47,3,True
uniform,int2float,0,123,47,3,True
uniform,int2float,0,124,47,3,True
uniform,int2float,0,125,47,3,True
uniform,int2float,0,126,47,3,True
uniform,int2float,0,127,47,3,True
uniform,int2float,0,128,47,3,True
uniform,int2float,0,129,47,3,True
uniform,int2float,0,130,47,3,True
uniform,int2float,0,131,47,3,True
uniform,int2float,0,132,47,3,True
uniform,int2float,0,133,47,3,True
uniform,int2float,0,134,47,3,True
uniform,int2float,0,135,47,3,True
uniform,int2float,0,136,47,3,True
uniform,int2float,0,137,47,3,True
uniform,int2float,0,138,47,3,True
uniform,int2float,0,139,47,3,True
uniform,int2float,0,140,47,3,True
uniform,int2float,0,141,47,3,True
uniform,int2float,0,142,47,3,True
uniform,int2float,0,143,47,3,True
uniform,int2float,0,144,47,3,True
uniform,int2float,0,145,47,3,True
uniform,int2float,0,146,47,3,True
uniform,int2float,0,147,47,3,True
uniform,int2float,0,148,47,3,True
uniform,int2float,0,149,47,3,True
uniform,int2float,0,150,47,3,True
uniform,int2float,0,151,47,3,True
uniform,int2float,0,152,47,3,True
uniform,int2float,0,153,47,3,True
uniform,int2float,0,154,47,3,True
uniform,int2float,0,155,47,3,True
uniform,int2float,0,156,47,3,True
uniform,int2float,0,157,47,3,True
uniform,int2float,0,158,47,3,True
uniform,int2float,0,159,47,3,True
uniform,int2float,0,160,47,3,True
uniform,int2float,0,161,47,3,True
uniform,int2float,0,162,47,3,True
uniform,int2float,0,163,47,3,True
uniform,int2float,0,164,47,3,True
uniform,int2float,0,165,47,3,True
uniform,int2float,0,166,47,3,True
uniform,int2float,0,167,47,3,True
uniform,int2float,0,168,47,3,True
uniform,int2float,0,169,47,3,True
uniform,int2float,0,170,47,3,True
uniform,int2float,0,171,47,3,True
uniform,int2float,0,172,47,3,True
uniform,int2float,0,173,47,3,True
uniform,int2float,0,174,47,3,True
uniform,int2float,0,175,47,3,True
uniform,int2float,0,176,47,3,True
uniform,int2float,0,177,47,3,True
uniform,int2float,0,178,46,3,True
uniform,int2float,0,179,46,3,True
uniform,int2float,0,180,46,3,True
uniform,int2float,0,181,46,3,True
uniform,int2float,0,182,46,3,True
uniform,int2float,0,183,46,3,True
uniform,int2float,0,184,46,3,True
uniform,int2float,0,185,46,3,True
uniform,int2float,0,186,46,3,True
uniform,int2float,0,187,46,3,True
uniform,int2float,0,188,46,3,True
uniform,int2float,0,189,46,3,True
uniform,int2float,0,190,46,3,True
uniform,int2float,0,191,46,3,True
uniform,int2float,0,192,46,3,True
uniform,int2float,0,193,46,3,True
uniform,int2float,0,194,46,3,True
uniform,int2float,0,195,46,3,True
uniform,int2float,0,196,46,3,True
uniform,int2float,0,197,46,3,True
uniform,int2float,0,198,46,3,True
uniform,int2float,0,199,46,3,True
uniform,int2float,0,200,46,3,True
uniform,int2float,0,201,46,3,True
uniform,int2float,0,202,46,3,True
uniform,int2float,0,203,46,3,True
uniform,int2float,0,204,46,3,True
uniform,int2float,0,205,46,3,True
uniform,int2float,0,206,46,3,True
uniform,int2float,0,207,46,3,True
uniform,int2float,0,208,46,3,True
uniform,int2float,0,209,46,3,True
uniform,int2float,0,210,46,3,True
uniform,int2float,0,211,46,3,True
uniform,int2float,0,212,46,3,True
uniform,int2float,0,213,46,3,True
uniform,int2float,0,214,46,3,True
uniform,int2float,0,215,46,3,True
uniform,int2float,0,216,46,3,True
uniform,int2float,0,217,46,3,True
uniform,int2float,0,218,46,3,True
uniform,int2float,0,219,46,3,True
uniform,int2float,0,220,46,3,True
uniform,int2float,0,221,46,3,True
uniform,int2float,0,222,46,3,True
uniform,int2float,0,223,46,3,True
uniform,int2float,0,224,46,3,True
uniform,int2float,0,225,46,3,True
uniform,int2float,0,226,46,3,True
uniform,int2float,0,227,46,3,True
uniform,int2float,0,228,46,3,True
uniform,int2float,0,229,46,3,True
uniform,int2float,0,230,46,3,True
uniform,int2float,0,231,46,3,True
uniform,int2float,0,232,46,3,True
uniform,int2float,0,233,46,3,True
uniform,int2float,0,234,46,3,True
uniform,int2float,0,235,46,3,True
uniform,int2float,0,236,46,3,True
uniform,int2float,0,237,46,3,True
uniform,int2float,0,238,46,3,True
uniform,int2float,0,239,46,3,True
uniform,int2float,0,240,46,3,True
uniform,int2float,0,241,46,3,True
uniform,int2float,0,242,46,3,True
uniform,int2float,0,243,46,3,True
uniform,int2float,0,244,46,3,True
uniform,int2float,0,245,46,3,True
uniform,int2float,0,246,46,3,True
uniform,int2float,0,247,46,3,True
uniform,int2float,0,248,46,3,True
uniform,int2float,0,249,46,3,True
uniform,int2float,0,250,46,3,True
uniform,int2float,0,251,46,3,True
uniform,int2float,0,252,46,3,True
uniform,int2float,0,253,46,3,True
uniform,int2float,0,254,46,3,True
uniform,int2float,0,255,46,3,True
uniform,int2float,0,256,46,3,True
uniform,int2float,0,257,46,3,True
uniform,int2float,0,258,46,3,True
uniform,int2float,0,259,46,3,True
uniform,int2float,0,260,46,3,True
uniform,int2float,0,261,46,3,True
uniform,int2float,0,262,46,3,True
uniform,int2float,0,263,46,3,True
uniform,int2float,0,264,46,3,True
uniform,int2float,0,265,46,3,True
uniform,int2float,0,266,46,3,True
uniform,int2float,0,267,46,3,True
uniform,int2float,0,268,46,3,True
uniform,int2float,0,269,46,3,True
uniform,int2float,0,270,46,3,True
uniform,int2float,0,271,46,3,True
uniform,int2float,0,272,46,3,True
uniform,int2float,0,273,46,3,True
uniform,int2float,0,274,46,3,True
uniform,int2float,0,275,46,3,True
uniform,int2float,0,276,46,3,True
uniform,int2float,0,277,46,3,True
uniform,int2float,0,278,46,3,True
uniform,int2float,0,279,46,3,True
uniform,int2float,0,280,46,3,True
uniform,int2float,0,281,46,3,True
uniform,int2float,0,282,46,3,True
uniform,int2float,0,283,46,3,True
uniform,int2float,0,284,46,3,True
uniform,int2float,0,285,46,3,True
uniform,int2float,0,286,46,3,True
uniform,int2float,0,287,46,3,True
uniform,int2float,0,288,46,3,True
uniform,int2float,0,289,46,3,True
uniform,int2float,0,290,46,3,True
uniform,int2float,0,291,46,3,True
uniform,int2float,0,292,46,3,True
uniform,int2float,0,293,46,3,True
uniform,int2float,0,294,46,3,True
uniform,int2float,0,295,46,3,True
uniform,int2float,0,296,46,3,True
uniform,int2float,0,297,46,3,True
uniform,int2float,0,298,46,3,True
uniform,int2float,0,299,46,3,True
uniform,int2float,0,300,46,3,True
uniform,int2float,0,301,46,3,True
uniform,int2float,0,302,46,3,True
uniform,int2float,0,303,46,3,True
uniform,int2float,0,304,46,3,True
uniform,int2float,0,305,46,3,True
uniform,int2float,0,306,46,3,True
uniform,int2float,0,307,46,3,True
uniform,int2float,0,308,45,3,True
uniform,int2float,0,309,45,3,True
uniform,int2float,0,310,45,3,True
uniform,int2float,0,311,45,3,True
uniform,int2float,0,312,45,3,True
uniform,int2float,0,313,45,3,True
uniform,int2float,0,314,45,3,True
uniform,int2float,0,315,45,3,True
uniform,int2float,0,316,45,3,True
uniform,int2float,0,317,45,3,True
uniform,int2float,0,318,45,3,True
uniform,int2float,0,319,45,3,True
uniform,int2float,0,320,45,3,True
uniform,int2float,0,321,45,3,True
uniform,int2float,0,322,45,3,True
uniform,int2float,0,323,45,3,True
uniform,int2float,0,324,45,3,True
uniform,int2float,0,325,45,3,True
uniform,int2float,0,326,45,3,True
uniform,int2float,0,327,45,3,True
uniform,int2float,0,328,45,3,True
uniform,int2float,0,329,45,3,True
uniform,int2float,0,330,45,3,True
uniform,int2float,0,331,45,3,True
uniform,int2float,0,332,45,3,True
uniform,int2float,0,333,45,3,True
uniform,int2float,0,334,45,3,True
uniform,int2float,0,335,45,3,True
uniform,int2float,0,336,45,3,True
uniform,int2float,0,337,45,3,True
uniform,int2float,0,338,45,3,True
uniform,int2float,0,339,45,3,True
uniform,int2float,0,340,45,3,True
uniform,int2float,0,341,45,3,True
uniform,int2float,0,342,45,3,True
uniform,int2float,0,343,45,3,True
uniform,int2float,0,344,45,3,True
uniform,int2float,0,345,45,3,True
uniform,int2float,0,346,45,3,True
uniform,int2float,0,347,45,3,True
uniform,int2float,0,348,45,3,True
uniform,int2float,0,349,45,3,True
uniform,int2float,0,350,45,3,True
uniform,int2float,0,351,45,3,True
uniform,int2float,0,352,45,3,True
uniform,int2float,0,353,45,3,True
uniform,int2float,0,354,45,3,True
uniform,int2float,0,355,45,3,True
uniform,int2float,0,356,45,3,True
uniform,int2float,0,357,45,3,True
uniform,int2float,0,358,45,3,True
uniform,int2float,0,359,45,3,True
uniform,int2float,0,360,45,3,True
uniform,int2float,0,361,45,3,True
uniform,int2float,0,362,45,3,True
uniform,int2float,0,363,45,3,True
uniform,int2float,0,364,45,3,True
uniform,int2float,0,365,45,3,True
uniform,int2float,0,366,45,3,True
uniform,int2float,0,367,45,3,True
uniform,int2float,0,368,45,3,True
uniform,int2float,0,369,45,3,True
uniform,int2float,0,370,45,3,True
uniform,int2float,0,371,45,3,True
uniform,int2float,0,372,45,3,True
uniform,int2float,0,373,45,3,True
uniform,int2float,0,374,45,3,True
uniform,int2float,0,375,45,3,True
uniform,int2float,0,376,45,3,True
uniform,int2float,0,377,45,3,True
uniform,int2float,0,378,45,3,True
uniform,int2float,0,379,45,3,True
uniform,int2float,0,380,45,3,True
uniform,int2float,0,381,45,3,True
uniform,int2float,0,382,45,3,True
uniform,int2float,0,383,45,3,True
uniform,int2float,0,384,45,3,True
uniform,int2float,0,385,45,3,True
uniform,int2float,0,386,45,3,True
uniform,int2float,0,387,45,3,True
uniform,int2float,0,388,45,3,True
uniform,int2float,0,389,45,3,True
uniform,int2float,0,390,45,3,True
uniform,int2float,0,391,45,3,True
uniform,int2float,0,392,45,3,True
uniform,int2float,0,393,45,3,True
uniform,int2float,0,394,45,3,True
uniform,int2float,0,395,45,3,True
uniform,int2float,0,396,45,3,True
uniform,int2float,0,397,45,3,True
uniform,int2float,0,398,45,3,True
uniform,int2float,0,399,45,3,True
uniform,int2float,0,400,45,3,True
uniform,int2float,0,401,45,3,True
uniform,int2float,0,402,45,3,True
uniform,int2float,0,403,45,3,True
uniform,int2float,0,404,45,3,True
uniform,int2float,0,405,45,3,True
uniform,int2float,0,406,45,3,True
uniform,int2float,0,407,45,3,True
uniform,int2float,0,408,45,3,True
uniform,int2float,0,409,45,3,True
uniform,int2float,0,410,45,3,True
uniform,int2float,0,411,45,3,True
uniform,int2float,0,412,45,3,True
uniform,int2float,0,413,45,3,True
uniform,int2float,0,414,45,3,True
uniform,int2float,0,415,45,3,True
uniform,int2float,0,416,45,3,True
uniform,int2float,0,417,45,3,True
uniform,int2float,0,418,45,3,True
uniform,int2float,0,419,45,3,True
uniform,int2float,0,420,45,3,True
uniform,int2float,0,421,45,3,True
uniform,int2float,0,422,45,3,True
uniform,int2float,0,423,45,3,True
uniform,int2float,0,424,45,3,True
uniform,int2float,0,425,45,3,True
uniform,int2float,0,426,45,3,True
uniform,int2float,0,427,45,3,True
uniform,int2float,0,428,45,3,True
uniform,int2float,0,429,45,3,True
uniform,int2float,0,430,45,3,True
uniform,int2float,0,431,45,3,True
uniform,int2float,0,432,45,3,True
uniform,int2float,0,433,45,3,True
uniform,int2float,0,434,45,3,True
uniform,int2float,0,435,45,3,True
uniform,int2float,0,436,45,3,True
uniform,int2float,0,437,45,3,True
uniform,int2float,0,438,45,3,True
uniform,int2float,0,439,45,3,True
uniform,int2float,0,440,45,3,True
uniform,int2float,0,441,45,3,True
uniform,int2float,0,442,45,3,True
uniform,int2float,0,443,45,3,True
uniform,int2float,0,444,45,3,True
uniform,int2float,0,445,45,3,True
uniform,int2float,0,446,45,3,True
uniform,int2float,0,447,45,3,True
uniform,int2float,0,448,45,3,True
uniform,int2float,0,449,45,3,True
uniform,int2float,0,450,45,3,True
uniform,int2float,0,451,45,3,True
uniform,int2float,0,452,45,3,True
uniform,int2float,0,453,45,3,True
uniform,int2float,0,454,45,3,True
uniform,int2float,0,455,45,3,True
uniform,int2float,0,456,45,3,True
uniform,int2float,0,457,45,3,True
uniform,int2float,0,458,45,3,True
uniform,int2float,0,459,45,3,True
uniform,int2float,0,460,45,3,True
uniform,int2float,0,461,45,3,True
uniform,int2float,0,462,45,3,True
uniform,int2float,0,463,45,3,True
uniform,int2float,0,464,45,3,True
uniform,int2float,0,465,45,3,True
uniform,int2float,0,466,45,3,True
uniform,int2float,0,467,45,3,True
uniform,int2float,0,468,45,3,True
uniform,int2float,0,469,45,3,True
uniform,int2float,0,470,45,3,True
uniform,int2float,0,471,45,3,True
uniform,int2float,0,472,45,3,True
uniform,int2float,0,473,45,3,True
uniform,int2float,0,474,45,3,True
uniform,int2float,0,475,45,3,True
uniform,int2float,0,476,45,3,True
uniform,int2float,0,477,45,3,True
uniform,int2float,0,478,45,3,True
uniform,int2float,0,479,45,3,True
uniform,int2float,0,480,45,3,True
uniform,int2float,0,481,45,3,True
uniform,int2float,0,482,45,3,True
uniform,int2float,0,483,45,3,True
uniform,int2float,0,484,45,3,True
uniform,int2float,0,485,45,3,True
uniform,int2float,0,486,45,3,True
uniform,int2float,0,487,45,3,True
uniform,int2float,0,488,45,3,True
uniform,int2float,0,489,45,3,True
uniform,int2float,0,490,45,3,True
uniform,int2float,0,491,45,3,True
uniform,int2float,0,492,45,3,True
uniform,int2float,0,493,45,3,True
uniform,int2float,0,494,45,3,True
uniform,int2float,0,495,45,3,True
uniform,int2float,0,496,45,3,True
uniform,int2float,0,497,45,3,True
uniform,int2float,0,498,45,3,True
uniform,int2float,0,499,45,3,True
uniform,int2float,0,500,45,3,True
uniform,int2float,0,501,45,3,True
uniform,int2float,0,502,45,3,True
uniform,int2float,0,503,45,3,True
uniform,int2float,0,504,45,3,True
uniform,int2float,0,505,45,3,True
uniform,int2float,0,506,45,3,True
uniform,int2float,0,507,45,3,True
uniform,int2float,0,508,45,3,True
uniform,int2float,0,509,45,3,True
uniform,int2float,0,510,45,3,True
uniform,int2float,0,511,45,3,True
uniform,int2float,0,512,45,3,True
uniform,int2float,0,513,45,3,True
uniform,int2float,0,514,45,3,True
uniform,int2float,0,515,45,3,True
uniform,int2float,0,516,45,3,True
uniform,int2float,0,517,45,3,True
uniform,int2float,0,518,45,3,True
uniform,int2float,0,519,45,3,True
uniform,int2float,0,520,44,3,True
uniform,int2float,0,521,44,3,True
uniform,int2float,0,522,44,3,True
uniform,int2float,0,523,44,3,True
uniform,int2float,0,524,44,3,True
uniform,int2float,0,525,44,3,True
uniform,int2float,0,526,44,3,True
uniform,int2float,0,527,44,3,True
uniform,int2float,0,528,44,3,True
uniform,int2float,0,529,44,3,True
uniform,int2float,0,530,44,3,True
uniform,int2float,0,531,44,3,True
uniform,int2float,0,532,44,3,True
uniform,int2float,0,533,44,3,True
uniform,int2float,0,534,44,3,True
uniform,int2float,0,535,44,3,True
uniform,int2float,0,536,44,3,True
uniform,int2float,0,537,44,3,True
uniform,int2float,0,538,44,3,True
uniform,int2float,0,539,44,3,True
uniform,int2float,0,540,44,3,True
uniform,int2float,0,541,44,3,True
uniform,int2float,0,542,44,3,True
uniform,int2float,0,543,44,3,True
uniform,int2float,0,544,44,3,True
uniform,int2float,0,545,44,3,True
uniform,int2float,0,546,44,3,True
uniform,int2float,0,547,44,3,True
uniform,int2float,0,548,44,3,True
uniform,int2float,0,549,44,3,True
uniform,int2float,0,550,44,3,True
uniform,int2float,0,551,44,3,True
uniform,int2float,0,552,44,3,True
uniform,int2float,0,553,44,3,True
uniform,int2float,0,554,44,3,True
uniform,int2float,0,555,44,3,True
uniform,int2float,0,556,44,3,True
uniform,int2float,0,557,44,3,True
uniform,int2float,0,558,44,3,True
uniform,int2float,0,559,44,3,True
uniform,int2float,0,560,44,3,True
uniform,int2float,0,561,44,3,True
uniform,int2float,0,562,44,3,True
uniform,int2float,0,563,44,3,True
uniform,int2float,0,564,44,3,True
uniform,int2float,0,565,44,3,True
uniform,int2float,0,566,44,3,True
uniform,int2float,0,567,44,3,True
uniform,int2float,0,568,44,3,True
uniform,int2float,0,569,44,3,True
uniform,int2float,0,570,44,3,True
uniform,int2float,0,571,44,3,True
uniform,int2float,0,572,44,3,True
uniform,int2float,0,573,44,3,True
uniform,int2float,0,574,44,3,True
uniform,int2float,0,575,44,3,True
uniform,int2float,0,576,44,3,True
uniform,int2float,0,577,44,3,True
uniform,int2float,0,578,44,3,True
uniform,int2float,0,579,44,3,True
uniform,int2float,0,580,44,3,True
uniform,int2float,0,581,44,3,True
uniform,int2float,0,582,44,3,True
uniform,int2float,0,583,44,3,True
uniform,int2float,0,584,44,3,True
uniform,int2float,0,585,44,3,True
uniform,int2float,0,586,44,3,True
uniform,int2float,0,587,44,3,True
uniform,int2float,0,588,44,3,True
uniform,int2float,0,589,44,3,True
uniform,int2float,0,590,44,3,True
uniform,int2float,0,591,44,3,True
uniform,int2float,0,592,44,3,True
uniform,int2float,0,593,44,3,True
uniform,int2float,0,594,44,3,True
uniform,int2float,0,595,44,3,True
uniform,int2float,0,596,44,3,True
uniform,int2float,0,597,44,3,True
uniform,int2float,0,598,44,3,True
uniform,int2float,0,599,44,3,True
uniform,int2float,0,600,44,3,True
uniform,int2float,0,601,44,3,True
uniform,int2float,0,602,44,3,True
uniform,int2float,0,603,44,3,True
uniform,int2float,0,604,44,3,True
uniform,int2float,0,605,44,3,True
uniform,int2float,0,606,44,3,True
uniform,int2float,0,607,44,3,True
uniform,int2float,0,608,44,3,True
uniform,int2float,0,609,44,3,True
uniform,int2float,0,610,44,3,True
uniform,int2float,0,611,44,3,True
uniform,int2float,0,612,44,3,True
uniform,int2float,0,613,44,3,True
uniform,int2float,0,614,44,3,True
uniform,int2float,0,615,44,3,True
uniform,int2float,0,616,44,3,True
uniform,int2float,0,617,44,3,True
uniform,int2float,0,618,44,3,True
uniform,int2float,0,619,44,3,True
uniform,int2float,0,620,44,3,True
uniform,int2float,0,621,44,3,True
uniform,int2float,0,622,44,3,True
uniform,int2float,0,623,44,3,True
uniform,int2float,0,624,44,3,True
uniform,int2float,0,625,44,3,True
uniform,int2float,0,626,44,3,True
uniform,int2float,0,627,44,3,True
uniform,int2float,0,628,44,3,True
uniform,int2float,0,629,44,3,True
uniform,int2float,0,630,44,3,True
uniform,int2float,0,631,44,3,True
uniform,int2float,0,632,44,3,True
uniform,int2float,0,633,44,3,True
uniform,int2float,0,634,44,3,True
uniform,int2float,0,635,44,3,True
uniform,int2float,0,636,44,3,True
uniform,int2float,0,637,44,3,True
uniform,int2float,0,638,44,3,True
uniform,int2float,0,639,44,3,True
uniform,int2float,0,640,44,3,True
uniform,int2float,0,641,44,3,True
uniform,int2float,0,642,44,3,True
uniform,int2float,0,643,44,3,True
uniform,int2float,0,644,44,3,True
uniform,int2float,0,645,44,3,True
uniform,int2float,0,646,44,3,True
uniform,int2float,0,647,44,3,True
uniform,int2float,0,648,44,3,True
uniform,int2float,0,649,44,3,True
uniform,int2float,0,650,44,3,True
uniform,int2float,0,651,44,3,True
uniform,int2float,0,652,44,3,True
uniform,int2float,0,653,44,3,True
uniform,int2float,0,654,44,3,True
uniform,int2float,0,655,44,3,True
uniform,int2float,0,656,44,3,True
uniform,int2float,0,657,44,3,True
uniform,int2float,0,658,44,3,True
uniform,int2float,0,659,44,3,True
uniform,int2float,0,660,44,3,True
uniform,int2float,0,661,44,3,True
uniform,int2float,0,662,44,3,True
uniform,int2float,0,663,44,3,True
uniform,int2float,0,664,44,3,True
uniform,int2float,0,665,44,3,True
uniform,int2float,0,666,44,3,True
uniform,int2float,0,667,44,3,True
uniform,int2float,0,668,44,3,True
uniform,int2float,0,669,44,3,True
uniform,int2float,0,670,44,3,True
uniform,int2float,0,671,44,3,True
uniform,int2float,0,672,44,3,True
uniform,int2float,0,673,44,3,True
uniform,int2float,0,674,44,3,True
uniform,int2float,0,675,44,3,True
uniform,int2float,0,676,44,3,True
uniform,int2float,0,677,44,3,True
uniform,int2float,0,678,44,3,True
uniform,int2float,0,679,44,3,True
uniform,int2float,0,680,44,3,True
uniform,int2float,0,681,44,3,True
uniform,int2float,0,682,44,3,True
uniform,int2float,0,683,44,3,True
uniform,int2float,0,684,44,3,True
uniform,int2float,0,685,44,3,True
uniform,int2float,0,686,44,3,True
uniform,int2float,0,687,44,3,True
uniform,int2float,0,688,44,3,True
uniform,int2float,0,689,44,3,True
uniform,int2float,0,690,44,3,True
uniform,int2float,0,691,44,3,True
uniform,int2float,0,692,44,3,True
uniform,int2float,0,693,44,3,True
uniform,int2float,0,694,44,3,True
uniform,int2float,0,695,44,3,True
uniform,int2float,0,696,44,3,True
uniform,int2float,0,697,44,3,True
uniform,int2float,0,698,44,3,True
uniform,int2float,0,699,44,3,True
uniform,int2float,0,700,44,3,True
uniform,int2float,0,701,44,3,True
uniform,int2float,0,702,44,3,True
uniform,int2float,0,703,44,3,True
uniform,int2float,0,704,44,3,True
uniform,int2float,0,705,44,3,True
uniform,int2float,0,706,44,3,True
uniform,int2float,0,707,44,3,True
uniform,int2float,0,708,44,3,True
uniform,int2float,0,709,44,3,True
uniform,int2float,0,710,44,3,True
uniform,int2float,0,711,44,3,True
uniform,int2float,0,712,44,3,True
uniform,int2float,0,713,44,3,True
uniform,int2float,0,714,44,3,True
uniform,int2float,0,715,44,3,True
uniform,int2float,0,716,44,3,True
uniform,int2float,0,717,44,3,True
uniform,int2float,0,718,44,3,True
uniform,int2float,0,719,44,3,True
uniform,int2float,0,720,44,3,True
uniform,int2float,0,721,44,3,True
uniform,int2float,0,722,44,3,True
uniform,int2float,0,723,44,3,True
uniform,int2float,0,724,44,3,True
uniform,int2float,0,725,44,3,True
uniform,int2float,0,726,44,3,True
uniform,int2float,0,727,44,3,True
uniform,int2float,0,728,44,3,True
uniform,int2float,0,729,44,3,True
uniform,int2float,0,730,44,3,True
uniform,int2float,0,731,44,3,True
uniform,int2float,0,732,44,3,True
uniform,int2float,0,733,44,3,True
uniform,int2float,0,734,44,3,True
uniform,int2float,0,735,44,3,True
uniform,int2float,0,736,44,3,True
uniform,int2float,0,737,44,3,True
uniform,int2float,0,738,44,3,True
uniform,int2float,0,739,44,3,True
uniform,int2float,0,740,44,3,True
uniform,int2float,0,741,44,3,True
uniform,int2float,0,742,44,3,True
uniform,int2float,0,743,44,3,True
uniform,int2float,0,744,44,3,True
uniform,int2float,0,745,44,3,True
uniform,int2float,0,746,44,3,True
uniform,int2float,0,747,44,3,True
uniform,int2float,0,748,44,3,True
uniform,int2float,0,749,44,3,True
uniform,int2float,0,750,44,3,True
uniform,int2float,0,751,44,3,True
uniform,int2float,0,752,44,3,True
uniform,int2float,0,753,44,3,True
uniform,int2float,0,754,44,3,True
uniform,int2float,0,755,44,3,True
uniform,int2float,0,756,44,3,True
uniform,int2float,0,757,44,3,True
uniform,int2float,0,758,44,3,True
uniform,int2float,0,759,44,3,True
uniform,int2float,0,760,44,3,True
uniform,int2float,0,761,44,3,True
uniform,int2float,0,762,44,3,True
uniform,int2float,0,763,44,3,True
uniform,int2float,0,764,44,3,True
uniform,int2float,0,765,44,3,True
uniform,int2float,0,766,44,3,True
uniform,int2float,0,767,44,3,True
uniform,int2float,0,768,44,3,True
uniform,int2float,0,769,44,3,True
uniform,int2float,0,770,44,3,True
uniform,int2float,0,771,44,3,True
uniform,int2float,0,772,44,3,True
uniform,int2float,0,773,44,3,True
uniform,int2float,0,774,44,3,True
uniform,int2float,0,775,44,3,True
uniform,int2float,0,776,44,3,True
uniform,int2float,0,777,44,3,True
uniform,int2float,0,778,44,3,True
uniform,int2float,0,779,44,3,True
uniform,int2float,0,780,44,3,True
uniform,int2float,0,781,44,3,True
uniform,int2float,0,782,44,3,True
uniform,int2float,0,783,44,3,True
uniform,int2float,0,784,44,3,True
uniform,int2float,0,785,44,3,True
uniform,int2float,0,786,44,3,True
uniform,int2float,0,787,44,3,True
uniform,int2float,0,788,44,3,True
uniform,int2float,0,789,44,3,True
uniform,int2float,0,790,44,3,True
uniform,int2float,0,791,44,3,True
uniform,int2float,0,792,44,3,True
uniform,int2float,0,793,44,3,True
uniform,int2float,0,794,44,3,True
uniform,int2float,0,795,44,3,True
uniform,int2float,0,796,44,3,True
uniform,int2float,0,797,44,3,True
uniform,int2float,0,798,44,3,True
uniform,int2float,0,799,44,3,True
uniform,int2float,0,800,44,3,True
uniform,int2float,0,801,44,3,True
uniform,int2float,0,802,44,3,True
uniform,int2float,0,803,44,3,True
uniform,int2float,0,804,44,3,True
uniform,int2float,0,805,44,3,True
uniform,int2float,0,806,44,3,True
uniform,int2float,0,807,44,3,True
uniform,int2float,0,808,44,3,True
uniform,int2float,0,809,44,3,True
uniform,int2float,0,810,44,3,True
uniform,int2float,0,811,44,3,True
uniform,int2float,0,812,44,3,True
uniform,int2float,0,813,44,3,True
uniform,int2float,0,814,44,3,True
uniform,int2float,0,815,44,3,True
uniform,int2float,0,816,44,3,True
uniform,int2float,0,817,44,3,True
uniform,int2float,0,818,44,3,True
uniform,int2float,0,819,44,3,True
uniform,int2float,0,820,44,3,True
uniform,int2float,0,821,44,3,True
uniform,int2float,0,822,44,3,True
uniform,int2float,0,823,44,3,True
uniform,int2float,0,824,44,3,True
uniform,int2float,0,825,44,3,True
uniform,int2float,0,826,44,3,True
uniform,int2float,0,827,44,3,True
uniform,int2float,0,828,44,3,True
uniform,int2float,0,829,44,3,True
uniform,int2float,0,830,44,3,True
uniform,int2float,0,831,44,3,True
uniform,int2float,0,832,44,3,True
uniform,int2float,0,833,44,3,True
uniform,int2float,0,834,44,3,True
uniform,int2float,0,835,44,3,True
uniform,int2float,0,836,44,3,True
uniform,int2float,0,837,44,3,True
uniform,int2float,0,838,44,3,True
uniform,int2float,0,839,44,3,True
uniform,int2float,0,840,44,3,True
uniform,int2float,0,841,44,3,True
uniform,int2float,0,842,44,3,True
uniform,int2float,0,843,44,3,True
uniform,int2float,0,844,44,3,True
uniform,int2float,0,845,44,3,True
uniform,int2float,0,846,44,3,True
uniform,int2float,0,847,44,3,True
uniform,int2float,0,848,44,3,True
uniform,int2float,0,849,44,3,True
uniform,int2float,0,850,44,3,True
uniform,int2float,0,851,44,3,True
uniform,int2float,0,852,44,3,True
uniform,int2float,0,853,44,3,True
uniform,int2float,0,854,44,3,True
uniform,int2float,0,855,44,3,True
uniform,int2float,0,856,44,3,True
uniform,int2float,0,857,44,3,True
uniform,int2float,0,858,44,3,True
uniform,int2float,0,859,44,3,True
uniform,int2float,0,860,44,3,True
uniform,int2float,0,861,44,3,True
uniform,int2float,0,862,44,3,True
uniform,int2float,0,863,44,3,True
uniform,int2float,0,864,44,3,True
uniform,int2float,0,865,44,3,True
uniform,int2float,0,866,44,3,True
uniform,int2float,0,867,44,3,True
uniform,int2float,0,868,44,3,True
uniform,int2float,0,869,44,3,True
uniform,int2float,0,870,44,3,True
uniform,int2float,0,871,44,3,True
uniform,int2float,0,872,44,3,True
uniform,int2float,0,873,44,3,True
uniform,int2float,0,874,44,3,True
uniform,int2float,0,875,44,3,True
uniform,int2float,0,876,44,3,True
uniform,int2float,0,877,44,3,True
uniform,int2float,0,878,44,3,True
uniform,int2float,0,879,44,3,True
uniform,int2float,0,880,44,3,True
uniform,int2float,0,881,44,3,True
uniform,int2float,0,882,44,3,True
uniform,int2float,0,883,44,3,True
uniform,int2float,0,884,44,3,True
uniform,int2float,0,885,44,3,True
uniform,int2float,0,886,44,3,True
uniform,int2float,0,887,44,3,True
uniform,int2float,0,888,44,3,True
uniform,int2float,0,889,44,3,True
uniform,int2float,0,890,44,3,True
uniform,int2float,0,891,44,3,True
uniform,int2float,0,892,44,3,True
uniform,int2float,0,893,44,3,True
uniform,int2float,0,894,44,3,True
uniform,int2float,0,895,44,3,True
uniform,int2float,0,896,44,3,True
uniform,int2float,0,897,44,3,True
uniform,int2float,0,898,44,3,True
uniform,int2float,0,899,44,3,True
uniform,int2float,0,900,44,3,True
uniform,int2float,0,901,44,3,True
uniform,int2float,0,902,44,3,True
uniform,int2float,0,903,44,3,True
uniform,int2float,0,904,44,3,True
uniform,int2float,0,905,44,3,True
uniform,int2float,0,906,44,3,True
uniform,int2float,0,907,44,3,True
uniform,int2float,0,908,44,3,True
uniform,int2float,0,909,44,3,True
uniform,int2float,0,910,44,3,True
uniform,int2float,0,911,44,3,True
uniform,int2float,0,912,44,3,True
uniform,int2float,0,913,44,3,True
uniform,int2float,0,914,44,3,True
uniform,int2float,0,915,44,3,True
uniform,int2float,0,916,44,3,True
uniform,int2float,0,917,44,3,True
uniform,int2float,0,918,44,3,True
uniform,int2float,0,919,44,3,True
uniform,int2float,0,920,44,3,True
uniform,int2float,0,921,44,3,True
uniform,int2float,0,922,44,3,True
uniform,int2float,0,923,44,3,True
uniform,int2float,0,924,44,3,True
uniform,int2float,0,925,44,3,True
uniform,int2float,0,926,44,3,True
uniform,int2float,0,927,44,3,True
uniform,int2float,0,928,44,3,True
uniform,int2float,0,929,44,3,True
uniform,int2float,0,930,44,3,True
uniform,int2float,0,931,44,3,True
uniform,int2float,0,932,44,3,True
uniform,int2float,0,933,44,3,True
uniform,int2float,0,934,44,3,True
uniform,int2float,0,935,44,3,True
uniform,int2float,0,936,44,3,True
uniform,int2float,0,937,44,3,True
uniform,int2float,0,938,44,3,True
uniform,int2float,0,939,44,3,True
uniform,int2float,0,940,44,3,True
uniform,int2float,0,941,44,3,True
uniform,int2float,0,942,44,3,True
uniform,int2float,0,943,44,3,True
uniform,int2float,0,944,44,3,True
uniform,int2float,0,945,44,3,True
uniform,int2float,0,946,44,3,True
uniform,int2float,0,947,44,3,True
uniform,int2float,0,948,44,3,True
uniform,int2float,0,949,44,3,True
uniform,int2float,0,950,44,3,True
uniform,int2float,0,951,44,3,True
uniform,int2float,0,952,44,3,True
uniform,int2float,0,953,44,3,True
uniform,int2float,0,954,44,3,True
uniform,int2float,0,955,44,3,True
uniform,int2float,0,956,44,3,True
uniform,int2float,0,957,44,3,True
uniform,int2float,0,958,44,3,True
uniform,int2float,0,959,44,3,True
uniform,int2float,0,960,44,3,True
uniform,int2float,0,961,44,3,True
uniform,int2float,0,962,44,3,True
uniform,int2float,0,963,44,3,True
uniform,int2float,0,964,44,3,True
uniform,int2float,0,965,44,3,True
uniform,int2float,0,966,44,3,True
uniform,int2float,0,967,44,3,True
uniform,int2float,0,968,44,3,True
uniform,int2float,0,969,44,3,True
uniform,int2float,0,970,44,3,True
uniform,int2float,0,971,44,3,True
uniform,int2float,0,972,44,3,True
uniform,int2float,0,973,44,3,True
uniform,int2float,0,974,44,3,True
uniform,int2float,0,975,44,3,True
uniform,int2float,0,976,44,3,True
uniform,int2float,0,977,44,3,True
uniform,int2float,0,978,44,3,True
uniform,int2float,0,979,44,3,True
uniform,int2float,0,980,44,3,True
uniform,int2float,0,981,44,3,True
uniform,int2float,0,982,44,3,True
uniform,int2float,0,983,44,3,True
uniform,int2float,0,984,44,3,True
uniform,int2float,0,985,44,3,True
uniform,int2float,0,986,44,3,True
uniform,int2float,0,987,44,3,True
uniform,int2float,0,988,44,3,True
uniform,int2float,0,989,44,3,True
uniform,int2float,0,990,44,3,True
uniform,int2float,0,991,44,3,True
uniform,int2float,0,992,44,3,True
uniform,int2float,0,993,44,3,True
uniform,int2float,0,994,44,3,True
uniform,int2float,0,995,44,3,True
uniform,int2float,0,996,44,3,True
uniform,int2float,0,997,44,3,True
uniform,int2float,0,998,44,3,True
uniform,int2float,0,999,44,3,True
uniform,int2float,0,1000,44,3,True
uniform,int2float,1,1,49,3,True
uniform,int2float,1,2,49,3,True
uniform,int2float,1,3,49,3,True
uniform,int2float,1,4,49,3,True
uniform,int2float,1,5,49,3,True
uniform,int2float,1,6,49,3,True
uniform,int2float,1,7,47,3,True
uniform,int2float,1,8,47,3,True
uniform,int2float,1,9,47,3,True
uniform,int2float,1,10,47,3,True
uniform,int2float,1,11,47,3,True
uniform,int2float,1,12,47,3,True
uniform,int2float,1,13,47,3,True
uniform,int2float,1,14,47,3,True
uniform,int2float,1,15,47,3,True
uniform,int2float,1,16,47,3,True
uniform,int2float,1,17,47,3,True
uniform,int2float,1,18,47,3,True
uniform,int2float,1,19,47,3,True
uniform,int2float,1,20,47,3,True
uniform,int2float,1,21,47,3,True
uniform,int2float,1,22,47,3,True
uniform,int2float,1,23,47,3,True
uniform,int2float,1,24,47,3,True
uniform,int2float,1,25,47,3,True
uniform,int2float,1,26,47,3,True
uniform,int2float,1,27,47,3,True
uniform,int2float,1,28,47,3,True
uniform,int2float,1,29,47,3,True
uniform,int2float,1,30,47,3,True
uniform,int2float,1,31,47,3,True
uniform,int2float,1,32,47,3,True
uniform,int2float,1,33,47,3,True
uniform,int2float,1,34,47,3,True
uniform,int2float,1,35,47,3,True
uniform,int2float,1,36,47,3,True
uniform,int2float,1,37,47,3,True
uniform,int2float,1,38,47,3,True
uniform,int2float,1,39,47,3,True
uniform,int2float,1,40,47,3,True
uniform,int2float,1,41,47,3,True
uniform,int2float,1,42,47,3,True
uniform,int2float,1,43,47,3,True
uniform,int2float,1,44,47,3,True
uniform,int2float,1,45,47,3,True
uniform,int2float,1,46,47,3,True
uniform,int2float,1,47,47,3,True
uniform,int2float,1,48,47,3,True
uniform,int2float,1,49,47,3,True
uniform,int2float,1,50,47,3,True
uniform,int2float,1,51,47,3,True
uniform,int2float,1,52,47,3,True
uniform,int2float,1,53,47,3,True
uniform,int2float,1,54,47,3,True
uniform,int2float,1,55,47,3,True
uniform,int2float,1,56,47,3,True
uniform,int2float,1,57,47,3,True
uniform,int2float,1,58,47,3,True
uniform,int2float,1,59,47,3,True
uniform,int2float,1,60,47,3,True
uniform,int2float,1,61,47,3,True
uniform,int2float,1,62,47,3,True
uniform,int2float,1,63,47,3,True
uniform,int2float,1,64,47,3,True
uniform,int2float,1,65,47,3,True
uniform,int2float,1,66,47,3,True
uniform,int2float,1,67,47,3,True
uniform,int2float,1,68,47,3,True
uniform,int2float,1,69,47,3,True
uniform,int2float,1,70,47,3,True
uniform,int2float,1,71,47,3,True
uniform,int2float,1,72,47,3,True
uniform,int2float,1,73,47,3,True
uniform,int2float,1,74,47,3,True
uniform,int2float,1,75,47,3,True
uniform,int2float,1,76,47,3,True
uniform,int2float,1,77,47,3,True
uniform,int2float,1,78,47,3,True
uniform,int2float,1,79,47,3,True
uniform,int2float,1,80,47,3,True
uniform,int2float,1,81,47,3,True
uniform,int2float,1,82,47,3,True
uniform,int2float,1,83,47,3,True
uniform,int2float,1,84,47,3,True
uniform,int2float,1,85,47,3,True
uniform,int2float,1,86,47,3,True
uniform,int2float,1,87,47,3,True
uniform,int2float,1,88,47,3,True
uniform,int2float,1,89,47,3,True
uniform,int2float,1,90,47,3,True
uniform,int2float,1,91,47,3,True
uniform,int2float,1,92,47,3,True
uniform,int2float,1,93,47,3,True
uniform,int2float,1,94,47,3,True
uniform,int2float,1,95,47,3,True
uniform,int2float,1,96,47,3,True
uniform,int2float,1,97,47,3,True
uniform,int2float,1,98,47,3,True
uniform,int2float,1,99,47,3,True
uniform,int2float,1,100,47,3,True
uniform,int2float,1,101,47,3,True
uniform,int2float,1,102,47,3,True
uniform,int2float,1,103,47,3,True
uniform,int2float,1,104,47,3,True
uniform,int2float,1,105,47,3,True
uniform,int2float,1,106,47,3,True
uniform,int2float,1,107,47,3,True
uniform,int2float,1,108,47,3,True
uniform,int2float,1,109,47,3,True
uniform,int2float,1,110,47,3,True
uniform,int2float,1,111,47,3,True
uniform,int2float,1,112,47,3,True
uniform,int2float,1,113,47,3,True
uniform,int2float,1,114,47,3,True
uniform,int2float,1,115,47,3,True
uniform,int2float,1,116,47,3,True
uniform,int2float,1,117,47,3,True
uniform,int2float,1,118,47,3,True
uniform,int2float,1,119,47,3,True
uniform,int2float,1,120,47,3,True
uniform,int2float,1,121,47,3,True
uniform,int2float,1,122,47,3,True
uniform,int2float,1,123,47,3,True
uniform,int2float,1,124,47,3,True
uniform,int2float,1,125,47,3,True
uniform,int2float,1,126,47,3,True
uniform,int2float,1,127,47,3,True
uniform,int2float,1,128,47,3,True
uniform,int2float,1,129,47,3,True
uniform,int2float,1,130,47,3,True
uniform,int2float,1,131,47,3,True
uniform,int2float,1,132,47,3,True
uniform,int2float,1,133,47,3,True
uniform,int2float,1,134,47,3,True
uniform,int2float,1,135,47,3,True
uniform,int2float,1,136,47,3,True
uniform,int2float,1,137,47,3,True
uniform,int2float,1,138,47,3,True
uniform,int2float,1,139,47,3,True
uniform,int2float,1,140,46,3,True
uniform,int2float,1,141,46,3,True
uniform,int2float,1,142,46,3,True
uniform,int2float,1,143,46,3,True
uniform,int2float,1,144,46,3,True
uniform,int2float,1,145,46,3,True
uniform,int2float,1,146,46,3,True
uniform,int2float,1,147,46,3,True
uniform,int2float,1,148,46,3,True
uniform,int2float,1,149,46,3,True
uniform,int2float,1,150,46,3,True
uniform,int2float,1,151,46,3,True
uniform,int2float,1,152,46,3,True
uniform,int2float,1,153,46,3,True
uniform,int2float,1,154,46,3,True
uniform,int2float,1,155,46,3,True
uniform,int2float,1,156,46,3,True
uniform,int2float,1,157,46,3,True
uniform,int2float,1,158,46,3,True
uniform,int2float,1,159,46,3,True
uniform,int2float,1,160,46,3,True
uniform,int2float,1,161,46,3,True
uniform,int2float,1,162,46,3,True
uniform,int2float,1,163,46,3,True
uniform,int2float,1,164,46,3,True
uniform,int2float,1,165,46,3,True
uniform,int2float,1,166,46,3,True
uniform,int2float,1,167,46,3,True
uniform,int2float,1,168,46,3,True
uniform,int2float,1,169,46,3,True
uniform,int2float,1,170,46,3,True
uniform,int2float,1,171,46,3,True
uniform,int2float,1,172,46,3,True
uniform,int2float,1,173,46,3,True
uniform,int2float,1,174,46,3,True
uniform,int2float,1,175,46,3,True
uniform,int2float,1,176,46,3,True
uniform,int2float,1,177,46,3,True
uniform,int2float,1,178,46,3,True
uniform,int2float,1,179,46,3,True
uniform,int2float,1,180,46,3,True
uniform,int2float,1,181,46,3,True
uniform,int2float,1,182,46,3,True
uniform,int2float,1,183,46,3,True
uniform,int2float,1,184,46,3,True
uniform,int2float,1,185,46,3,True
uniform,int2float,1,186,46,3,True
uniform,int2float,1,187,46,3,True
uniform,int2float,1,188,46,3,True
uniform,int2float,1,189,46,3,True
uniform,int2float,1,190,46,3,True
uniform,int2float,1,191,46,3,True
uniform,int2float,1,192,46,3,True
uniform,int2float,1,193,46,3,True
uniform,int2float,1,194,46,3,True
uniform,int2float,1,195,45,3,True
uniform,int2float,1,196,45,3,True
uniform,int2float,1,197,45,3,True
uniform,int2float,1,198,45,3,True
uniform,int2float,1,199,45,3,True
uniform,int2float,1,200,45,3,True
uniform,int2float,1,201,45,3,True
uniform,int2float,1,202,45,3,True
uniform,int2float,1,203,45,3,True
uniform,int2float,1,204,45,3,True
uniform,int2float,1,205,45,3,True
uniform,int2float,1,206,45,3,True
uniform,int2float,1,207,45,3,True
uniform,int2float,1,208,45,3,True
uniform,int2float,1,209,45,3,True
uniform,int2float,1,210,45,3,True
uniform,int2float,1,211,45,3,True
uniform,int2float,1,212,45,3,True
uniform,int2float,1,213,45,3,True
uniform,int2float,1,214,45,3,True
uniform,int2float,1,215,45,3,True
uniform,int2float,1,216,45,3,True
uniform,int2float,1,217,45,3,True
uniform,int2float,1,218,45,3,True
uniform,int2float,1,219,45,3,True
uniform,int2float,1,220,45,3,True
uniform,int2float,1,221,45,3,True
uniform,int2float,1,222,45,3,True
uniform,int2float,1,223,45,3,True
uniform,int2float,1,224,45,3,True
uniform,int2float,1,225,45,3,True
uniform,int2float,1,226,45,3,True
uniform,int2float,1,227,45,3,True
uniform,int2float,1,228,45,3,True
uniform,int2float,1,229,45,3,True
uniform,int2float,1,230,45,3,True
uniform,int2float,1,231,45,3,True
uniform,int2float,1,232,45,3,True
uniform,int2float,1,233,45,3,True
uniform,int2float,1,234,45,3,True
uniform,int2float,1,235,45,3,True
uniform,int2float,1,236,45,3,True
uniform,int2float,1,237,45,3,True
uniform,int2float,1,238,45,3,True
uniform,int2float,1,239,45,3,True
uniform,int2float,1,240,45,3,True
uniform,int2float,1,241,45,3,True
uniform,int2float,1,242,45,3,True
uniform,int2float,1,243,45,3,True
uniform,int2float,1,244,45,3,True
uniform,int2float,1,245,45,3,True
uniform,int2float,1,246,45,3,True
uniform,int2float,1,247,45,3,True
uniform,int2float,1,248,45,3,True
uniform,int2float,1,249,45,3,True
uniform,int2float,1,250,45,3,True
uniform,int2float,1,251,45,3,True
uniform,int2float,1,252,45,3,True
uniform,int2float,1,253,45,3,True
uniform,int2float,1,254,45,3,True
uniform,int2float,1,255,45,3,True
uniform,int2float,1,256,45,3,True
uniform,int2float,1,257,45,3,True
uniform,int2float,1,258,45,3,True
uniform,int2float,1,259,45,3,True
uniform,int2float,1,260,45,3,True
uniform,int2float,1,261,45,3,True
uniform,int2float,1,262,45,3,True
uniform,int2float,1,263,45,3,True
uniform,int2float,1,264,45,3,True
uniform,int2float,1,265,45,3,True
uniform,int2float,1,266,45,3,True
uniform,int2float,1,267,45,3,True
uniform,int2float,1,268,45,3,True
uniform,int2float,1,269,45,3,True
uniform,int2float,1,270,45,3,True
uniform,int2float,1,271,45,3,True
uniform,int2float,1,272,45,3,True
uniform,int2float,1,273,45,3,True
uniform,int2float,1,274,45,3,True
uniform,int2float,1,275,45,3,True
uniform,int2float,1,276,45,3,True
uniform,int2float,1,277,45,3,True
uniform,int2float,1,278,45,3,True
uniform,int2float,1,279,45,3,True
uniform,int2float,1,280,45,3,True
uniform,int2float,1,281,45,3,True
uniform,int2float,1,282,45,3,True
uniform,int2float,1,283,45,3,True
uniform,int2float,1,284,45,3,True
uniform,int2float,1,285,45,3,True
uniform,int2float,1,286,45,3,True
uniform,int2float,1,287,45,3,True
uniform,int2float,1,288,45,3,True
uniform,int2float,1,289,45,3,True
uniform,int2float,1,290,45,3,True
uniform,int2float,1,291,45,3,True
uniform,int2float,1,292,45,3,True
uniform,int2float,1,293,45,3,True
uniform,int2float,1,294,45,3,True
uniform,int2float,1,295,45,3,True
uniform,int2float,1,296,45,3,True
uniform,int2float,1,297,45,3,True
uniform,int2float,1,298,45,3,True
uniform,int2float,1,299,45,3,True
uniform,int2float,1,300,45,3,True
uniform,int2float,1,301,45,3,True
uniform,int2float,1,302,45,3,True
uniform,int2float,1,303,45,3,True
uniform,int2float,1,304,45,3,True
uniform,int2float,1,305,45,3,True
uniform,int2float,1,306,45,3,True
uniform,int2float,1,307,45,3,True
uniform,int2float,1,308,45,3,True
uniform,int2float,1,309,45,3,True
uniform,int2float,1,310,45,3,True
uniform,int2float,1,311,45,3,True
uniform,int2float,1,312,45,3,True
uniform,int2float,1,313,45,3,True
uniform,int2float,1,314,45,3,True
uniform,int2float,1,315,45,3,True
uniform,int2float,1,316,45,3,True
uniform,int2float,1,317,45,3,True
uniform,int2float,1,318,45,3,True
uniform,int2float,1,319,45,3,True
uniform,int2float,1,320,45,3,True
uniform,int2float,1,321,45,3,True
uniform,int2float,1,322,45,3,True
uniform,int2float,1,323,45,3,True
uniform,int2float,1,324,45,3,True
uniform,int2float,1,325,45,3,True
uniform,int2float,1,326,45,3,True
uniform,int2float,1,327,45,3,True
uniform,int2float,1,328,45,3,True
uniform,int2float,1,329,45,3,True
uniform,int2float,1,330,45,3,True
uniform,int2float,1,331,45,3,True
uniform,int2float,1,332,45,3,True
uniform,int2float,1,333,45,3,True
uniform,int2float,1,334,45,3,True
uniform,int2float,1,335,45,3,True
uniform,int2float,1,336,45,3,True
uniform,int2float,1,337,45,3,True
uniform,int2float,1,338,45,3,True
uniform,int2float,1,339,45,3,True
uniform,int2float,1,340,45,3,True
uniform,int2float,1,341,45,3,True
uniform,int2float,1,342,45,3,True
uniform,int2float,1,343,45,3,True
uniform,int2float,1,344,45,3,True
uniform,int2float,1,345,45,3,True
uniform,int2float,1,346,45,3,True
uniform,int2float,1,347,45,3,True
uniform,int2float,1,348,45,3,True
uniform,int2float,1,349,45,3,True
uniform,int2float,1,350,45,3,True
uniform,int2float,1,351,45,3,True
uniform,int2float,1,352,45,3,True
uniform,int2float,1,353,45,3,True
uniform,int2float,1,354,45,3,True
uniform,int2float,1,355,45,3,True
uniform,int2float,1,356,45,3,True
uniform,int2float,1,357,45,3,True
uniform,int2float,1,358,45,3,True
uniform,int2float,1,359,45,3,True
uniform,int2float,1,360,45,3,True
uniform,int2float,1,361,45,3,True
uniform,int2float,1,362,45,3,True
uniform,int2float,1,363,45,3,True
uniform,int2float,1,364,45,3,True
uniform,int2float,1,365,45,3,True
uniform,int2float,1,366,45,3,True
uniform,int2float,1,367,45,3,True
uniform,int2float,1,368,45,3,True
uniform,int2float,1,369,45,3,True
uniform,int2float,1,370,45,3,True
uniform,int2float,1,371,45,3,True
uniform,int2float,1,372,45,3,True
uniform,int2float,1,373,45,3,True
uniform,int2float,1,374,45,3,True
uniform,int2float,1,375,45,3,True
uniform,int2float,1,376,45,3,True
uniform,int2float,1,377,45,3,True
uniform,int2float,1,378,45,3,True
uniform,int2float,1,379,45,3,True
uniform,int2float,1,380,45,3,True
uniform,int2float,1,381,45,3,True
uniform,int2float,1,382,45,3,True
uniform,int2float,1,383,45,3,True
uniform,int2float,1,384,45,3,True
uniform,int2float,1,385,45,3,True
uniform,int2float,1,386,45,3,True
uniform,int2float,1,387,45,3,True
uniform,int2float,1,388,45,3,True
uniform,int2float,1,389,45,3,True
uniform,int2float,1,390,45,3,True
uniform,int2float,1,391,45,3,True
uniform,int2float,1,392,45,3,True
uniform,int2float,1,393,45,3,True
uniform,int2float,1,394,45,3,True
uniform,int2float,1,395,45,3,True
uniform,int2float,1,396,45,3,True
uniform,int2float,1,397,45,3,True
uniform,int2float,1,398,45,3,True
uniform,int2float,1,399,45,3,True
uniform,int2float,1,400,45,3,True
uniform,int2float,1,401,45,3,True
uniform,int2float,1,402,45,3,True
uniform,int2float,1,403,45,3,True
uniform,int2float,1,404,45,3,True
uniform,int2float,1,405,45,3,True
uniform,int2float,1,406,45,3,True
uniform,int2float,1,407,45,3,True
uniform,int2float,1,408,45,3,True
uniform,int2float,1,409,45,3,True
uniform,int2float,1,410,45,3,True
uniform,int2float,1,411,45,3,True
uniform,int2float,1,412,45,3,True
uniform,int2float,1,413,45,3,True
uniform,int2float,1,414,45,3,True
uniform,int2float,1,415,45,3,True
uniform,int2float,1,416,45,3,True
uniform,int2float,1,417,45,3,True
uniform,int2float,1,418,45,3,True
uniform,int2float,1,419,45,3,True
uniform,int2float,1,420,45,3,True
uniform,int2float,1,421,45,3,True
uniform,int2float,1,422,45,3,True
uniform,int2float,1,423,45,3,True
uniform,int2float,1,424,45,3,True
uniform,int2float,1,425,45,3,True
uniform,int2float,1,426,45,3,True
uniform,int2float,1,427,45,3,True
uniform,int2float,1,428,45,3,True
uniform,int2float,1,429,45,3,True
uniform,int2float,1,430,45,3,True
uniform,int2float,1,431,45,3,True
uniform,int2float,1,432,45,3,True
uniform,int2float,1,433,45,3,True
uniform,int2float,1,434,45,3,True
uniform,int2float,1,435,45,3,True
uniform,int2float,1,436,45,3,True
uniform,int2float,1,437,45,3,True
uniform,int2float,1,438,45,3,True
uniform,int2float,1,439,45,3,True
uniform,int2float,1,440,45,3,True
uniform,int2float,1,441,45,3,True
uniform,int2float,1,442,45,3,True
uniform,int2float,1,443,45,3,True
uniform,int2float,1,444,45,3,True
uniform,int2float,1,445,45,3,True
uniform,int2float,1,446,45,3,True
uniform,int2float,1,447,45,3,True
uniform,int2float,1,448,45,3,True
uniform,int2float,1,449,45,3,True
uniform,int2float,1,450,45,3,True
uniform,int2float,1,451,45,3,True
uniform,int2float,1,452,45,3,True
uniform,int2float,1,453,45,3,True
uniform,int2float,1,454,45,3,True
uniform,int2float,1,455,45,3,True
uniform,int2float,1,456,45,3,True
uniform,int2float,1,457,45,3,True
uniform,int2float,1,458,45,3,True
uniform,int2float,1,459,45,3,True
uniform,int2float,1,460,45,3,True
uniform,int2float,1,461,45,3,True
uniform,int2float,1,462,45,3,True
uniform,int2float,1,463,45,3,True
uniform,int2float,1,464,45,3,True
uniform,int2float,1,465,45,3,True
uniform,int2float,1,466,45,3,True
uniform,int2float,1,467,45,3,True
uniform,int2float,1,468,45,3,True
uniform,int2float,1,469,45,3,True
uniform,int2float,1,470,45,3,True
uniform,int2float,1,471,45,3,True
uniform,int2float,1,472,45,3,True
uniform,int2float,1,473,45,3,True
uniform,int2float,1,474,45,3,True
uniform,int2float,1,475,45,3,True
uniform,int2float,1,476,45,3,True
uniform,int2float,1,477,45,3,True
uniform,int2float,1,478,45,3,True
uniform,int2float,1,479,45,3,True
uniform,int2float,1,480,45,3,True
uniform,int2float,1,481,45,3,True
uniform,int2float,1,482,45,3,True
uniform,int2float,1,483,45,3,True
uniform,int2float,1,484,45,3,True
uniform,int2float,1,485,45,3,True
uniform,int2float,1,486,45,3,True
uniform,int2float,1,487,45,3,True
uniform,int2float,1,488,45,3,True
uniform,int2float,1,489,45,3,True
uniform,int2float,1,490,45,3,True
uniform,int2float,1,491,45,3,True
uniform,int2float,1,492,45,3,True
uniform,int2float,1,493,45,3,True
uniform,int2float,1,494,45,3,True
uniform,int2float,1,495,45,3,True
uniform,int2float,1,496,45,3,True
uniform,int2float,1,497,45,3,True
uniform,int2float,1,498,45,3,True
uniform,int2float,1,499,45,3,True
uniform,int2float,1,500,45,3,True
uniform,int2float,1,501,45,3,True
uniform,int2float,1,502,45,3,True
uniform,int2float,1,503,45,3,True
uniform,int2float,1,504,45,3,True
uniform,int2float,1,505,45,3,True
uniform,int2float,1,506,45,3,True
uniform,int2float,1,507,45,3,True
uniform,int2float,1,508,45,3,True
uniform,int2float,1,509,45,3,True
uniform,int2float,1,510,45,3,True
uniform,int2float,1,511,45,3,True
uniform,int2float,1,512,45,3,True
uniform,int2float,1,513,45,3,True
uniform,int2float,1,514,45,3,True
uniform,int2float,1,515,45,3,True
uniform,int2float,1,516,45,3,True
uniform,int2float,1,517,45,3,True
uniform,int2float,1,518,45,3,True
uniform,int2float,1,519,45,3,True
uniform,int2float,1,520,45,3,True
uniform,int2float,1,521,45,3,True
uniform,int2float,1,522,45,3,True
uniform,int2float,1,523,45,3,True
uniform,int2float,1,524,45,3,True
uniform,int2float,1,525,45,3,True
uniform,int2float,1,526,45,3,True
uniform,int2float,1,527,45,3,True
uniform,int2float,1,528,45,3,True
uniform,int2float,1,529,45,3,True
uniform,int2float,1,530,45,3,True
uniform,int2float,1,531,45,3,True
uniform,int2float,1,532,45,3,True
uniform,int2float,1,533,45,3,True
uniform,int2float,1,534,45,3,True
uniform,int2float,1,535,45,3,True
uniform,int2float,1,536,45,3,True
uniform,int2float,1,537,45,3,True
uniform,int2float,1,538,45,3,True
uniform,int2float,1,539,45,3,True
uniform,int2float,1,540,45,3,True
uniform,int2float,1,541,45,3,True
uniform,int2float,1,542,45,3,True
uniform,int2float,1,543,45,3,True
uniform,int2float,1,544,45,3,True
uniform,int2float,1,545,45,3,True
uniform,int2float,1,546,45,3,True
uniform,int2float,1,547,45,3,True
uniform,int2float,1,548,45,3,True
uniform,int2float,1,549,45,3,True
uniform,int2float,1,550,45,3,True
uniform,int2float,1,551,45,3,True
uniform,int2float,1,552,45,3,True
uniform,int2float,1,553,45,3,True
uniform,int2float,1,554,45,3,True
uniform,int2float,1,555,45,3,True
uniform,int2float,1,556,45,3,True
uniform,int2float,1,557,45,3,True
uniform,int2float,1,558,45,3,True
uniform,int2float,1,559,45,3,True
uniform,int2float,1,560,45,3,True
uniform,int2float,1,561,45,3,True
uniform,int2float,1,562,45,3,True
uniform,int2float,1,563,45,3,True
uniform,int2float,1,564,45,3,True
uniform,int2float,1,565,45,3,True
uniform,int2float,1,566,45,3,True
uniform,int2float,1,567,45,3,True
uniform,int2float,1,568,45,3,True
uniform,int2float,1,569,45,3,True
uniform,int2float,1,570,45,3,True
uniform,int2float,1,571,45,3,True
uniform,int2float,1,572,45,3,True
uniform,int2float,1,573,45,3,True
uniform,int2float,1,574,45,3,True
uniform,int2float,1,575,45,3,True
uniform,int2float,1,576,45,3,True
uniform,int2float,1,577,45,3,True
uniform,int2float,1,578,45,3,True
uniform,int2float,1,579,45,3,True
uniform,int2float,1,580,45,3,True
uniform,int2float,1,581,45,3,True
uniform,int2float,1,582,45,3,True
uniform,int2float,1,583,45,3,True
uniform,int2float,1,584,45,3,True
uniform,int2float,1,585,45,3,True
uniform,int2float,1,586,45,3,True
uniform,int2float,1,587,45,3,True
uniform,int2float,1,588,45,3,True
uniform,int2float,1,589,45,3,True
uniform,int2float,1,590,45,3,True
uniform,int2float,1,591,45,3,True
uniform,int2float,1,592,45,3,True
uniform,int2float,1,593,45,3,True
uniform,int2float,1,594,45,3,True
uniform,int2float,1,595,45,3,True
uniform,int2float,1,596,45,3,True
uniform,int2float,1,597,45,3,True
uniform,int2float,1,598,45,3,True
uniform,int2float,1,599,45,3,True
uniform,int2float,1,600,45,3,True
uniform,int2float,1,601,45,3,True
uniform,int2float,1,602,45,3,True
uniform,int2float,1,603,45,3,True
uniform,int2float,1,604,45,3,True
uniform,int2float,1,605,45,3,True
uniform,int2float,1,606,45,3,True
uniform,int2float,1,607,45,3,True
uniform,int2float,1,608,45,3,True
uniform,int2float,1,609,45,3,True
uniform,int2float,1,610,45,3,True
uniform,int2float,1,611,45,3,True
uniform,int2float,1,612,45,3,True
uniform,int2float,1,613,45,3,True
uniform,int2float,1,614,45,3,True
uniform,int2float,1,615,45,3,True
uniform,int2float,1,616,45,3,True
uniform,int2float,1,617,45,3,True
uniform,int2float,1,618,45,3,True
uniform,int2float,1,619,45,3,True
uniform,int2float,1,620,45,3,True
uniform,int2float,1,621,45,3,True
uniform,int2float,1,622,45,3,True
uniform,int2float,1,623,45,3,True
uniform,int2float,1,624,45,3,True
uniform,int2float,1,625,45,3,True
uniform,int2float,1,626,45,3,True
uniform,int2float,1,627,45,3,True
uniform,int2float,1,628,45,3,True
uniform,int2float,1,629,45,3,True
uniform,int2float,1,630,45,3,True
uniform,int2float,1,631,45,3,True
uniform,int2float,1,632,45,3,True
uniform,int2float,1,633,45,3,True
uniform,int2float,1,634,45,3,True
uniform,int2float,1,635,45,3,True
uniform,int2float,1,636,45,3,True
uniform,int2float,1,637,45,3,True
uniform,int2float,1,638,45,3,True
uniform,int2float,1,639,45,3,True
uniform,int2float,1,640,45,3,True
uniform,int2float,1,641,45,3,True
uniform,int2float,1,642,45,3,True
uniform,int2float,1,643,45,3,True
uniform,int2float,1,644,45,3,True
uniform,int2float,1,645,45,3,True
uniform,int2float,1,646,45,3,True
uniform,int2float,1,647,45,3,True
uniform,int2float,1,648,45,3,True
uniform,int2float,1,649,45,3,True
uniform,int2float,1,650,45,3,True
uniform,int2float,1,651,45,3,True
uniform,int2float,1,652,45,3,True
uniform,int2float,1,653,45,3,True
uniform,int2float,1,654,45,3,True
uniform,int2float,1,655,45,3,True
uniform,int2float,1,656,45,3,True
uniform,int2float,1,657,45,3,True
uniform,int2float,1,658,45,3,True
uniform,int2float,1,659,45,3,True
uniform,int2float,1,660,45,3,True
uniform,int2float,1,661,45,3,True
uniform,int2float,1,662,45,3,True
uniform,int2float,1,663,45,3,True
uniform,int2float,1,664,45,3,True
uniform,int2float,1,665,45,3,True
uniform,int2float,1,666,45,3,True
uniform,int2float,1,667,45,3,True
uniform,int2float,1,668,45,3,True
uniform,int2float,1,669,45,3,True
uniform,int2float,1,670,45,3,True
uniform,int2float,1,671,45,3,True
uniform,int2float,1,672,45,3,True
uniform,int2float,1,673,45,3,True
uniform,int2float,1,674,45,3,True
uniform,int2float,1,675,45,3,True
uniform,int2float,1,676,45,3,True
uniform,int2float,1,677,45,3,True
uniform,int2float,1,678,45,3,True
uniform,int2float,1,679,45,3,True
uniform,int2float,1,680,45,3,True
uniform,int2float,1,681,45,3,True
uniform,int2float,1,682,45,3,True
uniform,int2float,1,683,45,3,True
uniform,int2float,1,684,45,3,True
uniform,int2float,1,685,45,3,True
uniform,int2float,1,686,45,3,True
uniform,int2float,1,687,45,3,True
uniform,int2float,1,688,45,3,True
uniform,int2float,1,689,45,3,True
uniform,int2float,1,690,45,3,True
uniform,int2float,1,691,45,3,True
uniform,int2float,1,692,45,3,True
uniform,int2float,1,693,45,3,True
uniform,int2float,1,694,45,3,True
uniform,int2float,1,695,45,3,True
uniform,int2float,1,696,45,3,True
uniform,int2float,1,697,45,3,True
uniform,int2float,1,698,45,3,True
uniform,int2float,1,699,45,3,True
uniform,int2float,1,700,45,3,True
uniform,int2float,1,701,45,3,True
uniform,int2float,1,702,45,3,True
uniform,int2float,1,703,45,3,True
uniform,int2float,1,704,45,3,True
uniform,int2float,1,705,45,3,True
uniform,int2float,1,706,45,3,True
uniform,int2float,1,707,45,3,True
uniform,int2float,1,708,45,3,True
uniform,int2float,1,709,45,3,True
uniform,int2float,1,710,45,3,True
uniform,int2float,1,711,45,3,True
uniform,int2float,1,712,45,3,True
uniform,int2float,1,713,45,3,True
uniform,int2float,1,714,45,3,True
uniform,int2float,1,715,45,3,True
uniform,int2float,1,716,45,3,True
uniform,int2float,1,717,45,3,True
uniform,int2float,1,718,45,3,True
uniform,int2float,1,719,45,3,True
uniform,int2float,1,720,45,3,True
uniform,int2float,1,721,45,3,True
uniform,int2float,1,722,45,3,True
uniform,int2float,1,723,45,3,True
uniform,int2float,1,724,45,3,True
uniform,int2float,1,725,45,3,True
uniform,int2float,1,726,45,3,True
uniform,int2float,1,727,45,3,True
uniform,int2float,1,728,45,3,True
uniform,int2float,1,729,45,3,True
uniform,int2float,1,730,45,3,True
uniform,int2float,1,731,45,3,True
uniform,int2float,1,732,45,3,True
uniform,int2float,1,733,45,3,True
uniform,int2float,1,734,45,3,True
uniform,int2float,1,735,45,3,True
uniform,int2float,1,736,45,3,True
uniform,int2float,1,737,45,3,True
uniform,int2float,1,738,45,3,True
uniform,int2float,1,739,45,3,True
uniform,int2float,1,740,45,3,True
uniform,int2float,1,741,45,3,True
uniform,int2float,1,742,45,3,True
uniform,int2float,1,743,45,3,True
uniform,int2float,1,744,45,3,True
uniform,int2float,1,745,45,3,True
uniform,int2float,1,746,45,3,True
uniform,int2float,1,747,45,3,True
uniform,int2float,1,748,45,3,True
uniform,int2float,1,749,45,3,True
uniform,int2float,1,750,45,3,True
uniform,int2float,1,751,45,3,True
uniform,int2float,1,752,45,3,True
uniform,int2float,1,753,45,3,True
uniform,int2float,1,754,45,3,True
uniform,int2float,1,755,45,3,True
uniform,int2float,1,756,45,3,True
uniform,int2float,1,757,45,3,True
uniform,int2float,1,758,45,3,True
uniform,int2float,1,759,45,3,True
uniform,int2float,1,760,45,3,True
uniform,int2float,1,761,45,3,True
uniform,int2float,1,762,45,3,True
uniform,int2float,1,763,45,3,True
uniform,int2float,1,764,45,3,True
uniform,int2float,1,765,45,3,True
uniform,int2float,1,766,45,3,True
uniform,int2float,1,767,45,3,True
uniform,int2float,1,768,45,3,True
uniform,int2float,1,769,45,3,True
uniform,int2float,1,770,45,3,True
uniform,int2float,1,771,45,3,True
uniform,int2float,1,772,45,3,True
uniform,int2float,1,773,45,3,True
uniform,int2float,1,774,45,3,True
uniform,int2float,1,775,45,3,True
uniform,int2float,1,776,45,3,True
uniform,int2float,1,777,45,3,True
uniform,int2float,1,778,45,3,True
uniform,int2float,1,779,45,3,True
uniform,int2float,1,780,45,3,True
uniform,int2float,1,781,45,3,True
uniform,int2float,1,782,45,3,True
uniform,int2float,1,783,45,3,True
uniform,int2float,1,784,45,3,True
uniform,int2float,1,785,45,3,True
uniform,int2float,1,786,44,3,True
uniform,int2float,1,787,44,3,True
uniform,int2float,1,788,44,3,True
uniform,int2float,1,789,44,3,True
uniform,int2float,1,790,44,3,True
uniform,int2float,1,791,44,3,True
uniform,int2float,1,792,44,3,True
uniform,int2float,1,793,44,3,True
uniform,int2float,1,794,44,3,True
uniform,int2float,1,795,44,3,True
uniform,int2float,1,796,44,3,True
uniform,int2float,1,797,44,3,True
uniform,int2float,1,798,44,3,True
uniform,int2float,1,799,44,3,True
uniform,int2float,1,800,44,3,True
uniform,int2float,1,801,44,3,True
uniform,int2float,1,802,44,3,True
uniform,int2float,1,803,44,3,True
uniform,int2float,1,804,44,3,True
uniform,int2float,1,805,44,3,True
uniform,int2float,1,806,44,3,True
uniform,int2float,1,807,44,3,True
uniform,int2float,1,808,44,3,True
uniform,int2float,1,809,44,3,True
uniform,int2float,1,810,44,3,True
uniform,int2float,1,811,44,3,True
uniform,int2float,1,812,44,3,True
uniform,int2float,1,813,44,3,True
uniform,int2float,1,814,44,3,True
uniform,int2float,1,815,44,3,True
uniform,int2float,1,816,44,3,True
uniform,int2float,1,817,44,3,True
uniform,int2float,1,818,44,3,True
uniform,int2float,1,819,44,3,True
uniform,int2float,1,820,44,3,True
uniform,int2float,1,821,44,3,True
uniform,int2float,1,822,44,3,True
uniform,int2float,1,823,44,3,True
uniform,int2float,1,824,44,3,True
uniform,int2float,1,825,44,3,True
uniform,int2float,1,826,44,3,True
uniform,int2float,1,827,44,3,True
uniform,int2float,1,828,44,3,True
uniform,int2float,1,829,44,3,True
uniform,int2float,1,830,44,3,True
uniform,int2float,1,831,44,3,True
uniform,int2float,1,832,44,3,True
uniform,int2float,1,833,44,3,True
uniform,int2float,1,834,44,3,True
uniform,int2float,1,835,44,3,True
uniform,int2float,1,836,44,3,True
uniform,int2float,1,837,44,3,True
uniform,int2float,1,838,44,3,True
uniform,int2float,1,839,44,3,True
uniform,int2float,1,840,44,3,True
uniform,int2float,1,841,44,3,True
uniform,int2float,1,842,44,3,True
uniform,int2float,1,843,44,3,True
uniform,int2float,1,844,44,3,True
uniform,int2float,1,845,44,3,True
uniform,int2float,1,846,44,3,True
uniform,int2float,1,847,44,3,True
uniform,int2float,1,848,44,3,True
uniform,int2float,1,849,44,3,True
uniform,int2float,1,850,44,3,True
uniform,int2float,1,851,44,3,True
uniform,int2float,1,852,44,3,True
uniform,int2float,1,853,44,3,True
uniform,int2float,1,854,44,3,True
uniform,int2float,1,855,44,3,True
uniform,int2float,1,856,44,3,True
uniform,int2float,1,857,44,3,True
uniform,int2float,1,858,44,3,True
uniform,int2float,1,859,44,3,True
uniform,int2float,1,860,44,3,True
uniform,int2float,1,861,44,3,True
uniform,int2float,1,862,44,3,True
uniform,int2float,1,863,44,3,True
uniform,int2float,1,864,44,3,True
uniform,int2float,1,865,44,3,True
uniform,int2float,1,866,44,3,True
uniform,int2float,1,867,44,3,True
uniform,int2float,1,868,44,3,True
uniform,int2float,1,869,44,3,True
uniform,int2float,1,870,44,3,True
uniform,int2float,1,871,44,3,True
uniform,int2float,1,872,44,3,True
uniform,int2float,1,873,44,3,True
uniform,int2float,1,874,44,3,True
uniform,int2float,1,875,44,3,True
uniform,int2float,1,876,44,3,True
uniform,int2float,1,877,44,3,True
uniform,int2float,1,878,44,3,True
uniform,int2float,1,879,44,3,True
uniform,int2float,1,880,44,3,True
uniform,int2float,1,881,44,3,True
uniform,int2float,1,882,44,3,True
uniform,int2float,1,883,44,3,True
uniform,int2float,1,884,44,3,True
uniform,int2float,1,885,44,3,True
uniform,int2float,1,886,44,3,True
uniform,int2float,1,887,44,3,True
uniform,int2float,1,888,44,3,True
uniform,int2float,1,889,44,3,True
uniform,int2float,1,890,44,3,True
uniform,int2float,1,891,44,3,True
uniform,int2float,1,892,44,3,True
uniform,int2float,1,893,44,3,True
uniform,int2float,1,894,44,3,True
uniform,int2float,1,895,44,3,True
uniform,int2float,1,896,44,3,True
uniform,int2float,1,897,44,3,True
uniform,int2float,1,898,44,3,True
uniform,int2float,1,899,44,3,True
uniform,int2float,1,900,44,3,True
uniform,int2float,1,901,44,3,True
uniform,int2float,1,902,44,3,True
uniform,int2float,1,903,44,3,True
uniform,int2float,1,904,44,3,True
uniform,int2float,1,905,44,3,True
uniform,int2float,1,906,44,3,True
uniform,int2float,1,907,44,3,True
uniform,int2float,1,908,44,3,True
uniform,int2float,1,909,44,3,True
uniform,int2float,1,910,44,3,True
uniform,int2float,1,911,44,3,True
uniform,int2float,1,912,44,3,True
uniform,int2float,1,913,44,3,True
uniform,int2float,1,914,44,3,True
uniform,int2float,1,915,44,3,True
uniform,int2float,1,916,44,3,True
uniform,int2float,1,917,44,3,True
uniform,int2float,1,918,44,3,True
uniform,int2float,1,919,44,3,True
uniform,int2float,1,920,44,3,True
uniform,int2float,1,921,44,3,True
uniform,int2float,1,922,44,3,True
uniform,int2float,1,923,44,3,True
uniform,int2float,1,924,44,3,True
uniform,int2float,1,925,44,3,True
uniform,int2float,1,926,44,3,True
uniform,int2float,1,927,44,3,True
uniform,int2float,1,928,44,3,True
uniform,int2float,1,929,44,3,True
uniform,int2float,1,930,44,3,True
uniform,int2float,1,931,44,3,True
uniform,int2float,1,932,44,3,True
uniform,int2float,1,933,44,3,True
uniform,int2float,1,934,44,3,True
uniform,int2float,1,935,44,3,True
uniform,int2float,1,936,44,3,True
uniform,int2float,1,937,44,3,True
uniform,int2float,1,938,44,3,True
uniform,int2float,1,939,44,3,True
uniform,int2float,1,940,44,3,True
uniform,int2float,1,941,44,3,True
uniform,int2float,1,942,44,3,True
uniform,int2float,1,943,44,3,True
uniform,int2float,1,944,44,3,True
uniform,int2float,1,945,44,3,True
uniform,int2float,1,946,44,3,True
uniform,int2float,1,947,44,3,True
uniform,int2float,1,948,44,3,True
uniform,int2float,1,949,44,3,True
uniform,int2float,1,950,44,3,True
uniform,int2float,1,951,44,3,True
uniform,int2float,1,952,44,3,True
uniform,int2float,1,953,44,3,True
uniform,int2float,1,954,44,3,True
uniform,int2float,1,955,44,3,True
uniform,int2float,1,956,44,3,True
uniform,int2float,1,957,44,3,True
uniform,int2float,1,958,44,3,True
uniform,int2float,1,959,44,3,True
uniform,int2float,1,960,44,3,True
uniform,int2float,1,961,44,3,True
uniform,int2float,1,962,44,3,True
uniform,int2float,1,963,44,3,True
uniform,int2float,1,964,44,3,True
uniform,int2float,1,965,44,3,True
uniform,int2float,1,966,44,3,True
uniform,int2float,1,967,44,3,True
uniform,int2float,1,968,44,3,True
uniform,int2float,1,969,44,3,True
uniform,int2float,1,970,44,3,True
uniform,int2float,1,971,44,3,True
uniform,int2float,1,972,44,3,True
uniform,int2float,1,973,44,3,True
uniform,int2float,1,974,44,3,True
uniform,int2float,1,975,44,3,True
uniform,int2float,1,976,44,3,True
uniform,int2float,1,977,44,3,True
uniform,int2float,1,978,44,3,True
uniform,int2float,1,979,44,3,True
uniform,int2float,1,980,44,3,True
uniform,int2float,1,981,44,3,True
uniform,int2float,1,982,44,3,True
uniform,int2float,1,983,44,3,True
uniform,int2float,1,984,44,3,True
uniform,int2float,1,985,44,3,True
uniform,int2float,1,986,44,3,True
uniform,int2float,1,987,44,3,True
uniform,int2float,1,988,44,3,True
uniform,int2float,1,989,44,3,True
uniform,int2float,1,990,44,3,True
uniform,int2float,1,991,44,3,True
uniform,int2float,1,992,44,3,True
uniform,int2float,1,993,44,3,True
uniform,int2float,1,994,44,3,True
uniform,int2float,1,995,44,3,True
uniform,int2float,1,996,44,3,True
uniform,int2float,1,997,44,3,True
uniform,int2float,1,998,44,3,True
uniform,int2float,1,999,44,3,True
uniform,int2float,1,1000,44,3,True
uniform,int2float,2,1,49,3,True
uniform,int2float,2,2,49,3,True
uniform,int2float,2,3,48,3,True
uniform,int2float,2,4,48,3,True
uniform,int2float,2,5,48,3,True
uniform,int2float,2,6,46,3,True
uniform,int2float,2,7,46,3,True
uniform,int2float,2,8,46,3,True
uniform,int2float,2,9,46,3,True
uniform,int2float,2,10,46,3,True
uniform,int2float,2,11,46,3,True
uniform,int2float,2,12,46,3,True
uniform,int2float,2,13,46,3,True
uniform,int2float,2,14,46,3,True
uniform,int2float,2,15,46,3,True
uniform,int2float,2,16,46,3,True
uniform,int2float,2,17,46,3,True
uniform,int2float,2,18,46,3,True
uniform,int2float,2,19,46,3,True
uniform,int2float,2,20,46,3,True
uniform,int2float,2,21,46,3,True
uniform,int2float,2,22,46,3,True
uniform,int2float,2,23,46,3,True
uniform,int2float,2,24,46,3,True
uniform,int2float,2,25,46,3,True
uniform,int2float,2,26,46,3,True
uniform,int2float,2,27,46,3,True
uniform,int2float,2,28,46,3,True
uniform,int2float,2,29,46,3,True
uniform,int2float,2,30,46,3,True
uniform,int2float,2,31,46,3,True
uniform,int2float,2,32,46,3,True
uniform,int2float,2,33,46,3,True
uniform,int2float,2,34,46,3,True
uniform,int2float,2,35,46,3,True
uniform,int2float,2,36,46,3,True
uniform,int2float,2,37,46,3,True
uniform,int2float,2,38,46,3,True
uniform,int2float,2,39,46,3,True
uniform,int2float,2,40,46,3,True
uniform,int2float,2,41,46,3,True
uniform,int2float,2,42,46,3,True
uniform,int2float,2,43,46,3,True
uniform,int2float,2,44,46,3,True
uniform,int2float,2,45,46,3,True
uniform,int2float,2,46,46,3,True
uniform,int2float,2,47,46,3,True
uniform,int2float,2,48,46,3,True
uniform,int2float,2,49,46,3,True
uniform,int2float,2,50,46,3,True
uniform,int2float,2,51,46,3,True
uniform,int2float,2,52,46,3,True
uniform,int2float,2,53,46,3,True
uniform,int2float,2,54,46,3,True
uniform,int2float,2,55,46,3,True
uniform,int2float,2,56,46,3,True
uniform,int2float,2,57,46,3,True
uniform,int2float,2,58,46,3,True
uniform,int2float,2,59,46,3,True
uniform,int2float,2,60,46,3,True
uniform,int2float,2,61,46,3,True
uniform,int2float,2,62,46,3,True
uniform,int2float,2,63,46,3,True
uniform,int2float,2,64,46,3,True
uniform,int2float,2,65,46,3,True
uniform,int2float,2,66,46,3,True
uniform,int2float,2,67,46,3,True
uniform,int2float,2,68,46,3,True
uniform,int2float,2,69,46,3,True
uniform,int2float,2,70,46,3,True
uniform,int2float,2,71,46,3,True
uniform,int2float,2,72,46,3,True
uniform,int2float,2,73,46,3,True
uniform,int2float,2,74,46,3,True
uniform,int2float,2,75,46,3,True
uniform,int2float,2,76,46,3,True
uniform,int2float,2,77,46,3,True
uniform,int2float,2,78,46,3,True
uniform,int2float,2,79,46,3,True
uniform,int2float,2,80,46,3,True
uniform,int2float,2,81,46,3,True
uniform,int2float,2,82,46,3,True
uniform,int2float,2,83,46,3,True
uniform,int2float,2,84,46,3,True
uniform,int2float,2,85,46,3,True
uniform,int2float,2,86,46,3,True
uniform,int2float,2,87,46,3,True
uniform,int2float,2,88,46,3,True
uniform,int2float,2,89,46,3,True
uniform,int2float,2,90,46,3,True
uniform,int2float,2,91,46,3,True
uniform,int2float,2,92,46,3,True
uniform,int2float,2,93,46,3,True
uniform,int2float,2,94,46,3,True
uniform,int2float,2,95,46,3,True
uniform,int2float,2,96,46,3,True
uniform,int2float,2,97,46,3,True
uniform,int2float,2,98,46,3,True
uniform,int2float,2,99,46,3,True
uniform,int2float,2,100,46,3,True
uniform,int2float,2,101,46,3,True
uniform,int2float,2,102,46,3,True
uniform,int2float,2,103,46,3,True
uniform,int2float,2,104,46,3,True
uniform,int2float,2,105,46,3,True
uniform,int2float,2,106,46,3,True
uniform,int2float,2,107,46,3,True
uniform,int2float,2,108,46,3,True
uniform,int2float,2,109,46,3,True
uniform,int2float,2,110,46,3,True
uniform,int2float,2,111,46,3,True
uniform,int2float,2,112,46,3,True
uniform,int2float,2,113,46,3,True
uniform,int2float,2,114,46,3,True
uniform,int2float,2,115,46,3,True
uniform,int2float,2,116,46,3,True
uniform,int2float,2,117,46,3,True
uniform,int2float,2,118,46,3,True
uniform,int2float,2,119,46,3,True
uniform,int2float,2,120,46,3,True
uniform,int2float,2,121,46,3,True
uniform,int2float,2,122,46,3,True
uniform,int2float,2,123,46,3,True
uniform,int2float,2,124,46,3,True
uniform,int2float,2,125,46,3,True
uniform,int2float,2,126,46,3,True
uniform,int2float,2,127,46,3,True
uniform,int2float,2,128,46,3,True
uniform,int2float,2,129,46,3,True
uniform,int2float,2,130,46,3,True
uniform,int2float,2,131,46,3,True
uniform,int2float,2,132,46,3,True
uniform,int2float,2,133,46,3,True
uniform,int2float,2,134,46,3,True
uniform,int2float,2,135,46,3,True
uniform,int2float,2,136,46,3,True
uniform,int2float,2,137,46,3,True
uniform,int2float,2,138,45,3,True
uniform,int2float,2,139,45,3,True
uniform,int2float,2,140,45,3,True
uniform,int2float,2,141,45,3,True
uniform,int2float,2,142,45,3,True
uniform,int2float,2,143,45,3,True
uniform,int2float,2,144,45,3,True
uniform,int2float,2,145,45,3,True
uniform,int2float,2,146,45,3,True
uniform,int2float,2,147,44,3,True
uniform,int2float,2,148,44,3,True
uniform,int2float,2,149,44,3,True
uniform,int2float,2,150,44,3,True
uniform,int2float,2,151,44,3,True
uniform,int2float,2,152,44,3,True
uniform,int2float,2,153,44,3,True
uniform,int2float,2,154,44,3,True
uniform,int2float,2,155,44,3,True
uniform,int2float,2,156,44,3,True
uniform,int2float,2,157,44,3,True
uniform,int2float,2,158,44,3,True
uniform,int2float,2,159,44,3,True
uniform,int2float,2,160,44,3,True
uniform,int2float,2,161,44,3,True
uniform,int2float,2,162,44,3,True
uniform,int2float,2,163,44,3,True
uniform,int2float,2,164,44,3,True
uniform,int2float,2,165,44,3,True
uniform,int2float,2,166,44,3,True
uniform,int2float,2,167,44,3,True
uniform,int2float,2,168,44,3,True
uniform,int2float,2,169,44,3,True
uniform,int2float,2,170,44,3,True
uniform,int2float,2,171,44,3,True
uniform,int2float,2,172,44,3,True
uniform,int2float,2,173,44,3,True
uniform,int2float,2,174,44,3,True
uniform,int2float,2,175,44,3,True
uniform,int2float,2,176,44,3,True
uniform,int2float,2,177,44,3,True
uniform,int2float,2,178,44,3,True
uniform,int2float,2,179,44,3,True
uniform,int2float,2,180,44,3,True
uniform,int2float,2,181,44,3,True
uniform,int2float,2,182,44,3,True
uniform,int2float,2,183,44,3,True
uniform,int2float,2,184,44,3,True
uniform,int2float,2,185,44,3,True
uniform,int2float,2,186,44,3,True
uniform,int2float,2,187,44,3,True
uniform,int2float,2,188,44,3,True
uniform,int2float,2,189,44,3,True
uniform,int2float,2,190,44,3,True
uniform,int2float,2,191,44,3,True
uniform,int2float,2,192,44,3,True
uniform,int2float,2,193,44,3,True
uniform,int2float,2,194,44,3,True
uniform,int2float,2,195,44,3,True
uniform,int2float,2,196,44,3,True
uniform,int2float,2,197,44,3,True
uniform,int2float,2,198,44,3,True
uniform,int2float,2,199,44,3,True
uniform,int2float,2,200,44,3,True
uniform,int2float,2,201,44,3,True
uniform,int2float,2,202,44,3,True
uniform,int2float,2,203,44,3,True
uniform,int2float,2,204,44,3,True
uniform,int2float,2,205,44,3,True
uniform,int2float,2,206,44,3,True
uniform,int2float,2,207,44,3,True
uniform,int2float,2,208,44,3,True
uniform,int2float,2,209,44,3,True
uniform,int2float,2,210,44,3,True
uniform,int2float,2,211,44,3,True
uniform,int2float,2,212,44,3,True
uniform,int2float,2,213,44,3,True
uniform,int2float,2,214,44,3,True
uniform,int2float,2,215,44,3,True
uniform,int2float,2,216,44,3,True
uniform,int2float,2,217,44,3,True
uniform,int2float,2,218,44,3,True
uniform,int2float,2,219,44,3,True
uniform,int2float,2,220,44,3,True
uniform,int2float,2,221,44,3,True
uniform,int2float,2,222,44,3,True
uniform,int2float,2,223,44,3,True
uniform,int2float,2,224,44,3,True
uniform,int2float,2,225,44,3,True
uniform,int2float,2,226,44,3,True
uniform,int2float,2,227,44,3,True
uniform,int2float,2,228,44,3,True
uniform,int2float,2,229,44,3,True
uniform,int2float,2,230,44,3,True
uniform,int2float,2,231,44,3,True
uniform,int2float,2,232,44,3,True
uniform,int2float,2,233,44,3,True
uniform,int2float,2,234,44,3,True
uniform,int2float,2,235,44,3,True
uniform,int2float,2,236,44,3,True
uniform,int2float,2,237,44,3,True
uniform,int2float,2,238,44,3,True
uniform,int2float,2,239,44,3,True
uniform,int2float,2,240,44,3,True
uniform,int2float,2,241,44,3,True
uniform,int2float,2,242,44,3,True
uniform,int2float,2,243,44,3,True
uniform,int2float,2,244,44,3,True
uniform,int2float,2,245,44,3,True
uniform,int2float,2,246,44,3,True
uniform,int2float,2,247,44,3,True
uniform,int2float,2,248,44,3,True
uniform,int2float,2,249,44,3,True
uniform,int2float,2,250,44,3,True
uniform,int2float,2,251,44,3,True
uniform,int2float,2,252,44,3,True
uniform,int2float,2,253,44,3,True
uniform,int2float,2,254,44,3,True
uniform,int2float,2,255,44,3,True
uniform,int2float,2,256,44,3,True
uniform,int2float,2,257,44,3,True
uniform,int2float,2,258,44,3,True
uniform,int2float,2,259,44,3,True
uniform,int2float,2,260,44,3,True
uniform,int2float,2,261,44,3,True
uniform,int2float,2,262,44,3,True
uniform,int2float,2,263,44,3,True
uniform,int2float,2,264,44,3,True
uniform,int2float,2,265,44,3,True
uniform,int2float,2,266,44,3,True
uniform,int2float,2,267,44,3,True
uniform,int2float,2,268,44,3,True
uniform,int2float,2,269,44,3,True
uniform,int2float,2,270,44,3,True
uniform,int2float,2,271,44,3,True
uniform,int2float,2,272,44,3,True
uniform,int2float,2,273,44,3,True
uniform,int2float,2,274,44,3,True
uniform,int2float,2,275,44,3,True
uniform,int2float,2,276,44,3,True
uniform,int2float,2,277,44,3,True
uniform,int2float,2,278,44,3,True
uniform,int2float,2,279,44,3,True
uniform,int2float,2,280,44,3,True
uniform,int2float,2,281,44,3,True
uniform,int2float,2,282,44,3,True
uniform,int2float,2,283,44,3,True
uniform,int2float,2,284,44,3,True
uniform,int2float,2,285,44,3,True
uniform,int2float,2,286,44,3,True
uniform,int2float,2,287,44,3,True
uniform,int2float,2,288,44,3,True
uniform,int2float,2,289,44,3,True
uniform,int2float,2,290,44,3,True
uniform,int2float,2,291,44,3,True
uniform,int2float,2,292,44,3,True
uniform,int2float,2,293,44,3,True
uniform,int2float,2,294,44,3,True
uniform,int2float,2,295,44,3,True
uniform,int2float,2,296,44,3,True
uniform,int2float,2,297,44,3,True
uniform,int2float,2,298,44,3,True
uniform,int2float,2,299,44,3,True
uniform,int2float,2,300,44,3,True
uniform,int2float,2,301,44,3,True
uniform,int2float,2,302,44,3,True
uniform,int2float,2,303,44,3,True
uniform,int2float,2,304,44,3,True
uniform,int2float,2,305,44,3,True
uniform,int2float,2,306,44,3,True
uniform,int2float,2,307,44,3,True
uniform,int2float,2,308,44,3,True
uniform,int2float,2,309,44,3,True
uniform,int2float,2,310,44,3,True
uniform,int2float,2,311,44,3,True
uniform,int2float,2,312,44,3,True
uniform,int2float,2,313,44,3,True
uniform,int2float,2,314,44,3,True
uniform,int2float,2,315,44,3,True
uniform,int2float,2,316,44,3,True
uniform,int2float,2,317,44,3,True
uniform,int2float,2,318,44,3,True
uniform,int2float,2,319,44,3,True
uniform,int2float,2,320,44,3,True
uniform,int2float,2,321,44,3,True
uniform,int2float,2,322,44,3,True
uniform,int2float,2,323,44,3,True
uniform,int2float,2,324,44,3,True
uniform,int2float,2,325,44,3,True
uniform,int2float,2,326,44,3,True
uniform,int2float,2,327,44,3,True
uniform,int2float,2,328,44,3,True
uniform,int2float,2,329,44,3,True
uniform,int2float,2,330,44,3,True
uniform,int2float,2,331,44,3,True
uniform,int2float,2,332,44,3,True
uniform,int2float,2,333,44,3,True
uniform,int2float,2,334,44,3,True
uniform,int2float,2,335,44,3,True
uniform,int2float,2,336,44,3,True
uniform,int2float,2,337,44,3,True
uniform,int2float,2,338,44,3,True
uniform,int2float,2,339,44,3,True
uniform,int2float,2,340,44,3,True
uniform,int2float,2,341,44,3,True
uniform,int2float,2,342,44,3,True
uniform,int2float,2,343,44,3,True
uniform,int2float,2,344,44,3,True
uniform,int2float,2,345,44,3,True
uniform,int2float,2,346,44,3,True
uniform,int2float,2,347,44,3,True
uniform,int2float,2,348,44,3,True
uniform,int2float,2,349,44,3,True
uniform,int2float,2,350,44,3,True
uniform,int2float,2,351,44,3,True
uniform,int2float,2,352,44,3,True
uniform,int2float,2,353,44,3,True
uniform,int2float,2,354,44,3,True
uniform,int2float,2,355,44,3,True
uniform,int2float,2,356,44,3,True
uniform,int2float,2,357,44,3,True
uniform,int2float,2,358,44,3,True
uniform,int2float,2,359,44,3,True
uniform,int2float,2,360,44,3,True
uniform,int2float,2,361,44,3,True
uniform,int2float,2,362,44,3,True
uniform,int2float,2,363,44,3,True
uniform,int2float,2,364,44,3,True
uniform,int2float,2,365,44,3,True
uniform,int2float,2,366,44,3,True
uniform,int2float,2,367,44,3,True
uniform,int2float,2,368,44,3,True
uniform,int2float,2,369,44,3,True
uniform,int2float,2,370,44,3,True
uniform,int2float,2,371,44,3,True
uniform,int2float,2,372,44,3,True
uniform,int2float,2,373,44,3,True
uniform,int2float,2,374,44,3,True
uniform,int2float,2,375,44,3,True
uniform,int2float,2,376,44,3,True
uniform,int2float,2,377,44,3,True
uniform,int2float,2,378,44,3,True
uniform,int2float,2,379,44,3,True
uniform,int2float,2,380,44,3,True
uniform,int2float,2,381,44,3,True
uniform,int2float,2,382,44,3,True
uniform,int2float,2,383,44,3,True
uniform,int2float,2,384,44,3,True
uniform,int2float,2,385,44,3,True
uniform,int2float,2,386,44,3,True
uniform,int2float,2,387,44,3,True
uniform,int2float,2,388,44,3,True
uniform,int2float,2,389,44,3,True
uniform,int2float,2,390,44,3,True
uniform,int2float,2,391,44,3,True
uniform,int2float,2,392,44,3,True
uniform,int2float,2,393,44,3,True
uniform,int2float,2,394,44,3,True
uniform,int2float,2,395,44,3,True
uniform,int2float,2,396,44,3,True
uniform,int2float,2,397,44,3,True
uniform,int2float,2,398,44,3,True
uniform,int2float,2,399,44,3,True
uniform,int2float,2,400,44,3,True
uniform,int2float,2,401,44,3,True
uniform,int2float,2,402,44,3,True
uniform,int2float,2,403,44,3,True
uniform,int2float,2,404,44,3,True
uniform,int2float,2,405,44,3,True
uniform,int2float,2,406,44,3,True
uniform,int2float,2,407,44,3,True
uniform,int2float,2,408,44,3,True
uniform,int2float,2,409,44,3,True
uniform,int2float,2,410,44,3,True
uniform,int2float,2,411,44,3,True
uniform,int2float,2,412,44,3,True
uniform,int2float,2,413,44,3,True
uniform,int2float,2,414,44,3,True
uniform,int2float,2,415,44,3,True
uniform,int2float,2,416,44,3,True
uniform,int2float,2,417,44,3,True
uniform,int2float,2,418,44,3,True
uniform,int2float,2,419,44,3,True
uniform,int2float,2,420,44,3,True
uniform,int2float,2,421,44,3,True
uniform,int2float,2,422,44,3,True
uniform,int2float,2,423,44,3,True
uniform,int2float,2,424,44,3,True
uniform,int2float,2,425,44,3,True
uniform,int2float,2,426,44,3,True
uniform,int2float,2,427,44,3,True
uniform,int2float,2,428,44,3,True
uniform,int2float,2,429,44,3,True
uniform,int2float,2,430,44,3,True
uniform,int2float,2,431,44,3,True
uniform,int2float,2,432,44,3,True
uniform,int2float,2,433,44,3,True
uniform,int2float,2,434,44,3,True
uniform,int2float,2,435,44,3,True
uniform,int2float,2,436,44,3,True
uniform,int2float,2,437,44,3,True
uniform,int2float,2,438,44,3,True
uniform,int2float,2,439,44,3,True
uniform,int2float,2,440,44,3,True
uniform,int2float,2,441,44,3,True
uniform,int2float,2,442,44,3,True
uniform,int2float,2,443,44,3,True
uniform,int2float,2,444,44,3,True
uniform,int2float,2,445,44,3,True
uniform,int2float,2,446,44,3,True
uniform,int2float,2,447,44,3,True
uniform,int2float,2,448,44,3,True
uniform,int2float,2,449,44,3,True
uniform,int2float,2,450,44,3,True
uniform,int2float,2,451,44,3,True
uniform,int2float,2,452,44,3,True
uniform,int2float,2,453,44,3,True
uniform,int2float,2,454,44,3,True
uniform,int2float,2,455,44,3,True
uniform,int2float,2,456,44,3,True
uniform,int2float,2,457,44,3,True
uniform,int2float,2,458,44,3,True
uniform,int2float,2,459,44,3,True
uniform,int2float,2,460,44,3,True
uniform,int2float,2,461,44,3,True
uniform,int2float,2,462,44,3,True
uniform,int2float,2,463,44,3,True
uniform,int2float,2,464,44,3,True
uniform,int2float,2,465,44,3,True
uniform,int2float,2,466,44,3,True
uniform,int2float,2,467,44,3,True
uniform,int2float,2,468,44,3,True
uniform,int2float,2,469,44,3,True
uniform,int2float,2,470,44,3,True
uniform,int2float,2,471,44,3,True
uniform,int2float,2,472,44,3,True
uniform,int2float,2,473,44,3,True
uniform,int2float,2,474,44,3,True
uniform,int2float,2,475,44,3,True
uniform,int2float,2,476,44,3,True
uniform,int2float,2,477,44,3,True
uniform,int2float,2,478,44,3,True
uniform,int2float,2,479,44,3,True
uniform,int2float,2,480,44,3,True
uniform,int2float,2,481,44,3,True
uniform,int2float,2,482,44,3,True
uniform,int2float,2,483,44,3,True
uniform,int2float,2,484,44,3,True
uniform,int2float,2,485,44,3,True
uniform,int2float,2,486,44,3,True
uniform,int2float,2,487,44,3,True
uniform,int2float,2,488,44,3,True
uniform,int2float,2,489,44,3,True
uniform,int2float,2,490,44,3,True
uniform,int2float,2,491,44,3,True
uniform,int2float,2,492,44,3,True
uniform,int2float,2,493,44,3,True
uniform,int2float,2,494,44,3,True
uniform,int2float,2,495,44,3,True
uniform,int2float,2,496,44,3,True
uniform,int2float,2,497,44,3,True
uniform,int2float,2,498,44,3,True
uniform,int2float,2,499,44,3,True
uniform,int2float,2,500,44,3,True
uniform,int2float,2,501,44,3,True
uniform,int2float,2,502,44,3,True
uniform,int2float,2,503,44,3,True
uniform,int2float,2,504,44,3,True
uniform,int2float,2,505,44,3,True
uniform,int2float,2,506,44,3,True
uniform,int2float,2,507,44,3,True
uniform,int2float,2,508,44,3,True
uniform,int2float,2,509,44,3,True
uniform,int2float,2,510,44,3,True
uniform,int2float,2,511,44,3,True
uniform,int2float,2,512,44,3,True
uniform,int2float,2,513,44,3,True
uniform,int2float,2,514,44,3,True
uniform,int2float,2,515,44,3,True
uniform,int2float,2,516,44,3,True
uniform,int2float,2,517,44,3,True
uniform,int2float,2,518,44,3,True
uniform,int2float,2,519,44,3,True
uniform,int2float,2,520,44,3,True
uniform,int2float,2,521,44,3,True
uniform,int2float,2,522,44,3,True
uniform,int2float,2,523,44,3,True
uniform,int2float,2,524,44,3,True
uniform,int2float,2,525,44,3,True
uniform,int2float,2,526,44,3,True
uniform,int2float,2,527,44,3,True
uniform,int2float,2,528,44,3,True
uniform,int2float,2,529,44,3,True
uniform,int2float,2,530,44,3,True
uniform,int2float,2,531,44,3,True
uniform,int2float,2,532,44,3,True
uniform,int2float,2,533,44,3,True
uniform,int2float,2,534,44,3,True
uniform,int2float,2,535,44,3,True
uniform,int2float,2,536,44,3,True
uniform,int2float,2,537,44,3,True
uniform,int2float,2,538,44,3,True
uniform,int2float,2,539,44,3,True
uniform,int2float,2,540,44,3,True
uniform,int2float,2,541,44,3,True
uniform,int2float,2,542,44,3,True
uniform,int2float,2,543,44,3,True
uniform,int2float,2,544,44,3,True
uniform,int2float,2,545,44,3,True
uniform,int2float,2,546,44,3,True
uniform,int2float,2,547,44,3,True
uniform,int2float,2,548,44,3,True
uniform,int2float,2,549,44,3,True
uniform,int2float,2,550,44,3,True
uniform,int2float,2,551,44,3,True
uniform,int2float,2,552,44,3,True
uniform,int2float,2,553,44,3,True
uniform,int2float,2,554,44,3,True
uniform,int2float,2,555,44,3,True
uniform,int2float,2,556,44,3,True
uniform,int2float,2,557,44,3,True
uniform,int2float,2,558,44,3,True
uniform,int2float,2,559,44,3,True
uniform,int2float,2,560,44,3,True
uniform,int2float,2,561,44,3,True
uniform,int2float,2,562,44,3,True
uniform,int2float,2,563,44,3,True
uniform,int2float,2,564,44,3,True
uniform,int2float,2,565,44,3,True
uniform,int2float,2,566,44,3,True
uniform,int2float,2,567,44,3,True
uniform,int2float,2,568,44,3,True
uniform,int2float,2,569,44,3,True
uniform,int2float,2,570,44,3,True
uniform,int2float,2,571,44,3,True
uniform,int2float,2,572,44,3,True
uniform,int2float,2,573,44,3,True
uniform,int2float,2,574,44,3,True
uniform,int2float,2,575,44,3,True
uniform,int2float,2,576,44,3,True
uniform,int2float,2,577,44,3,True
uniform,int2float,2,578,44,3,True
uniform,int2float,2,579,44,3,True
uniform,int2float,2,580,44,3,True
uniform,int2float,2,581,44,3,True
uniform,int2float,2,582,44,3,True
uniform,int2float,2,583,44,3,True
uniform,int2float,2,584,44,3,True
uniform,int2float,2,585,44,3,True
uniform,int2float,2,586,44,3,True
uniform,int2float,2,587,44,3,True
uniform,int2float,2,588,44,3,True
uniform,int2float,2,589,44,3,True
uniform,int2float,2,590,44,3,True
uniform,int2float,2,591,44,3,True
uniform,int2float,2,592,44,3,True
uniform,int2float,2,593,44,3,True
uniform,int2float,2,594,44,3,True
uniform,int2float,2,595,44,3,True
uniform,int2float,2,596,44,3,True
uniform,int2float,2,597,44,3,True
uniform,int2float,2,598,44,3,True
uniform,int2float,2,599,44,3,True
uniform,int2float,2,600,44,3,True
uniform,int2float,2,601,44,3,True
uniform,int2float,2,602,44,3,True
uniform,int2float,2,603,44,3,True
uniform,int2float,2,604,44,3,True
uniform,int2float,2,605,44,3,True
uniform,int2float,2,606,44,3,True
uniform,int2float,2,607,44,3,True
uniform,int2float,2,608,44,3,True
uniform,int2float,2,609,44,3,True
uniform,int2float,2,610,44,3,True
uniform,int2float,2,611,44,3,True
uniform,int2float,2,612,44,3,True
uniform,int2float,2,613,44,3,True
uniform,int2float,2,614,44,3,True
uniform,int2float,2,615,44,3,True
uniform,int2float,2,616,44,3,True
uniform,int2float,2,617,44,3,True
uniform,int2float,2,618,44,3,True
uniform,int2float,2,619,44,3,True
uniform,int2float,2,620,44,3,True
uniform,int2float,2,621,44,3,True
uniform,int2float,2,622,44,3,True
uniform,int2float,2,623,44,3,True
uniform,int2float,2,624,44,3,True
uniform,int2float,2,625,44,3,True
uniform,int2float,2,626,44,3,True
uniform,int2float,2,627,44,3,True
uniform,int2float,2,628,44,3,True
uniform,int2float,2,629,44,3,True
uniform,int2float,2,630,44,3,True
uniform,int2float,2,631,44,3,True
uniform,int2float,2,632,44,3,True
uniform,int2float,2,633,44,3,True
uniform,int2float,2,634,44,3,True
uniform,int2float,2,635,44,3,True
uniform,int2float,2,636,44,3,True
uniform,int2float,2,637,44,3,True
uniform,int2float,2,638,44,3,True
uniform,int2float,2,639,44,3,True
uniform,int2float,2,640,44,3,True
uniform,int2float,2,641,44,3,True
uniform,int2float,2,642,44,3,True
uniform,int2float,2,643,44,3,True
uniform,int2float,2,644,44,3,True
uniform,int2float,2,645,44,3,True
uniform,int2float,2,646,44,3,True
uniform,int2float,2,647,44,3,True
uniform,int2float,2,648,44,3,True
uniform,int2float,2,649,44,3,True
uniform,int2float,2,650,44,3,True
uniform,int2float,2,651,44,3,True
uniform,int2float,2,652,44,3,True
uniform,int2float,2,653,44,3,True
uniform,int2float,2,654,44,3,True
uniform,int2float,2,655,44,3,True
uniform,int2float,2,656,44,3,True
uniform,int2float,2,657,44,3,True
uniform,int2float,2,658,44,3,True
uniform,int2float,2,659,44,3,True
uniform,int2float,2,660,44,3,True
uniform,int2float,2,661,44,3,True
uniform,int2float,2,662,44,3,True
uniform,int2float,2,663,44,3,True
uniform,int2float,2,664,44,3,True
uniform,int2float,2,665,44,3,True
uniform,int2float,2,666,44,3,True
uniform,int2float,2,667,44,3,True
uniform,int2float,2,668,44,3,True
uniform,int2float,2,669,44,3,True
uniform,int2float,2,670,44,3,True
uniform,int2float,2,671,44,3,True
uniform,int2float,2,672,44,3,True
uniform,int2float,2,673,44,3,True
uniform,int2float,2,674,44,3,True
uniform,int2float,2,675,44,3,True
uniform,int2float,2,676,44,3,True
uniform,int2float,2,677,44,3,True
uniform,int2float,2,678,44,3,True
uniform,int2float,2,679,44,3,True
uniform,int2float,2,680,44,3,True
uniform,int2float,2,681,44,3,True
uniform,int2float,2,682,44,3,True
uniform,int2float,2,683,44,3,True
uniform,int2float,2,684,44,3,True
uniform,int2float,2,685,44,3,True
uniform,int2float,2,686,44,3,True
uniform,int2float,2,687,44,3,True
uniform,int2float,2,688,44,3,True
uniform,int2float,2,689,44,3,True
uniform,int2float,2,690,44,3,True
uniform,int2float,2,691,44,3,True
uniform,int2float,2,692,44,3,True
uniform,int2float,2,693,44,3,True
uniform,int2float,2,694,44,3,True
uniform,int2float,2,695,44,3,True
uniform,int2float,2,696,44,3,True
uniform,int2float,2,697,44,3,True
uniform,int2float,2,698,44,3,True
uniform,int2float,2,699,44,3,True
uniform,int2float,2,700,44,3,True
uniform,int2float,2,701,44,3,True
uniform,int2float,2,702,44,3,True
uniform,int2float,2,703,44,3,True
uniform,int2float,2,704,44,3,True
uniform,int2float,2,705,44,3,True
uniform,int2float,2,706,44,3,True
uniform,int2float,2,707,44,3,True
uniform,int2float,2,708,44,3,True
uniform,int2float,2,709,44,3,True
uniform,int2float,2,710,44,3,True
uniform,int2float,2,711,44,3,True
uniform,int2float,2,712,44,3,True
uniform,int2float,2,713,44,3,True
uniform,int2float,2,714,44,3,True
uniform,int2float,2,715,44,3,True
uniform,int2float,2,716,44,3,True
uniform,int2float,2,717,44,3,True
uniform,int2float,2,718,44,3,True
uniform,int2float,2,719,44,3,True
uniform,int2float,2,720,44,3,True
uniform,int2float,2,721,44,3,True
uniform,int2float,2,722,44,3,True
uniform,int2float,2,723,44,3,True
uniform,int2float,2,724,44,3,True
uniform,int2float,2,725,44,3,True
uniform,int2float,2,726,44,3,True
uniform,int2float,2,727,44,3,True
uniform,int2float,2,728,44,3,True
uniform,int2float,2,729,44,3,True
uniform,int2float,2,730,44,3,True
uniform,int2float,2,731,44,3,True
uniform,int2float,2,732,44,3,True
uniform,int2float,2,733,44,3,True
uniform,int2float,2,734,44,3,True
uniform,int2float,2,735,44,3,True
uniform,int2float,2,736,44,3,True
uniform,int2float,2,737,44,3,True
uniform,int2float,2,738,44,3,True
uniform,int2float,2,739,44,3,True
uniform,int2float,2,740,44,3,True
uniform,int2float,2,741,44,3,True
uniform,int2float,2,742,44,3,True
uniform,int2float,2,743,44,3,True
uniform,int2float,2,744,44,3,True
uniform,int2float,2,745,44,3,True
uniform,int2float,2,746,44,3,True
uniform,int2float,2,747,44,3,True
uniform,int2float,2,748,44,3,True
uniform,int2float,2,749,44,3,True
uniform,int2float,2,750,44,3,True
uniform,int2float,2,751,44,3,True
uniform,int2float,2,752,44,3,True
uniform,int2float,2,753,44,3,True
uniform,int2float,2,754,44,3,True
uniform,int2float,2,755,44,3,True
uniform,int2float,2,756,44,3,True
uniform,int2float,2,757,44,3,True
uniform,int2float,2,758,44,3,True
uniform,int2float,2,759,44,3,True
uniform,int2float,2,760,44,3,True
uniform,int2float,2,761,44,3,True
uniform,int2float,2,762,44,3,True
uniform,int2float,2,763,44,3,True
uniform,int2float,2,764,44,3,True
uniform,int2float,2,765,44,3,True
uniform,int2float,2,766,44,3,True
uniform,int2float,2,767,44,3,True
uniform,int2float,2,768,44,3,True
uniform,int2float,2,769,44,3,True
uniform,int2float,2,770,44,3,True
uniform,int2float,2,771,44,3,True
uniform,int2float,2,772,44,3,True
uniform,int2float,2,773,44,3,True
uniform,int2float,2,774,44,3,True
uniform,int2float,2,775,44,3,True
uniform,int2float,2,776,44,3,True
uniform,int2float,2,777,44,3,True
uniform,int2float,2,778,44,3,True
uniform,int2float,2,779,44,3,True
uniform,int2float,2,780,44,3,True
uniform,int2float,2,781,44,3,True
uniform,int2float,2,782,44,3,True
uniform,int2float,2,783,44,3,True
uniform,int2float,2,784,44,3,True
uniform,int2float,2,785,44,3,True
uniform,int2float,2,786,44,3,True
uniform,int2float,2,787,44,3,True
uniform,int2float,2,788,44,3,True
uniform,int2float,2,789,44,3,True
uniform,int2float,2,790,44,3,True
uniform,int2float,2,791,44,3,True
uniform,int2float,2,792,44,3,True
uniform,int2float,2,793,44,3,True
uniform,int2float,2,794,44,3,True
uniform,int2float,2,795,44,3,True
uniform,int2float,2,796,44,3,True
uniform,int2float,2,797,44,3,True
uniform,int2float,2,798,44,3,True
uniform,int2float,2,799,44,3,True
uniform,int2float,2,800,44,3,True
uniform,int2float,2,801,44,3,True
uniform,int2float,2,802,44,3,True
uniform,int2float,2,803,44,3,True
uniform,int2float,2,804,44,3,True
uniform,int2float,2,805,44,3,True
uniform,int2float,2,806,44,3,True
uniform,int2float,2,807,44,3,True
uniform,int2float,2,808,44,3,True
uniform,int2float,2,809,44,3,True
uniform,int2float,2,810,44,3,True
uniform,int2float,2,811,44,3,True
uniform,int2float,2,812,44,3,True
uniform,int2float,2,813,44,3,True
uniform,int2float,2,814,44,3,True
uniform,int2float,2,815,44,3,True
uniform,int2float,2,816,44,3,True
uniform,int2float,2,817,44,3,True
uniform,int2float,2,818,44,3,True
uniform,int2float,2,819,44,3,True
uniform,int2float,2,820,44,3,True
uniform,int2float,2,821,44,3,True
uniform,int2float,2,822,44,3,True
uniform,int2float,2,823,44,3,True
uniform,int2float,2,824,44,3,True
uniform,int2float,2,825,44,3,True
uniform,int2float,2,826,44,3,True
uniform,int2float,2,827,44,3,True
uniform,int2float,2,828,44,3,True
uniform,int2float,2,829,44,3,True
uniform,int2float,2,830,44,3,True
uniform,int2float,2,831,44,3,True
uniform,int2float,2,832,44,3,True
uniform,int2float,2,833,44,3,True
uniform,int2float,2,834,44,3,True
uniform,int2float,2,835,44,3,True
uniform,int2float,2,836,44,3,True
uniform,int2float,2,837,44,3,True
uniform,int2float,2,838,44,3,True
uniform,int2float,2,839,44,3,True
uniform,int2float,2,840,44,3,True
uniform,int2float,2,841,44,3,True
uniform,int2float,2,842,44,3,True
uniform,int2float,2,843,44,3,True
uniform,int2float,2,844,44,3,True
uniform,int2float,2,845,44,3,True
uniform,int2float,2,846,44,3,True
uniform,int2float,2,847,44,3,True
uniform,int2float,2,848,44,3,True
uniform,int2float,2,849,44,3,True
uniform,int2float,2,850,44,3,True
uniform,int2float,2,851,44,3,True
uniform,int2float,2,852,44,3,True
uniform,int2float,2,853,44,3,True
uniform,int2float,2,854,44,3,True
uniform,int2float,2,855,44,3,True
uniform,int2float,2,856,44,3,True
uniform,int2float,2,857,44,3,True
uniform,int2float,2,858,44,3,True
uniform,int2float,2,859,44,3,True
uniform,int2float,2,860,44,3,True
uniform,int2float,2,861,44,3,True
uniform,int2float,2,862,44,3,True
uniform,int2float,2,863,44,3,True
uniform,int2float,2,864,44,3,True
uniform,int2float,2,865,44,3,True
uniform,int2float,2,866,44,3,True
uniform,int2float,2,867,44,3,True
uniform,int2float,2,868,44,3,True
uniform,int2float,2,869,44,3,True
uniform,int2float,2,870,44,3,True
uniform,int2float,2,871,44,3,True
uniform,int2float,2,872,44,3,True
uniform,int2float,2,873,44,3,True
uniform,int2float,2,874,44,3,True
uniform,int2float,2,875,44,3,True
uniform,int2float,2,876,44,3,True
uniform,int2float,2,877,44,3,True
uniform,int2float,2,878,44,3,True
uniform,int2float,2,879,44,3,True
uniform,int2float,2,880,44,3,True
uniform,int2float,2,881,44,3,True
uniform,int2float,2,882,44,3,True
uniform,int2float,2,883,44,3,True
uniform,int2float,2,884,44,3,True
uniform,int2float,2,885,44,3,True
uniform,int2float,2,886,44,3,True
uniform,int2float,2,887,44,3,True
uniform,int2float,2,888,44,3,True
uniform,int2float,2,889,44,3,True
uniform,int2float,2,890,44,3,True
uniform,int2float,2,891,44,3,True
uniform,int2float,2,892,44,3,True
uniform,int2float,2,893,44,3,True
uniform,int2float,2,894,44,3,True
uniform,int2float,2,895,44,3,True
uniform,int2float,2,896,44,3,True
uniform,int2float,2,897,44,3,True
uniform,int2float,2,898,44,3,True
uniform,int2float,2,899,44,3,True
uniform,int2float,2,900,44,3,True
uniform,int2float,2,901,44,3,True
uniform,int2float,2,902,44,3,True
uniform,int2float,2,903,44,3,True
uniform,int2float,2,904,44,3,True
uniform,int2float,2,905,44,3,True
uniform,int2float,2,906,44,3,True
uniform,int2float,2,907,44,3,True
uniform,int2float,2,908,44,3,True
uniform,int2float,2,909,44,3,True
uniform,int2float,2,910,44,3,True
uniform,int2float,2,911,44,3,True
uniform,int2float,2,912,44,3,True
uniform,int2float,2,913,44,3,True
uniform,int2float,2,914,44,3,True
uniform,int2float,2,915,44,3,True
uniform,int2float,2,916,44,3,True
uniform,int2float,2,917,44,3,True
uniform,int2float,2,918,44,3,True
uniform,int2float,2,919,44,3,True
uniform,int2float,2,920,44,3,True
uniform,int2float,2,921,44,3,True
uniform,int2float,2,922,44,3,True
uniform,int2float,2,923,44,3,True
uniform,int2float,2,924,44,3,True
uniform,int2float,2,925,44,3,True
uniform,int2float,2,926,44,3,True
uniform,int2float,2,927,44,3,True
uniform,int2float,2,928,44,3,True
uniform,int2float,2,929,44,3,True
uniform,int2float,2,930,44,3,True
uniform,int2float,2,931,44,3,True
uniform,int2float,2,932,44,3,True
uniform,int2float,2,933,44,3,True
uniform,int2float,2,934,44,3,True
uniform,int2float,2,935,44,3,True
uniform,int2float,2,936,44,3,True
uniform,int2float,2,937,44,3,True
uniform,int2float,2,938,44,3,True
uniform,int2float,2,939,44,3,True
uniform,int2float,2,940,44,3,True
uniform,int2float,2,941,44,3,True
uniform,int2float,2,942,44,3,True
uniform,int2float,2,943,44,3,True
uniform,int2float,2,944,44,3,True
uniform,int2float,2,945,44,3,True
uniform,int2float,2,946,44,3,True
uniform,int2float,2,947,44,3,True
uniform,int2float,2,948,44,3,True
uniform,int2float,2,949,44,3,True
uniform,int2float,2,950,44,3,True
uniform,int2float,2,951,44,3,True
uniform,int2float,2,952,44,3,True
uniform,int2float,2,953,44,3,True
uniform,int2float,2,954,44,3,True
uniform,int2float,2,955,44,3,True
uniform,int2float,2,956,44,3,True
uniform,int2float,2,957,44,3,True
uniform,int2float,2,958,44,3,True
uniform,int2float,2,959,44,3,True
uniform,int2float,2,960,44,3,True
uniform,int2float,2,961,44,3,True
uniform,int2float,2,962,44,3,True
uniform,int2float,2,963,44,3,True
uniform,int2float,2,964,44,3,True
uniform,int2float,2,965,44,3,True
uniform,int2float,2,966,44,3,True
uniform,int2float,2,967,44,3,True
uniform,int2float,2,968,44,3,True
uniform,int2float,2,969,44,3,True
uniform,int2float,2,970,44,3,True
uniform,int2float,2,971,44,3,True
uniform,int2float,2,972,44,3,True
uniform,int2float,2,973,44,3,True
uniform,int2float,2,974,44,3,True
uniform,int2float,2,975,44,3,True
uniform,int2float,2,976,44,3,True
uniform,int2float,2,977,44,3,True
uniform,int2float,2,978,44,3,True
uniform,int2float,2,979,44,3,True
uniform,int2float,2,980,44,3,True
uniform,int2float,2,981,44,3,True
uniform,int2float,2,982,44,3,True
uniform,int2float,2,983,44,3,True
uniform,int2float,2,984,44,3,True
uniform,int2float,2,985,44,3,True
uniform,int2float,2,986,44,3,True
uniform,int2float,2,987,44,3,True
uniform,int2float,2,988,44,3,True
uniform,int2float,2,989,44,3,True
uniform,int2float,2,990,44,3,True
uniform,int2float,2,991,44,3,True
uniform,int2float,2,992,44,3,True
uniform,int2float,2,993,44,3,True
uniform,int2float,2,994,44,3,True
uniform,int2float,2,995,44,3,True
uniform,int2float,2,996,44,3,True
uniform,int2float,2,997,44,3,True
uniform,int2float,2,998,44,3,True
uniform,int2float,2,999,44,3,True
uniform,int2float,2,1000,44,3,True
uniform,i2c,0,1,353,4,True
uniform,i2c,0,2,330,4,True
uniform,i2c,0,3,330,4,True
uniform,i2c,0,4,330,4,True
uniform,i2c,0,5,325,4,True
uniform,i2c,0,6,323,4,True
uniform,i2c,0,7,318,4,True
uniform,i2c,0,8,315,4,True
uniform,i2c,0,9,315,4,True
uniform,i2c,0,10,315,4,True
uniform,i2c,0,11,315,4,True
uniform,i2c,0,12,315,4,True
uniform,i2c,0,13,315,4,True
uniform,i2c,0,14,315,4,True
uniform,i2c,0,15,315,4,True
uniform,i2c,0,16,315,4,True
uniform,i2c,0,17,315,4,True
uniform,i2c,0,18,315,4,True
uniform,i2c,0,19,315,4,True
uniform,i2c,0,20,315,4,True
uniform,i2c,0,21,315,4,True
uniform,i2c,0,22,315,4,True
uniform,i2c,0,23,315,4,True
uniform,i2c,0,24,315,4,True
uniform,i2c,0,25,315,4,True
uniform,i2c,0,26,315,4,True
uniform,i2c,0,27,315,4,True
uniform,i2c,0,28,315,4,True
uniform,i2c,0,29,315,4,True
uniform,i2c,0,30,315,4,True
uniform,i2c,0,31,315,4,True
uniform,i2c,0,32,315,4,True
uniform,i2c,0,33,315,4,True
uniform,i2c,0,34,315,4,True
uniform,i2c,0,35,315,4,True
uniform,i2c,0,36,315,4,True
uniform,i2c,0,37,315,4,True
uniform,i2c,0,38,315,4,True
uniform,i2c,0,39,315,4,True
uniform,i2c,0,40,315,4,True
uniform,i2c,0,41,315,4,True
uniform,i2c,0,42,315,4,True
uniform,i2c,0,43,315,4,True
uniform,i2c,0,44,315,4,True
uniform,i2c,0,45,315,4,True
uniform,i2c,0,46,315,4,True
uniform,i2c,0,47,315,4,True
uniform,i2c,0,48,315,4,True
uniform,i2c,0,49,315,4,True
uniform,i2c,0,50,315,4,True
uniform,i2c,0,51,315,4,True
uniform,i2c,0,52,315,4,True
uniform,i2c,0,53,315,4,True
uniform,i2c,0,54,315,4,True
uniform,i2c,0,55,315,4,True
uniform,i2c,0,56,315,4,True
uniform,i2c,0,57,315,4,True
uniform,i2c,0,58,314,4,True
uniform,i2c,0,59,310,4,True
uniform,i2c,0,60,310,4,True
uniform,i2c,0,61,310,4,True
uniform,i2c,0,62,310,4,True
uniform,i2c,0,63,310,4,True
uniform,i2c,0,64,310,4,True
uniform,i2c,0,65,310,4,True
uniform,i2c,0,66,310,4,True
uniform,i2c,0,67,310,4,True
uniform,i2c,0,68,310,4,True
uniform,i2c,0,69,310,4,True
uniform,i2c,0,70,310,4,True
uniform,i2c,0,71,310,4,True
uniform,i2c,0,72,310,4,True
uniform,i2c,0,73,310,4,True
uniform,i2c,0,74,310,4,True
uniform,i2c,0,75,310,4,True
uniform,i2c,0,76,310,4,True
uniform,i2c,0,77,310,4,True
uniform,i2c,0,78,310,4,True
uniform,i2c,0,79,310,4,True
uniform,i2c,0,80,310,4,True
uniform,i2c,0,81,310,4,True
uniform,i2c,0,82,310,4,True
uniform,i2c,0,83,310,4,True
uniform,i2c,0,84,310,4,True
uniform,i2c,0,85,310,4,True
uniform,i2c,0,86,310,4,True
uniform,i2c,0,87,310,4,True
uniform,i2c,0,88,310,4,True
uniform,i2c,0,89,310,4,True
uniform,i2c,0,90,310,4,True
uniform,i2c,0,91,310,4,True
uniform,i2c,0,92,310,4,True
uniform,i2c,0,93,310,4,True
uniform,i2c,0,94,310,4,True
uniform,i2c,0,95,310,4,True
uniform,i2c,0,96,310,4,True
uniform,i2c,0,97,310,4,True
uniform,i2c,0,98,310,4,True
uniform,i2c,0,99,310,4,True
uniform,i2c,0,100,310,4,True
uniform,i2c,0,101,310,4,True
uniform,i2c,0,102,310,4,True
uniform,i2c,0,103,310,4,True
uniform,i2c,0,104,310,4,True
uniform,i2c,0,105,310,4,True
uniform,i2c,0,106,310,4,True
uniform,i2c,0,107,310,4,True
uniform,i2c,0,108,310,4,True
uniform,i2c,0,109,310,4,True
uniform,i2c,0,110,310,4,True
uniform,i2c,0,111,310,4,True
uniform,i2c,0,112,310,4,True
uniform,i2c,0,113,310,4,True
uniform,i2c,0,114,310,4,True
uniform,i2c,0,115,310,4,True
uniform,i2c,0,116,310,4,True
uniform,i2c,0,117,310,4,True
uniform,i2c,0,118,310,4,True
uniform,i2c,0,119,310,4,True
uniform,i2c,0,120,310,4,True
uniform,i2c,0,121,310,4,True
uniform,i2c,0,122,310,4,True
uniform,i2c,0,123,310,4,True
uniform,i2c,0,124,310,4,True
uniform,i2c,0,125,310,4,True
uniform,i2c,0,126,310,4,True
uniform,i2c,0,127,310,4,True
uniform,i2c,0,128,310,4,True
uniform,i2c,0,129,310,4,True
uniform,i2c,0,130,310,4,True
uniform,i2c,0,131,310,4,True
uniform,i2c,0,132,310,4,True
uniform,i2c,0,133,310,4,True
uniform,i2c,0,134,310,4,True
uniform,i2c,0,135,310,4,True
uniform,i2c,0,136,310,4,True
uniform,i2c,0,137,310,4,True
uniform,i2c,0,138,310,4,True
uniform,i2c,0,139,310,4,True
uniform,i2c,0,140,310,4,True
uniform,i2c,0,141,310,4,True
uniform,i2c,0,142,310,4,True
uniform,i2c,0,143,310,4,True
uniform,i2c,0,144,310,4,True
uniform,i2c,0,145,310,4,True
uniform,i2c,0,146,310,4,True
uniform,i2c,0,147,310,4,True
uniform,i2c,0,148,310,4,True
uniform,i2c,0,149,310,4,True
uniform,i2c,0,150,310,4,True
uniform,i2c,0,151,310,4,True
uniform,i2c,0,152,310,4,True
uniform,i2c,0,153,310,4,True
uniform,i2c,0,154,310,4,True
uniform,i2c,0,155,310,4,True
uniform,i2c,0,156,310,4,True
uniform,i2c,0,157,310,4,True
uniform,i2c,0,158,310,4,True
uniform,i2c,0,159,310,4,True
uniform,i2c,0,160,310,4,True
uniform,i2c,0,161,310,4,True
uniform,i2c,0,162,310,4,True
uniform,i2c,0,163,310,4,True
uniform,i2c,0,164,310,4,True
uniform,i2c,0,165,310,4,True
uniform,i2c,0,166,310,4,True
uniform,i2c,0,167,310,4,True
uniform,i2c,0,168,310,4,True
uniform,i2c,0,169,310,4,True
uniform,i2c,0,170,310,4,True
uniform,i2c,0,171,310,4,True
uniform,i2c,0,172,310,4,True
uniform,i2c,0,173,310,4,True
uniform,i2c,0,174,310,4,True
uniform,i2c,0,175,310,4,True
uniform,i2c,0,176,310,4,True
uniform,i2c,0,177,310,4,True
uniform,i2c,0,178,310,4,True
uniform,i2c,0,179,310,4,True
uniform,i2c,0,180,310,4,True
uniform,i2c,0,181,310,4,True
uniform,i2c,0,182,310,4,True
uniform,i2c,0,183,310,4,True
uniform,i2c,0,184,310,4,True
uniform,i2c,0,185,310,4,True
uniform,i2c,0,186,310,4,True
uniform,i2c,0,187,310,4,True
uniform,i2c,0,188,310,4,True
uniform,i2c,0,189,310,4,True
uniform,i2c,0,190,310,4,True
uniform,i2c,0,191,310,4,True
uniform,i2c,0,192,310,4,True
uniform,i2c,0,193,310,4,True
uniform,i2c,0,194,310,4,True
uniform,i2c,0,195,310,4,True
uniform,i2c,0,196,310,4,True
uniform,i2c,0,197,310,4,True
uniform,i2c,0,198,310,4,True
uniform,i2c,0,199,310,4,True
uniform,i2c,0,200,310,4,True
uniform,i2c,0,201,310,4,True
uniform,i2c,0,202,310,4,True
uniform,i2c,0,203,310,4,True
uniform,i2c,0,204,310,4,True
uniform,i2c,0,205,310,4,True
uniform,i2c,0,206,310,4,True
uniform,i2c,0,207,310,4,True
uniform,i2c,0,208,310,4,True
uniform,i2c,0,209,310,4,True
uniform,i2c,0,210,310,4,True
uniform,i2c,0,211,310,4,True
uniform,i2c,0,212,310,4,True
uniform,i2c,0,213,310,4,True
uniform,i2c,0,214,310,4,True
uniform,i2c,0,215,310,4,True
uniform,i2c,0,216,310,4,True
uniform,i2c,0,217,310,4,True
uniform,i2c,0,218,310,4,True
uniform,i2c,0,219,310,4,True
uniform,i2c,0,220,310,4,True
uniform,i2c,0,221,310,4,True
uniform,i2c,0,222,310,4,True
uniform,i2c,0,223,310,4,True
uniform,i2c,0,224,310,4,True
uniform,i2c,0,225,310,4,True
uniform,i2c,0,226,310,4,True
uniform,i2c,0,227,310,4,True
uniform,i2c,0,228,310,4,True
uniform,i2c,0,229,310,4,True
uniform,i2c,0,230,310,4,True
uniform,i2c,0,231,310,4,True
uniform,i2c,0,232,310,4,True
uniform,i2c,0,233,310,4,True
uniform,i2c,0,234,310,4,True
uniform,i2c,0,235,310,4,True
uniform,i2c,0,236,310,4,True
uniform,i2c,0,237,310,4,True
uniform,i2c,0,238,310,4,True
uniform,i2c,0,239,310,4,True
uniform,i2c,0,240,310,4,True
uniform,i2c,0,241,310,4,True
uniform,i2c,0,242,310,4,True
uniform,i2c,0,243,310,4,True
uniform,i2c,0,244,310,4,True
uniform,i2c,0,245,310,4,True
uniform,i2c,0,246,310,4,True
uniform,i2c,0,247,310,4,True
uniform,i2c,0,248,310,4,True
uniform,i2c,0,249,310,4,True
uniform,i2c,0,250,310,4,True
uniform,i2c,0,251,310,4,True
uniform,i2c,0,252,310,4,True
uniform,i2c,0,253,310,4,True
uniform,i2c,0,254,310,4,True
uniform,i2c,0,255,310,4,True
uniform,i2c,0,256,310,4,True
uniform,i2c,0,257,310,4,True
uniform,i2c,0,258,310,4,True
uniform,i2c,0,259,309,4,True
uniform,i2c,0,260,309,4,True
uniform,i2c,0,261,309,4,True
uniform,i2c,0,262,309,4,True
uniform,i2c,0,263,309,4,True
uniform,i2c,0,264,309,4,True
uniform,i2c,0,265,309,4,True
uniform,i2c,0,266,309,4,True
uniform,i2c,0,267,309,4,True
uniform,i2c,0,268,309,4,True
uniform,i2c,0,269,309,4,True
uniform,i2c,0,270,309,4,True
uniform,i2c,0,271,309,4,True
uniform,i2c,0,272,309,4,True
uniform,i2c,0,273,309,4,True
uniform,i2c,0,274,309,4,True
uniform,i2c,0,275,309,4,True
uniform,i2c,0,276,309,4,True
uniform,i2c,0,277,309,4,True
uniform,i2c,0,278,309,4,True
uniform,i2c,0,279,309,4,True
uniform,i2c,0,280,309,4,True
uniform,i2c,0,281,309,4,True
uniform,i2c,0,282,309,4,True
uniform,i2c,0,283,309,4,True
uniform,i2c,0,284,309,4,True
uniform,i2c,0,285,309,4,True
uniform,i2c,0,286,309,4,True
uniform,i2c,0,287,309,4,True
uniform,i2c,0,288,309,4,True
uniform,i2c,0,289,309,4,True
uniform,i2c,0,290,309,4,True
uniform,i2c,0,291,309,4,True
uniform,i2c,0,292,309,4,True
uniform,i2c,0,293,309,4,True
uniform,i2c,0,294,309,4,True
uniform,i2c,0,295,309,4,True
uniform,i2c,0,296,309,4,True
uniform,i2c,0,297,309,4,True
uniform,i2c,0,298,309,4,True
uniform,i2c,0,299,309,4,True
uniform,i2c,0,300,309,4,True
uniform,i2c,0,301,309,4,True
uniform,i2c,0,302,309,4,True
uniform,i2c,0,303,309,4,True
uniform,i2c,0,304,309,4,True
uniform,i2c,0,305,309,4,True
uniform,i2c,0,306,309,4,True
uniform,i2c,0,307,309,4,True
uniform,i2c,0,308,309,4,True
uniform,i2c,0,309,309,4,True
uniform,i2c,0,310,309,4,True
uniform,i2c,0,311,309,4,True
uniform,i2c,0,312,309,4,True
uniform,i2c,0,313,309,4,True
uniform,i2c,0,314,309,4,True
uniform,i2c,0,315,309,4,True
uniform,i2c,0,316,309,4,True
uniform,i2c,0,317,309,4,True
uniform,i2c,0,318,309,4,True
uniform,i2c,0,319,309,4,True
uniform,i2c,0,320,309,4,True
uniform,i2c,0,321,309,4,True
uniform,i2c,0,322,309,4,True
uniform,i2c,0,323,309,4,True
uniform,i2c,0,324,309,4,True
uniform,i2c,0,325,309,4,True
uniform,i2c,0,326,309,4,True
uniform,i2c,0,327,309,4,True
uniform,i2c,0,328,309,4,True
uniform,i2c,0,329,309,4,True
uniform,i2c,0,330,309,4,True
uniform,i2c,0,331,309,4,True
uniform,i2c,0,332,309,4,True
uniform,i2c,0,333,309,4,True
uniform,i2c,0,334,309,4,True
uniform,i2c,0,335,309,4,True
uniform,i2c,0,336,309,4,True
uniform,i2c,0,337,309,4,True
uniform,i2c,0,338,309,4,True
uniform,i2c,0,339,309,4,True
uniform,i2c,0,340,309,4,True
uniform,i2c,0,341,309,4,True
uniform,i2c,0,342,309,4,True
uniform,i2c,0,343,309,4,True
uniform,i2c,0,344,309,4,True
uniform,i2c,0,345,309,4,True
uniform,i2c,0,346,309,4,True
uniform,i2c,0,347,309,4,True
uniform,i2c,0,348,309,4,True
uniform,i2c,0,349,309,4,True
uniform,i2c,0,350,309,4,True
uniform,i2c,0,351,309,4,True
uniform,i2c,0,352,309,4,True
uniform,i2c,0,353,309,4,True
uniform,i2c,0,354,309,4,True
uniform,i2c,0,355,309,4,True
uniform,i2c,0,356,309,4,True
uniform,i2c,0,357,309,4,True
uniform,i2c,0,358,309,4,True
uniform,i2c,0,359,309,4,True
uniform,i2c,0,360,309,4,True
uniform,i2c,0,361,309,4,True
uniform,i2c,0,362,309,4,True
uniform,i2c,0,363,309,4,True
uniform,i2c,0,364,309,4,True
uniform,i2c,0,365,309,4,True
uniform,i2c,0,366,309,4,True
uniform,i2c,0,367,309,4,True
uniform,i2c,0,368,309,4,True
uniform,i2c,0,369,309,4,True
uniform,i2c,0,370,309,4,True
uniform,i2c,0,371,309,4,True
uniform,i2c,0,372,309,4,True
uniform,i2c,0,373,309,4,True
uniform,i2c,0,374,309,4,True
uniform,i2c,0,375,309,4,True
uniform,i2c,0,376,309,4,True
uniform,i2c,0,377,309,4,True
uniform,i2c,0,378,309,4,True
uniform,i2c,0,379,309,4,True
uniform,i2c,0,380,309,4,True
uniform,i2c,0,381,309,4,True
uniform,i2c,0,382,309,4,True
uniform,i2c,0,383,309,4,True
uniform,i2c,0,384,309,4,True
uniform,i2c,0,385,309,4,True
uniform,i2c,0,386,309,4,True
uniform,i2c,0,387,309,4,True
uniform,i2c,0,388,309,4,True
uniform,i2c,0,389,309,4,True
uniform,i2c,0,390,309,4,True
uniform,i2c,0,391,309,4,True
uniform,i2c,0,392,309,4,True
uniform,i2c,0,393,309,4,True
uniform,i2c,0,394,309,4,True
uniform,i2c,0,395,309,4,True
uniform,i2c,0,396,309,4,True
uniform,i2c,0,397,309,4,True
uniform,i2c,0,398,309,4,True
uniform,i2c,0,399,309,4,True
uniform,i2c,0,400,309,4,True
uniform,i2c,0,401,309,4,True
uniform,i2c,0,402,309,4,True
uniform,i2c,0,403,309,4,True
uniform,i2c,0,404,309,4,True
uniform,i2c,0,405,309,4,True
uniform,i2c,0,406,309,4,True
uniform,i2c,0,407,305,4,True
uniform,i2c,0,408,305,4,True
uniform,i2c,0,409,304,4,True
uniform,i2c,0,410,304,4,True
uniform,i2c,0,411,304,4,True
uniform,i2c,0,412,304,4,True
uniform,i2c,0,413,304,4,True
uniform,i2c,0,414,304,4,True
uniform,i2c,0,415,304,4,True
uniform,i2c,0,416,304,4,True
uniform,i2c,0,417,304,4,True
uniform,i2c,0,418,304,4,True
uniform,i2c,0,419,304,4,True
uniform,i2c,0,420,304,4,True
uniform,i2c,0,421,304,4,True
uniform,i2c,0,422,304,4,True
uniform,i2c,0,423,304,4,True
uniform,i2c,0,424,304,4,True
uniform,i2c,0,425,304,4,True
uniform,i2c,0,426,304,4,True
uniform,i2c,0,427,304,4,True
uniform,i2c,0,428,304,4,True
uniform,i2c,0,429,304,4,True
uniform,i2c,0,430,304,4,True
uniform,i2c,0,431,304,4,True
uniform,i2c,0,432,304,4,True
uniform,i2c,0,433,304,4,True
uniform,i2c,0,434,304,4,True
uniform,i2c,0,435,304,4,True
uniform,i2c,0,436,304,4,True
uniform,i2c,0,437,304,4,True
uniform,i2c,0,438,304,4,True
uniform,i2c,0,439,304,4,True
uniform,i2c,0,440,304,4,True
uniform,i2c,0,441,304,4,True
uniform,i2c,0,442,304,4,True
uniform,i2c,0,443,304,4,True
uniform,i2c,0,444,304,4,True
uniform,i2c,0,445,304,4,True
uniform,i2c,0,446,304,4,True
uniform,i2c,0,447,304,4,True
uniform,i2c,0,448,304,4,True
uniform,i2c,0,449,304,4,True
uniform,i2c,0,450,304,4,True
uniform,i2c,0,451,304,4,True
uniform,i2c,0,452,304,4,True
uniform,i2c,0,453,304,4,True
uniform,i2c,0,454,304,4,True
uniform,i2c,0,455,304,4,True
uniform,i2c,0,456,304,4,True
uniform,i2c,0,457,304,4,True
uniform,i2c,0,458,304,4,True
uniform,i2c,0,459,304,4,True
uniform,i2c,0,460,304,4,True
uniform,i2c,0,461,304,4,True
uniform,i2c,0,462,304,4,True
uniform,i2c,0,463,304,4,True
uniform,i2c,0,464,304,4,True
uniform,i2c,0,465,304,4,True
uniform,i2c,0,466,304,4,True
uniform,i2c,0,467,304,4,True
uniform,i2c,0,468,304,4,True
uniform,i2c,0,469,304,4,True
uniform,i2c,0,470,304,4,True
uniform,i2c,0,471,304,4,True
uniform,i2c,0,472,304,4,True
uniform,i2c,0,473,304,4,True
uniform,i2c,0,474,304,4,True
uniform,i2c,0,475,304,4,True
uniform,i2c,0,476,304,4,True
uniform,i2c,0,477,304,4,True
uniform,i2c,0,478,304,4,True
uniform,i2c,0,479,304,4,True
uniform,i2c,0,480,304,4,True
uniform,i2c,0,481,304,4,True
uniform,i2c,0,482,304,4,True
uniform,i2c,0,483,304,4,True
uniform,i2c,0,484,304,4,True
uniform,i2c,0,485,304,4,True
uniform,i2c,0,486,304,4,True
uniform,i2c,0,487,304,4,True
uniform,i2c,0,488,304,4,True
uniform,i2c,0,489,304,4,True
uniform,i2c,0,490,304,4,True
uniform,i2c,0,491,304,4,True
uniform,i2c,0,492,304,4,True
uniform,i2c,0,493,304,4,True
uniform,i2c,0,494,304,4,True
uniform,i2c,0,495,304,4,True
uniform,i2c,0,496,304,4,True
uniform,i2c,0,497,304,4,True
uniform,i2c,0,498,304,4,True
uniform,i2c,0,499,304,4,True
uniform,i2c,0,500,304,4,True
uniform,i2c,0,501,304,4,True
uniform,i2c,0,502,304,4,True
uniform,i2c,0,503,304,4,True
uniform,i2c,0,504,304,4,True
uniform,i2c,0,505,304,4,True
uniform,i2c,0,506,304,4,True
uniform,i2c,0,507,304,4,True
uniform,i2c,0,508,304,4,True
uniform,i2c,0,509,304,4,True
uniform,i2c,0,510,304,4,True
uniform,i2c,0,511,304,4,True
uniform,i2c,0,512,304,4,True
uniform,i2c,0,513,304,4,True
uniform,i2c,0,514,304,4,True
uniform,i2c,0,515,304,4,True
uniform,i2c,0,516,304,4,True
uniform,i2c,0,517,304,4,True
uniform,i2c,0,518,304,4,True
uniform,i2c,0,519,304,4,True
uniform,i2c,0,520,304,4,True
uniform,i2c,0,521,304,4,True
uniform,i2c,0,522,304,4,True
uniform,i2c,0,523,304,4,True
uniform,i2c,0,524,304,4,True
uniform,i2c,0,525,304,4,True
uniform,i2c,0,526,304,4,True
uniform,i2c,0,527,304,4,True
uniform,i2c,0,528,304,4,True
uniform,i2c,0,529,304,4,True
uniform,i2c,0,530,304,4,True
uniform,i2c,0,531,304,4,True
uniform,i2c,0,532,304,4,True
uniform,i2c,0,533,304,4,True
uniform,i2c,0,534,304,4,True
uniform,i2c,0,535,304,4,True
uniform,i2c,0,536,304,4,True
uniform,i2c,0,537,304,4,True
uniform,i2c,0,538,304,4,True
uniform,i2c,0,539,304,4,True
uniform,i2c,0,540,304,4,True
uniform,i2c,0,541,304,4,True
uniform,i2c,0,542,304,4,True
uniform,i2c,0,543,304,4,True
uniform,i2c,0,544,304,4,True
uniform,i2c,0,545,304,4,True
uniform,i2c,0,546,304,4,True
uniform,i2c,0,547,304,4,True
uniform,i2c,0,548,304,4,True
uniform,i2c,0,549,304,4,True
uniform,i2c,0,550,304,4,True
uniform,i2c,0,551,304,4,True
uniform,i2c,0,552,304,4,True
uniform,i2c,0,553,304,4,True
uniform,i2c,0,554,304,4,True
uniform,i2c,0,555,304,4,True
uniform,i2c,0,556,304,4,True
uniform,i2c,0,557,304,4,True
uniform,i2c,0,558,304,4,True
uniform,i2c,0,559,304,4,True
uniform,i2c,0,560,304,4,True
uniform,i2c,0,561,304,4,True
uniform,i2c,0,562,304,4,True
uniform,i2c,0,563,304,4,True
uniform,i2c,0,564,304,4,True
uniform,i2c,0,565,304,4,True
uniform,i2c,0,566,304,4,True
uniform,i2c,0,567,304,4,True
uniform,i2c,0,568,304,4,True
uniform,i2c,0,569,304,4,True
uniform,i2c,0,570,304,4,True
uniform,i2c,0,571,304,4,True
uniform,i2c,0,572,304,4,True
uniform,i2c,0,573,304,4,True
uniform,i2c,0,574,304,4,True
uniform,i2c,0,575,304,4,True
uniform,i2c,0,576,304,4,True
uniform,i2c,0,577,304,4,True
uniform,i2c,0,578,304,4,True
uniform,i2c,0,579,304,4,True
uniform,i2c,0,580,304,4,True
uniform,i2c,0,581,304,4,True
uniform,i2c,0,582,304,4,True
uniform,i2c,0,583,304,4,True
uniform,i2c,0,584,304,4,True
uniform,i2c,0,585,304,4,True
uniform,i2c,0,586,304,4,True
uniform,i2c,0,587,304,4,True
uniform,i2c,0,588,304,4,True
uniform,i2c,0,589,304,4,True
uniform,i2c,0,590,304,4,True
uniform,i2c,0,591,304,4,True
uniform,i2c,0,592,304,4,True
uniform,i2c,0,593,304,4,True
uniform,i2c,0,594,304,4,True
uniform,i2c,0,595,304,4,True
uniform,i2c,0,596,304,4,True
uniform,i2c,0,597,304,4,True
uniform,i2c,0,598,304,4,True
uniform,i2c,0,599,304,4,True
uniform,i2c,0,600,304,4,True
uniform,i2c,0,601,304,4,True
uniform,i2c,0,602,304,4,True
uniform,i2c,0,603,304,4,True
uniform,i2c,0,604,304,4,True
uniform,i2c,0,605,304,4,True
uniform,i2c,0,606,304,4,True
uniform,i2c,0,607,304,4,True
uniform,i2c,0,608,304,4,True
uniform,i2c,0,609,304,4,True
uniform,i2c,0,610,304,4,True
uniform,i2c,0,611,304,4,True
uniform,i2c,0,612,304,4,True
uniform,i2c,0,613,304,4,True
uniform,i2c,0,614,304,4,True
uniform,i2c,0,615,304,4,True
uniform,i2c,0,616,304,4,True
uniform,i2c,0,617,304,4,True
uniform,i2c,0,618,304,4,True
uniform,i2c,0,619,304,4,True
uniform,i2c,0,620,304,4,True
uniform,i2c,0,621,304,4,True
uniform,i2c,0,622,304,4,True
uniform,i2c,0,623,304,4,True
uniform,i2c,0,624,304,4,True
uniform,i2c,0,625,304,4,True
uniform,i2c,0,626,304,4,True
uniform,i2c,0,627,304,4,True
uniform,i2c,0,628,304,4,True
uniform,i2c,0,629,304,4,True
uniform,i2c,0,630,304,4,True
uniform,i2c,0,631,304,4,True
uniform,i2c,0,632,304,4,True
uniform,i2c,0,633,304,4,True
uniform,i2c,0,634,304,4,True
uniform,i2c,0,635,304,4,True
uniform,i2c,0,636,304,4,True
uniform,i2c,0,637,304,4,True
uniform,i2c,0,638,304,4,True
uniform,i2c,0,639,304,4,True
uniform,i2c,0,640,304,4,True
uniform,i2c,0,641,304,4,True
uniform,i2c,0,642,304,4,True
uniform,i2c,0,643,304,4,True
uniform,i2c,0,644,304,4,True
uniform,i2c,0,645,304,4,True
uniform,i2c,0,646,304,4,True
uniform,i2c,0,647,304,4,True
uniform,i2c,0,648,304,4,True
uniform,i2c,0,649,304,4,True
uniform,i2c,0,650,304,4,True
uniform,i2c,0,651,304,4,True
uniform,i2c,0,652,304,4,True
uniform,i2c,0,653,304,4,True
uniform,i2c,0,654,304,4,True
uniform,i2c,0,655,304,4,True
uniform,i2c,0,656,304,4,True
uniform,i2c,0,657,304,4,True
uniform,i2c,0,658,304,4,True
uniform,i2c,0,659,304,4,True
uniform,i2c,0,660,304,4,True
uniform,i2c,0,661,304,4,True
uniform,i2c,0,662,304,4,True
uniform,i2c,0,663,304,4,True
uniform,i2c,0,664,304,4,True
uniform,i2c,0,665,304,4,True
uniform,i2c,0,666,304,4,True
uniform,i2c,0,667,304,4,True
uniform,i2c,0,668,304,4,True
uniform,i2c,0,669,304,4,True
uniform,i2c,0,670,304,4,True
uniform,i2c,0,671,304,4,True
uniform,i2c,0,672,304,4,True
uniform,i2c,0,673,304,4,True
uniform,i2c,0,674,304,4,True
uniform,i2c,0,675,304,4,True
uniform,i2c,0,676,304,4,True
uniform,i2c,0,677,304,4,True
uniform,i2c,0,678,304,4,True
uniform,i2c,0,679,304,4,True
uniform,i2c,0,680,304,4,True
uniform,i2c,0,681,304,4,True
uniform,i2c,0,682,304,4,True
uniform,i2c,0,683,304,4,True
uniform,i2c,0,684,304,4,True
uniform,i2c,0,685,304,4,True
uniform,i2c,0,686,304,4,True
uniform,i2c,0,687,304,4,True
uniform,i2c,0,688,304,4,True
uniform,i2c,0,689,304,4,True
uniform,i2c,0,690,304,4,True
uniform,i2c,0,691,304,4,True
uniform,i2c,0,692,304,4,True
uniform,i2c,0,693,304,4,True
uniform,i2c,0,694,304,4,True
uniform,i2c,0,695,304,4,True
uniform,i2c,0,696,304,4,True
uniform,i2c,0,697,304,4,True
uniform,i2c,0,698,304,4,True
uniform,i2c,0,699,304,4,True
uniform,i2c,0,700,304,4,True
uniform,i2c,0,701,304,4,True
uniform,i2c,0,702,304,4,True
uniform,i2c,0,703,304,4,True
uniform,i2c,0,704,304,4,True
uniform,i2c,0,705,304,4,True
uniform,i2c,0,706,304,4,True
uniform,i2c,0,707,304,4,True
uniform,i2c,0,708,304,4,True
uniform,i2c,0,709,304,4,True
uniform,i2c,0,710,304,4,True
uniform,i2c,0,711,304,4,True
uniform,i2c,0,712,304,4,True
uniform,i2c,0,713,304,4,True
uniform,i2c,0,714,304,4,True
uniform,i2c,0,715,304,4,True
uniform,i2c,0,716,304,4,True
uniform,i2c,0,717,304,4,True
uniform,i2c,0,718,304,4,True
uniform,i2c,0,719,304,4,True
uniform,i2c,0,720,304,4,True
uniform,i2c,0,721,304,4,True
uniform,i2c,0,722,304,4,True
uniform,i2c,0,723,304,4,True
uniform,i2c,0,724,304,4,True
uniform,i2c,0,725,304,4,True
uniform,i2c,0,726,304,4,True
uniform,i2c,0,727,304,4,True
uniform,i2c,0,728,304,4,True
uniform,i2c,0,729,304,4,True
uniform,i2c,0,730,304,4,True
uniform,i2c,0,731,304,4,True
uniform,i2c,0,732,304,4,True
uniform,i2c,0,733,304,4,True
uniform,i2c,0,734,304,4,True
uniform,i2c,0,735,304,4,True
uniform,i2c,0,736,304,4,True
uniform,i2c,0,737,304,4,True
uniform,i2c,0,738,304,4,True
uniform,i2c,0,739,304,4,True
uniform,i2c,0,740,304,4,True
uniform,i2c,0,741,304,4,True
uniform,i2c,0,742,304,4,True
uniform,i2c,0,743,304,4,True
uniform,i2c,0,744,304,4,True
uniform,i2c,0,745,304,4,True
uniform,i2c,0,746,304,4,True
uniform,i2c,0,747,304,4,True
uniform,i2c,0,748,304,4,True
uniform,i2c,0,749,304,4,True
uniform,i2c,0,750,304,4,True
uniform,i2c,0,751,304,4,True
uniform,i2c,0,752,304,4,True
uniform,i2c,0,753,304,4,True
uniform,i2c,0,754,304,4,True
uniform,i2c,0,755,304,4,True
uniform,i2c,0,756,304,4,True
uniform,i2c,0,757,304,4,True
uniform,i2c,0,758,304,4,True
uniform,i2c,0,759,304,4,True
uniform,i2c,0,760,304,4,True
uniform,i2c,0,761,304,4,True
uniform,i2c,0,762,304,4,True
uniform,i2c,0,763,304,4,True
uniform,i2c,0,764,304,4,True
uniform,i2c,0,765,304,4,True
uniform,i2c,0,766,304,4,True
uniform,i2c,0,767,304,4,True
uniform,i2c,0,768,304,4,True
uniform,i2c,0,769,304,4,True
uniform,i2c,0,770,304,4,True
uniform,i2c,0,771,304,4,True
uniform,i2c,0,772,304,4,True
uniform,i2c,0,773,304,4,True
uniform,i2c,0,774,304,4,True
uniform,i2c,0,775,304,4,True
uniform,i2c,0,776,304,4,True
uniform,i2c,0,777,304,4,True
uniform,i2c,0,778,304,4,True
uniform,i2c,0,779,304,4,True
uniform,i2c,0,780,304,4,True
uniform,i2c,0,781,304,4,True
uniform,i2c,0,782,304,4,True
uniform,i2c,0,783,304,4,True
uniform,i2c,0,784,304,4,True
uniform,i2c,0,785,304,4,True
uniform,i2c,0,786,304,4,True
uniform,i2c,0,787,304,4,True
uniform,i2c,0,788,304,4,True
uniform,i2c,0,789,304,4,True
uniform,i2c,0,790,304,4,True
uniform,i2c,0,791,304,4,True
uniform,i2c,0,792,304,4,True
uniform,i2c,0,793,304,4,True
uniform,i2c,0,794,304,4,True
uniform,i2c,0,795,304,4,True
uniform,i2c,0,796,304,4,True
uniform,i2c,0,797,304,4,True
uniform,i2c,0,798,304,4,True
uniform,i2c,0,799,304,4,True
uniform,i2c,0,800,304,4,True
uniform,i2c,0,801,304,4,True
uniform,i2c,0,802,304,4,True
uniform,i2c,0,803,304,4,True
uniform,i2c,0,804,304,4,True
uniform,i2c,0,805,304,4,True
uniform,i2c,0,806,304,4,True
uniform,i2c,0,807,304,4,True
uniform,i2c,0,808,304,4,True
uniform,i2c,0,809,304,4,True
uniform,i2c,0,810,304,4,True
uniform,i2c,0,811,304,4,True
uniform,i2c,0,812,304,4,True
uniform,i2c,0,813,304,4,True
uniform,i2c,0,814,304,4,True
uniform,i2c,0,815,304,4,True
uniform,i2c,0,816,304,4,True
uniform,i2c,0,817,304,4,True
uniform,i2c,0,818,304,4,True
uniform,i2c,0,819,304,4,True
uniform,i2c,0,820,304,4,True
uniform,i2c,0,821,304,4,True
uniform,i2c,0,822,304,4,True
uniform,i2c,0,823,304,4,True
uniform,i2c,0,824,304,4,True
uniform,i2c,0,825,304,4,True
uniform,i2c,0,826,304,4,True
uniform,i2c,0,827,304,4,True
uniform,i2c,0,828,304,4,True
uniform,i2c,0,829,304,4,True
uniform,i2c,0,830,304,4,True
uniform,i2c,0,831,304,4,True
uniform,i2c,0,832,304,4,True
uniform,i2c,0,833,304,4,True
uniform,i2c,0,834,304,4,True
uniform,i2c,0,835,304,4,True
uniform,i2c,0,836,304,4,True
uniform,i2c,0,837,304,4,True
uniform,i2c,0,838,304,4,True
uniform,i2c,0,839,304,4,True
uniform,i2c,0,840,304,4,True
uniform,i2c,0,841,304,4,True
uniform,i2c,0,842,304,4,True
uniform,i2c,0,843,304,4,True
uniform,i2c,0,844,304,4,True
uniform,i2c,0,845,304,4,True
uniform,i2c,0,846,304,4,True
uniform,i2c,0,847,304,4,True
uniform,i2c,0,848,304,4,True
uniform,i2c,0,849,304,4,True
uniform,i2c,0,850,304,4,True
uniform,i2c,0,851,304,4,True
uniform,i2c,0,852,304,4,True
uniform,i2c,0,853,304,4,True
uniform,i2c,0,854,304,4,True
uniform,i2c,0,855,304,4,True
uniform,i2c,0,856,304,4,True
uniform,i2c,0,857,304,4,True
uniform,i2c,0,858,304,4,True
uniform,i2c,0,859,304,4,True
uniform,i2c,0,860,304,4,True
uniform,i2c,0,861,304,4,True
uniform,i2c,0,862,304,4,True
uniform,i2c,0,863,304,4,True
uniform,i2c,0,864,304,4,True
uniform,i2c,0,865,304,4,True
uniform,i2c,0,866,304,4,True
uniform,i2c,0,867,304,4,True
uniform,i2c,0,868,304,4,True
uniform,i2c,0,869,304,4,True
uniform,i2c,0,870,304,4,True
uniform,i2c,0,871,304,4,True
uniform,i2c,0,872,304,4,True
uniform,i2c,0,873,304,4,True
uniform,i2c,0,874,304,4,True
uniform,i2c,0,875,304,4,True
uniform,i2c,0,876,304,4,True
uniform,i2c,0,877,304,4,True
uniform,i2c,0,878,304,4,True
uniform,i2c,0,879,304,4,True
uniform,i2c,0,880,304,4,True
uniform,i2c,0,881,304,4,True
uniform,i2c,0,882,304,4,True
uniform,i2c,0,883,304,4,True
uniform,i2c,0,884,304,4,True
uniform,i2c,0,885,304,4,True
uniform,i2c,0,886,304,4,True
uniform,i2c,0,887,304,4,True
uniform,i2c,0,888,304,4,True
uniform,i2c,0,889,304,4,True
uniform,i2c,0,890,304,4,True
uniform,i2c,0,891,304,4,True
uniform,i2c,0,892,304,4,True
uniform,i2c,0,893,304,4,True
uniform,i2c,0,894,304,4,True
uniform,i2c,0,895,304,4,True
uniform,i2c,0,896,304,4,True
uniform,i2c,0,897,304,4,True
uniform,i2c,0,898,304,4,True
uniform,i2c,0,899,304,4,True
uniform,i2c,0,900,304,4,True
uniform,i2c,0,901,304,4,True
uniform,i2c,0,902,304,4,True
uniform,i2c,0,903,304,4,True
uniform,i2c,0,904,304,4,True
uniform,i2c,0,905,304,4,True
uniform,i2c,0,906,304,4,True
uniform,i2c,0,907,304,4,True
uniform,i2c,0,908,304,4,True
uniform,i2c,0,909,304,4,True
uniform,i2c,0,910,304,4,True
uniform,i2c,0,911,304,4,True
uniform,i2c,0,912,304,4,True
uniform,i2c,0,913,304,4,True
uniform,i2c,0,914,304,4,True
uniform,i2c,0,915,304,4,True
uniform,i2c,0,916,304,4,True
uniform,i2c,0,917,304,4,True
uniform,i2c,0,918,304,4,True
uniform,i2c,0,919,304,4,True
uniform,i2c,0,920,304,4,True
uniform,i2c,0,921,304,4,True
uniform,i2c,0,922,304,4,True
uniform,i2c,0,923,304,4,True
uniform,i2c,0,924,304,4,True
uniform,i2c,0,925,304,4,True
uniform,i2c,0,926,304,4,True
uniform,i2c,0,927,304,4,True
uniform,i2c,0,928,304,4,True
uniform,i2c,0,929,304,4,True
uniform,i2c,0,930,304,4,True
uniform,i2c,0,931,304,4,True
uniform,i2c,0,932,304,4,True
uniform,i2c,0,933,304,4,True
uniform,i2c,0,934,304,4,True
uniform,i2c,0,935,304,4,True
uniform,i2c,0,936,304,4,True
uniform,i2c,0,937,304,4,True
uniform,i2c,0,938,304,4,True
uniform,i2c,0,939,304,4,True
uniform,i2c,0,940,304,4,True
uniform,i2c,0,941,304,4,True
uniform,i2c,0,942,304,4,True
uniform,i2c,0,943,304,4,True
uniform,i2c,0,944,304,4,True
uniform,i2c,0,945,304,4,True
uniform,i2c,0,946,304,4,True
uniform,i2c,0,947,304,4,True
uniform,i2c,0,948,304,4,True
uniform,i2c,0,949,304,4,True
uniform,i2c,0,950,304,4,True
uniform,i2c,0,951,304,4,True
uniform,i2c,0,952,304,4,True
uniform,i2c,0,953,304,4,True
uniform,i2c,0,954,304,4,True
uniform,i2c,0,955,304,4,True
uniform,i2c,0,956,304,4,True
uniform,i2c,0,957,304,4,True
uniform,i2c,0,958,304,4,True
uniform,i2c,0,959,304,4,True
uniform,i2c,0,960,304,4,True
uniform,i2c,0,961,304,4,True
uniform,i2c,0,962,304,4,True
uniform,i2c,0,963,304,4,True
uniform,i2c,0,964,304,4,True
uniform,i2c,0,965,304,4,True
uniform,i2c,0,966,304,4,True
uniform,i2c,0,967,304,4,True
uniform,i2c,0,968,304,4,True
uniform,i2c,0,969,304,4,True
uniform,i2c,0,970,304,4,True
uniform,i2c,0,971,304,4,True
uniform,i2c,0,972,304,4,True
uniform,i2c,0,973,304,4,True
uniform,i2c,0,974,304,4,True
uniform,i2c,0,975,304,4,True
uniform,i2c,0,976,304,4,True
uniform,i2c,0,977,304,4,True
uniform,i2c,0,978,304,4,True
uniform,i2c,0,979,304,4,True
uniform,i2c,0,980,304,4,True
uniform,i2c,0,981,304,4,True
uniform,i2c,0,982,304,4,True
uniform,i2c,0,983,304,4,True
uniform,i2c,0,984,304,4,True
uniform,i2c,0,985,304,4,True
uniform,i2c,0,986,304,4,True
uniform,i2c,0,987,304,4,True
uniform,i2c,0,988,304,4,True
uniform,i2c,0,989,304,4,True
uniform,i2c,0,990,304,4,True
uniform,i2c,0,991,304,4,True
uniform,i2c,0,992,304,4,True
uniform,i2c,0,993,304,4,True
uniform,i2c,0,994,304,4,True
uniform,i2c,0,995,304,4,True
uniform,i2c,0,996,304,4,True
uniform,i2c,0,997,304,4,True
uniform,i2c,0,998,304,4,True
uniform,i2c,0,999,304,4,True
uniform,i2c,0,1000,304,4,True
uniform,i2c,1,1,354,4,True
uniform,i2c,1,2,342,4,True
uniform,i2c,1,3,342,4,True
uniform,i2c,1,4,342,4,True
uniform,i2c,1,5,342,4,True
uniform,i2c,1,6,342,4,True
uniform,i2c,1,7,342,4,True
uniform,i2c,1,8,342,4,True
uniform,i2c,1,9,340,4,True
uniform,i2c,1,10,334,4,True
uniform,i2c,1,11,334,4,True
uniform,i2c,1,12,334,4,True
uniform,i2c,1,13,334,4,True
uniform,i2c,1,14,334,4,True
uniform,i2c,1,15,334,4,True
uniform,i2c,1,16,334,4,True
uniform,i2c,1,17,333,4,True
uniform,i2c,1,18,328,4,True
uniform,i2c,1,19,326,4,True
uniform,i2c,1,20,323,4,True
uniform,i2c,1,21,323,4,True
uniform,i2c,1,22,323,4,True
uniform,i2c,1,23,323,4,True
uniform,i2c,1,24,323,4,True
uniform,i2c,1,25,323,4,True
uniform,i2c,1,26,323,4,True
uniform,i2c,1,27,321,4,True
uniform,i2c,1,28,318,4,True
uniform,i2c,1,29,315,4,True
uniform,i2c,1,30,315,4,True
uniform,i2c,1,31,315,4,True
uniform,i2c,1,32,315,4,True
uniform,i2c,1,33,315,4,True
uniform,i2c,1,34,315,4,True
uniform,i2c,1,35,315,4,True
uniform,i2c,1,36,315,4,True
uniform,i2c,1,37,315,4,True
uniform,i2c,1,38,315,4,True
uniform,i2c,1,39,315,4,True
uniform,i2c,1,40,315,4,True
uniform,i2c,1,41,315,4,True
uniform,i2c,1,42,315,4,True
uniform,i2c,1,43,315,4,True
uniform,i2c,1,44,315,4,True
uniform,i2c,1,45,315,4,True
uniform,i2c,1,46,315,4,True
uniform,i2c,1,47,315,4,True
uniform,i2c,1,48,314,4,True
uniform,i2c,1,49,313,4,True
uniform,i2c,1,50,306,4,True
uniform,i2c,1,51,306,4,True
uniform,i2c,1,52,306,4,True
uniform,i2c,1,53,306,4,True
uniform,i2c,1,54,306,4,True
uniform,i2c,1,55,306,4,True
uniform,i2c,1,56,306,4,True
uniform,i2c,1,57,306,4,True
uniform,i2c,1,58,306,4,True
uniform,i2c,1,59,306,4,True
uniform,i2c,1,60,306,4,True
uniform,i2c,1,61,306,4,True
uniform,i2c,1,62,306,4,True
uniform,i2c,1,63,306,4,True
uniform,i2c,1,64,306,4,True
uniform,i2c,1,65,306,4,True
uniform,i2c,1,66,306,4,True
uniform,i2c,1,67,306,4,True
uniform,i2c,1,68,306,4,True
uniform,i2c,1,69,306,4,True
uniform,i2c,1,70,306,4,True
uniform,i2c,1,71,306,4,True
uniform,i2c,1,72,306,4,True
uniform,i2c,1,73,306,4,True
uniform,i2c,1,74,306,4,True
uniform,i2c,1,75,306,4,True
uniform,i2c,1,76,306,4,True
uniform,i2c,1,77,306,4,True
uniform,i2c,1,78,306,4,True
uniform,i2c,1,79,306,4,True
uniform,i2c,1,80,306,4,True
uniform,i2c,1,81,306,4,True
uniform,i2c,1,82,306,4,True
uniform,i2c,1,83,306,4,True
uniform,i2c,1,84,306,4,True
uniform,i2c,1,85,306,4,True
uniform,i2c,1,86,306,4,True
uniform,i2c,1,87,306,4,True
uniform,i2c,1,88,306,4,True
uniform,i2c,1,89,306,4,True
uniform,i2c,1,90,306,4,True
uniform,i2c,1,91,306,4,True
uniform,i2c,1,92,306,4,True
uniform,i2c,1,93,306,4,True
uniform,i2c,1,94,306,4,True
uniform,i2c,1,95,306,4,True
uniform,i2c,1,96,306,4,True
uniform,i2c,1,97,306,4,True
uniform,i2c,1,98,306,4,True
uniform,i2c,1,99,306,4,True
uniform,i2c,1,100,306,4,True
uniform,i2c,1,101,306,4,True
uniform,i2c,1,102,306,4,True
uniform,i2c,1,103,306,4,True
uniform,i2c,1,104,306,4,True
uniform,i2c,1,105,306,4,True
uniform,i2c,1,106,306,4,True
uniform,i2c,1,107,306,4,True
uniform,i2c,1,108,306,4,True
uniform,i2c,1,109,306,4,True
uniform,i2c,1,110,306,4,True
uniform,i2c,1,111,306,4,True
uniform,i2c,1,112,306,4,True
uniform,i2c,1,113,306,4,True
uniform,i2c,1,114,306,4,True
uniform,i2c,1,115,306,4,True
uniform,i2c,1,116,306,4,True
uniform,i2c,1,117,306,4,True
uniform,i2c,1,118,306,4,True
uniform,i2c,1,119,306,4,True
uniform,i2c,1,120,306,4,True
uniform,i2c,1,121,306,4,True
uniform,i2c,1,122,306,4,True
uniform,i2c,1,123,306,4,True
uniform,i2c,1,124,306,4,True
uniform,i2c,1,125,306,4,True
uniform,i2c,1,126,306,4,True
uniform,i2c,1,127,306,4,True
uniform,i2c,1,128,306,4,True
uniform,i2c,1,129,306,4,True
uniform,i2c,1,130,306,4,True
uniform,i2c,1,131,306,4,True
uniform,i2c,1,132,306,4,True
uniform,i2c,1,133,306,4,True
uniform,i2c,1,134,306,4,True
uniform,i2c,1,135,306,4,True
uniform,i2c,1,136,306,4,True
uniform,i2c,1,137,306,4,True
uniform,i2c,1,138,306,4,True
uniform,i2c,1,139,306,4,True
uniform,i2c,1,140,306,4,True
uniform,i2c,1,141,306,4,True
uniform,i2c,1,142,306,4,True
uniform,i2c,1,143,306,4,True
uniform,i2c,1,144,306,4,True
uniform,i2c,1,145,306,4,True
uniform,i2c,1,146,306,4,True
uniform,i2c,1,147,306,4,True
uniform,i2c,1,148,306,4,True
uniform,i2c,1,149,306,4,True
uniform,i2c,1,150,306,4,True
uniform,i2c,1,151,306,4,True
uniform,i2c,1,152,306,4,True
uniform,i2c,1,153,306,4,True
uniform,i2c,1,154,306,4,True
uniform,i2c,1,155,306,4,True
uniform,i2c,1,156,306,4,True
uniform,i2c,1,157,306,4,True
uniform,i2c,1,158,306,4,True
uniform,i2c,1,159,306,4,True
uniform,i2c,1,160,306,4,True
uniform,i2c,1,161,306,4,True
uniform,i2c,1,162,306,4,True
uniform,i2c,1,163,306,4,True
uniform,i2c,1,164,306,4,True
uniform,i2c,1,165,306,4,True
uniform,i2c,1,166,306,4,True
uniform,i2c,1,167,306,4,True
uniform,i2c,1,168,306,4,True
uniform,i2c,1,169,306,4,True
uniform,i2c,1,170,306,4,True
uniform,i2c,1,171,306,4,True
uniform,i2c,1,172,306,4,True
uniform,i2c,1,173,306,4,True
uniform,i2c,1,174,306,4,True
uniform,i2c,1,175,306,4,True
uniform,i2c,1,176,306,4,True
uniform,i2c,1,177,306,4,True
uniform,i2c,1,178,306,4,True
uniform,i2c,1,179,306,4,True
uniform,i2c,1,180,306,4,True
uniform,i2c,1,181,306,4,True
uniform,i2c,1,182,306,4,True
uniform,i2c,1,183,306,4,True
uniform,i2c,1,184,306,4,True
uniform,i2c,1,185,306,4,True
uniform,i2c,1,186,306,4,True
uniform,i2c,1,187,306,4,True
uniform,i2c,1,188,306,4,True
uniform,i2c,1,189,306,4,True
uniform,i2c,1,190,306,4,True
uniform,i2c,1,191,306,4,True
uniform,i2c,1,192,306,4,True
uniform,i2c,1,193,306,4,True
uniform,i2c,1,194,306,4,True
uniform,i2c,1,195,306,4,True
uniform,i2c,1,196,306,4,True
uniform,i2c,1,197,306,4,True
uniform,i2c,1,198,306,4,True
uniform,i2c,1,199,306,4,True
uniform,i2c,1,200,306,4,True
uniform,i2c,1,201,306,4,True
uniform,i2c,1,202,306,4,True
uniform,i2c,1,203,306,4,True
uniform,i2c,1,204,306,4,True
uniform,i2c,1,205,306,4,True
uniform,i2c,1,206,306,4,True
uniform,i2c,1,207,306,4,True
uniform,i2c,1,208,306,4,True
uniform,i2c,1,209,306,4,True
uniform,i2c,1,210,306,4,True
uniform,i2c,1,211,306,4,True
uniform,i2c,1,212,306,4,True
uniform,i2c,1,213,306,4,True
uniform,i2c,1,214,306,4,True
uniform,i2c,1,215,306,4,True
uniform,i2c,1,216,306,4,True
uniform,i2c,1,217,306,4,True
uniform,i2c,1,218,306,4,True
uniform,i2c,1,219,306,4,True
uniform,i2c,1,220,306,4,True
uniform,i2c,1,221,306,4,True
uniform,i2c,1,222,306,4,True
uniform,i2c,1,223,306,4,True
uniform,i2c,1,224,306,4,True
uniform,i2c,1,225,306,4,True
uniform,i2c,1,226,306,4,True
uniform,i2c,1,227,306,4,True
uniform,i2c,1,228,306,4,True
uniform,i2c,1,229,306,4,True
uniform,i2c,1,230,306,4,True
uniform,i2c,1,231,306,4,True
uniform,i2c,1,232,306,4,True
uniform,i2c,1,233,306,4,True
uniform,i2c,1,234,306,4,True
uniform,i2c,1,235,306,4,True
uniform,i2c,1,236,306,4,True
uniform,i2c,1,237,306,4,True
uniform,i2c,1,238,306,4,True
uniform,i2c,1,239,306,4,True
uniform,i2c,1,240,306,4,True
uniform,i2c,1,241,306,4,True
uniform,i2c,1,242,306,4,True
uniform,i2c,1,243,306,4,True
uniform,i2c,1,244,306,4,True
uniform,i2c,1,245,306,4,True
uniform,i2c,1,246,306,4,True
uniform,i2c,1,247,306,4,True
uniform,i2c,1,248,306,4,True
uniform,i2c,1,249,306,4,True
uniform,i2c,1,250,306,4,True
uniform,i2c,1,251,306,4,True
uniform,i2c,1,252,306,4,True
uniform,i2c,1,253,306,4,True
uniform,i2c,1,254,306,4,True
uniform,i2c,1,255,306,4,True
uniform,i2c,1,256,306,4,True
uniform,i2c,1,257,306,4,True
uniform,i2c,1,258,306,4,True
uniform,i2c,1,259,306,4,True
uniform,i2c,1,260,306,4,True
uniform,i2c,1,261,306,4,True
uniform,i2c,1,262,306,4,True
uniform,i2c,1,263,306,4,True
uniform,i2c,1,264,306,4,True
uniform,i2c,1,265,306,4,True
uniform,i2c,1,266,306,4,True
uniform,i2c,1,267,306,4,True
uniform,i2c,1,268,306,4,True
uniform,i2c,1,269,306,4,True
uniform,i2c,1,270,306,4,True
uniform,i2c,1,271,306,4,True
uniform,i2c,1,272,306,4,True
uniform,i2c,1,273,306,4,True
uniform,i2c,1,274,306,4,True
uniform,i2c,1,275,306,4,True
uniform,i2c,1,276,306,4,True
uniform,i2c,1,277,306,4,True
uniform,i2c,1,278,306,4,True
uniform,i2c,1,279,306,4,True
uniform,i2c,1,280,306,4,True
uniform,i2c,1,281,306,4,True
uniform,i2c,1,282,306,4,True
uniform,i2c,1,283,306,4,True
uniform,i2c,1,284,306,4,True
uniform,i2c,1,285,306,4,True
uniform,i2c,1,286,306,4,True
uniform,i2c,1,287,306,4,True
uniform,i2c,1,288,306,4,True
uniform,i2c,1,289,306,4,True
uniform,i2c,1,290,306,4,True
uniform,i2c,1,291,306,4,True
uniform,i2c,1,292,306,4,True
uniform,i2c,1,293,306,4,True
uniform,i2c,1,294,306,4,True
uniform,i2c,1,295,306,4,True
uniform,i2c,1,296,306,4,True
uniform,i2c,1,297,306,4,True
uniform,i2c,1,298,306,4,True
uniform,i2c,1,299,306,4,True
uniform,i2c,1,300,306,4,True
uniform,i2c,1,301,306,4,True
uniform,i2c,1,302,306,4,True
uniform,i2c,1,303,306,4,True
uniform,i2c,1,304,306,4,True
uniform,i2c,1,305,306,4,True
uniform,i2c,1,306,306,4,True
uniform,i2c,1,307,306,4,True
uniform,i2c,1,308,306,4,True
uniform,i2c,1,309,306,4,True
uniform,i2c,1,310,306,4,True
uniform,i2c,1,311,306,4,True
uniform,i2c,1,312,306,4,True
uniform,i2c,1,313,306,4,True
uniform,i2c,1,314,306,4,True
uniform,i2c,1,315,306,4,True
uniform,i2c,1,316,306,4,True
uniform,i2c,1,317,306,4,True
uniform,i2c,1,318,306,4,True
uniform,i2c,1,319,306,4,True
uniform,i2c,1,320,306,4,True
uniform,i2c,1,321,306,4,True
uniform,i2c,1,322,306,4,True
uniform,i2c,1,323,306,4,True
uniform,i2c,1,324,306,4,True
uniform,i2c,1,325,306,4,True
uniform,i2c,1,326,306,4,True
uniform,i2c,1,327,306,4,True
uniform,i2c,1,328,306,4,True
uniform,i2c,1,329,306,4,True
uniform,i2c,1,330,306,4,True
uniform,i2c,1,331,306,4,True
uniform,i2c,1,332,306,4,True
uniform,i2c,1,333,306,4,True
uniform,i2c,1,334,306,4,True
uniform,i2c,1,335,306,4,True
uniform,i2c,1,336,306,4,True
uniform,i2c,1,337,306,4,True
uniform,i2c,1,338,306,4,True
uniform,i2c,1,339,306,4,True
uniform,i2c,1,340,306,4,True
uniform,i2c,1,341,306,4,True
uniform,i2c,1,342,306,4,True
uniform,i2c,1,343,306,4,True
uniform,i2c,1,344,306,4,True
uniform,i2c,1,345,306,4,True
uniform,i2c,1,346,306,4,True
uniform,i2c,1,347,306,4,True
uniform,i2c,1,348,306,4,True
uniform,i2c,1,349,306,4,True
uniform,i2c,1,350,306,4,True
uniform,i2c,1,351,306,4,True
uniform,i2c,1,352,306,4,True
uniform,i2c,1,353,306,4,True
uniform,i2c,1,354,306,4,True
uniform,i2c,1,355,306,4,True
uniform,i2c,1,356,306,4,True
uniform,i2c,1,357,306,4,True
uniform,i2c,1,358,306,4,True
uniform,i2c,1,359,306,4,True
uniform,i2c,1,360,306,4,True
uniform,i2c,1,361,306,4,True
uniform,i2c,1,362,306,4,True
uniform,i2c,1,363,306,4,True
uniform,i2c,1,364,306,4,True
uniform,i2c,1,365,306,4,True
uniform,i2c,1,366,306,4,True
uniform,i2c,1,367,306,4,True
uniform,i2c,1,368,306,4,True
uniform,i2c,1,369,306,4,True
uniform,i2c,1,370,306,4,True
uniform,i2c,1,371,306,4,True
uniform,i2c,1,372,306,4,True
uniform,i2c,1,373,306,4,True
uniform,i2c,1,374,306,4,True
uniform,i2c,1,375,306,4,True
uniform,i2c,1,376,306,4,True
uniform,i2c,1,377,306,4,True
uniform,i2c,1,378,306,4,True
uniform,i2c,1,379,306,4,True
uniform,i2c,1,380,306,4,True
uniform,i2c,1,381,306,4,True
uniform,i2c,1,382,306,4,True
uniform,i2c,1,383,306,4,True
uniform,i2c,1,384,306,4,True
uniform,i2c,1,385,306,4,True
uniform,i2c,1,386,306,4,True
uniform,i2c,1,387,306,4,True
uniform,i2c,1,388,306,4,True
uniform,i2c,1,389,306,4,True
uniform,i2c,1,390,306,4,True
uniform,i2c,1,391,306,4,True
uniform,i2c,1,392,306,4,True
uniform,i2c,1,393,306,4,True
uniform,i2c,1,394,306,4,True
uniform,i2c,1,395,306,4,True
uniform,i2c,1,396,306,4,True
uniform,i2c,1,397,306,4,True
uniform,i2c,1,398,306,4,True
uniform,i2c,1,399,306,4,True
uniform,i2c,1,400,306,4,True
uniform,i2c,1,401,306,4,True
uniform,i2c,1,402,306,4,True
uniform,i2c,1,403,306,4,True
uniform,i2c,1,404,306,4,True
uniform,i2c,1,405,306,4,True
uniform,i2c,1,406,306,4,True
uniform,i2c,1,407,306,4,True
uniform,i2c,1,408,306,4,True
uniform,i2c,1,409,306,4,True
uniform,i2c,1,410,306,4,True
uniform,i2c,1,411,306,4,True
uniform,i2c,1,412,306,4,True
uniform,i2c,1,413,306,4,True
uniform,i2c,1,414,306,4,True
uniform,i2c,1,415,306,4,True
uniform,i2c,1,416,306,4,True
uniform,i2c,1,417,306,4,True
uniform,i2c,1,418,306,4,True
uniform,i2c,1,419,306,4,True
uniform,i2c,1,420,306,4,True
uniform,i2c,1,421,306,4,True
uniform,i2c,1,422,306,4,True
uniform,i2c,1,423,306,4,True
uniform,i2c,1,424,306,4,True
uniform,i2c,1,425,306,4,True
uniform,i2c,1,426,306,4,True
uniform,i2c,1,427,306,4,True
uniform,i2c,1,428,306,4,True
uniform,i2c,1,429,306,4,True
uniform,i2c,1,430,306,4,True
uniform,i2c,1,431,306,4,True
uniform,i2c,1,432,306,4,True
uniform,i2c,1,433,306,4,True
uniform,i2c,1,434,306,4,True
uniform,i2c,1,435,306,4,True
uniform,i2c,1,436,306,4,True
uniform,i2c,1,437,306,4,True
uniform,i2c,1,438,306,4,True
uniform,i2c,1,439,306,4,True
uniform,i2c,1,440,306,4,True
uniform,i2c,1,441,306,4,True
uniform,i2c,1,442,306,4,True
uniform,i2c,1,443,306,4,True
uniform,i2c,1,444,306,4,True
uniform,i2c,1,445,306,4,True
uniform,i2c,1,446,306,4,True
uniform,i2c,1,447,306,4,True
uniform,i2c,1,448,306,4,True
uniform,i2c,1,449,306,4,True
uniform,i2c,1,450,306,4,True
uniform,i2c,1,451,306,4,True
uniform,i2c,1,452,306,4,True
uniform,i2c,1,453,306,4,True
uniform,i2c,1,454,306,4,True
uniform,i2c,1,455,306,4,True
uniform,i2c,1,456,306,4,True
uniform,i2c,1,457,306,4,True
uniform,i2c,1,458,306,4,True
uniform,i2c,1,459,306,4,True
uniform,i2c,1,460,306,4,True
uniform,i2c,1,461,306,4,True
uniform,i2c,1,462,306,4,True
uniform,i2c,1,463,306,4,True
uniform,i2c,1,464,306,4,True
uniform,i2c,1,465,306,4,True
uniform,i2c,1,466,306,4,True
uniform,i2c,1,467,306,4,True
uniform,i2c,1,468,306,4,True
uniform,i2c,1,469,306,4,True
uniform,i2c,1,470,306,4,True
uniform,i2c,1,471,306,4,True
uniform,i2c,1,472,306,4,True
uniform,i2c,1,473,306,4,True
uniform,i2c,1,474,306,4,True
uniform,i2c,1,475,306,4,True
uniform,i2c,1,476,306,4,True
uniform,i2c,1,477,306,4,True
uniform,i2c,1,478,306,4,True
uniform,i2c,1,479,306,4,True
uniform,i2c,1,480,306,4,True
uniform,i2c,1,481,306,4,True
uniform,i2c,1,482,306,4,True
uniform,i2c,1,483,306,4,True
uniform,i2c,1,484,306,4,True
uniform,i2c,1,485,306,4,True
uniform,i2c,1,486,306,4,True
uniform,i2c,1,487,306,4,True
uniform,i2c,1,488,306,4,True
uniform,i2c,1,489,306,4,True
uniform,i2c,1,490,306,4,True
uniform,i2c,1,491,306,4,True
uniform,i2c,1,492,306,4,True
uniform,i2c,1,493,306,4,True
uniform,i2c,1,494,306,4,True
uniform,i2c,1,495,306,4,True
uniform,i2c,1,496,306,4,True
uniform,i2c,1,497,306,4,True
uniform,i2c,1,498,306,4,True
uniform,i2c,1,499,306,4,True
uniform,i2c,1,500,306,4,True
uniform,i2c,1,501,306,4,True
uniform,i2c,1,502,306,4,True
uniform,i2c,1,503,306,4,True
uniform,i2c,1,504,306,4,True
uniform,i2c,1,505,306,4,True
uniform,i2c,1,506,306,4,True
uniform,i2c,1,507,306,4,True
uniform,i2c,1,508,306,4,True
uniform,i2c,1,509,306,4,True
uniform,i2c,1,510,306,4,True
uniform,i2c,1,511,306,4,True
uniform,i2c,1,512,306,4,True
uniform,i2c,1,513,306,4,True
uniform,i2c,1,514,306,4,True
uniform,i2c,1,515,306,4,True
uniform,i2c,1,516,306,4,True
uniform,i2c,1,517,306,4,True
uniform,i2c,1,518,306,4,True
uniform,i2c,1,519,306,4,True
uniform,i2c,1,520,306,4,True
uniform,i2c,1,521,306,4,True
uniform,i2c,1,522,306,4,True
uniform,i2c,1,523,306,4,True
uniform,i2c,1,524,306,4,True
uniform,i2c,1,525,306,4,True
uniform,i2c,1,526,306,4,True
uniform,i2c,1,527,306,4,True
uniform,i2c,1,528,306,4,True
uniform,i2c,1,529,306,4,True
uniform,i2c,1,530,306,4,True
uniform,i2c,1,531,306,4,True
uniform,i2c,1,532,306,4,True
uniform,i2c,1,533,306,4,True
uniform,i2c,1,534,306,4,True
uniform,i2c,1,535,306,4,True
uniform,i2c,1,536,306,4,True
uniform,i2c,1,537,306,4,True
uniform,i2c,1,538,306,4,True
uniform,i2c,1,539,306,4,True
uniform,i2c,1,540,306,4,True
uniform,i2c,1,541,306,4,True
uniform,i2c,1,542,306,4,True
uniform,i2c,1,543,306,4,True
uniform,i2c,1,544,306,4,True
uniform,i2c,1,545,306,4,True
uniform,i2c,1,546,306,4,True
uniform,i2c,1,547,306,4,True
uniform,i2c,1,548,306,4,True
uniform,i2c,1,549,306,4,True
uniform,i2c,1,550,306,4,True
uniform,i2c,1,551,306,4,True
uniform,i2c,1,552,306,4,True
uniform,i2c,1,553,306,4,True
uniform,i2c,1,554,306,4,True
uniform,i2c,1,555,306,4,True
uniform,i2c,1,556,306,4,True
uniform,i2c,1,557,306,4,True
uniform,i2c,1,558,306,4,True
uniform,i2c,1,559,306,4,True
uniform,i2c,1,560,306,4,True
uniform,i2c,1,561,306,4,True
uniform,i2c,1,562,306,4,True
uniform,i2c,1,563,306,4,True
uniform,i2c,1,564,306,4,True
uniform,i2c,1,565,306,4,True
uniform,i2c,1,566,306,4,True
uniform,i2c,1,567,306,4,True
uniform,i2c,1,568,306,4,True
uniform,i2c,1,569,306,4,True
uniform,i2c,1,570,306,4,True
uniform,i2c,1,571,306,4,True
uniform,i2c,1,572,306,4,True
uniform,i2c,1,573,306,4,True
uniform,i2c,1,574,306,4,True
uniform,i2c,1,575,306,4,True
uniform,i2c,1,576,306,4,True
uniform,i2c,1,577,306,4,True
uniform,i2c,1,578,306,4,True
uniform,i2c,1,579,306,4,True
uniform,i2c,1,580,306,4,True
uniform,i2c,1,581,306,4,True
uniform,i2c,1,582,306,4,True
uniform,i2c,1,583,306,4,True
uniform,i2c,1,584,306,4,True
uniform,i2c,1,585,306,4,True
uniform,i2c,1,586,306,4,True
uniform,i2c,1,587,306,4,True
uniform,i2c,1,588,306,4,True
uniform,i2c,1,589,306,4,True
uniform,i2c,1,590,306,4,True
uniform,i2c,1,591,306,4,True
uniform,i2c,1,592,306,4,True
uniform,i2c,1,593,306,4,True
uniform,i2c,1,594,306,4,True
uniform,i2c,1,595,306,4,True
uniform,i2c,1,596,306,4,True
uniform,i2c,1,597,306,4,True
uniform,i2c,1,598,306,4,True
uniform,i2c,1,599,306,4,True
uniform,i2c,1,600,306,4,True
uniform,i2c,1,601,306,4,True
uniform,i2c,1,602,306,4,True
uniform,i2c,1,603,306,4,True
uniform,i2c,1,604,306,4,True
uniform,i2c,1,605,306,4,True
uniform,i2c,1,606,306,4,True
uniform,i2c,1,607,306,4,True
uniform,i2c,1,608,306,4,True
uniform,i2c,1,609,305,4,True
uniform,i2c,1,610,304,4,True
uniform,i2c,1,611,304,4,True
uniform,i2c,1,612,304,4,True
uniform,i2c,1,613,304,4,True
uniform,i2c,1,614,304,4,True
uniform,i2c,1,615,304,4,True
uniform,i2c,1,616,304,4,True
uniform,i2c,1,617,304,4,True
uniform,i2c,1,618,304,4,True
uniform,i2c,1,619,304,4,True
uniform,i2c,1,620,304,4,True
uniform,i2c,1,621,304,4,True
uniform,i2c,1,622,304,4,True
uniform,i2c,1,623,304,4,True
uniform,i2c,1,624,304,4,True
uniform,i2c,1,625,304,4,True
uniform,i2c,1,626,304,4,True
uniform,i2c,1,627,304,4,True
uniform,i2c,1,628,304,4,True
uniform,i2c,1,629,304,4,True
uniform,i2c,1,630,304,4,True
uniform,i2c,1,631,304,4,True
uniform,i2c,1,632,304,4,True
uniform,i2c,1,633,304,4,True
uniform,i2c,1,634,304,4,True
uniform,i2c,1,635,304,4,True
uniform,i2c,1,636,304,4,True
uniform,i2c,1,637,304,4,True
uniform,i2c,1,638,304,4,True
uniform,i2c,1,639,304,4,True
uniform,i2c,1,640,304,4,True
uniform,i2c,1,641,304,4,True
uniform,i2c,1,642,304,4,True
uniform,i2c,1,643,304,4,True
uniform,i2c,1,644,304,4,True
uniform,i2c,1,645,304,4,True
uniform,i2c,1,646,304,4,True
uniform,i2c,1,647,304,4,True
uniform,i2c,1,648,304,4,True
uniform,i2c,1,649,304,4,True
uniform,i2c,1,650,304,4,True
uniform,i2c,1,651,304,4,True
uniform,i2c,1,652,304,4,True
uniform,i2c,1,653,304,4,True
uniform,i2c,1,654,304,4,True
uniform,i2c,1,655,304,4,True
uniform,i2c,1,656,304,4,True
uniform,i2c,1,657,304,4,True
uniform,i2c,1,658,304,4,True
uniform,i2c,1,659,304,4,True
uniform,i2c,1,660,304,4,True
uniform,i2c,1,661,304,4,True
uniform,i2c,1,662,304,4,True
uniform,i2c,1,663,304,4,True
uniform,i2c,1,664,304,4,True
uniform,i2c,1,665,304,4,True
uniform,i2c,1,666,304,4,True
uniform,i2c,1,667,304,4,True
uniform,i2c,1,668,304,4,True
uniform,i2c,1,669,304,4,True
uniform,i2c,1,670,304,4,True
uniform,i2c,1,671,304,4,True
uniform,i2c,1,672,304,4,True
uniform,i2c,1,673,304,4,True
uniform,i2c,1,674,304,4,True
uniform,i2c,1,675,304,4,True
uniform,i2c,1,676,304,4,True
uniform,i2c,1,677,304,4,True
uniform,i2c,1,678,304,4,True
uniform,i2c,1,679,304,4,True
uniform,i2c,1,680,304,4,True
uniform,i2c,1,681,304,4,True
uniform,i2c,1,682,304,4,True
uniform,i2c,1,683,304,4,True
uniform,i2c,1,684,304,4,True
uniform,i2c,1,685,304,4,True
uniform,i2c,1,686,304,4,True
uniform,i2c,1,687,304,4,True
uniform,i2c,1,688,304,4,True
uniform,i2c,1,689,304,4,True
uniform,i2c,1,690,304,4,True
uniform,i2c,1,691,304,4,True
uniform,i2c,1,692,304,4,True
uniform,i2c,1,693,304,4,True
uniform,i2c,1,694,304,4,True
uniform,i2c,1,695,304,4,True
uniform,i2c,1,696,304,4,True
uniform,i2c,1,697,304,4,True
uniform,i2c,1,698,304,4,True
uniform,i2c,1,699,304,4,True
uniform,i2c,1,700,304,4,True
uniform,i2c,1,701,304,4,True
uniform,i2c,1,702,304,4,True
uniform,i2c,1,703,304,4,True
uniform,i2c,1,704,304,4,True
uniform,i2c,1,705,304,4,True
uniform,i2c,1,706,304,4,True
uniform,i2c,1,707,304,4,True
uniform,i2c,1,708,304,4,True
uniform,i2c,1,709,304,4,True
uniform,i2c,1,710,304,4,True
uniform,i2c,1,711,304,4,True
uniform,i2c,1,712,304,4,True
uniform,i2c,1,713,304,4,True
uniform,i2c,1,714,304,4,True
uniform,i2c,1,715,304,4,True
uniform,i2c,1,716,304,4,True
uniform,i2c,1,717,304,4,True
uniform,i2c,1,718,304,4,True
uniform,i2c,1,719,304,4,True
uniform,i2c,1,720,304,4,True
uniform,i2c,1,721,304,4,True
uniform,i2c,1,722,304,4,True
uniform,i2c,1,723,304,4,True
uniform,i2c,1,724,304,4,True
uniform,i2c,1,725,304,4,True
uniform,i2c,1,726,304,4,True
uniform,i2c,1,727,304,4,True
uniform,i2c,1,728,304,4,True
uniform,i2c,1,729,304,4,True
uniform,i2c,1,730,304,4,True
uniform,i2c,1,731,304,4,True
uniform,i2c,1,732,304,4,True
uniform,i2c,1,733,304,4,True
uniform,i2c,1,734,304,4,True
uniform,i2c,1,735,304,4,True
uniform,i2c,1,736,304,4,True
uniform,i2c,1,737,304,4,True
uniform,i2c,1,738,304,4,True
uniform,i2c,1,739,304,4,True
uniform,i2c,1,740,304,4,True
uniform,i2c,1,741,304,4,True
uniform,i2c,1,742,304,4,True
uniform,i2c,1,743,304,4,True
uniform,i2c,1,744,304,4,True
uniform,i2c,1,745,304,4,True
uniform,i2c,1,746,304,4,True
uniform,i2c,1,747,304,4,True
uniform,i2c,1,748,304,4,True
uniform,i2c,1,749,304,4,True
uniform,i2c,1,750,304,4,True
uniform,i2c,1,751,304,4,True
uniform,i2c,1,752,304,4,True
uniform,i2c,1,753,304,4,True
uniform,i2c,1,754,304,4,True
uniform,i2c,1,755,304,4,True
uniform,i2c,1,756,304,4,True
uniform,i2c,1,757,304,4,True
uniform,i2c,1,758,304,4,True
uniform,i2c,1,759,304,4,True
uniform,i2c,1,760,304,4,True
uniform,i2c,1,761,304,4,True
uniform,i2c,1,762,304,4,True
uniform,i2c,1,763,304,4,True
uniform,i2c,1,764,304,4,True
uniform,i2c,1,765,304,4,True
uniform,i2c,1,766,304,4,True
uniform,i2c,1,767,304,4,True
uniform,i2c,1,768,304,4,True
uniform,i2c,1,769,304,4,True
uniform,i2c,1,770,304,4,True
uniform,i2c,1,771,304,4,True
uniform,i2c,1,772,304,4,True
uniform,i2c,1,773,304,4,True
uniform,i2c,1,774,304,4,True
uniform,i2c,1,775,304,4,True
uniform,i2c,1,776,304,4,True
uniform,i2c,1,777,304,4,True
uniform,i2c,1,778,304,4,True
uniform,i2c,1,779,304,4,True
uniform,i2c,1,780,304,4,True
uniform,i2c,1,781,304,4,True
uniform,i2c,1,782,304,4,True
uniform,i2c,1,783,304,4,True
uniform,i2c,1,784,304,4,True
uniform,i2c,1,785,304,4,True
uniform,i2c,1,786,304,4,True
uniform,i2c,1,787,304,4,True
uniform,i2c,1,788,304,4,True
uniform,i2c,1,789,304,4,True
uniform,i2c,1,790,304,4,True
uniform,i2c,1,791,304,4,True
uniform,i2c,1,792,304,4,True
uniform,i2c,1,793,304,4,True
uniform,i2c,1,794,304,4,True
uniform,i2c,1,795,304,4,True
uniform,i2c,1,796,304,4,True
uniform,i2c,1,797,304,4,True
uniform,i2c,1,798,304,4,True
uniform,i2c,1,799,304,4,True
uniform,i2c,1,800,304,4,True
uniform,i2c,1,801,304,4,True
uniform,i2c,1,802,304,4,True
uniform,i2c,1,803,304,4,True
uniform,i2c,1,804,304,4,True
uniform,i2c,1,805,304,4,True
uniform,i2c,1,806,304,4,True
uniform,i2c,1,807,304,4,True
uniform,i2c,1,808,304,4,True
uniform,i2c,1,809,304,4,True
uniform,i2c,1,810,304,4,True
uniform,i2c,1,811,304,4,True
uniform,i2c,1,812,304,4,True
uniform,i2c,1,813,304,4,True
uniform,i2c,1,814,304,4,True
uniform,i2c,1,815,304,4,True
uniform,i2c,1,816,304,4,True
uniform,i2c,1,817,304,4,True
uniform,i2c,1,818,304,4,True
uniform,i2c,1,819,304,4,True
uniform,i2c,1,820,304,4,True
uniform,i2c,1,821,304,4,True
uniform,i2c,1,822,304,4,True
uniform,i2c,1,823,304,4,True
uniform,i2c,1,824,304,4,True
uniform,i2c,1,825,304,4,True
uniform,i2c,1,826,304,4,True
uniform,i2c,1,827,304,4,True
uniform,i2c,1,828,304,4,True
uniform,i2c,1,829,304,4,True
uniform,i2c,1,830,304,4,True
uniform,i2c,1,831,304,4,True
uniform,i2c,1,832,304,4,True
uniform,i2c,1,833,304,4,True
uniform,i2c,1,834,304,4,True
uniform,i2c,1,835,304,4,True
uniform,i2c,1,836,304,4,True
uniform,i2c,1,837,304,4,True
uniform,i2c,1,838,304,4,True
uniform,i2c,1,839,304,4,True
uniform,i2c,1,840,304,4,True
uniform,i2c,1,841,304,4,True
uniform,i2c,1,842,304,4,True
uniform,i2c,1,843,304,4,True
uniform,i2c,1,844,304,4,True
uniform,i2c,1,845,304,4,True
uniform,i2c,1,846,304,4,True
uniform,i2c,1,847,304,4,True
uniform,i2c,1,848,304,4,True
uniform,i2c,1,849,304,4,True
uniform,i2c,1,850,304,4,True
uniform,i2c,1,851,304,4,True
uniform,i2c,1,852,304,4,True
uniform,i2c,1,853,304,4,True
uniform,i2c,1,854,304,4,True
uniform,i2c,1,855,304,4,True
uniform,i2c,1,856,304,4,True
uniform,i2c,1,857,304,4,True
uniform,i2c,1,858,304,4,True
uniform,i2c,1,859,304,4,True
uniform,i2c,1,860,304,4,True
uniform,i2c,1,861,304,4,True
uniform,i2c,1,862,304,4,True
uniform,i2c,1,863,304,4,True
uniform,i2c,1,864,304,4,True
uniform,i2c,1,865,304,4,True
uniform,i2c,1,866,304,4,True
uniform,i2c,1,867,304,4,True
uniform,i2c,1,868,304,4,True
uniform,i2c,1,869,304,4,True
uniform,i2c,1,870,304,4,True
uniform,i2c,1,871,304,4,True
uniform,i2c,1,872,304,4,True
uniform,i2c,1,873,304,4,True
uniform,i2c,1,874,304,4,True
uniform,i2c,1,875,304,4,True
uniform,i2c,1,876,304,4,True
uniform,i2c,1,877,304,4,True
uniform,i2c,1,878,304,4,True
uniform,i2c,1,879,304,4,True
uniform,i2c,1,880,304,4,True
uniform,i2c,1,881,304,4,True
uniform,i2c,1,882,304,4,True
uniform,i2c,1,883,304,4,True
uniform,i2c,1,884,304,4,True
uniform,i2c,1,885,304,4,True
uniform,i2c,1,886,304,4,True
uniform,i2c,1,887,304,4,True
uniform,i2c,1,888,304,4,True
uniform,i2c,1,889,304,4,True
uniform,i2c,1,890,304,4,True
uniform,i2c,1,891,304,4,True
uniform,i2c,1,892,304,4,True
uniform,i2c,1,893,304,4,True
uniform,i2c,1,894,304,4,True
uniform,i2c,1,895,304,4,True
uniform,i2c,1,896,304,4,True
uniform,i2c,1,897,304,4,True
uniform,i2c,1,898,304,4,True
uniform,i2c,1,899,304,4,True
uniform,i2c,1,900,304,4,True
uniform,i2c,1,901,304,4,True
uniform,i2c,1,902,304,4,True
uniform,i2c,1,903,304,4,True
uniform,i2c,1,904,304,4,True
uniform,i2c,1,905,304,4,True
uniform,i2c,1,906,304,4,True
uniform,i2c,1,907,304,4,True
uniform,i2c,1,908,304,4,True
uniform,i2c,1,909,304,4,True
uniform,i2c,1,910,304,4,True
uniform,i2c,1,911,304,4,True
uniform,i2c,1,912,304,4,True
uniform,i2c,1,913,304,4,True
uniform,i2c,1,914,304,4,True
uniform,i2c,1,915,304,4,True
uniform,i2c,1,916,304,4,True
uniform,i2c,1,917,304,4,True
uniform,i2c,1,918,304,4,True
uniform,i2c,1,919,304,4,True
uniform,i2c,1,920,304,4,True
uniform,i2c,1,921,304,4,True
uniform,i2c,1,922,304,4,True
uniform,i2c,1,923,304,4,True
uniform,i2c,1,924,304,4,True
uniform,i2c,1,925,304,4,True
uniform,i2c,1,926,304,4,True
uniform,i2c,1,927,304,4,True
uniform,i2c,1,928,304,4,True
uniform,i2c,1,929,304,4,True
uniform,i2c,1,930,304,4,True
uniform,i2c,1,931,304,4,True
uniform,i2c,1,932,304,4,True
uniform,i2c,1,933,304,4,True
uniform,i2c,1,934,304,4,True
uniform,i2c,1,935,304,4,True
uniform,i2c,1,936,304,4,True
uniform,i2c,1,937,304,4,True
uniform,i2c,1,938,304,4,True
uniform,i2c,1,939,304,4,True
uniform,i2c,1,940,304,4,True
uniform,i2c,1,941,304,4,True
uniform,i2c,1,942,304,4,True
uniform,i2c,1,943,304,4,True
uniform,i2c,1,944,304,4,True
uniform,i2c,1,945,304,4,True
uniform,i2c,1,946,304,4,True
uniform,i2c,1,947,304,4,True
uniform,i2c,1,948,304,4,True
uniform,i2c,1,949,304,4,True
uniform,i2c,1,950,304,4,True
uniform,i2c,1,951,304,4,True
uniform,i2c,1,952,304,4,True
uniform,i2c,1,953,304,4,True
uniform,i2c,1,954,304,4,True
uniform,i2c,1,955,304,4,True
uniform,i2c,1,956,304,4,True
uniform,i2c,1,957,304,4,True
uniform,i2c,1,958,304,4,True
uniform,i2c,1,959,304,4,True
uniform,i2c,1,960,304,4,True
uniform,i2c,1,961,304,4,True
uniform,i2c,1,962,304,4,True
uniform,i2c,1,963,304,4,True
uniform,i2c,1,964,304,4,True
uniform,i2c,1,965,304,4,True
uniform,i2c,1,966,304,4,True
uniform,i2c,1,967,304,4,True
uniform,i2c,1,968,304,4,True
uniform,i2c,1,969,304,4,True
uniform,i2c,1,970,304,4,True
uniform,i2c,1,971,304,4,True
uniform,i2c,1,972,304,4,True
uniform,i2c,1,973,304,4,True
uniform,i2c,1,974,304,4,True
uniform,i2c,1,975,304,4,True
uniform,i2c,1,976,304,4,True
uniform,i2c,1,977,304,4,True
uniform,i2c,1,978,304,4,True
uniform,i2c,1,979,304,4,True
uniform,i2c,1,980,304,4,True
uniform,i2c,1,981,304,4,True
uniform,i2c,1,982,304,4,True
uniform,i2c,1,983,304,4,True
uniform,i2c,1,984,304,4,True
uniform,i2c,1,985,304,4,True
uniform,i2c,1,986,304,4,True
uniform,i2c,1,987,304,4,True
uniform,i2c,1,988,304,4,True
uniform,i2c,1,989,304,4,True
uniform,i2c,1,990,304,4,True
uniform,i2c,1,991,304,4,True
uniform,i2c,1,992,304,4,True
uniform,i2c,1,993,304,4,True
uniform,i2c,1,994,304,4,True
uniform,i2c,1,995,304,4,True
uniform,i2c,1,996,304,4,True
uniform,i2c,1,997,304,4,True
uniform,i2c,1,998,304,4,True
uniform,i2c,1,999,304,4,True
uniform,i2c,1,1000,304,4,True
uniform,i2c,2,1,340,4,True
uniform,i2c,2,2,340,4,True
uniform,i2c,2,3,332,4,True
uniform,i2c,2,4,331,4,True
uniform,i2c,2,5,331,4,True
uniform,i2c,2,6,327,4,True
uniform,i2c,2,7,327,4,True
uniform,i2c,2,8,327,4,True
uniform,i2c,2,9,323,4,True
uniform,i2c,2,10,323,4,True
uniform,i2c,2,11,323,4,True
uniform,i2c,2,12,323,4,True
uniform,i2c,2,13,323,4,True
uniform,i2c,2,14,323,4,True
uniform,i2c,2,15,323,4,True
uniform,i2c,2,16,323,4,True
uniform,i2c,2,17,320,4,True
uniform,i2c,2,18,318,4,True
uniform,i2c,2,19,316,4,True
uniform,i2c,2,20,316,4,True
uniform,i2c,2,21,316,4,True
uniform,i2c,2,22,316,4,True
uniform,i2c,2,23,316,4,True
uniform,i2c,2,24,316,4,True
uniform,i2c,2,25,316,4,True
uniform,i2c,2,26,316,4,True
uniform,i2c,2,27,316,4,True
uniform,i2c,2,28,316,4,True
uniform,i2c,2,29,316,4,True
uniform,i2c,2,30,316,4,True
uniform,i2c,2,31,316,4,True
uniform,i2c,2,32,316,4,True
uniform,i2c,2,33,316,4,True
uniform,i2c,2,34,316,4,True
uniform,i2c,2,35,316,4,True
uniform,i2c,2,36,316,4,True
uniform,i2c,2,37,316,4,True
uniform,i2c,2,38,315,4,True
uniform,i2c,2,39,315,4,True
uniform,i2c,2,40,315,4,True
uniform,i2c,2,41,315,4,True
uniform,i2c,2,42,315,4,True
uniform,i2c,2,43,315,4,True
uniform,i2c,2,44,315,4,True
uniform,i2c,2,45,315,4,True
uniform,i2c,2,46,315,4,True
uniform,i2c,2,47,315,4,True
uniform,i2c,2,48,315,4,True
uniform,i2c,2,49,315,4,True
uniform,i2c,2,50,315,4,True
uniform,i2c,2,51,315,4,True
uniform,i2c,2,52,315,4,True
uniform,i2c,2,53,315,4,True
uniform,i2c,2,54,315,4,True
uniform,i2c,2,55,315,4,True
uniform,i2c,2,56,315,4,True
uniform,i2c,2,57,315,4,True
uniform,i2c,2,58,315,4,True
uniform,i2c,2,59,315,4,True
uniform,i2c,2,60,315,4,True
uniform,i2c,2,61,315,4,True
uniform,i2c,2,62,315,4,True
uniform,i2c,2,63,315,4,True
uniform,i2c,2,64,315,4,True
uniform,i2c,2,65,315,4,True
uniform,i2c,2,66,315,4,True
uniform,i2c,2,67,315,4,True
uniform,i2c,2,68,315,4,True
uniform,i2c,2,69,315,4,True
uniform,i2c,2,70,315,4,True
uniform,i2c,2,71,315,4,True
uniform,i2c,2,72,315,4,True
uniform,i2c,2,73,315,4,True
uniform,i2c,2,74,315,4,True
uniform,i2c,2,75,315,4,True
uniform,i2c,2,76,315,4,True
uniform,i2c,2,77,315,4,True
uniform,i2c,2,78,315,4,True
uniform,i2c,2,79,315,4,True
uniform,i2c,2,80,315,4,True
uniform,i2c,2,81,315,4,True
uniform,i2c,2,82,315,4,True
uniform,i2c,2,83,315,4,True
uniform,i2c,2,84,315,4,True
uniform,i2c,2,85,315,4,True
uniform,i2c,2,86,315,4,True
uniform,i2c,2,87,315,4,True
uniform,i2c,2,88,315,4,True
uniform,i2c,2,89,315,4,True
uniform,i2c,2,90,315,4,True
uniform,i2c,2,91,315,4,True
uniform,i2c,2,92,315,4,True
uniform,i2c,2,93,315,4,True
uniform,i2c,2,94,315,4,True
uniform,i2c,2,95,315,4,True
uniform,i2c,2,96,315,4,True
uniform,i2c,2,97,315,4,True
uniform,i2c,2,98,315,4,True
uniform,i2c,2,99,315,4,True
uniform,i2c,2,100,315,4,True
uniform,i2c,2,101,315,4,True
uniform,i2c,2,102,315,4,True
uniform,i2c,2,103,315,4,True
uniform,i2c,2,104,315,4,True
uniform,i2c,2,105,315,4,True
uniform,i2c,2,106,315,4,True
uniform,i2c,2,107,315,4,True
uniform,i2c,2,108,315,4,True
uniform,i2c,2,109,315,4,True
uniform,i2c,2,110,315,4,True
uniform,i2c,2,111,315,4,True
uniform,i2c,2,112,315,4,True
uniform,i2c,2,113,315,4,True
uniform,i2c,2,114,315,4,True
uniform,i2c,2,115,315,4,True
uniform,i2c,2,116,315,4,True
uniform,i2c,2,117,315,4,True
uniform,i2c,2,118,315,4,True
uniform,i2c,2,119,315,4,True
uniform,i2c,2,120,315,4,True
uniform,i2c,2,121,315,4,True
uniform,i2c,2,122,315,4,True
uniform,i2c,2,123,315,4,True
uniform,i2c,2,124,315,4,True
uniform,i2c,2,125,315,4,True
uniform,i2c,2,126,315,4,True
uniform,i2c,2,127,315,4,True
uniform,i2c,2,128,315,4,True
uniform,i2c,2,129,315,4,True
uniform,i2c,2,130,315,4,True
uniform,i2c,2,131,315,4,True
uniform,i2c,2,132,315,4,True
uniform,i2c,2,133,315,4,True
uniform,i2c,2,134,315,4,True
uniform,i2c,2,135,315,4,True
uniform,i2c,2,136,315,4,True
uniform,i2c,2,137,315,4,True
uniform,i2c,2,138,315,4,True
uniform,i2c,2,139,315,4,True
uniform,i2c,2,140,315,4,True
uniform,i2c,2,141,315,4,True
uniform,i2c,2,142,315,4,True
uniform,i2c,2,143,315,4,True
uniform,i2c,2,144,315,4,True
uniform,i2c,2,145,315,4,True
uniform,i2c,2,146,315,4,True
uniform,i2c,2,147,315,4,True
uniform,i2c,2,148,315,4,True
uniform,i2c,2,149,315,4,True
uniform,i2c,2,150,315,4,True
uniform,i2c,2,151,315,4,True
uniform,i2c,2,152,315,4,True
uniform,i2c,2,153,315,4,True
uniform,i2c,2,154,315,4,True
uniform,i2c,2,155,315,4,True
uniform,i2c,2,156,315,4,True
uniform,i2c,2,157,315,4,True
uniform,i2c,2,158,315,4,True
uniform,i2c,2,159,315,4,True
uniform,i2c,2,160,315,4,True
uniform,i2c,2,161,315,4,True
uniform,i2c,2,162,315,4,True
uniform,i2c,2,163,315,4,True
uniform,i2c,2,164,315,4,True
uniform,i2c,2,165,315,4,True
uniform,i2c,2,166,315,4,True
uniform,i2c,2,167,315,4,True
uniform,i2c,2,168,315,4,True
uniform,i2c,2,169,315,4,True
uniform,i2c,2,170,315,4,True
uniform,i2c,2,171,315,4,True
uniform,i2c,2,172,315,4,True
uniform,i2c,2,173,315,4,True
uniform,i2c,2,174,315,4,True
uniform,i2c,2,175,315,4,True
uniform,i2c,2,176,315,4,True
uniform,i2c,2,177,315,4,True
uniform,i2c,2,178,315,4,True
uniform,i2c,2,179,315,4,True
uniform,i2c,2,180,315,4,True
uniform,i2c,2,181,315,4,True
uniform,i2c,2,182,315,4,True
uniform,i2c,2,183,315,4,True
uniform,i2c,2,184,315,4,True
uniform,i2c,2,185,315,4,True
uniform,i2c,2,186,315,4,True
uniform,i2c,2,187,315,4,True
uniform,i2c,2,188,315,4,True
uniform,i2c,2,189,315,4,True
uniform,i2c,2,190,315,4,True
uniform,i2c,2,191,315,4,True
uniform,i2c,2,192,315,4,True
uniform,i2c,2,193,315,4,True
uniform,i2c,2,194,315,4,True
uniform,i2c,2,195,315,4,True
uniform,i2c,2,196,315,4,True
uniform,i2c,2,197,315,4,True
uniform,i2c,2,198,315,4,True
uniform,i2c,2,199,315,4,True
uniform,i2c,2,200,315,4,True
uniform,i2c,2,201,315,4,True
uniform,i2c,2,202,315,4,True
uniform,i2c,2,203,315,4,True
uniform,i2c,2,204,315,4,True
uniform,i2c,2,205,315,4,True
uniform,i2c,2,206,315,4,True
uniform,i2c,2,207,315,4,True
uniform,i2c,2,208,315,4,True
uniform,i2c,2,209,311,4,True
uniform,i2c,2,210,309,4,True
uniform,i2c,2,211,309,4,True
uniform,i2c,2,212,309,4,True
uniform,i2c,2,213,309,4,True
uniform,i2c,2,214,309,4,True
uniform,i2c,2,215,309,4,True
uniform,i2c,2,216,309,4,True
uniform,i2c,2,217,309,4,True
uniform,i2c,2,218,309,4,True
uniform,i2c,2,219,309,4,True
uniform,i2c,2,220,309,4,True
uniform,i2c,2,221,309,4,True
uniform,i2c,2,222,309,4,True
uniform,i2c,2,223,309,4,True
uniform,i2c,2,224,309,4,True
uniform,i2c,2,225,309,4,True
uniform,i2c,2,226,309,4,True
uniform,i2c,2,227,309,4,True
uniform,i2c,2,228,309,4,True
uniform,i2c,2,229,309,4,True
uniform,i2c,2,230,309,4,True
uniform,i2c,2,231,309,4,True
uniform,i2c,2,232,309,4,True
uniform,i2c,2,233,309,4,True
uniform,i2c,2,234,309,4,True
uniform,i2c,2,235,309,4,True
uniform,i2c,2,236,309,4,True
uniform,i2c,2,237,309,4,True
uniform,i2c,2,238,309,4,True
uniform,i2c,2,239,309,4,True
uniform,i2c,2,240,309,4,True
uniform,i2c,2,241,309,4,True
uniform,i2c,2,242,309,4,True
uniform,i2c,2,243,309,4,True
uniform,i2c,2,244,309,4,True
uniform,i2c,2,245,309,4,True
uniform,i2c,2,246,309,4,True
uniform,i2c,2,247,309,4,True
uniform,i2c,2,248,309,4,True
uniform,i2c,2,249,309,4,True
uniform,i2c,2,250,309,4,True
uniform,i2c,2,251,309,4,True
uniform,i2c,2,252,309,4,True
uniform,i2c,2,253,309,4,True
uniform,i2c,2,254,309,4,True
uniform,i2c,2,255,309,4,True
uniform,i2c,2,256,309,4,True
uniform,i2c,2,257,309,4,True
uniform,i2c,2,258,309,4,True
uniform,i2c,2,259,309,4,True
uniform,i2c,2,260,309,4,True
uniform,i2c,2,261,309,4,True
uniform,i2c,2,262,309,4,True
uniform,i2c,2,263,309,4,True
uniform,i2c,2,264,309,4,True
uniform,i2c,2,265,309,4,True
uniform,i2c,2,266,309,4,True
uniform,i2c,2,267,309,4,True
uniform,i2c,2,268,309,4,True
uniform,i2c,2,269,309,4,True
uniform,i2c,2,270,309,4,True
uniform,i2c,2,271,309,4,True
uniform,i2c,2,272,309,4,True
uniform,i2c,2,273,309,4,True
uniform,i2c,2,274,309,4,True
uniform,i2c,2,275,309,4,True
uniform,i2c,2,276,309,4,True
uniform,i2c,2,277,309,4,True
uniform,i2c,2,278,309,4,True
uniform,i2c,2,279,309,4,True
uniform,i2c,2,280,309,4,True
uniform,i2c,2,281,309,4,True
uniform,i2c,2,282,309,4,True
uniform,i2c,2,283,309,4,True
uniform,i2c,2,284,309,4,True
uniform,i2c,2,285,309,4,True
uniform,i2c,2,286,309,4,True
uniform,i2c,2,287,309,4,True
uniform,i2c,2,288,309,4,True
uniform,i2c,2,289,309,4,True
uniform,i2c,2,290,309,4,True
uniform,i2c,2,291,309,4,True
uniform,i2c,2,292,309,4,True
uniform,i2c,2,293,309,4,True
uniform,i2c,2,294,309,4,True
uniform,i2c,2,295,309,4,True
uniform,i2c,2,296,309,4,True
uniform,i2c,2,297,309,4,True
uniform,i2c,2,298,309,4,True
uniform,i2c,2,299,309,4,True
uniform,i2c,2,300,309,4,True
uniform,i2c,2,301,309,4,True
uniform,i2c,2,302,309,4,True
uniform,i2c,2,303,309,4,True
uniform,i2c,2,304,309,4,True
uniform,i2c,2,305,309,4,True
uniform,i2c,2,306,309,4,True
uniform,i2c,2,307,309,4,True
uniform,i2c,2,308,309,4,True
uniform,i2c,2,309,309,4,True
uniform,i2c,2,310,309,4,True
uniform,i2c,2,311,309,4,True
uniform,i2c,2,312,309,4,True
uniform,i2c,2,313,309,4,True
uniform,i2c,2,314,309,4,True
uniform,i2c,2,315,309,4,True
uniform,i2c,2,316,309,4,True
uniform,i2c,2,317,309,4,True
uniform,i2c,2,318,309,4,True
uniform,i2c,2,319,309,4,True
uniform,i2c,2,320,309,4,True
uniform,i2c,2,321,309,4,True
uniform,i2c,2,322,309,4,True
uniform,i2c,2,323,309,4,True
uniform,i2c,2,324,309,4,True
uniform,i2c,2,325,309,4,True
uniform,i2c,2,326,309,4,True
uniform,i2c,2,327,309,4,True
uniform,i2c,2,328,309,4,True
uniform,i2c,2,329,309,4,True
uniform,i2c,2,330,309,4,True
uniform,i2c,2,331,309,4,True
uniform,i2c,2,332,309,4,True
uniform,i2c,2,333,309,4,True
uniform,i2c,2,334,309,4,True
uniform,i2c,2,335,309,4,True
uniform,i2c,2,336,309,4,True
uniform,i2c,2,337,309,4,True
uniform,i2c,2,338,309,4,True
uniform,i2c,2,339,309,4,True
uniform,i2c,2,340,309,4,True
uniform,i2c,2,341,309,4,True
uniform,i2c,2,342,309,4,True
uniform,i2c,2,343,309,4,True
uniform,i2c,2,344,309,4,True
uniform,i2c,2,345,309,4,True
uniform,i2c,2,346,309,4,True
uniform,i2c,2,347,309,4,True
uniform,i2c,2,348,309,4,True
uniform,i2c,2,349,309,4,True
uniform,i2c,2,350,309,4,True
uniform,i2c,2,351,309,4,True
uniform,i2c,2,352,309,4,True
uniform,i2c,2,353,309,4,True
uniform,i2c,2,354,309,4,True
uniform,i2c,2,355,309,4,True
uniform,i2c,2,356,309,4,True
uniform,i2c,2,357,309,4,True
uniform,i2c,2,358,309,4,True
uniform,i2c,2,359,309,4,True
uniform,i2c,2,360,309,4,True
uniform,i2c,2,361,309,4,True
uniform,i2c,2,362,309,4,True
uniform,i2c,2,363,309,4,True
uniform,i2c,2,364,309,4,True
uniform,i2c,2,365,309,4,True
uniform,i2c,2,366,309,4,True
uniform,i2c,2,367,309,4,True
uniform,i2c,2,368,309,4,True
uniform,i2c,2,369,309,4,True
uniform,i2c,2,370,309,4,True
uniform,i2c,2,371,309,4,True
uniform,i2c,2,372,309,4,True
uniform,i2c,2,373,309,4,True
uniform,i2c,2,374,309,4,True
uniform,i2c,2,375,309,4,True
uniform,i2c,2,376,309,4,True
uniform,i2c,2,377,309,4,True
uniform,i2c,2,378,309,4,True
uniform,i2c,2,379,309,4,True
uniform,i2c,2,380,309,4,True
uniform,i2c,2,381,309,4,True
uniform,i2c,2,382,309,4,True
uniform,i2c,2,383,309,4,True
uniform,i2c,2,384,309,4,True
uniform,i2c,2,385,309,4,True
uniform,i2c,2,386,309,4,True
uniform,i2c,2,387,309,4,True
uniform,i2c,2,388,309,4,True
uniform,i2c,2,389,309,4,True
uniform,i2c,2,390,309,4,True
uniform,i2c,2,391,309,4,True
uniform,i2c,2,392,309,4,True
uniform,i2c,2,393,309,4,True
uniform,i2c,2,394,309,4,True
uniform,i2c,2,395,309,4,True
uniform,i2c,2,396,309,4,True
uniform,i2c,2,397,309,4,True
uniform,i2c,2,398,309,4,True
uniform,i2c,2,399,309,4,True
uniform,i2c,2,400,309,4,True
uniform,i2c,2,401,309,4,True
uniform,i2c,2,402,309,4,True
uniform,i2c,2,403,309,4,True
uniform,i2c,2,404,309,4,True
uniform,i2c,2,405,309,4,True
uniform,i2c,2,406,309,4,True
uniform,i2c,2,407,309,4,True
uniform,i2c,2,408,309,4,True
uniform,i2c,2,409,309,4,True
uniform,i2c,2,410,309,4,True
uniform,i2c,2,411,309,4,True
uniform,i2c,2,412,309,4,True
uniform,i2c,2,413,309,4,True
uniform,i2c,2,414,309,4,True
uniform,i2c,2,415,309,4,True
uniform,i2c,2,416,309,4,True
uniform,i2c,2,417,309,4,True
uniform,i2c,2,418,309,4,True
uniform,i2c,2,419,309,4,True
uniform,i2c,2,420,309,4,True
uniform,i2c,2,421,309,4,True
uniform,i2c,2,422,309,4,True
uniform,i2c,2,423,309,4,True
uniform,i2c,2,424,309,4,True
uniform,i2c,2,425,309,4,True
uniform,i2c,2,426,309,4,True
uniform,i2c,2,427,309,4,True
uniform,i2c,2,428,309,4,True
uniform,i2c,2,429,309,4,True
uniform,i2c,2,430,309,4,True
uniform,i2c,2,431,309,4,True
uniform,i2c,2,432,309,4,True
uniform,i2c,2,433,309,4,True
uniform,i2c,2,434,309,4,True
uniform,i2c,2,435,309,4,True
uniform,i2c,2,436,309,4,True
uniform,i2c,2,437,309,4,True
uniform,i2c,2,438,309,4,True
uniform,i2c,2,439,309,4,True
uniform,i2c,2,440,309,4,True
uniform,i2c,2,441,309,4,True
uniform,i2c,2,442,309,4,True
uniform,i2c,2,443,309,4,True
uniform,i2c,2,444,309,4,True
uniform,i2c,2,445,309,4,True
uniform,i2c,2,446,309,4,True
uniform,i2c,2,447,309,4,True
uniform,i2c,2,448,309,4,True
uniform,i2c,2,449,309,4,True
uniform,i2c,2,450,309,4,True
uniform,i2c,2,451,309,4,True
uniform,i2c,2,452,309,4,True
uniform,i2c,2,453,309,4,True
uniform,i2c,2,454,309,4,True
uniform,i2c,2,455,309,4,True
uniform,i2c,2,456,309,4,True
uniform,i2c,2,457,309,4,True
uniform,i2c,2,458,309,4,True
uniform,i2c,2,459,309,4,True
uniform,i2c,2,460,309,4,True
uniform,i2c,2,461,309,4,True
uniform,i2c,2,462,309,4,True
uniform,i2c,2,463,309,4,True
uniform,i2c,2,464,309,4,True
uniform,i2c,2,465,309,4,True
uniform,i2c,2,466,309,4,True
uniform,i2c,2,467,309,4,True
uniform,i2c,2,468,309,4,True
uniform,i2c,2,469,309,4,True
uniform,i2c,2,470,309,4,True
uniform,i2c,2,471,309,4,True
uniform,i2c,2,472,309,4,True
uniform,i2c,2,473,309,4,True
uniform,i2c,2,474,309,4,True
uniform,i2c,2,475,309,4,True
uniform,i2c,2,476,309,4,True
uniform,i2c,2,477,309,4,True
uniform,i2c,2,478,309,4,True
uniform,i2c,2,479,309,4,True
uniform,i2c,2,480,309,4,True
uniform,i2c,2,481,309,4,True
uniform,i2c,2,482,309,4,True
uniform,i2c,2,483,309,4,True
uniform,i2c,2,484,309,4,True
uniform,i2c,2,485,309,4,True
uniform,i2c,2,486,309,4,True
uniform,i2c,2,487,309,4,True
uniform,i2c,2,488,309,4,True
uniform,i2c,2,489,309,4,True
uniform,i2c,2,490,309,4,True
uniform,i2c,2,491,309,4,True
uniform,i2c,2,492,309,4,True
uniform,i2c,2,493,309,4,True
uniform,i2c,2,494,309,4,True
uniform,i2c,2,495,309,4,True
uniform,i2c,2,496,309,4,True
uniform,i2c,2,497,309,4,True
uniform,i2c,2,498,309,4,True
uniform,i2c,2,499,309,4,True
uniform,i2c,2,500,309,4,True
uniform,i2c,2,501,309,4,True
uniform,i2c,2,502,309,4,True
uniform,i2c,2,503,309,4,True
uniform,i2c,2,504,309,4,True
uniform,i2c,2,505,309,4,True
uniform,i2c,2,506,309,4,True
uniform,i2c,2,507,309,4,True
uniform,i2c,2,508,309,4,True
uniform,i2c,2,509,309,4,True
uniform,i2c,2,510,309,4,True
uniform,i2c,2,511,309,4,True
uniform,i2c,2,512,309,4,True
uniform,i2c,2,513,309,4,True
uniform,i2c,2,514,309,4,True
uniform,i2c,2,515,309,4,True
uniform,i2c,2,516,309,4,True
uniform,i2c,2,517,309,4,True
uniform,i2c,2,518,309,4,True
uniform,i2c,2,519,309,4,True
uniform,i2c,2,520,309,4,True
uniform,i2c,2,521,309,4,True
uniform,i2c,2,522,309,4,True
uniform,i2c,2,523,309,4,True
uniform,i2c,2,524,309,4,True
uniform,i2c,2,525,309,4,True
uniform,i2c,2,526,309,4,True
uniform,i2c,2,527,309,4,True
uniform,i2c,2,528,309,4,True
uniform,i2c,2,529,309,4,True
uniform,i2c,2,530,309,4,True
uniform,i2c,2,531,309,4,True
uniform,i2c,2,532,309,4,True
uniform,i2c,2,533,309,4,True
uniform,i2c,2,534,309,4,True
uniform,i2c,2,535,309,4,True
uniform,i2c,2,536,309,4,True
uniform,i2c,2,537,309,4,True
uniform,i2c,2,538,309,4,True
uniform,i2c,2,539,309,4,True
uniform,i2c,2,540,309,4,True
uniform,i2c,2,541,309,4,True
uniform,i2c,2,542,309,4,True
uniform,i2c,2,543,309,4,True
uniform,i2c,2,544,309,4,True
uniform,i2c,2,545,309,4,True
uniform,i2c,2,546,309,4,True
uniform,i2c,2,547,309,4,True
uniform,i2c,2,548,309,4,True
uniform,i2c,2,549,309,4,True
uniform,i2c,2,550,309,4,True
uniform,i2c,2,551,309,4,True
uniform,i2c,2,552,309,4,True
uniform,i2c,2,553,309,4,True
uniform,i2c,2,554,309,4,True
uniform,i2c,2,555,309,4,True
uniform,i2c,2,556,309,4,True
uniform,i2c,2,557,309,4,True
uniform,i2c,2,558,309,4,True
uniform,i2c,2,559,309,4,True
uniform,i2c,2,560,309,4,True
uniform,i2c,2,561,309,4,True
uniform,i2c,2,562,309,4,True
uniform,i2c,2,563,309,4,True
uniform,i2c,2,564,309,4,True
uniform,i2c,2,565,309,4,True
uniform,i2c,2,566,309,4,True
uniform,i2c,2,567,309,4,True
uniform,i2c,2,568,309,4,True
uniform,i2c,2,569,309,4,True
uniform,i2c,2,570,309,4,True
uniform,i2c,2,571,309,4,True
uniform,i2c,2,572,309,4,True
uniform,i2c,2,573,309,4,True
uniform,i2c,2,574,309,4,True
uniform,i2c,2,575,309,4,True
uniform,i2c,2,576,309,4,True
uniform,i2c,2,577,309,4,True
uniform,i2c,2,578,309,4,True
uniform,i2c,2,579,309,4,True
uniform,i2c,2,580,309,4,True
uniform,i2c,2,581,309,4,True
uniform,i2c,2,582,309,4,True
uniform,i2c,2,583,309,4,True
uniform,i2c,2,584,309,4,True
uniform,i2c,2,585,309,4,True
uniform,i2c,2,586,309,4,True
uniform,i2c,2,587,309,4,True
uniform,i2c,2,588,309,4,True
uniform,i2c,2,589,309,4,True
uniform,i2c,2,590,309,4,True
uniform,i2c,2,591,309,4,True
uniform,i2c,2,592,309,4,True
uniform,i2c,2,593,309,4,True
uniform,i2c,2,594,309,4,True
uniform,i2c,2,595,309,4,True
uniform,i2c,2,596,309,4,True
uniform,i2c,2,597,309,4,True
uniform,i2c,2,598,309,4,True
uniform,i2c,2,599,309,4,True
uniform,i2c,2,600,309,4,True
uniform,i2c,2,601,309,4,True
uniform,i2c,2,602,309,4,True
uniform,i2c,2,603,309,4,True
uniform,i2c,2,604,309,4,True
uniform,i2c,2,605,309,4,True
uniform,i2c,2,606,309,4,True
uniform,i2c,2,607,309,4,True
uniform,i2c,2,608,309,4,True
uniform,i2c,2,609,309,4,True
uniform,i2c,2,610,309,4,True
uniform,i2c,2,611,309,4,True
uniform,i2c,2,612,309,4,True
uniform,i2c,2,613,309,4,True
uniform,i2c,2,614,309,4,True
uniform,i2c,2,615,309,4,True
uniform,i2c,2,616,309,4,True
uniform,i2c,2,617,309,4,True
uniform,i2c,2,618,309,4,True
uniform,i2c,2,619,309,4,True
uniform,i2c,2,620,309,4,True
uniform,i2c,2,621,309,4,True
uniform,i2c,2,622,309,4,True
uniform,i2c,2,623,309,4,True
uniform,i2c,2,624,309,4,True
uniform,i2c,2,625,309,4,True
uniform,i2c,2,626,309,4,True
uniform,i2c,2,627,309,4,True
uniform,i2c,2,628,309,4,True
uniform,i2c,2,629,309,4,True
uniform,i2c,2,630,309,4,True
uniform,i2c,2,631,309,4,True
uniform,i2c,2,632,309,4,True
uniform,i2c,2,633,309,4,True
uniform,i2c,2,634,309,4,True
uniform,i2c,2,635,309,4,True
uniform,i2c,2,636,309,4,True
uniform,i2c,2,637,309,4,True
uniform,i2c,2,638,309,4,True
uniform,i2c,2,639,309,4,True
uniform,i2c,2,640,309,4,True
uniform,i2c,2,641,309,4,True
uniform,i2c,2,642,309,4,True
uniform,i2c,2,643,309,4,True
uniform,i2c,2,644,309,4,True
uniform,i2c,2,645,309,4,True
uniform,i2c,2,646,309,4,True
uniform,i2c,2,647,309,4,True
uniform,i2c,2,648,309,4,True
uniform,i2c,2,649,309,4,True
uniform,i2c,2,650,309,4,True
uniform,i2c,2,651,309,4,True
uniform,i2c,2,652,309,4,True
uniform,i2c,2,653,309,4,True
uniform,i2c,2,654,309,4,True
uniform,i2c,2,655,309,4,True
uniform,i2c,2,656,309,4,True
uniform,i2c,2,657,309,4,True
uniform,i2c,2,658,309,4,True
uniform,i2c,2,659,309,4,True
uniform,i2c,2,660,309,4,True
uniform,i2c,2,661,309,4,True
uniform,i2c,2,662,309,4,True
uniform,i2c,2,663,309,4,True
uniform,i2c,2,664,309,4,True
uniform,i2c,2,665,309,4,True
uniform,i2c,2,666,309,4,True
uniform,i2c,2,667,309,4,True
uniform,i2c,2,668,309,4,True
uniform,i2c,2,669,309,4,True
uniform,i2c,2,670,309,4,True
uniform,i2c,2,671,309,4,True
uniform,i2c,2,672,309,4,True
uniform,i2c,2,673,309,4,True
uniform,i2c,2,674,309,4,True
uniform,i2c,2,675,309,4,True
uniform,i2c,2,676,309,4,True
uniform,i2c,2,677,309,4,True
uniform,i2c,2,678,309,4,True
uniform,i2c,2,679,309,4,True
uniform,i2c,2,680,309,4,True
uniform,i2c,2,681,309,4,True
uniform,i2c,2,682,309,4,True
uniform,i2c,2,683,309,4,True
uniform,i2c,2,684,309,4,True
uniform,i2c,2,685,309,4,True
uniform,i2c,2,686,309,4,True
uniform,i2c,2,687,309,4,True
uniform,i2c,2,688,309,4,True
uniform,i2c,2,689,309,4,True
uniform,i2c,2,690,309,4,True
uniform,i2c,2,691,309,4,True
uniform,i2c,2,692,309,4,True
uniform,i2c,2,693,309,4,True
uniform,i2c,2,694,309,4,True
uniform,i2c,2,695,309,4,True
uniform,i2c,2,696,309,4,True
uniform,i2c,2,697,309,4,True
uniform,i2c,2,698,309,4,True
uniform,i2c,2,699,309,4,True
uniform,i2c,2,700,309,4,True
uniform,i2c,2,701,309,4,True
uniform,i2c,2,702,309,4,True
uniform,i2c,2,703,309,4,True
uniform,i2c,2,704,309,4,True
uniform,i2c,2,705,309,4,True
uniform,i2c,2,706,309,4,True
uniform,i2c,2,707,309,4,True
uniform,i2c,2,708,309,4,True
uniform,i2c,2,709,309,4,True
uniform,i2c,2,710,309,4,True
uniform,i2c,2,711,309,4,True
uniform,i2c,2,712,309,4,True
uniform,i2c,2,713,309,4,True
uniform,i2c,2,714,309,4,True
uniform,i2c,2,715,309,4,True
uniform,i2c,2,716,309,4,True
uniform,i2c,2,717,309,4,True
uniform,i2c,2,718,309,4,True
uniform,i2c,2,719,309,4,True
uniform,i2c,2,720,309,4,True
uniform,i2c,2,721,309,4,True
uniform,i2c,2,722,309,4,True
uniform,i2c,2,723,309,4,True
uniform,i2c,2,724,309,4,True
uniform,i2c,2,725,309,4,True
uniform,i2c,2,726,309,4,True
uniform,i2c,2,727,309,4,True
uniform,i2c,2,728,309,4,True
uniform,i2c,2,729,309,4,True
uniform,i2c,2,730,309,4,True
uniform,i2c,2,731,309,4,True
uniform,i2c,2,732,309,4,True
uniform,i2c,2,733,309,4,True
uniform,i2c,2,734,309,4,True
uniform,i2c,2,735,309,4,True
uniform,i2c,2,736,309,4,True
uniform,i2c,2,737,309,4,True
uniform,i2c,2,738,309,4,True
uniform,i2c,2,739,309,4,True
uniform,i2c,2,740,309,4,True
uniform,i2c,2,741,309,4,True
uniform,i2c,2,742,309,4,True
uniform,i2c,2,743,309,4,True
uniform,i2c,2,744,309,4,True
uniform,i2c,2,745,309,4,True
uniform,i2c,2,746,309,4,True
uniform,i2c,2,747,309,4,True
uniform,i2c,2,748,309,4,True
uniform,i2c,2,749,309,4,True
uniform,i2c,2,750,309,4,True
uniform,i2c,2,751,309,4,True
uniform,i2c,2,752,309,4,True
uniform,i2c,2,753,309,4,True
uniform,i2c,2,754,309,4,True
uniform,i2c,2,755,309,4,True
uniform,i2c,2,756,309,4,True
uniform,i2c,2,757,309,4,True
uniform,i2c,2,758,309,4,True
uniform,i2c,2,759,309,4,True
uniform,i2c,2,760,309,4,True
uniform,i2c,2,761,309,4,True
uniform,i2c,2,762,309,4,True
uniform,i2c,2,763,309,4,True
uniform,i2c,2,764,309,4,True
uniform,i2c,2,765,309,4,True
uniform,i2c,2,766,309,4,True
uniform,i2c,2,767,309,4,True
uniform,i2c,2,768,309,4,True
uniform,i2c,2,769,309,4,True
uniform,i2c,2,770,309,4,True
uniform,i2c,2,771,309,4,True
uniform,i2c,2,772,309,4,True
uniform,i2c,2,773,309,4,True
uniform,i2c,2,774,309,4,True
uniform,i2c,2,775,309,4,True
uniform,i2c,2,776,309,4,True
uniform,i2c,2,777,309,4,True
uniform,i2c,2,778,309,4,True
uniform,i2c,2,779,309,4,True
uniform,i2c,2,780,309,4,True
uniform,i2c,2,781,309,4,True
uniform,i2c,2,782,309,4,True
uniform,i2c,2,783,309,4,True
uniform,i2c,2,784,309,4,True
uniform,i2c,2,785,309,4,True
uniform,i2c,2,786,309,4,True
uniform,i2c,2,787,309,4,True
uniform,i2c,2,788,309,4,True
uniform,i2c,2,789,309,4,True
uniform,i2c,2,790,309,4,True
uniform,i2c,2,791,309,4,True
uniform,i2c,2,792,309,4,True
uniform,i2c,2,793,309,4,True
uniform,i2c,2,794,309,4,True
uniform,i2c,2,795,309,4,True
uniform,i2c,2,796,309,4,True
uniform,i2c,2,797,309,4,True
uniform,i2c,2,798,309,4,True
uniform,i2c,2,799,309,4,True
uniform,i2c,2,800,309,4,True
uniform,i2c,2,801,309,4,True
uniform,i2c,2,802,309,4,True
uniform,i2c,2,803,309,4,True
uniform,i2c,2,804,309,4,True
uniform,i2c,2,805,309,4,True
uniform,i2c,2,806,309,4,True
uniform,i2c,2,807,309,4,True
uniform,i2c,2,808,309,4,True
uniform,i2c,2,809,309,4,True
uniform,i2c,2,810,309,4,True
uniform,i2c,2,811,309,4,True
uniform,i2c,2,812,309,4,True
uniform,i2c,2,813,309,4,True
uniform,i2c,2,814,309,4,True
uniform,i2c,2,815,309,4,True
uniform,i2c,2,816,309,4,True
uniform,i2c,2,817,309,4,True
uniform,i2c,2,818,309,4,True
uniform,i2c,2,819,309,4,True
uniform,i2c,2,820,309,4,True
uniform,i2c,2,821,309,4,True
uniform,i2c,2,822,309,4,True
uniform,i2c,2,823,309,4,True
uniform,i2c,2,824,309,4,True
uniform,i2c,2,825,309,4,True
uniform,i2c,2,826,309,4,True
uniform,i2c,2,827,309,4,True
uniform,i2c,2,828,309,4,True
uniform,i2c,2,829,309,4,True
uniform,i2c,2,830,309,4,True
uniform,i2c,2,831,309,4,True
uniform,i2c,2,832,309,4,True
uniform,i2c,2,833,309,4,True
uniform,i2c,2,834,309,4,True
uniform,i2c,2,835,309,4,True
uniform,i2c,2,836,309,4,True
uniform,i2c,2,837,309,4,True
uniform,i2c,2,838,309,4,True
uniform,i2c,2,839,309,4,True
uniform,i2c,2,840,309,4,True
uniform,i2c,2,841,309,4,True
uniform,i2c,2,842,309,4,True
uniform,i2c,2,843,309,4,True
uniform,i2c,2,844,309,4,True
uniform,i2c,2,845,309,4,True
uniform,i2c,2,846,309,4,True
uniform,i2c,2,847,309,4,True
uniform,i2c,2,848,309,4,True
uniform,i2c,2,849,309,4,True
uniform,i2c,2,850,309,4,True
uniform,i2c,2,851,309,4,True
uniform,i2c,2,852,309,4,True
uniform,i2c,2,853,309,4,True
uniform,i2c,2,854,309,4,True
uniform,i2c,2,855,309,4,True
uniform,i2c,2,856,309,4,True
uniform,i2c,2,857,309,4,True
uniform,i2c,2,858,309,4,True
uniform,i2c,2,859,309,4,True
uniform,i2c,2,860,309,4,True
uniform,i2c,2,861,309,4,True
uniform,i2c,2,862,309,4,True
uniform,i2c,2,863,309,4,True
uniform,i2c,2,864,309,4,True
uniform,i2c,2,865,309,4,True
uniform,i2c,2,866,309,4,True
uniform,i2c,2,867,309,4,True
uniform,i2c,2,868,309,4,True
uniform,i2c,2,869,309,4,True
uniform,i2c,2,870,309,4,True
uniform,i2c,2,871,309,4,True
uniform,i2c,2,872,309,4,True
uniform,i2c,2,873,309,4,True
uniform,i2c,2,874,309,4,True
uniform,i2c,2,875,309,4,True
uniform,i2c,2,876,309,4,True
uniform,i2c,2,877,309,4,True
uniform,i2c,2,878,309,4,True
uniform,i2c,2,879,308,4,True
uniform,i2c,2,880,308,4,True
uniform,i2c,2,881,308,4,True
uniform,i2c,2,882,308,4,True
uniform,i2c,2,883,308,4,True
uniform,i2c,2,884,308,4,True
uniform,i2c,2,885,308,4,True
uniform,i2c,2,886,308,4,True
uniform,i2c,2,887,308,4,True
uniform,i2c,2,888,308,4,True
uniform,i2c,2,889,308,4,True
uniform,i2c,2,890,308,4,True
uniform,i2c,2,891,308,4,True
uniform,i2c,2,892,308,4,True
uniform,i2c,2,893,308,4,True
uniform,i2c,2,894,308,4,True
uniform,i2c,2,895,308,4,True
uniform,i2c,2,896,308,4,True
uniform,i2c,2,897,308,4,True
uniform,i2c,2,898,308,4,True
uniform,i2c,2,899,308,4,True
uniform,i2c,2,900,308,4,True
uniform,i2c,2,901,308,4,True
uniform,i2c,2,902,308,4,True
uniform,i2c,2,903,308,4,True
uniform,i2c,2,904,308,4,True
uniform,i2c,2,905,308,4,True
uniform,i2c,2,906,308,4,True
uniform,i2c,2,907,308,4,True
uniform,i2c,2,908,308,4,True
uniform,i2c,2,909,308,4,True
uniform,i2c,2,910,308,4,True
uniform,i2c,2,911,308,4,True
uniform,i2c,2,912,308,4,True
uniform,i2c,2,913,308,4,True
uniform,i2c,2,914,308,4,True
uniform,i2c,2,915,308,4,True
uniform,i2c,2,916,308,4,True
uniform,i2c,2,917,308,4,True
uniform,i2c,2,918,308,4,True
uniform,i2c,2,919,308,4,True
uniform,i2c,2,920,308,4,True
uniform,i2c,2,921,308,4,True
uniform,i2c,2,922,308,4,True
uniform,i2c,2,923,308,4,True
uniform,i2c,2,924,308,4,True
uniform,i2c,2,925,308,4,True
uniform,i2c,2,926,308,4,True
uniform,i2c,2,927,308,4,True
uniform,i2c,2,928,308,4,True
uniform,i2c,2,929,308,4,True
uniform,i2c,2,930,308,4,True
uniform,i2c,2,931,308,4,True
uniform,i2c,2,932,308,4,True
uniform,i2c,2,933,308,4,True
uniform,i2c,2,934,308,4,True
uniform,i2c,2,935,308,4,True
uniform,i2c,2,936,308,4,True
uniform,i2c,2,937,308,4,True
uniform,i2c,2,938,308,4,True
uniform,i2c,2,939,308,4,True
uniform,i2c,2,940,308,4,True
uniform,i2c,2,941,308,4,True
uniform,i2c,2,942,308,4,True
uniform,i2c,2,943,308,4,True
uniform,i2c,2,944,308,4,True
uniform,i2c,2,945,308,4,True
uniform,i2c,2,946,308,4,True
uniform,i2c,2,947,308,4,True
uniform,i2c,2,948,308,4,True
uniform,i2c,2,949,308,4,True
uniform,i2c,2,950,308,4,True
uniform,i2c,2,951,308,4,True
uniform,i2c,2,952,308,4,True
uniform,i2c,2,953,308,4,True
uniform,i2c,2,954,308,4,True
uniform,i2c,2,955,308,4,True
uniform,i2c,2,956,308,4,True
uniform,i2c,2,957,308,4,True
uniform,i2c,2,958,308,4,True
uniform,i2c,2,959,308,4,True
uniform,i2c,2,960,308,4,True
uniform,i2c,2,961,308,4,True
uniform,i2c,2,962,308,4,True
uniform,i2c,2,963,308,4,True
uniform,i2c,2,964,308,4,True
uniform,i2c,2,965,308,4,True
uniform,i2c,2,966,308,4,True
uniform,i2c,2,967,308,4,True
uniform,i2c,2,968,308,4,True
uniform,i2c,2,969,308,4,True
uniform,i2c,2,970,308,4,True
uniform,i2c,2,971,308,4,True
uniform,i2c,2,972,308,4,True
uniform,i2c,2,973,308,4,True
uniform,i2c,2,974,308,4,True
uniform,i2c,2,975,308,4,True
uniform,i2c,2,976,308,4,True
uniform,i2c,2,977,308,4,True
uniform,i2c,2,978,308,4,True
uniform,i2c,2,979,308,4,True
uniform,i2c,2,980,308,4,True
uniform,i2c,2,981,308,4,True
uniform,i2c,2,982,308,4,True
uniform,i2c,2,983,308,4,True
uniform,i2c,2,984,308,4,True
uniform,i2c,2,985,308,4,True
uniform,i2c,2,986,308,4,True
uniform,i2c,2,987,308,4,True
uniform,i2c,2,988,308,4,True
uniform,i2c,2,989,308,4,True
uniform,i2c,2,990,308,4,True
uniform,i2c,2,991,308,4,True
uniform,i2c,2,992,308,4,True
uniform,i2c,2,993,308,4,True
uniform,i2c,2,994,308,4,True
uniform,i2c,2,995,308,4,True
uniform,i2c,2,996,308,4,True
uniform,i2c,2,997,308,4,True
uniform,i2c,2,998,308,4,True
uniform,i2c,2,999,308,4,True
uniform,i2c,2,1000,305,4,True
uniform,max,0,1,769,44,False
uniform,max,0,2,769,44,False
uniform,max,0,3,782,42,False
uniform,max,0,4,782,42,False
uniform,max,0,5,782,42,False
uniform,max,0,6,792,41,True
uniform,max,0,7,792,41,True
uniform,max,0,8,792,41,True
uniform,max,0,9,792,41,True
uniform,max,0,10,792,41,True
uniform,max,0,11,792,41,True
uniform,max,0,12,792,41,True
uniform,max,0,13,792,41,True
uniform,max,0,14,792,41,True
uniform,max,0,15,792,41,True
uniform,max,0,16,792,41,True
uniform,max,0,17,792,41,True
uniform,max,0,18,792,41,True
uniform,max,0,19,792,41,True
uniform,max,0,20,792,41,True
uniform,max,0,21,792,41,True
uniform,max,0,22,792,41,True
uniform,max,0,23,792,41,True
uniform,max,0,24,792,41,True
uniform,max,0,25,792,41,True
uniform,max,0,26,792,41,True
uniform,max,0,27,792,41,True
uniform,max,0,28,792,41,True
uniform,max,0,29,792,41,True
uniform,max,0,30,792,41,True
uniform,max,0,31,792,41,True
uniform,max,0,32,792,41,True
uniform,max,0,33,792,41,True
uniform,max,0,34,792,41,True
uniform,max,0,35,792,41,True
uniform,max,0,36,792,41,True
uniform,max,0,37,792,41,True
uniform,max,0,38,792,41,True
uniform,max,0,39,792,41,True
uniform,max,0,40,792,41,True
uniform,max,0,41,792,41,True
uniform,max,0,42,792,41,True
uniform,max,0,43,792,41,True
uniform,max,0,44,792,41,True
uniform,max,0,45,792,41,True
uniform,max,0,46,792,41,True
uniform,max,0,47,792,41,True
uniform,max,0,48,792,41,True
uniform,max,0,49,792,41,True
uniform,max,0,50,792,41,True
uniform,max,0,51,792,41,True
uniform,max,0,52,792,41,True
uniform,max,0,53,792,41,True
uniform,max,0,54,792,41,True
uniform,max,0,55,792,41,True
uniform,max,0,56,792,41,True
uniform,max,0,57,792,41,True
uniform,max,0,58,792,41,True
uniform,max,0,59,792,41,True
uniform,max,0,60,792,41,True
uniform,max,0,61,792,41,True
uniform,max,0,62,792,41,True
uniform,max,0,63,792,41,True
uniform,max,0,64,792,41,True
uniform,max,0,65,792,41,True
uniform,max,0,66,792,41,True
uniform,max,0,67,792,41,True
uniform,max,0,68,792,41,True
uniform,max,0,69,792,41,True
uniform,max,0,70,792,41,True
uniform,max,0,71,792,41,True
uniform,max,0,72,792,41,True
uniform,max,0,73,792,41,True
uniform,max,0,74,792,41,True
uniform,max,0,75,792,41,True
uniform,max,0,76,792,41,True
uniform,max,0,77,792,41,True
uniform,max,0,78,792,41,True
uniform,max,0,79,792,41,True
uniform,max,0,80,792,41,True
uniform,max,0,81,792,41,True
uniform,max,0,82,792,41,True
uniform,max,0,83,792,41,True
uniform,max,0,84,792,41,True
uniform,max,0,85,792,41,True
uniform,max,0,86,792,41,True
uniform,max,0,87,792,41,True
uniform,max,0,88,792,41,True
uniform,max,0,89,792,41,True
uniform,max,0,90,792,41,True
uniform,max,0,91,792,41,True
uniform,max,0,92,792,41,True
uniform,max,0,93,792,41,True
uniform,max,0,94,792,41,True
uniform,max,0,95,792,41,True
uniform,max,0,96,792,41,True
uniform,max,0,97,792,41,True
uniform,max,0,98,792,41,True
uniform,max,0,99,792,41,True
uniform,max,0,100,777,41,True
uniform,max,0,101,777,41,True
uniform,max,0,102,777,41,True
uniform,max,0,103,777,41,True
uniform,max,0,104,777,41,True
uniform,max,0,105,777,41,True
uniform,max,0,106,777,41,True
uniform,max,0,107,777,41,True
uniform,max,0,108,777,41,True
uniform,max,0,109,777,41,True
uniform,max,0,110,777,41,True
uniform,max,0,111,777,41,True
uniform,max,0,112,777,41,True
uniform,max,0,113,777,41,True
uniform,max,0,114,777,41,True
uniform,max,0,115,777,41,True
uniform,max,0,116,777,41,True
uniform,max,0,117,777,41,True
uniform,max,0,118,777,41,True
uniform,max,0,119,777,41,True
uniform,max,0,120,777,41,True
uniform,max,0,121,777,41,True
uniform,max,0,122,777,41,True
uniform,max,0,123,777,41,True
uniform,max,0,124,777,41,True
uniform,max,0,125,777,41,True
uniform,max,0,126,777,41,True
uniform,max,0,127,777,41,True
uniform,max,0,128,777,41,True
uniform,max,0,129,777,41,True
uniform,max,0,130,777,41,True
uniform,max,0,131,777,41,True
uniform,max,0,132,777,41,True
uniform,max,0,133,777,41,True
uniform,max,0,134,777,41,True
uniform,max,0,135,777,41,True
uniform,max,0,136,777,41,True
uniform,max,0,137,777,41,True
uniform,max,0,138,777,41,True
uniform,max,0,139,777,41,True
uniform,max,0,140,777,41,True
uniform,max,0,141,777,41,True
uniform,max,0,142,777,41,True
uniform,max,0,143,777,41,True
uniform,max,0,144,777,41,True
uniform,max,0,145,777,41,True
uniform,max,0,146,777,41,True
uniform,max,0,147,777,41,True
uniform,max,0,148,777,41,True
uniform,max,0,149,777,41,True
uniform,max,0,150,777,41,True
uniform,max,0,151,777,41,True
uniform,max,0,152,777,41,True
uniform,max,0,153,777,41,True
uniform,max,0,154,777,41,True
uniform,max,0,155,777,41,True
uniform,max,0,156,777,41,True
uniform,max,0,157,777,41,True
uniform,max,0,158,777,41,True
uniform,max,0,159,777,41,True
uniform,max,0,160,777,41,True
uniform,max,0,161,777,41,True
uniform,max,0,162,777,41,True
uniform,max,0,163,777,41,True
uniform,max,0,164,777,41,True
uniform,max,0,165,777,41,True
uniform,max,0,166,777,41,True
uniform,max,0,167,777,41,True
uniform,max,0,168,777,41,True
uniform,max,0,169,777,41,True
uniform,max,0,170,777,41,True
uniform,max,0,171,777,41,True
uniform,max,0,172,777,41,True
uniform,max,0,173,777,41,True
uniform,max,0,174,777,41,True
uniform,max,0,175,777,41,True
uniform,max,0,176,777,41,True
uniform,max,0,177,777,41,True
uniform,max,0,178,777,41,True
uniform,max,0,179,777,41,True
uniform,max,0,180,777,41,True
uniform,max,0,181,777,41,True
uniform,max,0,182,777,41,True
uniform,max,0,183,777,41,True
uniform,max,0,184,777,41,True
uniform,max,0,185,777,41,True
uniform,max,0,186,777,41,True
uniform,max,0,187,777,41,True
uniform,max,0,188,777,41,True
uniform,max,0,189,777,41,True
uniform,max,0,190,777,41,True
uniform,max,0,191,777,41,True
uniform,max,0,192,777,41,True
uniform,max,0,193,777,41,True
uniform,max,0,194,777,41,True
uniform,max,0,195,777,41,True
uniform,max,0,196,777,41,True
uniform,max,0,197,777,41,True
uniform,max,0,198,777,41,True
uniform,max,0,199,777,41,True
uniform,max,0,200,777,41,True
uniform,max,0,201,777,41,True
uniform,max,0,202,777,41,True
uniform,max,0,203,777,41,True
uniform,max,0,204,777,41,True
uniform,max,0,205,777,41,True
uniform,max,0,206,777,41,True
uniform,max,0,207,777,41,True
uniform,max,0,208,777,41,True
uniform,max,0,209,777,41,True
uniform,max,0,210,777,41,True
uniform,max,0,211,777,41,True
uniform,max,0,212,777,41,True
uniform,max,0,213,777,41,True
uniform,max,0,214,777,41,True
uniform,max,0,215,777,41,True
uniform,max,0,216,777,41,True
uniform,max,0,217,777,41,True
uniform,max,0,218,777,41,True
uniform,max,0,219,777,41,True
uniform,max,0,220,777,41,True
uniform,max,0,221,777,41,True
uniform,max,0,222,777,41,True
uniform,max,0,223,777,41,True
uniform,max,0,224,777,41,True
uniform,max,0,225,777,41,True
uniform,max,0,226,777,41,True
uniform,max,0,227,777,41,True
uniform,max,0,228,777,41,True
uniform,max,0,229,777,41,True
uniform,max,0,230,777,41,True
uniform,max,0,231,777,41,True
uniform,max,0,232,777,41,True
uniform,max,0,233,777,41,True
uniform,max,0,234,777,41,True
uniform,max,0,235,777,41,True
uniform,max,0,236,777,41,True
uniform,max,0,237,777,41,True
uniform,max,0,238,777,41,True
uniform,max,0,239,777,41,True
uniform,max,0,240,777,41,True
uniform,max,0,241,777,41,True
uniform,max,0,242,777,41,True
uniform,max,0,243,777,41,True
uniform,max,0,244,777,41,True
uniform,max,0,245,777,41,True
uniform,max,0,246,777,41,True
uniform,max,0,247,777,41,True
uniform,max,0,248,777,41,True
uniform,max,0,249,777,41,True
uniform,max,0,250,777,41,True
uniform,max,0,251,777,41,True
uniform,max,0,252,777,41,True
uniform,max,0,253,777,41,True
uniform,max,0,254,777,41,True
uniform,max,0,255,777,41,True
uniform,max,0,256,777,41,True
uniform,max,0,257,777,41,True
uniform,max,0,258,777,41,True
uniform,max,0,259,777,41,True
uniform,max,0,260,777,41,True
uniform,max,0,261,777,41,True
uniform,max,0,262,777,41,True
uniform,max,0,263,777,41,True
uniform,max,0,264,777,41,True
uniform,max,0,265,777,41,True
uniform,max,0,266,777,41,True
uniform,max,0,267,777,41,True
uniform,max,0,268,777,41,True
uniform,max,0,269,777,41,True
uniform,max,0,270,777,41,True
uniform,max,0,271,777,41,True
uniform,max,0,272,777,41,True
uniform,max,0,273,777,41,True
uniform,max,0,274,777,41,True
uniform,max,0,275,777,41,True
uniform,max,0,276,777,41,True
uniform,max,0,277,777,41,True
uniform,max,0,278,777,41,True
uniform,max,0,279,777,41,True
uniform,max,0,280,769,41,True
uniform,max,0,281,769,41,True
uniform,max,0,282,769,41,True
uniform,max,0,283,769,41,True
uniform,max,0,284,769,41,True
uniform,max,0,285,769,41,True
uniform,max,0,286,769,41,True
uniform,max,0,287,769,41,True
uniform,max,0,288,769,41,True
uniform,max,0,289,769,41,True
uniform,max,0,290,769,41,True
uniform,max,0,291,769,41,True
uniform,max,0,292,769,41,True
uniform,max,0,293,769,41,True
uniform,max,0,294,769,41,True
uniform,max,0,295,769,41,True
uniform,max,0,296,769,41,True
uniform,max,0,297,769,41,True
uniform,max,0,298,769,41,True
uniform,max,0,299,769,41,True
uniform,max,0,300,769,41,True
uniform,max,0,301,769,41,True
uniform,max,0,302,769,41,True
uniform,max,0,303,769,41,True
uniform,max,0,304,769,41,True
uniform,max,0,305,769,41,True
uniform,max,0,306,769,41,True
uniform,max,0,307,769,41,True
uniform,max,0,308,769,41,True
uniform,max,0,309,769,41,True
uniform,max,0,310,769,41,True
uniform,max,0,311,769,41,True
uniform,max,0,312,769,41,True
uniform,max,0,313,769,41,True
uniform,max,0,314,769,41,True
uniform,max,0,315,769,41,True
uniform,max,0,316,769,41,True
uniform,max,0,317,769,41,True
uniform,max,0,318,769,41,True
uniform,max,0,319,769,41,True
uniform,max,0,320,769,41,True
uniform,max,0,321,769,41,True
uniform,max,0,322,769,41,True
uniform,max,0,323,769,41,True
uniform,max,0,324,769,41,True
uniform,max,0,325,769,41,True
uniform,max,0,326,769,41,True
uniform,max,0,327,769,41,True
uniform,max,0,328,769,41,True
uniform,max,0,329,769,41,True
uniform,max,0,330,769,41,True
uniform,max,0,331,769,41,True
uniform,max,0,332,769,41,True
uniform,max,0,333,769,41,True
uniform,max,0,334,769,41,True
uniform,max,0,335,769,41,True
uniform,max,0,336,769,41,True
uniform,max,0,337,769,41,True
uniform,max,0,338,769,41,True
uniform,max,0,339,769,41,True
uniform,max,0,340,769,41,True
uniform,max,0,341,769,41,True
uniform,max,0,342,769,41,True
uniform,max,0,343,769,41,True
uniform,max,0,344,769,41,True
uniform,max,0,345,769,41,True
uniform,max,0,346,769,41,True
uniform,max,0,347,769,41,True
uniform,max,0,348,769,41,True
uniform,max,0,349,769,41,True
uniform,max,0,350,769,41,True
uniform,max,0,351,769,41,True
uniform,max,0,352,769,41,True
uniform,max,0,353,769,41,True
uniform,max,0,354,769,41,True
uniform,max,0,355,769,41,True
uniform,max,0,356,769,41,True
uniform,max,0,357,769,41,True
uniform,max,0,358,769,41,True
uniform,max,0,359,769,41,True
uniform,max,0,360,769,41,True
uniform,max,0,361,769,41,True
uniform,max,0,362,769,41,True
uniform,max,0,363,769,41,True
uniform,max,0,364,769,41,True
uniform,max,0,365,769,41,True
uniform,max,0,366,769,41,True
uniform,max,0,367,769,41,True
uniform,max,0,368,769,41,True
uniform,max,0,369,769,41,True
uniform,max,0,370,769,41,True
uniform,max,0,371,769,41,True
uniform,max,0,372,769,41,True
uniform,max,0,373,769,41,True
uniform,max,0,374,769,41,True
uniform,max,0,375,769,41,True
uniform,max,0,376,769,41,True
uniform,max,0,377,769,41,True
uniform,max,0,378,769,41,True
uniform,max,0,379,769,41,True
uniform,max,0,380,769,41,True
uniform,max,0,381,769,41,True
uniform,max,0,382,769,41,True
uniform,max,0,383,769,41,True
uniform,max,0,384,769,41,True
uniform,max,0,385,769,41,True
uniform,max,0,386,769,41,True
uniform,max,0,387,769,41,True
uniform,max,0,388,769,41,True
uniform,max,0,389,769,41,True
uniform,max,0,390,769,41,True
uniform,max,0,391,769,41,True
uniform,max,0,392,769,41,True
uniform,max,0,393,769,41,True
uniform,max,0,394,769,41,True
uniform,max,0,395,769,41,True
uniform,max,0,396,769,41,True
uniform,max,0,397,769,41,True
uniform,max,0,398,769,41,True
uniform,max,0,399,769,41,True
uniform,max,0,400,769,41,True
uniform,max,0,401,769,41,True
uniform,max,0,402,769,41,True
uniform,max,0,403,769,41,True
uniform,max,0,404,769,41,True
uniform,max,0,405,769,41,True
uniform,max,0,406,769,41,True
uniform,max,0,407,769,41,True
uniform,max,0,408,769,41,True
uniform,max,0,409,769,41,True
uniform,max,0,410,769,41,True
uniform,max,0,411,769,41,True
uniform,max,0,412,769,41,True
uniform,max,0,413,769,41,True
uniform,max,0,414,769,41,True
uniform,max,0,415,769,41,True
uniform,max,0,416,769,41,True
uniform,max,0,417,769,41,True
uniform,max,0,418,769,41,True
uniform,max,0,419,769,41,True
uniform,max,0,420,769,41,True
uniform,max,0,421,769,41,True
uniform,max,0,422,769,41,True
uniform,max,0,423,769,41,True
uniform,max,0,424,769,41,True
uniform,max,0,425,769,41,True
uniform,max,0,426,769,41,True
uniform,max,0,427,769,41,True
uniform,max,0,428,769,41,True
uniform,max,0,429,769,41,True
uniform,max,0,430,769,41,True
uniform,max,0,431,769,41,True
uniform,max,0,432,769,41,True
uniform,max,0,433,769,41,True
uniform,max,0,434,769,41,True
uniform,max,0,435,769,41,True
uniform,max,0,436,769,41,True
uniform,max,0,437,769,41,True
uniform,max,0,438,769,41,True
uniform,max,0,439,769,41,True
uniform,max,0,440,769,41,True
uniform,max,0,441,769,41,True
uniform,max,0,442,769,41,True
uniform,max,0,443,769,41,True
uniform,max,0,444,769,41,True
uniform,max,0,445,769,41,True
uniform,max,0,446,769,41,True
uniform,max,0,447,769,41,True
uniform,max,0,448,769,41,True
uniform,max,0,449,769,41,True
uniform,max,0,450,769,41,True
uniform,max,0,451,769,41,True
uniform,max,0,452,769,41,True
uniform,max,0,453,769,41,True
uniform,max,0,454,769,41,True
uniform,max,0,455,769,41,True
uniform,max,0,456,769,41,True
uniform,max,0,457,769,41,True
uniform,max,0,458,769,41,True
uniform,max,0,459,769,41,True
uniform,max,0,460,769,41,True
uniform,max,0,461,769,41,True
uniform,max,0,462,769,41,True
uniform,max,0,463,769,41,True
uniform,max,0,464,769,41,True
uniform,max,0,465,769,41,True
uniform,max,0,466,769,41,True
uniform,max,0,467,769,41,True
uniform,max,0,468,769,41,True
uniform,max,0,469,769,41,True
uniform,max,0,470,769,41,True
uniform,max,0,471,769,41,True
uniform,max,0,472,769,41,True
uniform,max,0,473,769,41,True
uniform,max,0,474,769,41,True
uniform,max,0,475,769,41,True
uniform,max,0,476,769,41,True
uniform,max,0,477,769,41,True
uniform,max,0,478,769,41,True
uniform,max,0,479,769,41,True
uniform,max,0,480,769,41,True
uniform,max,0,481,769,41,True
uniform,max,0,482,769,41,True
uniform,max,0,483,769,41,True
uniform,max,0,484,769,41,True
uniform,max,0,485,769,41,True
uniform,max,0,486,769,41,True
uniform,max,0,487,769,41,True
uniform,max,0,488,769,41,True
uniform,max,0,489,769,41,True
uniform,max,0,490,769,41,True
uniform,max,0,491,769,41,True
uniform,max,0,492,769,41,True
uniform,max,0,493,769,41,True
uniform,max,0,494,769,41,True
uniform,max,0,495,769,41,True
uniform,max,0,496,769,41,True
uniform,max,0,497,769,41,True
uniform,max,0,498,769,41,True
uniform,max,0,499,769,41,True
uniform,max,0,500,769,41,True
uniform,max,0,501,769,41,True
uniform,max,0,502,769,41,True
uniform,max,0,503,769,41,True
uniform,max,0,504,769,41,True
uniform,max,0,505,769,41,True
uniform,max,0,506,769,41,True
uniform,max,0,507,769,41,True
uniform,max,0,508,769,41,True
uniform,max,0,509,769,41,True
uniform,max,0,510,769,41,True
uniform,max,0,511,769,41,True
uniform,max,0,512,769,41,True
uniform,max,0,513,769,41,True
uniform,max,0,514,769,41,True
uniform,max,0,515,769,41,True
uniform,max,0,516,769,41,True
uniform,max,0,517,769,41,True
uniform,max,0,518,769,41,True
uniform,max,0,519,769,41,True
uniform,max,0,520,769,41,True
uniform,max,0,521,769,41,True
uniform,max,0,522,769,41,True
uniform,max,0,523,769,41,True
uniform,max,0,524,769,41,True
uniform,max,0,525,769,41,True
uniform,max,0,526,769,41,True
uniform,max,0,527,769,41,True
uniform,max,0,528,769,41,True
uniform,max,0,529,769,41,True
uniform,max,0,530,769,41,True
uniform,max,0,531,769,41,True
uniform,max,0,532,769,41,True
uniform,max,0,533,769,41,True
uniform,max,0,534,769,41,True
uniform,max,0,535,769,41,True
uniform,max,0,536,769,41,True
uniform,max,0,537,769,41,True
uniform,max,0,538,769,41,True
uniform,max,0,539,769,41,True
uniform,max,0,540,769,41,True
uniform,max,0,541,769,41,True
uniform,max,0,542,769,41,True
uniform,max,0,543,769,41,True
uniform,max,0,544,769,41,True
uniform,max,0,545,769,41,True
uniform,max,0,546,769,41,True
uniform,max,0,547,769,41,True
uniform,max,0,548,769,41,True
uniform,max,0,549,769,41,True
uniform,max,0,550,769,41,True
uniform,max,0,551,769,41,True
uniform,max,0,552,769,41,True
uniform,max,0,553,769,41,True
uniform,max,0,554,769,41,True
uniform,max,0,555,769,41,True
uniform,max,0,556,769,41,True
uniform,max,0,557,769,41,True
uniform,max,0,558,769,41,True
uniform,max,0,559,769,41,True
uniform,max,0,560,769,41,True
uniform,max,0,561,769,41,True
uniform,max,0,562,769,41,True
uniform,max,0,563,769,41,True
uniform,max,0,564,769,41,True
uniform,max,0,565,769,41,True
uniform,max,0,566,769,41,True
uniform,max,0,567,769,41,True
uniform,max,0,568,769,41,True
uniform,max,0,569,769,41,True
uniform,max,0,570,769,41,True
uniform,max,0,571,769,41,True
uniform,max,0,572,769,41,True
uniform,max,0,573,769,41,True
uniform,max,0,574,769,41,True
uniform,max,0,575,769,41,True
uniform,max,0,576,769,41,True
uniform,max,0,577,769,41,True
uniform,max,0,578,769,41,True
uniform,max,0,579,769,41,True
uniform,max,0,580,769,41,True
uniform,max,0,581,769,41,True
uniform,max,0,582,769,41,True
uniform,max,0,583,769,41,True
uniform,max,0,584,769,41,True
uniform,max,0,585,769,41,True
uniform,max,0,586,769,41,True
uniform,max,0,587,769,41,True
uniform,max,0,588,769,41,True
uniform,max,0,589,769,41,True
uniform,max,0,590,769,41,True
uniform,max,0,591,769,41,True
uniform,max,0,592,769,41,True
uniform,max,0,593,769,41,True
uniform,max,0,594,769,41,True
uniform,max,0,595,769,41,True
uniform,max,0,596,769,41,True
uniform,max,0,597,769,41,True
uniform,max,0,598,769,41,True
uniform,max,0,599,769,41,True
uniform,max,0,600,769,41,True
uniform,max,0,601,769,41,True
uniform,max,0,602,769,41,True
uniform,max,0,603,769,41,True
uniform,max,0,604,769,41,True
uniform,max,0,605,769,41,True
uniform,max,0,606,769,41,True
uniform,max,0,607,769,41,True
uniform,max,0,608,769,41,True
uniform,max,0,609,769,41,True
uniform,max,0,610,769,41,True
uniform,max,0,611,769,41,True
uniform,max,0,612,769,41,True
uniform,max,0,613,769,41,True
uniform,max,0,614,769,41,True
uniform,max,0,615,769,41,True
uniform,max,0,616,769,41,True
uniform,max,0,617,769,41,True
uniform,max,0,618,769,41,True
uniform,max,0,619,769,41,True
uniform,max,0,620,769,41,True
uniform,max,0,621,769,41,True
uniform,max,0,622,769,41,True
uniform,max,0,623,769,41,True
uniform,max,0,624,769,41,True
uniform,max,0,625,769,41,True
uniform,max,0,626,769,41,True
uniform,max,0,627,769,41,True
uniform,max,0,628,769,41,True
uniform,max,0,629,769,41,True
uniform,max,0,630,769,41,True
uniform,max,0,631,769,41,True
uniform,max,0,632,769,41,True
uniform,max,0,633,769,41,True
uniform,max,0,634,769,41,True
uniform,max,0,635,769,41,True
uniform,max,0,636,769,41,True
uniform,max,0,637,769,41,True
uniform,max,0,638,769,41,True
uniform,max,0,639,769,41,True
uniform,max,0,640,769,41,True
uniform,max,0,641,769,41,True
uniform,max,0,642,769,41,True
uniform,max,0,643,769,41,True
uniform,max,0,644,769,41,True
uniform,max,0,645,769,41,True
uniform,max,0,646,769,41,True
uniform,max,0,647,769,41,True
uniform,max,0,648,769,41,True
uniform,max,0,649,769,41,True
uniform,max,0,650,769,41,True
uniform,max,0,651,769,41,True
uniform,max,0,652,769,41,True
uniform,max,0,653,769,41,True
uniform,max,0,654,769,41,True
uniform,max,0,655,769,41,True
uniform,max,0,656,769,41,True
uniform,max,0,657,769,41,True
uniform,max,0,658,769,41,True
uniform,max,0,659,769,41,True
uniform,max,0,660,769,41,True
uniform,max,0,661,769,41,True
uniform,max,0,662,769,41,True
uniform,max,0,663,769,41,True
uniform,max,0,664,769,41,True
uniform,max,0,665,769,41,True
uniform,max,0,666,769,41,True
uniform,max,0,667,769,41,True
uniform,max,0,668,769,41,True
uniform,max,0,669,769,41,True
uniform,max,0,670,769,41,True
uniform,max,0,671,769,41,True
uniform,max,0,672,769,41,True
uniform,max,0,673,769,41,True
uniform,max,0,674,769,41,True
uniform,max,0,675,769,41,True
uniform,max,0,676,769,41,True
uniform,max,0,677,769,41,True
uniform,max,0,678,769,41,True
uniform,max,0,679,769,41,True
uniform,max,0,680,769,41,True
uniform,max,0,681,769,41,True
uniform,max,0,682,769,41,True
uniform,max,0,683,769,41,True
uniform,max,0,684,769,41,True
uniform,max,0,685,769,41,True
uniform,max,0,686,769,41,True
uniform,max,0,687,769,41,True
uniform,max,0,688,769,41,True
uniform,max,0,689,769,41,True
uniform,max,0,690,769,41,True
uniform,max,0,691,769,41,True
uniform,max,0,692,769,41,True
uniform,max,0,693,769,41,True
uniform,max,0,694,769,41,True
uniform,max,0,695,769,41,True
uniform,max,0,696,769,41,True
uniform,max,0,697,769,41,True
uniform,max,0,698,769,41,True
uniform,max,0,699,769,41,True
uniform,max,0,700,769,41,True
uniform,max,0,701,769,41,True
uniform,max,0,702,769,41,True
uniform,max,0,703,769,41,True
uniform,max,0,704,769,41,True
uniform,max,0,705,769,41,True
uniform,max,0,706,769,41,True
uniform,max,0,707,769,41,True
uniform,max,0,708,769,41,True
uniform,max,0,709,769,41,True
uniform,max,0,710,769,41,True
uniform,max,0,711,769,41,True
uniform,max,0,712,769,41,True
uniform,max,0,713,769,41,True
uniform,max,0,714,769,41,True
uniform,max,0,715,769,41,True
uniform,max,0,716,769,41,True
uniform,max,0,717,769,41,True
uniform,max,0,718,769,41,True
uniform,max,0,719,769,41,True
uniform,max,0,720,769,41,True
uniform,max,0,721,769,41,True
uniform,max,0,722,769,41,True
uniform,max,0,723,769,41,True
uniform,max,0,724,769,41,True
uniform,max,0,725,769,41,True
uniform,max,0,726,769,41,True
uniform,max,0,727,769,41,True
uniform,max,0,728,769,41,True
uniform,max,0,729,769,41,True
uniform,max,0,730,769,41,True
uniform,max,0,731,769,41,True
uniform,max,0,732,769,41,True
uniform,max,0,733,769,41,True
uniform,max,0,734,769,41,True
uniform,max,0,735,769,41,True
uniform,max,0,736,769,41,True
uniform,max,0,737,769,41,True
uniform,max,0,738,769,41,True
uniform,max,0,739,769,41,True
uniform,max,0,740,769,41,True
uniform,max,0,741,769,41,True
uniform,max,0,742,769,41,True
uniform,max,0,743,769,41,True
uniform,max,0,744,769,41,True
uniform,max,0,745,769,41,True
uniform,max,0,746,769,41,True
uniform,max,0,747,769,41,True
uniform,max,0,748,769,41,True
uniform,max,0,749,769,41,True
uniform,max,0,750,769,41,True
uniform,max,0,751,769,41,True
uniform,max,0,752,769,41,True
uniform,max,0,753,769,41,True
uniform,max,0,754,769,41,True
uniform,max,0,755,769,41,True
uniform,max,0,756,769,41,True
uniform,max,0,757,769,41,True
uniform,max,0,758,769,41,True
uniform,max,0,759,769,41,True
uniform,max,0,760,769,41,True
uniform,max,0,761,769,41,True
uniform,max,0,762,769,41,True
uniform,max,0,763,769,41,True
uniform,max,0,764,769,41,True
uniform,max,0,765,769,41,True
uniform,max,0,766,769,41,True
uniform,max,0,767,769,41,True
uniform,max,0,768,769,41,True
uniform,max,0,769,769,41,True
uniform,max,0,770,769,41,True
uniform,max,0,771,769,41,True
uniform,max,0,772,769,41,True
uniform,max,0,773,769,41,True
uniform,max,0,774,769,41,True
uniform,max,0,775,769,41,True
uniform,max,0,776,769,41,True
uniform,max,0,777,769,41,True
uniform,max,0,778,769,41,True
uniform,max,0,779,769,41,True
uniform,max,0,780,769,41,True
uniform,max,0,781,769,41,True
uniform,max,0,782,769,41,True
uniform,max,0,783,769,41,True
uniform,max,0,784,769,41,True
uniform,max,0,785,769,41,True
uniform,max,0,786,769,41,True
uniform,max,0,787,769,41,True
uniform,max,0,788,769,41,True
uniform,max,0,789,769,41,True
uniform,max,0,790,769,41,True
uniform,max,0,791,769,41,True
uniform,max,0,792,769,41,True
uniform,max,0,793,769,41,True
uniform,max,0,794,769,41,True
uniform,max,0,795,769,41,True
uniform,max,0,796,769,41,True
uniform,max,0,797,769,41,True
uniform,max,0,798,769,41,True
uniform,max,0,799,769,41,True
uniform,max,0,800,769,41,True
uniform,max,0,801,769,41,True
uniform,max,0,802,769,41,True
uniform,max,0,803,769,41,True
uniform,max,0,804,769,41,True
uniform,max,0,805,769,41,True
uniform,max,0,806,769,41,True
uniform,max,0,807,769,41,True
uniform,max,0,808,769,41,True
uniform,max,0,809,769,41,True
uniform,max,0,810,769,41,True
uniform,max,0,811,769,41,True
uniform,max,0,812,769,41,True
uniform,max,0,813,769,41,True
uniform,max,0,814,769,41,True
uniform,max,0,815,769,41,True
uniform,max,0,816,769,41,True
uniform,max,0,817,769,41,True
uniform,max,0,818,769,41,True
uniform,max,0,819,769,41,True
uniform,max,0,820,769,41,True
uniform,max,0,821,769,41,True
uniform,max,0,822,769,41,True
uniform,max,0,823,769,41,True
uniform,max,0,824,769,41,True
uniform,max,0,825,769,41,True
uniform,max,0,826,769,41,True
uniform,max,0,827,769,41,True
uniform,max,0,828,769,41,True
uniform,max,0,829,769,41,True
uniform,max,0,830,769,41,True
uniform,max,0,831,769,41,True
uniform,max,0,832,769,41,True
uniform,max,0,833,769,41,True
uniform,max,0,834,769,41,True
uniform,max,0,835,769,41,True
uniform,max,0,836,769,41,True
uniform,max,0,837,769,41,True
uniform,max,0,838,769,41,True
uniform,max,0,839,769,41,True
uniform,max,0,840,769,41,True
uniform,max,0,841,769,41,True
uniform,max,0,842,769,41,True
uniform,max,0,843,769,41,True
uniform,max,0,844,769,41,True
uniform,max,0,845,769,41,True
uniform,max,0,846,769,41,True
uniform,max,0,847,769,41,True
uniform,max,0,848,769,41,True
uniform,max,0,849,769,41,True
uniform,max,0,850,769,41,True
uniform,max,0,851,769,41,True
uniform,max,0,852,769,41,True
uniform,max,0,853,769,41,True
uniform,max,0,854,769,41,True
uniform,max,0,855,769,41,True
uniform,max,0,856,769,41,True
uniform,max,0,857,769,41,True
uniform,max,0,858,769,41,True
uniform,max,0,859,769,41,True
uniform,max,0,860,769,41,True
uniform,max,0,861,769,41,True
uniform,max,0,862,769,41,True
uniform,max,0,863,769,41,True
uniform,max,0,864,769,41,True
uniform,max,0,865,769,41,True
uniform,max,0,866,769,41,True
uniform,max,0,867,769,41,True
uniform,max,0,868,769,41,True
uniform,max,0,869,769,41,True
uniform,max,0,870,769,41,True
uniform,max,0,871,769,41,True
uniform,max,0,872,769,41,True
uniform,max,0,873,769,41,True
uniform,max,0,874,769,41,True
uniform,max,0,875,769,41,True
uniform,max,0,876,769,41,True
uniform,max,0,877,769,41,True
uniform,max,0,878,769,41,True
uniform,max,0,879,769,41,True
uniform,max,0,880,769,41,True
uniform,max,0,881,769,41,True
uniform,max,0,882,769,41,True
uniform,max,0,883,769,41,True
uniform,max,0,884,769,41,True
uniform,max,0,885,769,41,True
uniform,max,0,886,769,41,True
uniform,max,0,887,769,41,True
uniform,max,0,888,769,41,True
uniform,max,0,889,769,41,True
uniform,max,0,890,769,41,True
uniform,max,0,891,769,41,True
uniform,max,0,892,769,41,True
uniform,max,0,893,769,41,True
uniform,max,0,894,769,41,True
uniform,max,0,895,769,41,True
uniform,max,0,896,769,41,True
uniform,max,0,897,769,41,True
uniform,max,0,898,769,41,True
uniform,max,0,899,769,41,True
uniform,max,0,900,769,41,True
uniform,max,0,901,769,41,True
uniform,max,0,902,769,41,True
uniform,max,0,903,769,41,True
uniform,max,0,904,769,41,True
uniform,max,0,905,769,41,True
uniform,max,0,906,769,41,True
uniform,max,0,907,769,41,True
uniform,max,0,908,769,41,True
uniform,max,0,909,769,41,True
uniform,max,0,910,769,41,True
uniform,max,0,911,769,41,True
uniform,max,0,912,769,41,True
uniform,max,0,913,769,41,True
uniform,max,0,914,769,41,True
uniform,max,0,915,769,41,True
uniform,max,0,916,769,41,True
uniform,max,0,917,769,41,True
uniform,max,0,918,769,41,True
uniform,max,0,919,769,41,True
uniform,max,0,920,769,41,True
uniform,max,0,921,769,41,True
uniform,max,0,922,769,41,True
uniform,max,0,923,769,41,True
uniform,max,0,924,769,41,True
uniform,max,0,925,769,41,True
uniform,max,0,926,769,41,True
uniform,max,0,927,769,41,True
uniform,max,0,928,769,41,True
uniform,max,0,929,769,41,True
uniform,max,0,930,769,41,True
uniform,max,0,931,769,41,True
uniform,max,0,932,769,41,True
uniform,max,0,933,769,41,True
uniform,max,0,934,769,41,True
uniform,max,0,935,769,41,True
uniform,max,0,936,769,41,True
uniform,max,0,937,769,41,True
uniform,max,0,938,769,41,True
uniform,max,0,939,769,41,True
uniform,max,0,940,769,41,True
uniform,max,0,941,769,41,True
uniform,max,0,942,769,41,True
uniform,max,0,943,769,41,True
uniform,max,0,944,769,41,True
uniform,max,0,945,769,41,True
uniform,max,0,946,769,41,True
uniform,max,0,947,769,41,True
uniform,max,0,948,769,41,True
uniform,max,0,949,769,41,True
uniform,max,0,950,769,41,True
uniform,max,0,951,769,41,True
uniform,max,0,952,769,41,True
uniform,max,0,953,769,41,True
uniform,max,0,954,769,41,True
uniform,max,0,955,769,41,True
uniform,max,0,956,769,41,True
uniform,max,0,957,769,41,True
uniform,max,0,958,769,41,True
uniform,max,0,959,769,41,True
uniform,max,0,960,769,41,True
uniform,max,0,961,769,41,True
uniform,max,0,962,769,41,True
uniform,max,0,963,769,41,True
uniform,max,0,964,769,41,True
uniform,max,0,965,769,41,True
uniform,max,0,966,769,41,True
uniform,max,0,967,769,41,True
uniform,max,0,968,769,41,True
uniform,max,0,969,769,41,True
uniform,max,0,970,769,41,True
uniform,max,0,971,769,41,True
uniform,max,0,972,769,41,True
uniform,max,0,973,769,41,True
uniform,max,0,974,769,41,True
uniform,max,0,975,769,41,True
uniform,max,0,976,769,41,True
uniform,max,0,977,769,41,True
uniform,max,0,978,769,41,True
uniform,max,0,979,769,41,True
uniform,max,0,980,769,41,True
uniform,max,0,981,769,41,True
uniform,max,0,982,769,41,True
uniform,max,0,983,769,41,True
uniform,max,0,984,769,41,True
uniform,max,0,985,769,41,True
uniform,max,0,986,769,41,True
uniform,max,0,987,769,41,True
uniform,max,0,988,769,41,True
uniform,max,0,989,769,41,True
uniform,max,0,990,769,41,True
uniform,max,0,991,769,41,True
uniform,max,0,992,769,41,True
uniform,max,0,993,769,41,True
uniform,max,0,994,769,41,True
uniform,max,0,995,769,41,True
uniform,max,0,996,769,41,True
uniform,max,0,997,769,41,True
uniform,max,0,998,769,41,True
uniform,max,0,999,769,41,True
uniform,max,0,1000,769,41,True
uniform,max,1,1,842,56,False
uniform,max,1,2,842,56,False
uniform,max,1,3,842,56,False
uniform,max,1,4,842,56,False
uniform,max,1,5,842,56,False
uniform,max,1,6,842,56,False
uniform,max,1,7,828,46,False
uniform,max,1,8,828,46,False
uniform,max,1,9,826,46,False
uniform,max,1,10,826,46,False
uniform,max,1,11,826,46,False
uniform,max,1,12,826,46,False
uniform,max,1,13,826,46,False
uniform,max,1,14,826,46,False
uniform,max,1,15,826,46,False
uniform,max,1,16,826,46,False
uniform,max,1,17,826,46,False
uniform,max,1,18,826,46,False
uniform,max,1,19,826,46,False
uniform,max,1,20,790,41,True
uniform,max,1,21,790,41,True
uniform,max,1,22,790,41,True
uniform,max,1,23,790,41,True
uniform,max,1,24,790,41,True
uniform,max,1,25,790,41,True
uniform,max,1,26,790,41,True
uniform,max,1,27,790,41,True
uniform,max,1,28,790,41,True
uniform,max,1,29,790,41,True
uniform,max,1,30,790,41,True
uniform,max,1,31,790,41,True
uniform,max,1,32,790,41,True
uniform,max,1,33,790,41,True
uniform,max,1,34,790,41,True
uniform,max,1,35,790,41,True
uniform,max,1,36,790,41,True
uniform,max,1,37,790,41,True
uniform,max,1,38,790,41,True
uniform,max,1,39,790,41,True
uniform,max,1,40,790,41,True
uniform,max,1,41,790,41,True
uniform,max,1,42,790,41,True
uniform,max,1,43,790,41,True
uniform,max,1,44,790,41,True
uniform,max,1,45,790,41,True
uniform,max,1,46,790,41,True
uniform,max,1,47,783,41,True
uniform,max,1,48,783,41,True
uniform,max,1,49,783,41,True
uniform,max,1,50,783,41,True
uniform,max,1,51,783,41,True
uniform,max,1,52,783,41,True
uniform,max,1,53,783,41,True
uniform,max,1,54,783,41,True
uniform,max,1,55,783,41,True
uniform,max,1,56,783,41,True
uniform,max,1,57,783,41,True
uniform,max,1,58,783,41,True
uniform,max,1,59,783,41,True
uniform,max,1,60,783,41,True
uniform,max,1,61,783,41,True
uniform,max,1,62,783,41,True
uniform,max,1,63,783,41,True
uniform,max,1,64,783,41,True
uniform,max,1,65,783,41,True
uniform,max,1,66,783,41,True
uniform,max,1,67,783,41,True
uniform,max,1,68,783,41,True
uniform,max,1,69,783,41,True
uniform,max,1,70,783,41,True
uniform,max,1,71,783,41,True
uniform,max,1,72,783,41,True
uniform,max,1,73,783,41,True
uniform,max,1,74,783,41,True
uniform,max,1,75,783,41,True
uniform,max,1,76,783,41,True
uniform,max,1,77,783,41,True
uniform,max,1,78,783,41,True
uniform,max,1,79,783,41,True
uniform,max,1,80,783,41,True
uniform,max,1,81,783,41,True
uniform,max,1,82,783,41,True
uniform,max,1,83,783,41,True
uniform,max,1,84,783,41,True
uniform,max,1,85,783,41,True
uniform,max,1,86,783,41,True
uniform,max,1,87,783,41,True
uniform,max,1,88,783,41,True
uniform,max,1,89,783,41,True
uniform,max,1,90,783,41,True
uniform,max,1,91,783,41,True
uniform,max,1,92,783,41,True
uniform,max,1,93,783,41,True
uniform,max,1,94,783,41,True
uniform,max,1,95,783,41,True
uniform,max,1,96,783,41,True
uniform,max,1,97,783,41,True
uniform,max,1,98,783,41,True
uniform,max,1,99,783,41,True
uniform,max,1,100,783,41,True
uniform,max,1,101,783,41,True
uniform,max,1,102,783,41,True
uniform,max,1,103,783,41,True
uniform,max,1,104,783,41,True
uniform,max,1,105,783,41,True
uniform,max,1,106,783,41,True
uniform,max,1,107,783,41,True
uniform,max,1,108,783,41,True
uniform,max,1,109,783,41,True
uniform,max,1,110,783,41,True
uniform,max,1,111,783,41,True
uniform,max,1,112,783,41,True
uniform,max,1,113,783,41,True
uniform,max,1,114,783,41,True
uniform,max,1,115,783,41,True
uniform,max,1,116,783,41,True
uniform,max,1,117,783,41,True
uniform,max,1,118,783,41,True
uniform,max,1,119,783,41,True
uniform,max,1,120,783,41,True
uniform,max,1,121,783,41,True
uniform,max,1,122,783,41,True
uniform,max,1,123,783,41,True
uniform,max,1,124,783,41,True
uniform,max,1,125,783,41,True
uniform,max,1,126,783,41,True
uniform,max,1,127,783,41,True
uniform,max,1,128,783,41,True
uniform,max,1,129,783,41,True
uniform,max,1,130,783,41,True
uniform,max,1,131,783,41,True
uniform,max,1,132,783,41,True
uniform,max,1,133,783,41,True
uniform,max,1,134,783,41,True
uniform,max,1,135,783,41,True
uniform,max,1,136,783,41,True
uniform,max,1,137,783,41,True
uniform,max,1,138,783,41,True
uniform,max,1,139,783,41,True
uniform,max,1,140,783,41,True
uniform,max,1,141,783,41,True
uniform,max,1,142,783,41,True
uniform,max,1,143,783,41,True
uniform,max,1,144,783,41,True
uniform,max,1,145,783,41,True
uniform,max,1,146,783,41,True
uniform,max,1,147,783,41,True
uniform,max,1,148,783,41,True
uniform,max,1,149,783,41,True
uniform,max,1,150,783,41,True
uniform,max,1,151,783,41,True
uniform,max,1,152,783,41,True
uniform,max,1,153,783,41,True
uniform,max,1,154,783,41,True
uniform,max,1,155,783,41,True
uniform,max,1,156,783,41,True
uniform,max,1,157,783,41,True
uniform,max,1,158,783,41,True
uniform,max,1,159,783,41,True
uniform,max,1,160,783,41,True
uniform,max,1,161,783,41,True
uniform,max,1,162,783,41,True
uniform,max,1,163,783,41,True
uniform,max,1,164,783,41,True
uniform,max,1,165,783,41,True
uniform,max,1,166,783,41,True
uniform,max,1,167,783,41,True
uniform,max,1,168,783,41,True
uniform,max,1,169,783,41,True
uniform,max,1,170,783,41,True
uniform,max,1,171,783,41,True
uniform,max,1,172,783,41,True
uniform,max,1,173,783,41,True
uniform,max,1,174,783,41,True
uniform,max,1,175,783,41,True
uniform,max,1,176,783,41,True
uniform,max,1,177,783,41,True
uniform,max,1,178,783,41,True
uniform,max,1,179,783,41,True
uniform,max,1,180,783,41,True
uniform,max,1,181,783,41,True
uniform,max,1,182,783,41,True
uniform,max,1,183,783,41,True
uniform,max,1,184,783,41,True
uniform,max,1,185,783,41,True
uniform,max,1,186,783,41,True
uniform,max,1,187,783,41,True
uniform,max,1,188,783,41,True
uniform,max,1,189,783,41,True
uniform,max,1,190,783,41,True
uniform,max,1,191,783,41,True
uniform,max,1,192,783,41,True
uniform,max,1,193,783,41,True
uniform,max,1,194,783,41,True
uniform,max,1,195,783,41,True
uniform,max,1,196,783,41,True
uniform,max,1,197,783,41,True
uniform,max,1,198,783,41,True
uniform,max,1,199,783,41,True
uniform,max,1,200,783,41,True
uniform,max,1,201,783,41,True
uniform,max,1,202,783,41,True
uniform,max,1,203,783,41,True
uniform,max,1,204,783,41,True
uniform,max,1,205,783,41,True
uniform,max,1,206,783,41,True
uniform,max,1,207,783,41,True
uniform,max,1,208,783,41,True
uniform,max,1,209,783,41,True
uniform,max,1,210,783,41,True
uniform,max,1,211,783,41,True
uniform,max,1,212,783,41,True
uniform,max,1,213,783,41,True
uniform,max,1,214,783,41,True
uniform,max,1,215,783,41,True
uniform,max,1,216,783,41,True
uniform,max,1,217,783,41,True
uniform,max,1,218,783,41,True
uniform,max,1,219,783,41,True
uniform,max,1,220,783,41,True
uniform,max,1,221,783,41,True
uniform,max,1,222,783,41,True
uniform,max,1,223,783,41,True
uniform,max,1,224,783,41,True
uniform,max,1,225,783,41,True
uniform,max,1,226,783,41,True
uniform,max,1,227,783,41,True
uniform,max,1,228,783,41,True
uniform,max,1,229,783,41,True
uniform,max,1,230,783,41,True
uniform,max,1,231,783,41,True
uniform,max,1,232,783,41,True
uniform,max,1,233,783,41,True
uniform,max,1,234,783,41,True
uniform,max,1,235,783,41,True
uniform,max,1,236,783,41,True
uniform,max,1,237,783,41,True
uniform,max,1,238,783,41,True
uniform,max,1,239,783,41,True
uniform,max,1,240,783,41,True
uniform,max,1,241,783,41,True
uniform,max,1,242,783,41,True
uniform,max,1,243,783,41,True
uniform,max,1,244,783,41,True
uniform,max,1,245,783,41,True
uniform,max,1,246,783,41,True
uniform,max,1,247,783,41,True
uniform,max,1,248,783,41,True
uniform,max,1,249,783,41,True
uniform,max,1,250,783,41,True
uniform,max,1,251,783,41,True
uniform,max,1,252,783,41,True
uniform,max,1,253,783,41,True
uniform,max,1,254,783,41,True
uniform,max,1,255,783,41,True
uniform,max,1,256,783,41,True
uniform,max,1,257,783,41,True
uniform,max,1,258,783,41,True
uniform,max,1,259,783,41,True
uniform,max,1,260,783,41,True
uniform,max,1,261,783,41,True
uniform,max,1,262,783,41,True
uniform,max,1,263,783,41,True
uniform,max,1,264,783,41,True
uniform,max,1,265,783,41,True
uniform,max,1,266,783,41,True
uniform,max,1,267,783,41,True
uniform,max,1,268,783,41,True
uniform,max,1,269,783,41,True
uniform,max,1,270,783,41,True
uniform,max,1,271,783,41,True
uniform,max,1,272,783,41,True
uniform,max,1,273,783,41,True
uniform,max,1,274,783,41,True
uniform,max,1,275,783,41,True
uniform,max,1,276,783,41,True
uniform,max,1,277,783,41,True
uniform,max,1,278,783,41,True
uniform,max,1,279,783,41,True
uniform,max,1,280,783,41,True
uniform,max,1,281,783,41,True
uniform,max,1,282,783,41,True
uniform,max,1,283,783,41,True
uniform,max,1,284,783,41,True
uniform,max,1,285,783,41,True
uniform,max,1,286,783,41,True
uniform,max,1,287,783,41,True
uniform,max,1,288,783,41,True
uniform,max,1,289,783,41,True
uniform,max,1,290,783,41,True
uniform,max,1,291,783,41,True
uniform,max,1,292,783,41,True
uniform,max,1,293,783,41,True
uniform,max,1,294,783,41,True
uniform,max,1,295,783,41,True
uniform,max,1,296,783,41,True
uniform,max,1,297,783,41,True
uniform,max,1,298,783,41,True
uniform,max,1,299,783,41,True
uniform,max,1,300,783,41,True
uniform,max,1,301,783,41,True
uniform,max,1,302,783,41,True
uniform,max,1,303,783,41,True
uniform,max,1,304,783,41,True
uniform,max,1,305,783,41,True
uniform,max,1,306,783,41,True
uniform,max,1,307,783,41,True
uniform,max,1,308,783,41,True
uniform,max,1,309,783,41,True
uniform,max,1,310,783,41,True
uniform,max,1,311,783,41,True
uniform,max,1,312,783,41,True
uniform,max,1,313,783,41,True
uniform,max,1,314,783,41,True
uniform,max,1,315,783,41,True
uniform,max,1,316,783,41,True
uniform,max,1,317,783,41,True
uniform,max,1,318,783,41,True
uniform,max,1,319,783,41,True
uniform,max,1,320,783,41,True
uniform,max,1,321,783,41,True
uniform,max,1,322,783,41,True
uniform,max,1,323,783,41,True
uniform,max,1,324,783,41,True
uniform,max,1,325,783,41,True
uniform,max,1,326,783,41,True
uniform,max,1,327,783,41,True
uniform,max,1,328,783,41,True
uniform,max,1,329,783,41,True
uniform,max,1,330,783,41,True
uniform,max,1,331,783,41,True
uniform,max,1,332,783,41,True
uniform,max,1,333,783,41,True
uniform,max,1,334,783,41,True
uniform,max,1,335,783,41,True
uniform,max,1,336,783,41,True
uniform,max,1,337,783,41,True
uniform,max,1,338,783,41,True
uniform,max,1,339,783,41,True
uniform,max,1,340,783,41,True
uniform,max,1,341,783,41,True
uniform,max,1,342,783,41,True
uniform,max,1,343,783,41,True
uniform,max,1,344,783,41,True
uniform,max,1,345,783,41,True
uniform,max,1,346,783,41,True
uniform,max,1,347,783,41,True
uniform,max,1,348,783,41,True
uniform,max,1,349,783,41,True
uniform,max,1,350,783,41,True
uniform,max,1,351,783,41,True
uniform,max,1,352,783,41,True
uniform,max,1,353,783,41,True
uniform,max,1,354,783,41,True
uniform,max,1,355,783,41,True
uniform,max,1,356,783,41,True
uniform,max,1,357,783,41,True
uniform,max,1,358,783,41,True
uniform,max,1,359,783,41,True
uniform,max,1,360,783,41,True
uniform,max,1,361,783,41,True
uniform,max,1,362,783,41,True
uniform,max,1,363,783,41,True
uniform,max,1,364,783,41,True
uniform,max,1,365,783,41,True
uniform,max,1,366,783,41,True
uniform,max,1,367,783,41,True
uniform,max,1,368,783,41,True
uniform,max,1,369,783,41,True
uniform,max,1,370,783,41,True
uniform,max,1,371,783,41,True
uniform,max,1,372,783,41,True
uniform,max,1,373,783,41,True
uniform,max,1,374,783,41,True
uniform,max,1,375,783,41,True
uniform,max,1,376,783,41,True
uniform,max,1,377,783,41,True
uniform,max,1,378,783,41,True
uniform,max,1,379,783,41,True
uniform,max,1,380,783,41,True
uniform,max,1,381,783,41,True
uniform,max,1,382,783,41,True
uniform,max,1,383,783,41,True
uniform,max,1,384,783,41,True
uniform,max,1,385,783,41,True
uniform,max,1,386,780,41,True
uniform,max,1,387,780,41,True
uniform,max,1,388,780,41,True
uniform,max,1,389,778,41,True
uniform,max,1,390,778,41,True
uniform,max,1,391,778,41,True
uniform,max,1,392,778,41,True
uniform,max,1,393,778,41,True
uniform,max,1,394,778,41,True
uniform,max,1,395,778,41,True
uniform,max,1,396,778,41,True
uniform,max,1,397,778,41,True
uniform,max,1,398,778,41,True
uniform,max,1,399,778,41,True
uniform,max,1,400,778,41,True
uniform,max,1,401,778,41,True
uniform,max,1,402,778,41,True
uniform,max,1,403,778,41,True
uniform,max,1,404,778,41,True
uniform,max,1,405,778,41,True
uniform,max,1,406,778,41,True
uniform,max,1,407,778,41,True
uniform,max,1,408,778,41,True
uniform,max,1,409,778,41,True
uniform,max,1,410,778,41,True
uniform,max,1,411,778,41,True
uniform,max,1,412,778,41,True
uniform,max,1,413,778,41,True
uniform,max,1,414,778,41,True
uniform,max,1,415,778,41,True
uniform,max,1,416,778,41,True
uniform,max,1,417,778,41,True
uniform,max,1,418,778,41,True
uniform,max,1,419,778,41,True
uniform,max,1,420,778,41,True
uniform,max,1,421,778,41,True
uniform,max,1,422,778,41,True
uniform,max,1,423,778,41,True
uniform,max,1,424,778,41,True
uniform,max,1,425,778,41,True
uniform,max,1,426,778,41,True
uniform,max,1,427,778,41,True
uniform,max,1,428,778,41,True
uniform,max,1,429,778,41,True
uniform,max,1,430,778,41,True
uniform,max,1,431,778,41,True
uniform,max,1,432,778,41,True
uniform,max,1,433,778,41,True
uniform,max,1,434,778,41,True
uniform,max,1,435,778,41,True
uniform,max,1,436,778,41,True
uniform,max,1,437,778,41,True
uniform,max,1,438,778,41,True
uniform,max,1,439,778,41,True
uniform,max,1,440,778,41,True
uniform,max,1,441,778,41,True
uniform,max,1,442,778,41,True
uniform,max,1,443,778,41,True
uniform,max,1,444,778,41,True
uniform,max,1,445,778,41,True
uniform,max,1,446,778,41,True
uniform,max,1,447,778,41,True
uniform,max,1,448,778,41,True
uniform,max,1,449,778,41,True
uniform,max,1,450,778,41,True
uniform,max,1,451,778,41,True
uniform,max,1,452,778,41,True
uniform,max,1,453,778,41,True
uniform,max,1,454,778,41,True
uniform,max,1,455,778,41,True
uniform,max,1,456,778,41,True
uniform,max,1,457,778,41,True
uniform,max,1,458,778,41,True
uniform,max,1,459,778,41,True
uniform,max,1,460,778,41,True
uniform,max,1,461,778,41,True
uniform,max,1,462,778,41,True
uniform,max,1,463,778,41,True
uniform,max,1,464,778,41,True
uniform,max,1,465,778,41,True
uniform,max,1,466,778,41,True
uniform,max,1,467,778,41,True
uniform,max,1,468,778,41,True
uniform,max,1,469,778,41,True
uniform,max,1,470,778,41,True
uniform,max,1,471,778,41,True
uniform,max,1,472,778,41,True
uniform,max,1,473,778,41,True
uniform,max,1,474,778,41,True
uniform,max,1,475,778,41,True
uniform,max,1,476,778,41,True
uniform,max,1,477,778,41,True
uniform,max,1,478,778,41,True
uniform,max,1,479,778,41,True
uniform,max,1,480,778,41,True
uniform,max,1,481,778,41,True
uniform,max,1,482,778,41,True
uniform,max,1,483,778,41,True
uniform,max,1,484,778,41,True
uniform,max,1,485,778,41,True
uniform,max,1,486,778,41,True
uniform,max,1,487,778,41,True
uniform,max,1,488,778,41,True
uniform,max,1,489,778,41,True
uniform,max,1,490,778,41,True
uniform,max,1,491,778,41,True
uniform,max,1,492,778,41,True
uniform,max,1,493,778,41,True
uniform,max,1,494,778,41,True
uniform,max,1,495,778,41,True
uniform,max,1,496,778,41,True
uniform,max,1,497,778,41,True
uniform,max,1,498,778,41,True
uniform,max,1,499,778,41,True
uniform,max,1,500,778,41,True
uniform,max,1,501,778,41,True
uniform,max,1,502,778,41,True
uniform,max,1,503,778,41,True
uniform,max,1,504,778,41,True
uniform,max,1,505,778,41,True
uniform,max,1,506,778,41,True
uniform,max,1,507,778,41,True
uniform,max,1,508,778,41,True
uniform,max,1,509,778,41,True
uniform,max,1,510,778,41,True
uniform,max,1,511,778,41,True
uniform,max,1,512,778,41,True
uniform,max,1,513,778,41,True
uniform,max,1,514,778,41,True
uniform,max,1,515,778,41,True
uniform,max,1,516,778,41,True
uniform,max,1,517,778,41,True
uniform,max,1,518,778,41,True
uniform,max,1,519,778,41,True
uniform,max,1,520,778,41,True
uniform,max,1,521,778,41,True
uniform,max,1,522,778,41,True
uniform,max,1,523,778,41,True
uniform,max,1,524,778,41,True
uniform,max,1,525,778,41,True
uniform,max,1,526,778,41,True
uniform,max,1,527,778,41,True
uniform,max,1,528,778,41,True
uniform,max,1,529,778,41,True
uniform,max,1,530,778,41,True
uniform,max,1,531,778,41,True
uniform,max,1,532,778,41,True
uniform,max,1,533,778,41,True
uniform,max,1,534,778,41,True
uniform,max,1,535,778,41,True
uniform,max,1,536,778,41,True
uniform,max,1,537,778,41,True
uniform,max,1,538,778,41,True
uniform,max,1,539,778,41,True
uniform,max,1,540,778,41,True
uniform,max,1,541,778,41,True
uniform,max,1,542,778,41,True
uniform,max,1,543,778,41,True
uniform,max,1,544,778,41,True
uniform,max,1,545,778,41,True
uniform,max,1,546,778,41,True
uniform,max,1,547,778,41,True
uniform,max,1,548,778,41,True
uniform,max,1,549,778,41,True
uniform,max,1,550,778,41,True
uniform,max,1,551,778,41,True
uniform,max,1,552,778,41,True
uniform,max,1,553,778,41,True
uniform,max,1,554,778,41,True
uniform,max,1,555,778,41,True
uniform,max,1,556,778,41,True
uniform,max,1,557,778,41,True
uniform,max,1,558,778,41,True
uniform,max,1,559,778,41,True
uniform,max,1,560,778,41,True
uniform,max,1,561,778,41,True
uniform,max,1,562,778,41,True
uniform,max,1,563,778,41,True
uniform,max,1,564,778,41,True
uniform,max,1,565,778,41,True
uniform,max,1,566,778,41,True
uniform,max,1,567,778,41,True
uniform,max,1,568,778,41,True
uniform,max,1,569,778,41,True
uniform,max,1,570,778,41,True
uniform,max,1,571,778,41,True
uniform,max,1,572,778,41,True
uniform,max,1,573,778,41,True
uniform,max,1,574,778,41,True
uniform,max,1,575,778,41,True
uniform,max,1,576,778,41,True
uniform,max,1,577,778,41,True
uniform,max,1,578,778,41,True
uniform,max,1,579,778,41,True
uniform,max,1,580,778,41,True
uniform,max,1,581,778,41,True
uniform,max,1,582,778,41,True
uniform,max,1,583,778,41,True
uniform,max,1,584,778,41,True
uniform,max,1,585,778,41,True
uniform,max,1,586,778,41,True
uniform,max,1,587,778,41,True
uniform,max,1,588,778,41,True
uniform,max,1,589,778,41,True
uniform,max,1,590,778,41,True
uniform,max,1,591,778,41,True
uniform,max,1,592,778,41,True
uniform,max,1,593,778,41,True
uniform,max,1,594,778,41,True
uniform,max,1,595,778,41,True
uniform,max,1,596,778,41,True
uniform,max,1,597,778,41,True
uniform,max,1,598,778,41,True
uniform,max,1,599,778,41,True
uniform,max,1,600,778,41,True
uniform,max,1,601,778,41,True
uniform,max,1,602,778,41,True
uniform,max,1,603,778,41,True
uniform,max,1,604,778,41,True
uniform,max,1,605,778,41,True
uniform,max,1,606,778,41,True
uniform,max,1,607,778,41,True
uniform,max,1,608,778,41,True
uniform,max,1,609,778,41,True
uniform,max,1,610,778,41,True
uniform,max,1,611,778,41,True
uniform,max,1,612,778,41,True
uniform,max,1,613,778,41,True
uniform,max,1,614,778,41,True
uniform,max,1,615,778,41,True
uniform,max,1,616,778,41,True
uniform,max,1,617,778,41,True
uniform,max,1,618,778,41,True
uniform,max,1,619,778,41,True
uniform,max,1,620,778,41,True
uniform,max,1,621,778,41,True
uniform,max,1,622,778,41,True
uniform,max,1,623,778,41,True
uniform,max,1,624,778,41,True
uniform,max,1,625,778,41,True
uniform,max,1,626,778,41,True
uniform,max,1,627,778,41,True
uniform,max,1,628,778,41,True
uniform,max,1,629,778,41,True
uniform,max,1,630,778,41,True
uniform,max,1,631,778,41,True
uniform,max,1,632,778,41,True
uniform,max,1,633,778,41,True
uniform,max,1,634,778,41,True
uniform,max,1,635,778,41,True
uniform,max,1,636,778,41,True
uniform,max,1,637,778,41,True
uniform,max,1,638,778,41,True
uniform,max,1,639,778,41,True
uniform,max,1,640,778,41,True
uniform,max,1,641,778,41,True
uniform,max,1,642,778,41,True
uniform,max,1,643,778,41,True
uniform,max,1,644,778,41,True
uniform,max,1,645,778,41,True
uniform,max,1,646,778,41,True
uniform,max,1,647,778,41,True
uniform,max,1,648,778,41,True
uniform,max,1,649,778,41,True
uniform,max,1,650,778,41,True
uniform,max,1,651,778,41,True
uniform,max,1,652,778,41,True
uniform,max,1,653,778,41,True
uniform,max,1,654,778,41,True
uniform,max,1,655,778,41,True
uniform,max,1,656,778,41,True
uniform,max,1,657,778,41,True
uniform,max,1,658,778,41,True
uniform,max,1,659,778,41,True
uniform,max,1,660,778,41,True
uniform,max,1,661,778,41,True
uniform,max,1,662,778,41,True
uniform,max,1,663,778,41,True
uniform,max,1,664,778,41,True
uniform,max,1,665,778,41,True
uniform,max,1,666,778,41,True
uniform,max,1,667,778,41,True
uniform,max,1,668,778,41,True
uniform,max,1,669,778,41,True
uniform,max,1,670,778,41,True
uniform,max,1,671,778,41,True
uniform,max,1,672,778,41,True
uniform,max,1,673,778,41,True
uniform,max,1,674,778,41,True
uniform,max,1,675,778,41,True
uniform,max,1,676,778,41,True
uniform,max,1,677,778,41,True
uniform,max,1,678,778,41,True
uniform,max,1,679,778,41,True
uniform,max,1,680,778,41,True
uniform,max,1,681,778,41,True
uniform,max,1,682,778,41,True
uniform,max,1,683,778,41,True
uniform,max,1,684,778,41,True
uniform,max,1,685,778,41,True
uniform,max,1,686,778,41,True
uniform,max,1,687,778,41,True
uniform,max,1,688,778,41,True
uniform,max,1,689,778,41,True
uniform,max,1,690,778,41,True
uniform,max,1,691,778,41,True
uniform,max,1,692,778,41,True
uniform,max,1,693,778,41,True
uniform,max,1,694,778,41,True
uniform,max,1,695,778,41,True
uniform,max,1,696,778,41,True
uniform,max,1,697,778,41,True
uniform,max,1,698,778,41,True
uniform,max,1,699,778,41,True
uniform,max,1,700,778,41,True
uniform,max,1,701,778,41,True
uniform,max,1,702,778,41,True
uniform,max,1,703,778,41,True
uniform,max,1,704,778,41,True
uniform,max,1,705,778,41,True
uniform,max,1,706,778,41,True
uniform,max,1,707,778,41,True
uniform,max,1,708,778,41,True
uniform,max,1,709,778,41,True
uniform,max,1,710,778,41,True
uniform,max,1,711,778,41,True
uniform,max,1,712,778,41,True
uniform,max,1,713,778,41,True
uniform,max,1,714,778,41,True
uniform,max,1,715,778,41,True
uniform,max,1,716,778,41,True
uniform,max,1,717,778,41,True
uniform,max,1,718,778,41,True
uniform,max,1,719,778,41,True
uniform,max,1,720,778,41,True
uniform,max,1,721,778,41,True
uniform,max,1,722,778,41,True
uniform,max,1,723,778,41,True
uniform,max,1,724,778,41,True
uniform,max,1,725,778,41,True
uniform,max,1,726,778,41,True
uniform,max,1,727,778,41,True
uniform,max,1,728,778,41,True
uniform,max,1,729,778,41,True
uniform,max,1,730,778,41,True
uniform,max,1,731,778,41,True
uniform,max,1,732,778,41,True
uniform,max,1,733,778,41,True
uniform,max,1,734,778,41,True
uniform,max,1,735,778,41,True
uniform,max,1,736,778,41,True
uniform,max,1,737,778,41,True
uniform,max,1,738,778,41,True
uniform,max,1,739,778,41,True
uniform,max,1,740,778,41,True
uniform,max,1,741,778,41,True
uniform,max,1,742,778,41,True
uniform,max,1,743,778,41,True
uniform,max,1,744,778,41,True
uniform,max,1,745,778,41,True
uniform,max,1,746,778,41,True
uniform,max,1,747,778,41,True
uniform,max,1,748,778,41,True
uniform,max,1,749,778,41,True
uniform,max,1,750,778,41,True
uniform,max,1,751,778,41,True
uniform,max,1,752,778,41,True
uniform,max,1,753,778,41,True
uniform,max,1,754,778,41,True
uniform,max,1,755,778,41,True
uniform,max,1,756,778,41,True
uniform,max,1,757,778,41,True
uniform,max,1,758,778,41,True
uniform,max,1,759,778,41,True
uniform,max,1,760,778,41,True
uniform,max,1,761,778,41,True
uniform,max,1,762,778,41,True
uniform,max,1,763,778,41,True
uniform,max,1,764,778,41,True
uniform,max,1,765,778,41,True
uniform,max,1,766,778,41,True
uniform,max,1,767,778,41,True
uniform,max,1,768,778,41,True
uniform,max,1,769,778,41,True
uniform,max,1,770,778,41,True
uniform,max,1,771,778,41,True
uniform,max,1,772,778,41,True
uniform,max,1,773,778,41,True
uniform,max,1,774,778,41,True
uniform,max,1,775,778,41,True
uniform,max,1,776,778,41,True
uniform,max,1,777,778,41,True
uniform,max,1,778,778,41,True
uniform,max,1,779,778,41,True
uniform,max,1,780,778,41,True
uniform,max,1,781,778,41,True
uniform,max,1,782,778,41,True
uniform,max,1,783,778,41,True
uniform,max,1,784,778,41,True
uniform,max,1,785,778,41,True
uniform,max,1,786,778,41,True
uniform,max,1,787,778,41,True
uniform,max,1,788,778,41,True
uniform,max,1,789,778,41,True
uniform,max,1,790,778,41,True
uniform,max,1,791,778,41,True
uniform,max,1,792,778,41,True
uniform,max,1,793,778,41,True
uniform,max,1,794,778,41,True
uniform,max,1,795,778,41,True
uniform,max,1,796,778,41,True
uniform,max,1,797,778,41,True
uniform,max,1,798,778,41,True
uniform,max,1,799,778,41,True
uniform,max,1,800,778,41,True
uniform,max,1,801,778,41,True
uniform,max,1,802,778,41,True
uniform,max,1,803,778,41,True
uniform,max,1,804,778,41,True
uniform,max,1,805,778,41,True
uniform,max,1,806,778,41,True
uniform,max,1,807,778,41,True
uniform,max,1,808,778,41,True
uniform,max,1,809,778,41,True
uniform,max,1,810,778,41,True
uniform,max,1,811,778,41,True
uniform,max,1,812,778,41,True
uniform,max,1,813,778,41,True
uniform,max,1,814,778,41,True
uniform,max,1,815,778,41,True
uniform,max,1,816,778,41,True
uniform,max,1,817,778,41,True
uniform,max,1,818,778,41,True
uniform,max,1,819,778,41,True
uniform,max,1,820,778,41,True
uniform,max,1,821,778,41,True
uniform,max,1,822,778,41,True
uniform,max,1,823,778,41,True
uniform,max,1,824,778,41,True
uniform,max,1,825,778,41,True
uniform,max,1,826,778,41,True
uniform,max,1,827,778,41,True
uniform,max,1,828,778,41,True
uniform,max,1,829,778,41,True
uniform,max,1,830,778,41,True
uniform,max,1,831,778,41,True
uniform,max,1,832,778,41,True
uniform,max,1,833,778,41,True
uniform,max,1,834,778,41,True
uniform,max,1,835,778,41,True
uniform,max,1,836,778,41,True
uniform,max,1,837,778,41,True
uniform,max,1,838,778,41,True
uniform,max,1,839,778,41,True
uniform,max,1,840,778,41,True
uniform,max,1,841,778,41,True
uniform,max,1,842,778,41,True
uniform,max,1,843,778,41,True
uniform,max,1,844,778,41,True
uniform,max,1,845,778,41,True
uniform,max,1,846,778,41,True
uniform,max,1,847,778,41,True
uniform,max,1,848,778,41,True
uniform,max,1,849,778,41,True
uniform,max,1,850,778,41,True
uniform,max,1,851,778,41,True
uniform,max,1,852,778,41,True
uniform,max,1,853,778,41,True
uniform,max,1,854,778,41,True
uniform,max,1,855,778,41,True
uniform,max,1,856,778,41,True
uniform,max,1,857,778,41,True
uniform,max,1,858,778,41,True
uniform,max,1,859,778,41,True
uniform,max,1,860,778,41,True
uniform,max,1,861,778,41,True
uniform,max,1,862,778,41,True
uniform,max,1,863,778,41,True
uniform,max,1,864,778,41,True
uniform,max,1,865,778,41,True
uniform,max,1,866,778,41,True
uniform,max,1,867,778,41,True
uniform,max,1,868,778,41,True
uniform,max,1,869,778,41,True
uniform,max,1,870,778,41,True
uniform,max,1,871,778,41,True
uniform,max,1,872,778,41,True
uniform,max,1,873,778,41,True
uniform,max,1,874,778,41,True
uniform,max,1,875,778,41,True
uniform,max,1,876,778,41,True
uniform,max,1,877,778,41,True
uniform,max,1,878,778,41,True
uniform,max,1,879,778,41,True
uniform,max,1,880,778,41,True
uniform,max,1,881,778,41,True
uniform,max,1,882,778,41,True
uniform,max,1,883,778,41,True
uniform,max,1,884,778,41,True
uniform,max,1,885,778,41,True
uniform,max,1,886,778,41,True
uniform,max,1,887,778,41,True
uniform,max,1,888,778,41,True
uniform,max,1,889,778,41,True
uniform,max,1,890,778,41,True
uniform,max,1,891,778,41,True
uniform,max,1,892,778,41,True
uniform,max,1,893,778,41,True
uniform,max,1,894,778,41,True
uniform,max,1,895,778,41,True
uniform,max,1,896,778,41,True
uniform,max,1,897,778,41,True
uniform,max,1,898,778,41,True
uniform,max,1,899,778,41,True
uniform,max,1,900,778,41,True
uniform,max,1,901,778,41,True
uniform,max,1,902,778,41,True
uniform,max,1,903,778,41,True
uniform,max,1,904,778,41,True
uniform,max,1,905,778,41,True
uniform,max,1,906,778,41,True
uniform,max,1,907,778,41,True
uniform,max,1,908,778,41,True
uniform,max,1,909,778,41,True
uniform,max,1,910,778,41,True
uniform,max,1,911,778,41,True
uniform,max,1,912,778,41,True
uniform,max,1,913,778,41,True
uniform,max,1,914,778,41,True
uniform,max,1,915,778,41,True
uniform,max,1,916,778,41,True
uniform,max,1,917,778,41,True
uniform,max,1,918,778,41,True
uniform,max,1,919,778,41,True
uniform,max,1,920,778,41,True
uniform,max,1,921,778,41,True
uniform,max,1,922,778,41,True
uniform,max,1,923,778,41,True
uniform,max,1,924,778,41,True
uniform,max,1,925,778,41,True
uniform,max,1,926,778,41,True
uniform,max,1,927,778,41,True
uniform,max,1,928,778,41,True
uniform,max,1,929,778,41,True
uniform,max,1,930,778,41,True
uniform,max,1,931,778,41,True
uniform,max,1,932,778,41,True
uniform,max,1,933,778,41,True
uniform,max,1,934,778,41,True
uniform,max,1,935,778,41,True
uniform,max,1,936,778,41,True
uniform,max,1,937,778,41,True
uniform,max,1,938,778,41,True
uniform,max,1,939,778,41,True
uniform,max,1,940,778,41,True
uniform,max,1,941,778,41,True
uniform,max,1,942,778,41,True
uniform,max,1,943,778,41,True
uniform,max,1,944,778,41,True
uniform,max,1,945,778,41,True
uniform,max,1,946,778,41,True
uniform,max,1,947,778,41,True
uniform,max,1,948,778,41,True
uniform,max,1,949,778,41,True
uniform,max,1,950,778,41,True
uniform,max,1,951,778,41,True
uniform,max,1,952,778,41,True
uniform,max,1,953,778,41,True
uniform,max,1,954,778,41,True
uniform,max,1,955,778,41,True
uniform,max,1,956,778,41,True
uniform,max,1,957,778,41,True
uniform,max,1,958,778,41,True
uniform,max,1,959,778,41,True
uniform,max,1,960,778,41,True
uniform,max,1,961,778,41,True
uniform,max,1,962,778,41,True
uniform,max,1,963,778,41,True
uniform,max,1,964,778,41,True
uniform,max,1,965,778,41,True
uniform,max,1,966,778,41,True
uniform,max,1,967,778,41,True
uniform,max,1,968,778,41,True
uniform,max,1,969,778,41,True
uniform,max,1,970,778,41,True
uniform,max,1,971,778,41,True
uniform,max,1,972,778,41,True
uniform,max,1,973,778,41,True
uniform,max,1,974,778,41,True
uniform,max,1,975,778,41,True
uniform,max,1,976,778,41,True
uniform,max,1,977,778,41,True
uniform,max,1,978,778,41,True
uniform,max,1,979,778,41,True
uniform,max,1,980,778,41,True
uniform,max,1,981,778,41,True
uniform,max,1,982,778,41,True
uniform,max,1,983,778,41,True
uniform,max,1,984,778,41,True
uniform,max,1,985,778,41,True
uniform,max,1,986,778,41,True
uniform,max,1,987,778,41,True
uniform,max,1,988,778,41,True
uniform,max,1,989,778,41,True
uniform,max,1,990,778,41,True
uniform,max,1,991,778,41,True
uniform,max,1,992,778,41,True
uniform,max,1,993,778,41,True
uniform,max,1,994,778,41,True
uniform,max,1,995,778,41,True
uniform,max,1,996,778,41,True
uniform,max,1,997,778,41,True
uniform,max,1,998,778,41,True
uniform,max,1,999,778,41,True
uniform,max,1,1000,778,41,True
uniform,max,2,1,842,56,False
uniform,max,2,2,800,49,False
uniform,max,2,3,800,49,False
uniform,max,2,4,790,42,False
uniform,max,2,5,790,42,False
uniform,max,2,6,790,42,False
uniform,max,2,7,790,42,False
uniform,max,2,8,790,42,False
uniform,max,2,9,790,42,False
uniform,max,2,10,790,42,False
uniform,max,2,11,790,42,False
uniform,max,2,12,790,42,False
uniform,max,2,13,790,42,False
uniform,max,2,14,790,42,False
uniform,max,2,15,790,42,False
uniform,max,2,16,790,42,False
uniform,max,2,17,790,42,False
uniform,max,2,18,790,42,False
uniform,max,2,19,790,42,False
uniform,max,2,20,790,42,False
uniform,max,2,21,790,42,False
uniform,max,2,22,790,42,False
uniform,max,2,23,790,42,False
uniform,max,2,24,790,42,False
uniform,max,2,25,790,42,False
uniform,max,2,26,790,42,False
uniform,max,2,27,767,42,False
uniform,max,2,28,767,42,False
uniform,max,2,29,777,41,True
uniform,max,2,30,777,41,True
uniform,max,2,31,777,41,True
uniform,max,2,32,777,41,True
uniform,max,2,33,777,41,True
uniform,max,2,34,777,41,True
uniform,max,2,35,777,41,True
uniform,max,2,36,777,41,True
uniform,max,2,37,777,41,True
uniform,max,2,38,777,41,True
uniform,max,2,39,777,41,True
uniform,max,2,40,777,41,True
uniform,max,2,41,777,41,True
uniform,max,2,42,777,41,True
uniform,max,2,43,777,41,True
uniform,max,2,44,777,41,True
uniform,max,2,45,777,41,True
uniform,max,2,46,777,41,True
uniform,max,2,47,777,41,True
uniform,max,2,48,777,41,True
uniform,max,2,49,777,41,True
uniform,max,2,50,777,41,True
uniform,max,2,51,777,41,True
uniform,max,2,52,777,41,True
uniform,max,2,53,777,41,True
uniform,max,2,54,777,41,True
uniform,max,2,55,777,41,True
uniform,max,2,56,777,41,True
uniform,max,2,57,777,41,True
uniform,max,2,58,777,41,True
uniform,max,2,59,777,41,True
uniform,max,2,60,777,41,True
uniform,max,2,61,777,41,True
uniform,max,2,62,777,41,True
uniform,max,2,63,777,41,True
uniform,max,2,64,777,41,True
uniform,max,2,65,777,41,True
uniform,max,2,66,777,41,True
uniform,max,2,67,777,41,True
uniform,max,2,68,777,41,True
uniform,max,2,69,777,41,True
uniform,max,2,70,777,41,True
uniform,max,2,71,777,41,True
uniform,max,2,72,777,41,True
uniform,max,2,73,777,41,True
uniform,max,2,74,777,41,True
uniform,max,2,75,777,41,True
uniform,max,2,76,777,41,True
uniform,max,2,77,777,41,True
uniform,max,2,78,777,41,True
uniform,max,2,79,777,41,True
uniform,max,2,80,777,41,True
uniform,max,2,81,777,41,True
uniform,max,2,82,777,41,True
uniform,max,2,83,777,41,True
uniform,max,2,84,777,41,True
uniform,max,2,85,777,41,True
uniform,max,2,86,777,41,True
uniform,max,2,87,777,41,True
uniform,max,2,88,777,41,True
uniform,max,2,89,777,41,True
uniform,max,2,90,777,41,True
uniform,max,2,91,777,41,True
uniform,max,2,92,777,41,True
uniform,max,2,93,777,41,True
uniform,max,2,94,777,41,True
uniform,max,2,95,777,41,True
uniform,max,2,96,777,41,True
uniform,max,2,97,777,41,True
uniform,max,2,98,777,41,True
uniform,max,2,99,777,41,True
uniform,max,2,100,777,41,True
uniform,max,2,101,777,41,True
uniform,max,2,102,777,41,True
uniform,max,2,103,777,41,True
uniform,max,2,104,777,41,True
uniform,max,2,105,777,41,True
uniform,max,2,106,777,41,True
uniform,max,2,107,777,41,True
uniform,max,2,108,777,41,True
uniform,max,2,109,777,41,True
uniform,max,2,110,777,41,True
uniform,max,2,111,777,41,True
uniform,max,2,112,777,41,True
uniform,max,2,113,777,41,True
uniform,max,2,114,777,41,True
uniform,max,2,115,777,41,True
uniform,max,2,116,777,41,True
uniform,max,2,117,777,41,True
uniform,max,2,118,777,41,True
uniform,max,2,119,777,41,True
uniform,max,2,120,777,41,True
uniform,max,2,121,777,41,True
uniform,max,2,122,777,41,True
uniform,max,2,123,777,41,True
uniform,max,2,124,777,41,True
uniform,max,2,125,777,41,True
uniform,max,2,126,777,41,True
uniform,max,2,127,777,41,True
uniform,max,2,128,777,41,True
uniform,max,2,129,777,41,True
uniform,max,2,130,777,41,True
uniform,max,2,131,777,41,True
uniform,max,2,132,777,41,True
uniform,max,2,133,777,41,True
uniform,max,2,134,777,41,True
uniform,max,2,135,777,41,True
uniform,max,2,136,777,41,True
uniform,max,2,137,777,41,True
uniform,max,2,138,777,41,True
uniform,max,2,139,777,41,True
uniform,max,2,140,777,41,True
uniform,max,2,141,777,41,True
uniform,max,2,142,777,41,True
uniform,max,2,143,777,41,True
uniform,max,2,144,777,41,True
uniform,max,2,145,777,41,True
uniform,max,2,146,777,41,True
uniform,max,2,147,777,41,True
uniform,max,2,148,777,41,True
uniform,max,2,149,777,41,True
uniform,max,2,150,777,41,True
uniform,max,2,151,777,41,True
uniform,max,2,152,777,41,True
uniform,max,2,153,777,41,True
uniform,max,2,154,777,41,True
uniform,max,2,155,777,41,True
uniform,max,2,156,777,41,True
uniform,max,2,157,777,41,True
uniform,max,2,158,777,41,True
uniform,max,2,159,777,41,True
uniform,max,2,160,777,41,True
uniform,max,2,161,777,41,True
uniform,max,2,162,777,41,True
uniform,max,2,163,777,41,True
uniform,max,2,164,777,41,True
uniform,max,2,165,777,41,True
uniform,max,2,166,777,41,True
uniform,max,2,167,777,41,True
uniform,max,2,168,777,41,True
uniform,max,2,169,777,41,True
uniform,max,2,170,777,41,True
uniform,max,2,171,777,41,True
uniform,max,2,172,777,41,True
uniform,max,2,173,777,41,True
uniform,max,2,174,777,41,True
uniform,max,2,175,777,41,True
uniform,max,2,176,777,41,True
uniform,max,2,177,777,41,True
uniform,max,2,178,777,41,True
uniform,max,2,179,777,41,True
uniform,max,2,180,777,41,True
uniform,max,2,181,777,41,True
uniform,max,2,182,777,41,True
uniform,max,2,183,777,41,True
uniform,max,2,184,777,41,True
uniform,max,2,185,777,41,True
uniform,max,2,186,777,41,True
uniform,max,2,187,777,41,True
uniform,max,2,188,777,41,True
uniform,max,2,189,777,41,True
uniform,max,2,190,777,41,True
uniform,max,2,191,777,41,True
uniform,max,2,192,777,41,True
uniform,max,2,193,777,41,True
uniform,max,2,194,777,41,True
uniform,max,2,195,777,41,True
uniform,max,2,196,777,41,True
uniform,max,2,197,777,41,True
uniform,max,2,198,777,41,True
uniform,max,2,199,777,41,True
uniform,max,2,200,777,41,True
uniform,max,2,201,777,41,True
uniform,max,2,202,777,41,True
uniform,max,2,203,777,41,True
uniform,max,2,204,777,41,True
uniform,max,2,205,777,41,True
uniform,max,2,206,777,41,True
uniform,max,2,207,777,41,True
uniform,max,2,208,777,41,True
uniform,max,2,209,777,41,True
uniform,max,2,210,777,41,True
uniform,max,2,211,777,41,True
uniform,max,2,212,777,41,True
uniform,max,2,213,777,41,True
uniform,max,2,214,777,41,True
uniform,max,2,215,777,41,True
uniform,max,2,216,777,41,True
uniform,max,2,217,777,41,True
uniform,max,2,218,777,41,True
uniform,max,2,219,777,41,True
uniform,max,2,220,777,41,True
uniform,max,2,221,777,41,True
uniform,max,2,222,777,41,True
uniform,max,2,223,777,41,True
uniform,max,2,224,777,41,True
uniform,max,2,225,777,41,True
uniform,max,2,226,777,41,True
uniform,max,2,227,777,41,True
uniform,max,2,228,777,41,True
uniform,max,2,229,777,41,True
uniform,max,2,230,777,41,True
uniform,max,2,231,777,41,True
uniform,max,2,232,777,41,True
uniform,max,2,233,777,41,True
uniform,max,2,234,777,41,True
uniform,max,2,235,777,41,True
uniform,max,2,236,777,41,True
uniform,max,2,237,777,41,True
uniform,max,2,238,777,41,True
uniform,max,2,239,777,41,True
uniform,max,2,240,777,41,True
uniform,max,2,241,777,41,True
uniform,max,2,242,777,41,True
uniform,max,2,243,777,41,True
uniform,max,2,244,777,41,True
uniform,max,2,245,777,41,True
uniform,max,2,246,777,41,True
uniform,max,2,247,777,41,True
uniform,max,2,248,777,41,True
uniform,max,2,249,777,41,True
uniform,max,2,250,777,41,True
uniform,max,2,251,777,41,True
uniform,max,2,252,777,41,True
uniform,max,2,253,777,41,True
uniform,max,2,254,777,41,True
uniform,max,2,255,777,41,True
uniform,max,2,256,777,41,True
uniform,max,2,257,777,41,True
uniform,max,2,258,777,41,True
uniform,max,2,259,777,41,True
uniform,max,2,260,777,41,True
uniform,max,2,261,777,41,True
uniform,max,2,262,777,41,True
uniform,max,2,263,777,41,True
uniform,max,2,264,777,41,True
uniform,max,2,265,777,41,True
uniform,max,2,266,777,41,True
uniform,max,2,267,777,41,True
uniform,max,2,268,777,41,True
uniform,max,2,269,777,41,True
uniform,max,2,270,777,41,True
uniform,max,2,271,777,41,True
uniform,max,2,272,777,41,True
uniform,max,2,273,777,41,True
uniform,max,2,274,777,41,True
uniform,max,2,275,777,41,True
uniform,max,2,276,777,41,True
uniform,max,2,277,777,41,True
uniform,max,2,278,777,41,True
uniform,max,2,279,777,41,True
uniform,max,2,280,777,41,True
uniform,max,2,281,777,41,True
uniform,max,2,282,777,41,True
uniform,max,2,283,777,41,True
uniform,max,2,284,777,41,True
uniform,max,2,285,777,41,True
uniform,max,2,286,777,41,True
uniform,max,2,287,777,41,True
uniform,max,2,288,777,41,True
uniform,max,2,289,777,41,True
uniform,max,2,290,777,41,True
uniform,max,2,291,777,41,True
uniform,max,2,292,777,41,True
uniform,max,2,293,777,41,True
uniform,max,2,294,777,41,True
uniform,max,2,295,777,41,True
uniform,max,2,296,777,41,True
uniform,max,2,297,777,41,True
uniform,max,2,298,777,41,True
uniform,max,2,299,777,41,True
uniform,max,2,300,777,41,True
uniform,max,2,301,777,41,True
uniform,max,2,302,777,41,True
uniform,max,2,303,777,41,True
uniform,max,2,304,777,41,True
uniform,max,2,305,777,41,True
uniform,max,2,306,777,41,True
uniform,max,2,307,777,41,True
uniform,max,2,308,777,41,True
uniform,max,2,309,777,41,True
uniform,max,2,310,777,41,True
uniform,max,2,311,777,41,True
uniform,max,2,312,777,41,True
uniform,max,2,313,777,41,True
uniform,max,2,314,777,41,True
uniform,max,2,315,777,41,True
uniform,max,2,316,777,41,True
uniform,max,2,317,777,41,True
uniform,max,2,318,777,41,True
uniform,max,2,319,777,41,True
uniform,max,2,320,777,41,True
uniform,max,2,321,777,41,True
uniform,max,2,322,777,41,True
uniform,max,2,323,777,41,True
uniform,max,2,324,777,41,True
uniform,max,2,325,777,41,True
uniform,max,2,326,777,41,True
uniform,max,2,327,777,41,True
uniform,max,2,328,777,41,True
uniform,max,2,329,777,41,True
uniform,max,2,330,777,41,True
uniform,max,2,331,777,41,True
uniform,max,2,332,777,41,True
uniform,max,2,333,777,41,True
uniform,max,2,334,777,41,True
uniform,max,2,335,777,41,True
uniform,max,2,336,777,41,True
uniform,max,2,337,777,41,True
uniform,max,2,338,777,41,True
uniform,max,2,339,777,41,True
uniform,max,2,340,777,41,True
uniform,max,2,341,777,41,True
uniform,max,2,342,777,41,True
uniform,max,2,343,777,41,True
uniform,max,2,344,777,41,True
uniform,max,2,345,777,41,True
uniform,max,2,346,777,41,True
uniform,max,2,347,777,41,True
uniform,max,2,348,777,41,True
uniform,max,2,349,777,41,True
uniform,max,2,350,777,41,True
uniform,max,2,351,777,41,True
uniform,max,2,352,777,41,True
uniform,max,2,353,777,41,True
uniform,max,2,354,777,41,True
uniform,max,2,355,777,41,True
uniform,max,2,356,777,41,True
uniform,max,2,357,777,41,True
uniform,max,2,358,777,41,True
uniform,max,2,359,777,41,True
uniform,max,2,360,777,41,True
uniform,max,2,361,777,41,True
uniform,max,2,362,777,41,True
uniform,max,2,363,777,41,True
uniform,max,2,364,777,41,True
uniform,max,2,365,777,41,True
uniform,max,2,366,777,41,True
uniform,max,2,367,777,41,True
uniform,max,2,368,777,41,True
uniform,max,2,369,777,41,True
uniform,max,2,370,777,41,True
uniform,max,2,371,777,41,True
uniform,max,2,372,777,41,True
uniform,max,2,373,777,41,True
uniform,max,2,374,777,41,True
uniform,max,2,375,777,41,True
uniform,max,2,376,777,41,True
uniform,max,2,377,777,41,True
uniform,max,2,378,777,41,True
uniform,max,2,379,777,41,True
uniform,max,2,380,777,41,True
uniform,max,2,381,777,41,True
uniform,max,2,382,777,41,True
uniform,max,2,383,777,41,True
uniform,max,2,384,777,41,True
uniform,max,2,385,777,41,True
uniform,max,2,386,777,41,True
uniform,max,2,387,777,41,True
uniform,max,2,388,777,41,True
uniform,max,2,389,777,41,True
uniform,max,2,390,777,41,True
uniform,max,2,391,777,41,True
uniform,max,2,392,777,41,True
uniform,max,2,393,777,41,True
uniform,max,2,394,777,41,True
uniform,max,2,395,777,41,True
uniform,max,2,396,777,41,True
uniform,max,2,397,777,41,True
uniform,max,2,398,777,41,True
uniform,max,2,399,777,41,True
uniform,max,2,400,777,41,True
uniform,max,2,401,777,41,True
uniform,max,2,402,777,41,True
uniform,max,2,403,777,41,True
uniform,max,2,404,777,41,True
uniform,max,2,405,777,41,True
uniform,max,2,406,777,41,True
uniform,max,2,407,777,41,True
uniform,max,2,408,777,41,True
uniform,max,2,409,777,41,True
uniform,max,2,410,777,41,True
uniform,max,2,411,777,41,True
uniform,max,2,412,777,41,True
uniform,max,2,413,777,41,True
uniform,max,2,414,777,41,True
uniform,max,2,415,777,41,True
uniform,max,2,416,777,41,True
uniform,max,2,417,777,41,True
uniform,max,2,418,777,41,True
uniform,max,2,419,777,41,True
uniform,max,2,420,777,41,True
uniform,max,2,421,777,41,True
uniform,max,2,422,777,41,True
uniform,max,2,423,777,41,True
uniform,max,2,424,777,41,True
uniform,max,2,425,777,41,True
uniform,max,2,426,777,41,True
uniform,max,2,427,777,41,True
uniform,max,2,428,777,41,True
uniform,max,2,429,777,41,True
uniform,max,2,430,777,41,True
uniform,max,2,431,777,41,True
uniform,max,2,432,777,41,True
uniform,max,2,433,777,41,True
uniform,max,2,434,777,41,True
uniform,max,2,435,777,41,True
uniform,max,2,436,777,41,True
uniform,max,2,437,777,41,True
uniform,max,2,438,777,41,True
uniform,max,2,439,777,41,True
uniform,max,2,440,777,41,True
uniform,max,2,441,777,41,True
uniform,max,2,442,777,41,True
uniform,max,2,443,777,41,True
uniform,max,2,444,777,41,True
uniform,max,2,445,777,41,True
uniform,max,2,446,777,41,True
uniform,max,2,447,777,41,True
uniform,max,2,448,777,41,True
uniform,max,2,449,777,41,True
uniform,max,2,450,777,41,True
uniform,max,2,451,777,41,True
uniform,max,2,452,777,41,True
uniform,max,2,453,777,41,True
uniform,max,2,454,777,41,True
uniform,max,2,455,777,41,True
uniform,max,2,456,777,41,True
uniform,max,2,457,777,41,True
uniform,max,2,458,777,41,True
uniform,max,2,459,777,41,True
uniform,max,2,460,777,41,True
uniform,max,2,461,777,41,True
uniform,max,2,462,777,41,True
uniform,max,2,463,777,41,True
uniform,max,2,464,777,41,True
uniform,max,2,465,777,41,True
uniform,max,2,466,777,41,True
uniform,max,2,467,777,41,True
uniform,max,2,468,777,41,True
uniform,max,2,469,777,41,True
uniform,max,2,470,777,41,True
uniform,max,2,471,777,41,True
uniform,max,2,472,777,41,True
uniform,max,2,473,777,41,True
uniform,max,2,474,777,41,True
uniform,max,2,475,777,41,True
uniform,max,2,476,777,41,True
uniform,max,2,477,777,41,True
uniform,max,2,478,777,41,True
uniform,max,2,479,777,41,True
uniform,max,2,480,777,41,True
uniform,max,2,481,777,41,True
uniform,max,2,482,777,41,True
uniform,max,2,483,777,41,True
uniform,max,2,484,777,41,True
uniform,max,2,485,777,41,True
uniform,max,2,486,777,41,True
uniform,max,2,487,777,41,True
uniform,max,2,488,777,41,True
uniform,max,2,489,777,41,True
uniform,max,2,490,777,41,True
uniform,max,2,491,777,41,True
uniform,max,2,492,777,41,True
uniform,max,2,493,777,41,True
uniform,max,2,494,777,41,True
uniform,max,2,495,777,41,True
uniform,max,2,496,777,41,True
uniform,max,2,497,777,41,True
uniform,max,2,498,777,41,True
uniform,max,2,499,777,41,True
uniform,max,2,500,777,41,True
uniform,max,2,501,777,41,True
uniform,max,2,502,777,41,True
uniform,max,2,503,777,41,True
uniform,max,2,504,777,41,True
uniform,max,2,505,777,41,True
uniform,max,2,506,777,41,True
uniform,max,2,507,777,41,True
uniform,max,2,508,777,41,True
uniform,max,2,509,777,41,True
uniform,max,2,510,777,41,True
uniform,max,2,511,777,41,True
uniform,max,2,512,777,41,True
uniform,max,2,513,777,41,True
uniform,max,2,514,777,41,True
uniform,max,2,515,777,41,True
uniform,max,2,516,777,41,True
uniform,max,2,517,777,41,True
uniform,max,2,518,777,41,True
uniform,max,2,519,777,41,True
uniform,max,2,520,777,41,True
uniform,max,2,521,777,41,True
uniform,max,2,522,777,41,True
uniform,max,2,523,777,41,True
uniform,max,2,524,777,41,True
uniform,max,2,525,777,41,True
uniform,max,2,526,777,41,True
uniform,max,2,527,777,41,True
uniform,max,2,528,777,41,True
uniform,max,2,529,777,41,True
uniform,max,2,530,777,41,True
uniform,max,2,531,777,41,True
uniform,max,2,532,777,41,True
uniform,max,2,533,777,41,True
uniform,max,2,534,777,41,True
uniform,max,2,535,777,41,True
uniform,max,2,536,777,41,True
uniform,max,2,537,777,41,True
uniform,max,2,538,777,41,True
uniform,max,2,539,777,41,True
uniform,max,2,540,777,41,True
uniform,max,2,541,777,41,True
uniform,max,2,542,777,41,True
uniform,max,2,543,777,41,True
uniform,max,2,544,777,41,True
uniform,max,2,545,777,41,True
uniform,max,2,546,777,41,True
uniform,max,2,547,777,41,True
uniform,max,2,548,777,41,True
uniform,max,2,549,777,41,True
uniform,max,2,550,777,41,True
uniform,max,2,551,777,41,True
uniform,max,2,552,777,41,True
uniform,max,2,553,777,41,True
uniform,max,2,554,777,41,True
uniform,max,2,555,777,41,True
uniform,max,2,556,777,41,True
uniform,max,2,557,777,41,True
uniform,max,2,558,777,41,True
uniform,max,2,559,777,41,True
uniform,max,2,560,777,41,True
uniform,max,2,561,777,41,True
uniform,max,2,562,777,41,True
uniform,max,2,563,777,41,True
uniform,max,2,564,777,41,True
uniform,max,2,565,777,41,True
uniform,max,2,566,777,41,True
uniform,max,2,567,777,41,True
uniform,max,2,568,777,41,True
uniform,max,2,569,777,41,True
uniform,max,2,570,777,41,True
uniform,max,2,571,777,41,True
uniform,max,2,572,777,41,True
uniform,max,2,573,777,41,True
uniform,max,2,574,777,41,True
uniform,max,2,575,777,41,True
uniform,max,2,576,777,41,True
uniform,max,2,577,777,41,True
uniform,max,2,578,777,41,True
uniform,max,2,579,777,41,True
uniform,max,2,580,777,41,True
uniform,max,2,581,777,41,True
uniform,max,2,582,777,41,True
uniform,max,2,583,777,41,True
uniform,max,2,584,777,41,True
uniform,max,2,585,777,41,True
uniform,max,2,586,777,41,True
uniform,max,2,587,777,41,True
uniform,max,2,588,777,41,True
uniform,max,2,589,777,41,True
uniform,max,2,590,777,41,True
uniform,max,2,591,777,41,True
uniform,max,2,592,777,41,True
uniform,max,2,593,777,41,True
uniform,max,2,594,777,41,True
uniform,max,2,595,777,41,True
uniform,max,2,596,777,41,True
uniform,max,2,597,777,41,True
uniform,max,2,598,777,41,True
uniform,max,2,599,777,41,True
uniform,max,2,600,777,41,True
uniform,max,2,601,777,41,True
uniform,max,2,602,777,41,True
uniform,max,2,603,777,41,True
uniform,max,2,604,777,41,True
uniform,max,2,605,777,41,True
uniform,max,2,606,777,41,True
uniform,max,2,607,777,41,True
uniform,max,2,608,777,41,True
uniform,max,2,609,777,41,True
uniform,max,2,610,777,41,True
uniform,max,2,611,777,41,True
uniform,max,2,612,777,41,True
uniform,max,2,613,777,41,True
uniform,max,2,614,777,41,True
uniform,max,2,615,777,41,True
uniform,max,2,616,777,41,True
uniform,max,2,617,777,41,True
uniform,max,2,618,777,41,True
uniform,max,2,619,777,41,True
uniform,max,2,620,777,41,True
uniform,max,2,621,777,41,True
uniform,max,2,622,777,41,True
uniform,max,2,623,777,41,True
uniform,max,2,624,777,41,True
uniform,max,2,625,777,41,True
uniform,max,2,626,777,41,True
uniform,max,2,627,777,41,True
uniform,max,2,628,777,41,True
uniform,max,2,629,777,41,True
uniform,max,2,630,777,41,True
uniform,max,2,631,777,41,True
uniform,max,2,632,777,41,True
uniform,max,2,633,777,41,True
uniform,max,2,634,777,41,True
uniform,max,2,635,777,41,True
uniform,max,2,636,777,41,True
uniform,max,2,637,777,41,True
uniform,max,2,638,777,41,True
uniform,max,2,639,777,41,True
uniform,max,2,640,777,41,True
uniform,max,2,641,777,41,True
uniform,max,2,642,777,41,True
uniform,max,2,643,777,41,True
uniform,max,2,644,777,41,True
uniform,max,2,645,777,41,True
uniform,max,2,646,777,41,True
uniform,max,2,647,777,41,True
uniform,max,2,648,777,41,True
uniform,max,2,649,777,41,True
uniform,max,2,650,777,41,True
uniform,max,2,651,777,41,True
uniform,max,2,652,777,41,True
uniform,max,2,653,777,41,True
uniform,max,2,654,777,41,True
uniform,max,2,655,777,41,True
uniform,max,2,656,777,41,True
uniform,max,2,657,777,41,True
uniform,max,2,658,777,41,True
uniform,max,2,659,777,41,True
uniform,max,2,660,777,41,True
uniform,max,2,661,777,41,True
uniform,max,2,662,777,41,True
uniform,max,2,663,777,41,True
uniform,max,2,664,777,41,True
uniform,max,2,665,777,41,True
uniform,max,2,666,777,41,True
uniform,max,2,667,777,41,True
uniform,max,2,668,777,41,True
uniform,max,2,669,777,41,True
uniform,max,2,670,777,41,True
uniform,max,2,671,777,41,True
uniform,max,2,672,777,41,True
uniform,max,2,673,777,41,True
uniform,max,2,674,777,41,True
uniform,max,2,675,777,41,True
uniform,max,2,676,777,41,True
uniform,max,2,677,777,41,True
uniform,max,2,678,777,41,True
uniform,max,2,679,777,41,True
uniform,max,2,680,777,41,True
uniform,max,2,681,777,41,True
uniform,max,2,682,777,41,True
uniform,max,2,683,777,41,True
uniform,max,2,684,777,41,True
uniform,max,2,685,777,41,True
uniform,max,2,686,777,41,True
uniform,max,2,687,777,41,True
uniform,max,2,688,777,41,True
uniform,max,2,689,777,41,True
uniform,max,2,690,777,41,True
uniform,max,2,691,777,41,True
uniform,max,2,692,777,41,True
uniform,max,2,693,777,41,True
uniform,max,2,694,777,41,True
uniform,max,2,695,777,41,True
uniform,max,2,696,777,41,True
uniform,max,2,697,777,41,True
uniform,max,2,698,777,41,True
uniform,max,2,699,777,41,True
uniform,max,2,700,777,41,True
uniform,max,2,701,777,41,True
uniform,max,2,702,777,41,True
uniform,max,2,703,777,41,True
uniform,max,2,704,777,41,True
uniform,max,2,705,777,41,True
uniform,max,2,706,777,41,True
uniform,max,2,707,777,41,True
uniform,max,2,708,777,41,True
uniform,max,2,709,777,41,True
uniform,max,2,710,777,41,True
uniform,max,2,711,777,41,True
uniform,max,2,712,777,41,True
uniform,max,2,713,777,41,True
uniform,max,2,714,777,41,True
uniform,max,2,715,777,41,True
uniform,max,2,716,777,41,True
uniform,max,2,717,777,41,True
uniform,max,2,718,777,41,True
uniform,max,2,719,777,41,True
uniform,max,2,720,777,41,True
uniform,max,2,721,777,41,True
uniform,max,2,722,777,41,True
uniform,max,2,723,777,41,True
uniform,max,2,724,777,41,True
uniform,max,2,725,777,41,True
uniform,max,2,726,777,41,True
uniform,max,2,727,777,41,True
uniform,max,2,728,777,41,True
uniform,max,2,729,777,41,True
uniform,max,2,730,777,41,True
uniform,max,2,731,777,41,True
uniform,max,2,732,777,41,True
uniform,max,2,733,777,41,True
uniform,max,2,734,777,41,True
uniform,max,2,735,777,41,True
uniform,max,2,736,777,41,True
uniform,max,2,737,777,41,True
uniform,max,2,738,777,41,True
uniform,max,2,739,777,41,True
uniform,max,2,740,777,41,True
uniform,max,2,741,777,41,True
uniform,max,2,742,777,41,True
uniform,max,2,743,777,41,True
uniform,max,2,744,777,41,True
uniform,max,2,745,777,41,True
uniform,max,2,746,777,41,True
uniform,max,2,747,777,41,True
uniform,max,2,748,777,41,True
uniform,max,2,749,777,41,True
uniform,max,2,750,777,41,True
uniform,max,2,751,777,41,True
uniform,max,2,752,777,41,True
uniform,max,2,753,777,41,True
uniform,max,2,754,777,41,True
uniform,max,2,755,777,41,True
uniform,max,2,756,777,41,True
uniform,max,2,757,777,41,True
uniform,max,2,758,777,41,True
uniform,max,2,759,777,41,True
uniform,max,2,760,777,41,True
uniform,max,2,761,777,41,True
uniform,max,2,762,777,41,True
uniform,max,2,763,777,41,True
uniform,max,2,764,777,41,True
uniform,max,2,765,777,41,True
uniform,max,2,766,777,41,True
uniform,max,2,767,777,41,True
uniform,max,2,768,777,41,True
uniform,max,2,769,777,41,True
uniform,max,2,770,777,41,True
uniform,max,2,771,777,41,True
uniform,max,2,772,777,41,True
uniform,max,2,773,777,41,True
uniform,max,2,774,777,41,True
uniform,max,2,775,777,41,True
uniform,max,2,776,777,41,True
uniform,max,2,777,777,41,True
uniform,max,2,778,777,41,True
uniform,max,2,779,777,41,True
uniform,max,2,780,777,41,True
uniform,max,2,781,777,41,True
uniform,max,2,782,777,41,True
uniform,max,2,783,777,41,True
uniform,max,2,784,777,41,True
uniform,max,2,785,777,41,True
uniform,max,2,786,777,41,True
uniform,max,2,787,777,41,True
uniform,max,2,788,777,41,True
uniform,max,2,789,777,41,True
uniform,max,2,790,777,41,True
uniform,max,2,791,777,41,True
uniform,max,2,792,777,41,True
uniform,max,2,793,777,41,True
uniform,max,2,794,777,41,True
uniform,max,2,795,777,41,True
uniform,max,2,796,777,41,True
uniform,max,2,797,777,41,True
uniform,max,2,798,777,41,True
uniform,max,2,799,777,41,True
uniform,max,2,800,777,41,True
uniform,max,2,801,777,41,True
uniform,max,2,802,777,41,True
uniform,max,2,803,777,41,True
uniform,max,2,804,777,41,True
uniform,max,2,805,777,41,True
uniform,max,2,806,777,41,True
uniform,max,2,807,777,41,True
uniform,max,2,808,777,41,True
uniform,max,2,809,777,41,True
uniform,max,2,810,777,41,True
uniform,max,2,811,777,41,True
uniform,max,2,812,777,41,True
uniform,max,2,813,777,41,True
uniform,max,2,814,777,41,True
uniform,max,2,815,777,41,True
uniform,max,2,816,777,41,True
uniform,max,2,817,777,41,True
uniform,max,2,818,777,41,True
uniform,max,2,819,777,41,True
uniform,max,2,820,777,41,True
uniform,max,2,821,777,41,True
uniform,max,2,822,777,41,True
uniform,max,2,823,777,41,True
uniform,max,2,824,777,41,True
uniform,max,2,825,777,41,True
uniform,max,2,826,777,41,True
uniform,max,2,827,777,41,True
uniform,max,2,828,777,41,True
uniform,max,2,829,777,41,True
uniform,max,2,830,777,41,True
uniform,max,2,831,777,41,True
uniform,max,2,832,777,41,True
uniform,max,2,833,777,41,True
uniform,max,2,834,777,41,True
uniform,max,2,835,777,41,True
uniform,max,2,836,777,41,True
uniform,max,2,837,777,41,True
uniform,max,2,838,777,41,True
uniform,max,2,839,777,41,True
uniform,max,2,840,777,41,True
uniform,max,2,841,777,41,True
uniform,max,2,842,777,41,True
uniform,max,2,843,777,41,True
uniform,max,2,844,777,41,True
uniform,max,2,845,777,41,True
uniform,max,2,846,777,41,True
uniform,max,2,847,777,41,True
uniform,max,2,848,777,41,True
uniform,max,2,849,777,41,True
uniform,max,2,850,777,41,True
uniform,max,2,851,777,41,True
uniform,max,2,852,777,41,True
uniform,max,2,853,777,41,True
uniform,max,2,854,777,41,True
uniform,max,2,855,777,41,True
uniform,max,2,856,777,41,True
uniform,max,2,857,777,41,True
uniform,max,2,858,777,41,True
uniform,max,2,859,777,41,True
uniform,max,2,860,777,41,True
uniform,max,2,861,777,41,True
uniform,max,2,862,777,41,True
uniform,max,2,863,777,41,True
uniform,max,2,864,777,41,True
uniform,max,2,865,777,41,True
uniform,max,2,866,777,41,True
uniform,max,2,867,777,41,True
uniform,max,2,868,777,41,True
uniform,max,2,869,777,41,True
uniform,max,2,870,777,41,True
uniform,max,2,871,777,41,True
uniform,max,2,872,777,41,True
uniform,max,2,873,777,41,True
uniform,max,2,874,777,41,True
uniform,max,2,875,777,41,True
uniform,max,2,876,777,41,True
uniform,max,2,877,777,41,True
uniform,max,2,878,777,41,True
uniform,max,2,879,777,41,True
uniform,max,2,880,777,41,True
uniform,max,2,881,777,41,True
uniform,max,2,882,777,41,True
uniform,max,2,883,777,41,True
uniform,max,2,884,777,41,True
uniform,max,2,885,777,41,True
uniform,max,2,886,777,41,True
uniform,max,2,887,777,41,True
uniform,max,2,888,777,41,True
uniform,max,2,889,777,41,True
uniform,max,2,890,777,41,True
uniform,max,2,891,777,41,True
uniform,max,2,892,777,41,True
uniform,max,2,893,777,41,True
uniform,max,2,894,777,41,True
uniform,max,2,895,777,41,True
uniform,max,2,896,777,41,True
uniform,max,2,897,777,41,True
uniform,max,2,898,777,41,True
uniform,max,2,899,777,41,True
uniform,max,2,900,777,41,True
uniform,max,2,901,777,41,True
uniform,max,2,902,777,41,True
uniform,max,2,903,777,41,True
uniform,max,2,904,777,41,True
uniform,max,2,905,777,41,True
uniform,max,2,906,777,41,True
uniform,max,2,907,777,41,True
uniform,max,2,908,777,41,True
uniform,max,2,909,777,41,True
uniform,max,2,910,777,41,True
uniform,max,2,911,777,41,True
uniform,max,2,912,777,41,True
uniform,max,2,913,777,41,True
uniform,max,2,914,777,41,True
uniform,max,2,915,777,41,True
uniform,max,2,916,777,41,True
uniform,max,2,917,777,41,True
uniform,max,2,918,777,41,True
uniform,max,2,919,777,41,True
uniform,max,2,920,777,41,True
uniform,max,2,921,777,41,True
uniform,max,2,922,777,41,True
uniform,max,2,923,777,41,True
uniform,max,2,924,777,41,True
uniform,max,2,925,777,41,True
uniform,max,2,926,777,41,True
uniform,max,2,927,777,41,True
uniform,max,2,928,777,41,True
uniform,max,2,929,777,41,True
uniform,max,2,930,777,41,True
uniform,max,2,931,777,41,True
uniform,max,2,932,777,41,True
uniform,max,2,933,777,41,True
uniform,max,2,934,777,41,True
uniform,max,2,935,777,41,True
uniform,max,2,936,777,41,True
uniform,max,2,937,777,41,True
uniform,max,2,938,777,41,True
uniform,max,2,939,777,41,True
uniform,max,2,940,777,41,True
uniform,max,2,941,777,41,True
uniform,max,2,942,777,41,True
uniform,max,2,943,777,41,True
uniform,max,2,944,777,41,True
uniform,max,2,945,777,41,True
uniform,max,2,946,777,41,True
uniform,max,2,947,777,41,True
uniform,max,2,948,777,41,True
uniform,max,2,949,777,41,True
uniform,max,2,950,777,41,True
uniform,max,2,951,777,41,True
uniform,max,2,952,777,41,True
uniform,max,2,953,777,41,True
uniform,max,2,954,777,41,True
uniform,max,2,955,777,41,True
uniform,max,2,956,777,41,True
uniform,max,2,957,777,41,True
uniform,max,2,958,777,41,True
uniform,max,2,959,777,41,True
uniform,max,2,960,777,41,True
uniform,max,2,961,777,41,True
uniform,max,2,962,777,41,True
uniform,max,2,963,777,41,True
uniform,max,2,964,777,41,True
uniform,max,2,965,777,41,True
uniform,max,2,966,777,41,True
uniform,max,2,967,777,41,True
uniform,max,2,968,777,41,True
uniform,max,2,969,777,41,True
uniform,max,2,970,777,41,True
uniform,max,2,971,777,41,True
uniform,max,2,972,777,41,True
uniform,max,2,973,777,41,True
uniform,max,2,974,777,41,True
uniform,max,2,975,777,41,True
uniform,max,2,976,777,41,True
uniform,max,2,977,777,41,True
uniform,max,2,978,777,41,True
uniform,max,2,979,777,41,True
uniform,max,2,980,777,41,True
uniform,max,2,981,777,41,True
uniform,max,2,982,777,41,True
uniform,max,2,983,777,41,True
uniform,max,2,984,777,41,True
uniform,max,2,985,777,41,True
uniform,max,2,986,777,41,True
uniform,max,2,987,777,41,True
uniform,max,2,988,777,41,True
uniform,max,2,989,777,41,True
uniform,max,2,990,777,41,True
uniform,max,2,991,777,41,True
uniform,max,2,992,777,41,True
uniform,max,2,993,777,41,True
uniform,max,2,994,777,41,True
uniform,max,2,995,777,41,True
uniform,max,2,996,777,41,True
uniform,max,2,997,777,41,True
uniform,max,2,998,777,41,True
uniform,max,2,999,777,41,True
uniform,max,2,1000,777,41,True
