group,seed,episode,actions_completed,episode_best_feasible_luts,running_best_feasible_luts,endpoint_luts,endpoint_levels,endpoint_feasible,reward_sum,raw_return_mean,raw_return_std,processed_return_mean,processed_return_std,actions_different_from_same_horizon_frozen
trained-10,0,1,10,317,317,320,4,True,20.0,7.369256496429443,7.1672163009643555,-9.536743306171047e-08,1.0,0
trained-10,0,2,20,335,317,335,4,True,11.0,3.426342725753784,3.2864677906036377,-4.7683716530855236e-08,0.9999998807907104,0
trained-10,0,3,30,320,317,320,4,True,17.0,7.438082695007324,6.165186882019043,2.3841858265427618e-08,0.9999999403953552,0
trained-10,0,4,40,318,317,318,4,True,18.0,9.787755966186523,4.617983341217041,8.34465012644614e-08,1.0,1
trained-10,0,5,50,317,317,322,4,True,12.0,4.410987377166748,3.978607177734375,4.7683716530855236e-08,1.0,0
trained-10,0,6,60,309,309,311,4,True,17.0,5.42349100112915,6.196825981140137,-4.7683716530855236e-08,1.0000001192092896,0
trained-10,0,7,70,307,307,307,4,True,16.0,7.588822841644287,4.707571983337402,7.152557657263969e-08,0.9999998807907104,0
trained-10,0,8,80,322,307,323,4,True,16.0,7.038356781005859,5.536131381988525,-4.7683716530855236e-08,0.9999999403953552,0
trained-10,0,9,90,325,307,327,4,True,19.0,8.868240356445312,6.052753448486328,2.9802322387695312e-08,1.0,2
trained-10,0,10,100,321,307,321,4,True,23.0,13.748464584350586,5.947168827056885,-4.7683716530855236e-08,1.0,1
trained-10,0,11,110,329,307,329,4,True,18.0,10.552391052246094,4.5966796875,-3.5762788286319847e-08,1.0,0
trained-10,0,12,120,314,307,316,4,True,20.0,7.4615302085876465,7.053983211517334,-2.3841858265427618e-08,1.0,0
trained-10,0,13,130,311,307,311,4,True,20.0,9.831838607788086,6.145843029022217,5.960464477539063e-08,1.0,1
trained-10,0,14,140,321,307,321,4,True,17.0,7.948796272277832,4.073663234710693,-1.1920928955078125e-07,0.9999999403953552,0
trained-10,0,15,150,313,307,313,4,True,19.0,10.185293197631836,5.207266807556152,-2.3841858265427618e-08,1.0,0
trained-10,0,16,160,318,307,319,4,True,22.0,10.229647636413574,6.688476085662842,3.5762788286319847e-08,1.0,0
trained-10,0,17,170,312,307,312,4,True,18.0,9.395716667175293,4.278375148773193,-2.3841858265427618e-08,0.9999998807907104,0
trained-10,0,18,180,320,307,320,4,True,16.0,7.840052604675293,3.566740036010742,8.34465012644614e-08,1.0,1
trained-10,0,19,190,314,307,317,4,True,23.0,10.434450149536133,7.140524387359619,1.1920929132713809e-08,1.0,1
trained-10,0,20,200,321,307,325,4,True,17.0,7.126943111419678,5.306066036224365,0.0,1.0,1
trained-10,0,21,210,315,307,319,4,True,19.0,8.002361297607422,5.783866882324219,1.1920929132713809e-08,0.9999998807907104,1
trained-10,0,22,220,311,307,311,4,True,23.0,10.428838729858398,6.977931022644043,4.7683716530855236e-08,1.0,2
trained-10,0,23,230,300,300,300,4,True,23.0,13.163334846496582,5.560312271118164,-7.152557657263969e-08,1.0,1
trained-10,0,24,240,318,300,318,4,True,15.0,6.785940647125244,3.586333990097046,-3.5762788286319847e-08,0.9999999403953552,3
trained-10,0,25,250,311,300,311,4,True,23.0,11.958453178405762,6.934256076812744,-4.7683716530855236e-08,1.0,2
trained-10,0,26,260,324,300,324,4,True,19.0,9.126734733581543,4.931448936462402,-1.1920929132713809e-08,1.0,0
trained-10,0,27,270,323,300,323,4,True,30.0,16.0147647857666,8.197181701660156,-2.5033949668795685e-07,1.0,0
trained-10,0,28,280,316,300,325,4,True,15.0,6.072396278381348,5.199444770812988,1.7881393432617188e-07,1.0,0
trained-10,0,29,290,318,300,318,4,True,24.0,10.82856559753418,7.55687952041626,-1.1920929132713809e-08,1.0,1
trained-10,0,30,300,326,300,326,4,True,19.0,8.92611312866211,4.759848117828369,-3.5762788286319847e-08,1.0,3
trained-10,0,31,310,317,300,317,4,True,19.0,11.512336730957031,4.733642101287842,-2.3841858265427618e-08,1.0,1
trained-10,0,32,320,314,300,320,4,True,17.0,6.172908782958984,5.516589164733887,2.3841858265427618e-08,0.9999999403953552,0
trained-10,0,33,330,317,300,317,4,True,17.0,10.225619316101074,3.4819400310516357,9.536743306171047e-08,1.0,2
trained-10,0,34,340,310,300,316,4,True,19.0,8.29622745513916,5.978800296783447,-1.0728835775353218e-07,0.9999999403953552,0
trained-10,0,35,350,313,300,313,4,True,24.0,13.077047348022461,5.842695236206055,2.3841858265427618e-08,1.0,3
trained-10,0,36,360,320,300,320,4,True,19.0,10.927217483520508,4.325080871582031,-1.5497207073167374e-07,1.0,0
trained-10,0,37,370,317,300,317,4,True,16.0,8.80463695526123,3.6319010257720947,-2.3841858265427618e-08,1.0,0
trained-10,0,38,380,320,300,321,4,True,19.0,8.019403457641602,6.358212471008301,2.3841858265427618e-08,0.9999999403953552,2
trained-10,0,39,390,321,300,321,4,True,16.0,8.050223350524902,4.0889997482299805,3.5762788286319847e-08,1.0,0
trained-10,0,40,400,321,300,321,4,True,16.0,6.5218000411987305,4.41334867477417,-1.1920929132713809e-08,1.0,0
trained-10,0,41,410,308,300,311,4,True,19.0,8.574211120605469,5.788088321685791,-6.556511067401516e-08,1.0,0
trained-10,0,42,420,325,300,325,4,True,22.0,12.485928535461426,5.268660068511963,0.0,1.0,0
trained-10,0,43,430,315,300,315,4,True,17.0,7.494204521179199,4.862298011779785,1.1324882365215672e-07,0.9999999403953552,2
trained-10,0,44,440,313,300,313,4,True,13.0,5.260086536407471,3.970506191253662,-4.17232506322307e-08,1.0,0
trained-10,0,45,450,314,300,316,4,True,12.0,3.840421676635742,4.1696014404296875,3.5762788286319847e-08,1.0,0
trained-10,0,46,460,330,300,330,4,True,15.0,7.269371032714844,3.868422269821167,-1.3113022134803032e-07,1.0,1
trained-10,0,47,470,324,300,324,4,True,17.0,8.056268692016602,4.340807914733887,-1.1920929132713809e-08,0.9999999403953552,1
trained-10,0,48,480,318,300,318,4,True,18.0,9.418659210205078,5.091281890869141,-8.34465012644614e-08,1.0,1
trained-10,0,49,490,314,300,314,4,True,23.0,12.298768997192383,5.482571125030518,3.5762788286319847e-08,1.0,1
trained-10,0,50,500,317,300,317,4,True,23.0,12.203670501708984,5.505231857299805,-3.5762788286319847e-08,1.0,1
trained-10,0,51,510,324,300,324,4,True,12.0,5.527752876281738,3.0391132831573486,-1.9073486612342094e-07,1.0,0
trained-10,0,52,520,305,300,305,4,True,26.0,12.92455005645752,7.259060859680176,8.34465012644614e-08,0.9999999403953552,1
trained-10,0,53,530,333,300,334,4,True,13.0,3.466811418533325,4.62676477432251,-5.9604645663569045e-09,0.9999999403953552,0
trained-10,0,54,540,311,300,311,4,True,16.0,9.850889205932617,3.5145645141601562,-2.3841858265427618e-08,1.0,1
trained-10,0,55,550,322,300,322,4,True,22.0,11.73651123046875,5.83654260635376,-1.4305115314527939e-07,1.0,0
trained-10,0,56,560,323,300,328,4,True,15.0,5.578840732574463,4.729272842407227,4.7683716530855236e-08,1.0,1
trained-10,0,57,570,324,300,324,4,True,12.0,4.481415748596191,3.315765142440796,-3.5762788286319847e-08,0.9999999403953552,0
trained-10,0,58,580,313,300,313,4,True,18.0,7.504843235015869,5.2644362449646,-1.370906801412275e-07,0.9999999403953552,1
trained-10,0,59,590,321,300,322,4,True,17.0,6.926113128662109,5.040432929992676,-1.668930025289228e-07,0.9999998807907104,1
trained-10,0,60,600,330,300,330,4,True,11.0,7.502244472503662,1.9888434410095215,-1.4305115314527939e-07,1.0,0
trained-10,0,61,610,309,300,309,4,True,23.0,11.454252243041992,6.012110710144043,-5.960464477539063e-08,1.0,0
trained-10,0,62,620,312,300,316,4,True,15.0,6.5575761795043945,5.46560001373291,-3.5762788286319847e-08,0.9999999403953552,0
trained-10,0,63,630,323,300,323,4,True,17.0,8.164549827575684,4.718128204345703,2.3841858265427618e-08,1.0,3
trained-10,0,64,640,313,300,314,4,True,19.0,7.346120357513428,6.294177532196045,5.960464477539063e-08,1.0,1
trained-10,0,65,650,319,300,319,4,True,16.0,9.265769958496094,3.1848647594451904,-2.0265579792067e-07,0.9999999403953552,0
trained-10,0,66,660,303,300,305,4,True,12.0,4.507950782775879,4.048494815826416,-1.1920929132713809e-08,1.0,1
trained-10,0,67,670,312,300,312,4,True,23.0,11.168954849243164,6.124652862548828,1.1920929132713809e-08,1.0,2
trained-10,0,68,680,310,300,313,4,True,15.0,6.506311893463135,3.800020217895508,-1.0728835775353218e-07,1.0,1
trained-10,0,69,690,328,300,329,4,True,16.0,5.873939514160156,5.040846824645996,0.0,0.9999999403953552,1
trained-10,0,70,700,316,300,316,4,True,23.0,11.827078819274902,5.67612886428833,-1.4305115314527939e-07,1.0000001192092896,2
trained-10,0,71,710,319,300,319,4,True,18.0,9.026618957519531,4.751908302307129,-2.3841858265427618e-08,1.0,3
trained-10,0,72,720,310,300,310,4,True,16.0,8.521905899047852,3.957949161529541,-2.1457671550706436e-07,1.0,2
trained-10,0,73,730,308,300,311,4,True,16.0,7.967260837554932,4.617273807525635,-3.5762788286319847e-08,0.9999999403953552,3
trained-10,0,74,740,323,300,323,4,True,19.0,8.92611312866211,4.759848117828369,-3.5762788286319847e-08,1.0,1
trained-10,0,75,750,314,300,314,4,True,16.0,7.8828535079956055,4.910759925842285,-5.960464477539063e-08,1.0,2
trained-10,0,76,760,312,300,312,4,True,23.0,11.827078819274902,5.67612886428833,-1.4305115314527939e-07,1.0000001192092896,2
trained-10,0,77,770,313,300,313,4,True,22.0,9.838067054748535,6.487914085388184,-9.536743306171047e-08,1.0,1
trained-10,0,78,780,309,300,309,4,True,22.0,10.595054626464844,6.094572067260742,-2.3841858265427618e-08,1.0,1
trained-10,0,79,790,302,300,302,4,True,22.0,10.964152336120605,5.620542526245117,2.3841858265427618e-08,1.0,1
trained-10,0,80,800,322,300,322,4,True,18.0,9.411165237426758,4.945629596710205,-1.7881393432617188e-07,1.0,0
trained-10,0,81,810,329,300,332,4,True,19.0,9.774462699890137,4.286590576171875,8.34465012644614e-08,1.0,1
trained-10,0,82,820,314,300,314,4,True,22.0,10.595054626464844,6.094572067260742,-2.3841858265427618e-08,1.0,0
trained-10,0,83,830,312,300,312,4,True,19.0,9.780149459838867,4.366097927093506,1.3113022134803032e-07,1.0,2
trained-10,0,84,840,327,300,328,4,True,15.0,7.67609167098999,4.424259662628174,8.34465012644614e-08,0.9999999403953552,0
trained-10,0,85,850,315,300,315,4,True,23.0,10.428838729858398,6.977931022644043,4.7683716530855236e-08,1.0,0
trained-10,0,86,860,308,300,309,4,True,16.0,7.4051971435546875,4.979592800140381,-5.960464477539063e-08,1.0,2
trained-10,0,87,870,311,300,311,4,True,26.0,12.92455005645752,7.259060859680176,8.34465012644614e-08,0.9999999403953552,1
trained-10,0,88,880,307,300,307,4,True,18.0,9.791254043579102,4.865166187286377,-2.384185791015625e-07,0.9999999403953552,1
trained-10,0,89,890,320,300,320,4,True,18.0,9.026618957519531,4.751908302307129,-2.3841858265427618e-08,1.0,1
trained-10,0,90,900,323,300,323,4,True,18.0,9.760819435119629,3.8229007720947266,-9.536743306171047e-08,1.0,0
trained-10,0,91,910,313,300,313,4,True,23.0,11.168954849243164,6.124652862548828,1.1920929132713809e-08,1.0,0
trained-10,0,92,920,313,300,313,4,True,19.0,9.780149459838867,4.366097927093506,1.3113022134803032e-07,1.0,3
trained-10,0,93,930,320,300,322,4,True,20.0,7.6488752365112305,6.8585920333862305,0.0,1.0,2
trained-10,0,94,940,311,300,316,4,True,12.0,4.901911735534668,4.401660919189453,-7.152557657263969e-08,1.0,1
trained-10,0,95,950,318,300,318,4,True,22.0,11.367413520812988,6.344162464141846,-9.536743306171047e-08,1.0,1
trained-10,0,96,960,322,300,322,4,True,20.0,10.088525772094727,5.074520587921143,-1.3113022134803032e-07,0.9999999403953552,1
trained-10,0,97,970,313,300,313,4,True,15.0,7.548826694488525,3.361403703689575,-2.1457671550706436e-07,1.0,3
trained-10,0,98,980,319,300,319,4,True,30.0,16.0147647857666,8.197181701660156,-2.5033949668795685e-07,1.0,1
trained-10,0,99,990,315,300,317,4,True,18.0,7.9347357749938965,6.801513671875,-7.152557657263969e-08,1.0,0
trained-10,0,100,1000,328,300,328,4,True,12.0,6.775628566741943,3.157681703567505,-2.384185791015625e-07,1.0,0
trained-10,1,1,10,330,330,330,4,True,13.0,5.541415214538574,3.4503326416015625,5.960464477539063e-08,1.0,0
trained-10,1,2,20,334,330,334,4,True,14.0,7.648526191711426,3.33781099319458,-2.2649764730431343e-07,0.9999998807907104,0
trained-10,1,3,30,321,321,322,4,True,12.0,4.605055809020996,4.187587738037109,9.536743306171047e-08,0.9999999403953552,0
trained-10,1,4,40,319,319,319,4,True,18.0,9.395716667175293,4.278375148773193,-2.3841858265427618e-08,0.9999998807907104,0
trained-10,1,5,50,312,312,314,4,True,16.0,6.436013221740723,4.6923322677612305,-9.536743306171047e-08,0.9999999403953552,1
trained-10,1,6,60,325,312,350,3,True,5.0,-0.7316352128982544,2.4637069702148438,3.501772738445652e-08,1.0000001192092896,1
trained-10,1,7,70,311,311,315,4,True,16.0,5.9997029304504395,6.132334232330322,-6.556511067401516e-08,0.9999999403953552,0
trained-10,1,8,80,347,311,354,4,True,2.0,-0.6665549278259277,1.3533973693847656,1.1920929132713809e-08,0.9999998807907104,0
trained-10,1,9,90,333,311,334,4,True,7.0,1.1969112157821655,2.3864426612854004,-3.5762788286319847e-08,1.0,1
trained-10,1,10,100,344,311,347,4,True,6.0,1.1977834701538086,2.2996678352355957,-4.7683716530855236e-08,0.9999999403953552,0
trained-10,1,11,110,324,311,324,4,True,14.0,5.922063827514648,3.484649419784546,-1.1920929132713809e-08,1.0,0
trained-10,1,12,120,322,311,323,4,True,16.0,7.776111602783203,4.583028793334961,2.3841858265427618e-08,1.0,0
trained-10,1,13,130,319,311,319,4,True,20.0,12.281047821044922,4.820608615875244,-3.5762788286319847e-08,0.9999999403953552,0
trained-10,1,14,140,323,311,323,4,True,14.0,7.156823635101318,3.1588072776794434,-4.7683716530855236e-08,1.0,0
trained-10,1,15,150,317,311,317,4,True,19.0,10.372955322265625,4.988257884979248,-7.152557657263969e-08,1.0,0
trained-10,1,16,160,320,311,325,4,True,16.0,4.657480716705322,6.0670928955078125,7.748603536583687e-08,0.9999999403953552,0
trained-10,1,17,170,332,311,332,4,True,13.0,6.0844573974609375,2.748556137084961,1.1920929132713809e-08,1.0,0
trained-10,1,18,180,314,311,314,4,True,17.0,8.618227005004883,3.9708738327026367,-1.1920928955078125e-07,1.0,1
trained-10,1,19,190,333,311,333,4,True,20.0,8.482198715209961,5.961717128753662,-1.4901161193847656e-07,0.9999999403953552,0
trained-10,1,20,200,326,311,327,4,True,23.0,9.686915397644043,7.817938327789307,-5.960464477539063e-08,1.0,0
trained-10,1,21,210,326,311,326,4,True,23.0,11.541780471801758,5.8154706954956055,1.4305115314527939e-07,1.0,0
trained-10,1,22,220,337,311,338,4,True,17.0,7.112571716308594,4.85051155090332,1.5497207073167374e-07,0.9999999403953552,0
trained-10,1,23,230,321,311,321,4,True,26.0,13.673968315124512,6.665218353271484,8.34465012644614e-08,1.0,1
trained-10,1,24,240,318,311,319,4,True,12.0,4.220818042755127,4.053138732910156,-5.960464477539063e-08,1.0,0
trained-10,1,25,250,313,311,342,3,True,13.0,4.619546413421631,4.563597679138184,-2.3841858265427618e-08,1.0,0
trained-10,1,26,260,322,311,325,4,True,9.0,3.1426162719726562,3.1181702613830566,7.152557657263969e-08,0.9999998807907104,1
trained-10,1,27,270,318,311,321,4,True,15.0,6.897892951965332,4.187717437744141,-5.960464477539063e-08,1.0,0
trained-10,1,28,280,332,311,335,4,True,13.0,5.752472877502441,3.9677913188934326,1.1920929132713809e-08,1.0,1
trained-10,1,29,290,314,311,316,4,True,26.0,12.190046310424805,8.307580947875977,-4.7683716530855236e-08,1.0000001192092896,0
trained-10,1,30,300,330,311,331,4,True,14.0,7.081668853759766,3.6728124618530273,-5.960464477539063e-08,0.9999999403953552,2
trained-10,1,31,310,320,311,322,4,True,14.0,4.532460689544678,5.044405460357666,-4.7683716530855236e-08,1.0,0
trained-10,1,32,320,327,311,327,4,True,10.0,5.301928997039795,1.9594340324401855,0.0,1.0,0
trained-10,1,33,330,319,311,322,4,True,16.0,9.32089614868164,5.313154220581055,0.0,1.0,1
trained-10,1,34,340,319,311,319,4,True,19.0,10.07312297821045,4.5194091796875,-1.3113022134803032e-07,1.0,0
trained-10,1,35,350,317,311,317,4,True,20.0,9.797597885131836,5.016502857208252,1.1920929132713809e-08,0.9999999403953552,0
trained-10,1,36,360,324,311,324,4,True,13.0,7.156130790710449,3.345264434814453,1.9073486612342094e-07,1.0,0
trained-10,1,37,370,316,311,319,4,True,12.0,4.305512428283691,3.730133056640625,1.7881393432617188e-07,0.9999999403953552,1
trained-10,1,38,380,325,311,325,4,True,23.0,12.400564193725586,5.606204509735107,-1.1920928955078125e-07,1.0,0
trained-10,1,39,390,327,311,327,4,True,10.0,4.586655139923096,3.443605899810791,2.3841858265427618e-08,1.0,0
trained-10,1,40,400,321,311,321,4,True,27.0,14.83264446258545,7.0143280029296875,-1.5497207073167374e-07,0.9999999403953552,0
trained-10,1,41,410,328,311,329,4,True,16.0,6.340914249420166,4.738095283508301,-5.960464477539063e-08,0.9999999403953552,0
trained-10,1,42,420,317,311,347,3,True,16.0,5.414583206176758,5.731241703033447,-5.9604645663569045e-09,1.0,1
trained-10,1,43,430,326,311,328,4,True,10.0,2.5757813453674316,3.4472169876098633,7.152557657263969e-08,1.0,0
trained-10,1,44,440,323,311,326,4,True,18.0,7.512261867523193,5.404425144195557,-9.536743306171047e-08,0.9999999403953552,1
trained-10,1,45,450,333,311,333,4,True,27.0,14.83264446258545,7.0143280029296875,-1.5497207073167374e-07,0.9999999403953552,0
trained-10,1,46,460,326,311,326,4,True,16.0,8.793069839477539,3.3140320777893066,4.7683716530855236e-08,0.9999999403953552,0
trained-10,1,47,470,328,311,330,4,True,10.0,4.094838619232178,2.9303476810455322,2.3841858265427618e-08,0.9999998807907104,1
trained-10,1,48,480,318,311,318,4,True,17.0,9.294525146484375,4.104438304901123,-8.34465012644614e-08,1.0,0
trained-10,1,49,490,318,311,318,4,True,20.0,10.554586410522461,4.679226398468018,-8.34465012644614e-08,1.0,0
trained-10,1,50,500,327,311,347,3,True,17.0,6.078751564025879,5.585709571838379,1.1920929132713809e-08,0.9999999403953552,1
trained-10,1,51,510,305,305,305,4,True,21.0,9.358266830444336,6.310479640960693,2.3841858265427618e-08,0.9999999403953552,2
trained-10,1,52,520,325,305,325,4,True,23.0,10.056013107299805,7.340819358825684,-2.3841858265427618e-08,1.0,1
trained-10,1,53,530,326,305,327,4,True,11.0,4.371969699859619,2.8496172428131104,-7.748603536583687e-08,0.9999999403953552,1
trained-10,1,54,540,321,305,321,4,True,16.0,7.098243713378906,4.347161293029785,7.748603536583687e-08,1.0,1
trained-10,1,55,550,343,305,343,4,True,14.0,5.967784404754639,4.865630626678467,9.536743306171047e-08,1.0,0
trained-10,1,56,560,321,305,321,4,True,14.0,6.301508903503418,3.356475353240967,2.3841858265427618e-08,1.0000001192092896,2
trained-10,1,57,570,327,305,327,4,True,15.0,5.851041316986084,4.408839702606201,-2.9802322387695312e-08,1.0,3
trained-10,1,58,580,337,305,337,4,True,15.0,10.026540756225586,3.1777477264404297,-9.536743306171047e-08,1.0,2
trained-10,1,59,590,334,305,336,4,True,9.0,3.720848560333252,3.224330425262451,0.0,0.9999999403953552,2
trained-10,1,60,600,325,305,328,4,True,14.0,5.547335624694824,3.776289701461792,4.17232506322307e-08,1.0,1
trained-10,1,61,610,318,305,318,4,True,23.0,13.84160327911377,5.903554916381836,-5.960464477539063e-08,0.9999999403953552,0
trained-10,1,62,620,324,305,324,4,True,16.0,10.038206100463867,3.3865623474121094,-1.668930025289228e-07,1.0,1
trained-10,1,63,630,316,305,316,4,True,15.0,5.564632415771484,4.416853904724121,-8.34465012644614e-08,0.9999998807907104,0
trained-10,1,64,640,322,305,322,4,True,22.0,12.12855052947998,6.188314437866211,-1.1920929132713809e-08,0.9999999403953552,1
trained-10,1,65,650,325,305,325,4,True,21.0,9.920331001281738,5.92747163772583,1.1920929132713809e-08,0.9999999403953552,0
trained-10,1,66,660,341,305,341,4,True,10.0,3.2159194946289062,2.8097105026245117,3.5762788286319847e-08,0.9999999403953552,1
trained-10,1,67,670,331,305,331,4,True,17.0,6.9375433921813965,5.316359996795654,0.0,0.9999999403953552,3
trained-10,1,68,680,324,305,324,4,True,14.0,8.118429183959961,3.119084119796753,-2.6226044269606064e-07,0.9999999403953552,0
trained-10,1,69,690,329,305,336,4,True,13.0,4.7263078689575195,4.987959861755371,1.0728835775353218e-07,1.0,1
trained-10,1,70,700,312,305,312,4,True,19.0,9.514854431152344,5.102515697479248,-2.3841858265427618e-08,1.0,1
trained-10,1,71,710,323,305,323,4,True,20.0,10.471024513244629,5.075628280639648,-1.3113022134803032e-07,1.0,0
trained-10,1,72,720,320,305,321,4,True,11.0,5.71223258972168,2.7109880447387695,-2.3841858265427618e-08,1.0,2
trained-10,1,73,730,327,305,327,4,True,17.0,8.57362174987793,5.700234889984131,1.668930025289228e-07,0.9999999403953552,0
trained-10,1,74,740,319,305,319,4,True,12.0,5.7178850173950195,2.9826059341430664,3.5762788286319847e-08,1.0,1
trained-10,1,75,750,317,305,319,4,True,19.0,8.29054069519043,5.781429767608643,-1.1920928955078125e-07,0.9999999403953552,1
trained-10,1,76,760,319,305,319,4,True,21.0,10.79362964630127,6.303066253662109,-7.152557657263969e-08,1.0,2
trained-10,1,77,770,311,305,311,4,True,21.0,11.624128341674805,5.230058193206787,-1.0728835775353218e-07,1.0,1
trained-10,1,78,780,327,305,331,4,True,11.0,4.951286792755127,2.867661952972412,-2.3841858265427618e-08,1.0,2
trained-10,1,79,790,329,305,348,3,True,17.0,6.279410362243652,5.806746959686279,4.7683716530855236e-08,0.9999999403953552,0
trained-10,1,80,800,319,305,319,4,True,22.0,12.12855052947998,6.188314437866211,-1.1920929132713809e-08,0.9999999403953552,0
trained-10,1,81,810,320,305,324,4,True,23.0,12.033520698547363,6.172912120819092,-8.34465012644614e-08,1.0,2
trained-10,1,82,820,322,305,322,4,True,16.0,8.338241577148438,4.227602005004883,-4.7683716530855236e-08,1.0,1
trained-10,1,83,830,326,305,326,4,True,16.0,9.168739318847656,3.1615591049194336,1.0728835775353218e-07,1.0,0
trained-10,1,84,840,323,305,326,4,True,22.0,8.730735778808594,7.84529972076416,-2.3841858265427618e-08,1.0,0
trained-10,1,85,850,330,305,330,4,True,16.0,8.632271766662598,4.397819519042969,-7.152557657263969e-08,1.0,1
trained-10,1,86,860,328,305,328,4,True,12.0,5.919868469238281,3.279134511947632,1.1324882365215672e-07,0.9999999403953552,0
trained-10,1,87,870,320,305,320,4,True,14.0,7.445002555847168,3.045305013656616,-7.152557657263969e-08,0.9999999403953552,0
trained-10,1,88,880,332,305,333,4,True,11.0,5.159432411193848,3.3401172161102295,1.5497207073167374e-07,1.0,1
trained-10,1,89,890,325,305,331,4,True,9.0,0.6647688150405884,3.9327921867370605,-2.9802322387695312e-08,1.0,3
trained-10,1,90,900,315,305,315,4,True,22.0,11.348390579223633,5.641561031341553,3.5762788286319847e-08,1.0,1
trained-10,1,91,910,312,305,313,4,True,16.0,6.829933166503906,4.953741550445557,5.960464477539063e-08,1.0,1
trained-10,1,92,920,321,305,340,3,True,15.0,6.839165687561035,5.237240314483643,-1.1920928955078125e-07,1.0,1
trained-10,1,93,930,313,305,313,4,True,24.0,14.5267333984375,6.465740203857422,-9.536743306171047e-08,1.0,2
trained-10,1,94,940,336,305,337,4,True,13.0,6.223250865936279,3.750523567199707,5.960464477539063e-08,1.0,0
trained-10,1,95,950,320,305,321,4,True,12.0,6.199951648712158,3.367846965789795,1.1920928955078125e-07,1.0,2
trained-10,1,96,960,319,305,319,4,True,20.0,10.174189567565918,4.745360851287842,5.960464477539063e-08,1.0,2
trained-10,1,97,970,318,305,318,4,True,16.0,7.263723850250244,3.82757306098938,4.7683716530855236e-08,1.0,0
trained-10,1,98,980,316,305,320,4,True,13.0,5.7667388916015625,4.518038749694824,3.5762788286319847e-08,1.0,1
trained-10,1,99,990,328,305,328,4,True,14.0,6.238931179046631,4.371767044067383,-3.5762788286319847e-08,0.9999999403953552,1
trained-10,1,100,1000,318,305,342,3,True,15.0,5.8568243980407715,4.6678619384765625,5.9604645663569045e-09,1.0,0
trained-10,2,1,10,323,323,324,4,True,12.0,4.888701915740967,3.959620237350464,5.960464477539063e-08,0.9999999403953552,0
trained-10,2,2,20,310,310,310,4,True,26.0,14.438603401184082,6.643412113189697,-2.3841858265427618e-08,1.0,0
trained-10,2,3,30,332,310,332,4,True,19.0,10.739978790283203,4.421880722045898,1.1920929132713809e-08,1.0,0
trained-10,2,4,40,322,310,324,4,True,14.0,7.488619804382324,4.636562824249268,1.1920929132713809e-08,1.0,0
trained-10,2,5,50,320,310,320,4,True,15.0,7.349953651428223,3.244114875793457,-1.1920928955078125e-07,1.0,0
trained-10,2,6,60,322,310,322,4,True,18.0,9.395716667175293,4.278375148773193,-2.3841858265427618e-08,0.9999998807907104,0
trained-10,2,7,70,329,310,329,4,True,23.0,11.541780471801758,5.8154706954956055,1.4305115314527939e-07,1.0,1
trained-10,2,8,80,317,310,317,4,True,17.0,9.020469665527344,4.6346893310546875,1.1920929132713809e-08,1.0,1
trained-10,2,9,90,313,310,313,4,True,23.0,11.736705780029297,5.836599349975586,-2.3841858265427618e-08,1.0,0
trained-10,2,10,100,321,310,321,4,True,16.0,7.680128574371338,4.5076375007629395,-1.668930025289228e-07,1.0,0
trained-10,2,11,110,318,310,318,4,True,17.0,8.147439956665039,4.208795070648193,-2.2649764730431343e-07,0.9999998807907104,0
trained-10,2,12,120,315,310,316,4,True,23.0,10.056013107299805,7.340819358825684,-2.3841858265427618e-08,1.0,0
trained-10,2,13,130,319,310,323,4,True,15.0,5.578840732574463,4.729272842407227,4.7683716530855236e-08,1.0,0
trained-10,2,14,140,327,310,327,4,True,13.0,6.9804205894470215,3.481903076171875,4.7683716530855236e-08,1.0,0
trained-10,2,15,150,317,310,317,4,True,24.0,13.368136405944824,5.970376491546631,1.5497207073167374e-07,1.0,0
trained-10,2,16,160,323,310,323,4,True,16.0,7.038356781005859,5.536131381988525,-4.7683716530855236e-08,0.9999999403953552,0
trained-10,2,17,170,328,310,328,4,True,14.0,4.702610969543457,4.389462471008301,-1.668930025289228e-07,1.0,0
trained-10,2,18,180,324,310,327,4,True,14.0,5.569991111755371,4.339815616607666,-5.960464477539063e-08,0.9999999403953552,0
trained-10,2,19,190,326,310,363,3,True,15.0,7.015212059020996,4.723538875579834,7.152557657263969e-08,1.0,0
trained-10,2,20,200,327,310,340,3,True,14.0,7.0587263107299805,2.9981892108917236,1.1920929132713809e-08,1.0,1
trained-10,2,21,210,311,310,311,4,True,27.0,13.146224975585938,8.27998161315918,1.1920929132713809e-08,1.0,0
trained-10,2,22,220,322,310,322,4,True,17.0,8.5165376663208,3.762174606323242,-2.6226044269606064e-07,1.0,0
trained-10,2,23,230,317,310,317,4,True,23.0,10.805431365966797,6.7470383644104,-3.5762788286319847e-08,1.0,0
trained-10,2,24,240,313,310,315,4,True,8.0,2.356394052505493,2.68597412109375,-3.5762788286319847e-08,1.0,0
trained-10,2,25,250,320,310,321,4,True,20.0,8.585714340209961,6.093349456787109,-1.1920929132713809e-08,1.0,0
trained-10,2,26,260,320,310,320,4,True,16.0,8.141509056091309,3.9230024814605713,2.3841858265427618e-08,1.0,0
trained-10,2,27,270,325,310,325,4,True,19.0,9.592795372009277,4.4991374015808105,5.960464477539063e-08,1.0000001192092896,0
trained-10,2,28,280,324,310,324,4,True,17.0,8.427068710327148,3.9912056922912598,-1.7881393432617188e-07,1.0,0
trained-10,2,29,290,320,310,320,4,True,17.0,11.194978713989258,3.856379747390747,-3.099441414633475e-07,1.0,0
trained-10,2,30,300,337,310,337,4,True,14.0,7.450766563415527,3.286093235015869,-4.7683716530855236e-08,1.0,0
trained-10,2,31,310,332,310,335,4,True,11.0,2.853808641433716,3.7088420391082764,-7.152557657263969e-08,0.9999998807907104,0
trained-10,2,32,320,317,310,321,4,True,16.0,7.699227333068848,5.1836090087890625,-2.3841858265427618e-08,0.9999998807907104,1
trained-10,2,33,330,326,310,326,4,True,23.0,11.35630989074707,5.9733381271362305,-5.960464477539063e-08,1.0,0
trained-10,2,34,340,320,310,321,4,True,14.0,5.963038921356201,4.7246527671813965,1.668930025289228e-07,1.0000001192092896,0
trained-10,2,35,350,320,310,323,4,True,19.0,9.722856521606445,5.808869361877441,-4.7683716530855236e-08,1.0000001192092896,0
trained-10,2,36,360,321,310,321,4,True,20.0,11.038765907287598,4.815536975860596,-1.4305115314527939e-07,1.0,0
trained-10,2,37,370,329,310,332,4,True,11.0,3.826702117919922,3.668508291244507,1.1920929132713809e-08,0.9999999403953552,0
trained-10,2,38,380,318,310,320,4,True,12.0,3.917402744293213,3.6595680713653564,-2.3841858265427618e-08,1.0000001192092896,0
trained-10,2,39,390,323,310,325,4,True,20.0,7.369256496429443,7.1672163009643555,-9.536743306171047e-08,1.0,0
trained-10,2,40,400,324,310,325,4,True,13.0,6.672449588775635,2.893930673599243,-1.0728835775353218e-07,0.9999999403953552,0
trained-10,2,41,410,322,310,328,4,True,14.0,4.422049522399902,4.62428092956543,2.3841858265427618e-08,1.0000001192092896,0
trained-10,2,42,420,318,310,318,4,True,23.0,11.185826301574707,6.6611809730529785,4.7683716530855236e-08,1.0,0
trained-10,2,43,430,321,310,321,4,True,14.0,5.400043487548828,5.211277961730957,4.7683716530855236e-08,1.0,0
trained-10,2,44,440,316,310,323,4,True,17.0,6.461021423339844,5.454448699951172,-8.34465012644614e-08,1.0,0
trained-10,2,45,450,321,310,321,4,True,16.0,7.0229082107543945,4.941465854644775,4.7683716530855236e-08,1.0,0
trained-10,2,46,460,317,310,318,4,True,8.0,2.8244428634643555,2.2459774017333984,-4.7683716530855236e-08,1.0,1
trained-10,2,47,470,314,310,314,4,True,22.0,12.485928535461426,5.268660068511963,0.0,1.0,1
trained-10,2,48,480,324,310,325,4,True,20.0,7.834346771240234,6.654055118560791,5.960464477539063e-08,1.0,0
trained-10,2,49,490,321,310,321,4,True,17.0,7.4968109130859375,4.794902801513672,-3.5762788286319847e-08,1.0,0
trained-10,2,50,500,317,310,319,4,True,13.0,5.562015533447266,4.184752464294434,2.3841858265427618e-08,1.0,0
trained-10,2,51,510,317,310,317,4,True,18.0,9.868358612060547,4.028872489929199,-3.5762788286319847e-08,1.0,0
trained-10,2,52,520,309,309,313,4,True,22.0,9.099834442138672,7.368077278137207,-1.0728835775353218e-07,1.0,0
trained-10,2,53,530,322,309,326,4,True,12.0,4.521505832672119,4.4828996658325195,4.7683716530855236e-08,1.0,0
trained-10,2,54,540,321,309,321,4,True,24.0,11.664685249328613,6.673084735870361,-7.152557657263969e-08,0.9999999403953552,1
trained-10,2,55,550,331,309,331,4,True,19.0,11.502769470214844,4.405815124511719,-3.5762788286319847e-08,0.9999999403953552,0
trained-10,2,56,560,312,309,315,4,True,16.0,7.015681266784668,4.97334098815918,8.34465012644614e-08,0.9999999403953552,0
trained-10,2,57,570,313,309,313,4,True,16.0,8.351948738098145,4.633505821228027,-7.152557657263969e-08,1.0,0
trained-10,2,58,580,327,309,327,4,True,16.0,7.470954895019531,3.9661061763763428,2.3841858265427618e-08,1.0,0
trained-10,2,59,590,320,309,323,4,True,20.0,10.20285701751709,5.727006435394287,1.1920929132713809e-08,1.0,1
trained-10,2,60,600,322,309,323,4,True,12.0,3.917393207550049,3.659576416015625,2.3841858265427618e-08,1.0,0
trained-10,2,61,610,320,309,321,4,True,16.0,6.835487365722656,5.106023788452148,-8.34465012644614e-08,0.9999998807907104,0
trained-10,2,62,620,313,309,313,4,True,11.0,4.934033393859863,2.4458136558532715,-1.1920928955078125e-07,0.9999999403953552,0
trained-10,2,63,630,319,309,319,4,True,11.0,4.45271635055542,2.650851011276245,1.7881394143159923e-08,1.0,0
trained-10,2,64,640,324,309,329,4,True,18.0,5.640523433685303,7.0063323974609375,-1.1920929132713809e-08,1.0,0
trained-10,2,65,650,328,309,328,4,True,19.0,9.514854431152344,5.102515697479248,-2.3841858265427618e-08,1.0,0
trained-10,2,66,660,322,309,322,4,True,16.0,7.191336154937744,4.258526802062988,-1.4901161193847656e-07,1.0,1
trained-10,2,67,670,317,309,317,4,True,19.0,11.220325469970703,4.487194061279297,-2.3841858265427618e-08,1.0,0
trained-10,2,68,680,316,309,316,4,True,21.0,9.937535285949707,6.483660697937012,4.7683716530855236e-08,1.0,0
trained-10,2,69,690,321,309,321,4,True,18.0,8.63100528717041,4.4474101066589355,-8.34465012644614e-08,1.0,0
trained-10,2,70,700,317,309,317,4,True,20.0,8.767391204833984,5.83544921875,1.1920929132713809e-08,1.0,0
trained-10,2,71,710,306,306,306,4,True,22.0,10.207164764404297,6.095759868621826,-3.5762788286319847e-08,1.0,1
trained-10,2,72,720,327,306,328,4,True,16.0,8.456331253051758,4.927551746368408,-1.668930025289228e-07,1.0,1
trained-10,2,73,730,317,306,321,4,True,19.0,8.868240356445312,6.052753448486328,2.9802322387695312e-08,1.0,0
trained-10,2,74,740,309,306,309,4,True,20.0,11.038765907287598,4.815536975860596,-1.4305115314527939e-07,1.0,1
trained-10,2,75,750,318,306,321,4,True,18.0,8.273092269897461,5.221931457519531,-2.3841858265427618e-08,1.0000001192092896,0
trained-10,2,76,760,320,306,329,4,True,15.0,4.8312296867370605,5.340909957885742,3.5762788286319847e-08,1.0000001192092896,0
trained-10,2,77,770,325,306,325,4,True,20.0,11.718984603881836,5.217825412750244,-1.0728835775353218e-07,0.9999999403953552,0
trained-10,2,78,780,313,306,313,4,True,24.0,11.390629768371582,7.113086700439453,-3.5762788286319847e-08,1.0,0
trained-10,2,79,790,314,306,317,4,True,22.0,9.838067054748535,6.487914085388184,-9.536743306171047e-08,1.0,0
trained-10,2,80,800,318,306,318,4,True,16.0,8.145496368408203,4.041391372680664,-9.536743306171047e-08,1.0,1
trained-10,2,81,810,306,306,306,4,True,30.0,16.0147647857666,8.197181701660156,-2.5033949668795685e-07,1.0,0
trained-10,2,82,820,326,306,326,4,True,19.0,9.721413612365723,5.671445369720459,-2.3841858265427618e-08,1.0,0
trained-10,2,83,830,318,306,318,4,True,20.0,10.19420051574707,5.417685508728027,-1.1920929132713809e-08,1.0,1
trained-10,2,84,840,319,306,323,4,True,20.0,8.39640998840332,6.201082706451416,1.0728835775353218e-07,1.0,0
trained-10,2,85,850,319,306,320,4,True,16.0,6.447596549987793,5.029041290283203,5.960464477539063e-08,1.0,0
trained-10,2,86,860,325,306,326,4,True,14.0,4.532460689544678,5.044405460357666,-4.7683716530855236e-08,1.0,0
trained-10,2,87,870,328,306,333,4,True,11.0,4.213130474090576,3.7515082359313965,1.3113022134803032e-07,1.0,2
trained-10,2,88,880,319,306,319,4,True,15.0,6.785940647125244,3.586333990097046,-3.5762788286319847e-08,0.9999999403953552,0
trained-10,2,89,890,309,306,309,4,True,23.0,11.844120979309082,6.249260902404785,-7.152557657263969e-08,1.0,0
trained-10,2,90,900,321,306,326,4,True,16.0,5.407878398895264,5.449282646179199,-1.1920929132713809e-08,1.0,0
trained-10,2,91,910,319,306,319,4,True,14.0,7.842499732971191,3.502763271331787,-2.0265579792067e-07,0.9999999403953552,0
trained-10,2,92,920,324,306,324,4,True,19.0,8.638923645019531,4.948267459869385,-3.5762788286319847e-08,0.9999999403953552,0
trained-10,2,93,930,323,306,323,4,True,20.0,11.116649627685547,4.399204730987549,-2.3841858265427618e-08,1.0,1
trained-10,2,94,940,329,306,329,4,True,16.0,6.3400187492370605,4.653410911560059,9.536743306171047e-08,1.0,1
trained-10,2,95,950,322,306,323,4,True,13.0,3.940537691116333,4.433952808380127,-1.1920929132713809e-08,1.0000001192092896,0
trained-10,2,96,960,323,306,323,4,True,17.0,7.5853753089904785,4.627664566040039,-2.3841858265427618e-08,1.0,0
trained-10,2,97,970,321,306,323,4,True,19.0,8.29622745513916,5.978800296783447,-1.0728835775353218e-07,0.9999999403953552,0
trained-10,2,98,980,313,306,313,4,True,22.0,11.713570594787598,5.153920650482178,-3.5762788286319847e-08,1.0,0
trained-10,2,99,990,328,306,328,4,True,14.0,6.2474045753479,4.562300682067871,0.0,1.0,0
trained-10,2,100,1000,313,306,313,4,True,22.0,10.214658737182617,6.213456630706787,-1.1920929132713809e-08,1.0,1
frozen-10,0,1,10,317,317,320,4,True,20.0,7.369256496429443,7.1672163009643555,-9.536743306171047e-08,1.0,0
frozen-10,0,2,20,335,317,335,4,True,11.0,3.426342725753784,3.2864677906036377,-4.7683716530855236e-08,0.9999998807907104,0
frozen-10,0,3,30,320,317,320,4,True,17.0,7.438082695007324,6.165186882019043,2.3841858265427618e-08,0.9999999403953552,0
frozen-10,0,4,40,320,317,324,4,True,14.0,5.963038921356201,4.7246527671813965,1.668930025289228e-07,1.0000001192092896,0
frozen-10,0,5,50,317,317,322,4,True,12.0,4.410987377166748,3.978607177734375,4.7683716530855236e-08,1.0,0
frozen-10,0,6,60,309,309,311,4,True,17.0,5.42349100112915,6.196825981140137,-4.7683716530855236e-08,1.0000001192092896,0
frozen-10,0,7,70,307,307,307,4,True,16.0,7.588822841644287,4.707571983337402,7.152557657263969e-08,0.9999998807907104,0
frozen-10,0,8,80,322,307,323,4,True,16.0,7.038356781005859,5.536131381988525,-4.7683716530855236e-08,0.9999999403953552,0
frozen-10,0,9,90,320,307,320,4,True,17.0,8.65540599822998,5.156571865081787,4.7683716530855236e-08,0.9999998807907104,0
frozen-10,0,10,100,312,307,315,4,True,19.0,9.923747062683105,6.055450439453125,3.5762788286319847e-08,0.9999999403953552,0
frozen-10,0,11,110,329,307,329,4,True,18.0,10.552391052246094,4.5966796875,-3.5762788286319847e-08,1.0,0
frozen-10,0,12,120,314,307,316,4,True,20.0,7.4615302085876465,7.053983211517334,-2.3841858265427618e-08,1.0,0
frozen-10,0,13,130,312,307,312,4,True,17.0,7.5141801834106445,5.475714206695557,-3.5762788286319847e-08,1.0,0
frozen-10,0,14,140,321,307,321,4,True,17.0,7.948796272277832,4.073663234710693,-1.1920928955078125e-07,0.9999999403953552,0
frozen-10,0,15,150,313,307,313,4,True,19.0,10.185293197631836,5.207266807556152,-2.3841858265427618e-08,1.0,0
frozen-10,0,16,160,318,307,319,4,True,22.0,10.229647636413574,6.688476085662842,3.5762788286319847e-08,1.0,0
frozen-10,0,17,170,312,307,312,4,True,18.0,9.395716667175293,4.278375148773193,-2.3841858265427618e-08,0.9999998807907104,0
frozen-10,0,18,180,326,307,326,4,True,17.0,8.44410228729248,4.524036884307861,4.7683716530855236e-08,1.0,0
frozen-10,0,19,190,314,307,315,4,True,23.0,10.434450149536133,7.140524387359619,1.1920929132713809e-08,1.0,0
frozen-10,0,20,200,321,307,321,4,True,14.0,5.371347904205322,4.218656539916992,-3.5762788286319847e-08,0.9999999403953552,0
frozen-10,0,21,210,318,307,323,4,True,16.0,4.94277811050415,5.9418439865112305,0.0,1.0,0
frozen-10,0,22,220,320,307,320,4,True,19.0,8.095614433288574,5.70121431350708,8.34465012644614e-08,1.0,0
frozen-10,0,23,230,304,304,304,4,True,20.0,10.29479694366455,5.641171932220459,0.0,0.9999999403953552,0
frozen-10,0,24,240,326,304,326,4,True,15.0,6.701235771179199,3.903366804122925,1.7881394143159923e-08,0.9999999403953552,0
frozen-10,0,25,250,312,304,313,4,True,20.0,10.488154411315918,5.6604719161987305,3.5762788286319847e-08,1.0,0
frozen-10,0,26,260,324,304,324,4,True,19.0,9.126734733581543,4.931448936462402,-1.1920929132713809e-08,1.0,0
frozen-10,0,27,270,323,304,323,4,True,30.0,16.0147647857666,8.197181701660156,-2.5033949668795685e-07,1.0,0
frozen-10,0,28,280,316,304,325,4,True,15.0,6.072396278381348,5.199444770812988,1.7881393432617188e-07,1.0,0
frozen-10,0,29,290,324,304,324,4,True,23.0,10.056013107299805,7.340819358825684,-2.3841858265427618e-08,1.0,0
frozen-10,0,30,300,332,304,332,4,True,10.0,4.2765727043151855,2.6663451194763184,0.0,1.0,0
frozen-10,0,31,310,317,304,317,4,True,13.0,6.600195407867432,3.685432195663452,-7.748603536583687e-08,1.0,0
frozen-10,0,32,320,314,304,320,4,True,17.0,6.172908782958984,5.516589164733887,2.3841858265427618e-08,0.9999999403953552,0
frozen-10,0,33,330,325,304,325,4,True,14.0,8.187580108642578,2.55869460105896,-7.152557657263969e-08,1.0,0
frozen-10,0,34,340,310,304,316,4,True,19.0,8.29622745513916,5.978800296783447,-1.0728835775353218e-07,0.9999999403953552,0
frozen-10,0,35,350,321,304,321,4,True,21.0,10.482564926147461,5.454056262969971,1.1920929132713809e-08,1.0000001192092896,0
frozen-10,0,36,360,320,304,320,4,True,19.0,10.927217483520508,4.325080871582031,-1.5497207073167374e-07,1.0,0
frozen-10,0,37,370,317,304,317,4,True,16.0,8.80463695526123,3.6319010257720947,-2.3841858265427618e-08,1.0,0
frozen-10,0,38,380,315,304,315,4,True,19.0,9.401637077331543,4.540165424346924,-1.0728835775353218e-07,1.0,0
frozen-10,0,39,390,321,304,321,4,True,16.0,8.050223350524902,4.0889997482299805,3.5762788286319847e-08,1.0,0
frozen-10,0,40,400,321,304,321,4,True,16.0,6.5218000411987305,4.41334867477417,-1.1920929132713809e-08,1.0,0
frozen-10,0,41,410,308,304,311,4,True,19.0,8.574211120605469,5.788088321685791,-6.556511067401516e-08,1.0,0
frozen-10,0,42,420,325,304,325,4,True,22.0,12.485928535461426,5.268660068511963,0.0,1.0,0
frozen-10,0,43,430,316,304,322,4,True,12.0,3.273526668548584,4.4509663581848145,3.5762788286319847e-08,0.9999999403953552,0
frozen-10,0,44,440,313,304,313,4,True,13.0,5.260086536407471,3.970506191253662,-4.17232506322307e-08,1.0,0
frozen-10,0,45,450,314,304,316,4,True,12.0,3.840421676635742,4.1696014404296875,3.5762788286319847e-08,1.0,0
frozen-10,0,46,460,321,304,321,4,True,14.0,5.758584499359131,4.394023418426514,-1.0728835775353218e-07,1.0,0
frozen-10,0,47,470,323,304,323,4,True,17.0,8.813257217407227,4.007356643676758,-1.5497207073167374e-07,0.9999999403953552,0
frozen-10,0,48,480,318,304,322,4,True,15.0,6.91921854019165,4.697969436645508,7.152557657263969e-08,1.0,0
frozen-10,0,49,490,312,304,312,4,True,23.0,11.185826301574707,6.6611809730529785,4.7683716530855236e-08,1.0,0
frozen-10,0,50,500,315,304,315,4,True,20.0,9.335132598876953,5.585224628448486,-2.3841858265427618e-08,1.0,0
frozen-10,0,51,510,324,304,324,4,True,12.0,5.527752876281738,3.0391132831573486,-1.9073486612342094e-07,1.0,0
frozen-10,0,52,520,303,303,306,4,True,22.0,10.229647636413574,6.688476085662842,3.5762788286319847e-08,1.0,0
frozen-10,0,53,530,333,303,334,4,True,13.0,3.466811418533325,4.62676477432251,-5.9604645663569045e-09,0.9999999403953552,0
frozen-10,0,54,540,313,303,313,4,True,16.0,9.850889205932617,3.5145645141601562,-2.3841858265427618e-08,1.0,0
frozen-10,0,55,550,322,303,322,4,True,22.0,11.73651123046875,5.83654260635376,-1.4305115314527939e-07,1.0,0
frozen-10,0,56,560,325,303,325,4,True,23.0,12.120944023132324,5.869865894317627,2.3841858265427618e-08,1.0,0
frozen-10,0,57,570,324,303,324,4,True,12.0,4.481415748596191,3.315765142440796,-3.5762788286319847e-08,0.9999999403953552,0
frozen-10,0,58,580,313,303,318,4,True,22.0,10.229647636413574,6.688476085662842,3.5762788286319847e-08,1.0,0
frozen-10,0,59,590,316,303,327,4,True,16.0,5.873939514160156,5.040846824645996,0.0,0.9999999403953552,0
frozen-10,0,60,600,330,303,330,4,True,11.0,7.502244472503662,1.9888434410095215,-1.4305115314527939e-07,1.0,0
frozen-10,0,61,610,309,303,309,4,True,23.0,11.454252243041992,6.012110710144043,-5.960464477539063e-08,1.0,0
frozen-10,0,62,620,312,303,316,4,True,15.0,6.5575761795043945,5.46560001373291,-3.5762788286319847e-08,0.9999999403953552,0
frozen-10,0,63,630,322,303,322,4,True,17.0,8.889363288879395,3.555769443511963,-5.960464477539063e-08,1.0,0
frozen-10,0,64,640,301,301,301,4,True,23.0,14.327733993530273,6.264296531677246,-2.1457671550706436e-07,1.0,0
frozen-10,0,65,650,319,301,319,4,True,16.0,9.265769958496094,3.1848647594451904,-2.0265579792067e-07,0.9999999403953552,0
frozen-10,0,66,660,318,301,318,4,True,15.0,7.7399749755859375,3.3623876571655273,-4.7683716530855236e-08,0.9999999403953552,0
frozen-10,0,67,670,322,301,322,4,True,15.0,7.28040075302124,3.949047803878784,3.5762788286319847e-08,0.9999999403953552,0
frozen-10,0,68,680,311,301,313,4,True,14.0,5.171694755554199,4.182284832000732,1.1920929132713809e-08,0.9999998807907104,0
frozen-10,0,69,690,325,301,325,4,True,17.0,9.090080261230469,3.648622989654541,-7.152557657263969e-08,1.0,0
frozen-10,0,70,700,319,301,320,4,True,14.0,7.100500583648682,4.342206954956055,-9.536743306171047e-08,0.9999999403953552,0
frozen-10,0,71,710,323,301,323,4,True,19.0,10.088263511657715,5.153476715087891,-5.960464477539063e-08,1.0,0
frozen-10,0,72,720,308,301,309,4,True,13.0,5.653367042541504,4.034899711608887,3.5762788286319847e-08,1.0,0
frozen-10,0,73,730,319,301,320,4,True,13.0,5.46412992477417,4.022198677062988,-1.1920929132713809e-08,1.0,0
frozen-10,0,74,740,317,301,317,4,True,23.0,11.185826301574707,6.6611809730529785,4.7683716530855236e-08,1.0,0
frozen-10,0,75,750,320,301,320,4,True,14.0,7.730308532714844,2.904083490371704,1.0728835775353218e-07,1.0,0
frozen-10,0,76,760,315,301,315,4,True,22.0,11.721217155456543,5.290238857269287,-1.1920929132713809e-08,1.0,0
frozen-10,0,77,770,310,301,310,4,True,22.0,10.207164764404297,6.095759868621826,-3.5762788286319847e-08,1.0,0
frozen-10,0,78,780,315,301,315,4,True,20.0,8.591343879699707,6.280674457550049,7.152557657263969e-08,1.0,0
frozen-10,0,79,790,309,301,311,4,True,16.0,5.688477516174316,5.2318010330200195,-4.7683716530855236e-08,1.0,0
frozen-10,0,80,800,322,301,322,4,True,18.0,9.411165237426758,4.945629596710205,-1.7881393432617188e-07,1.0,0
frozen-10,0,81,810,328,301,357,3,True,19.0,6.878177642822266,6.680972576141357,-4.7683716530855236e-08,1.0,0
frozen-10,0,82,820,314,301,314,4,True,22.0,10.595054626464844,6.094572067260742,-2.3841858265427618e-08,1.0,0
frozen-10,0,83,830,316,301,318,4,True,12.0,3.6377739906311035,3.874995470046997,-4.7683716530855236e-08,0.9999999403953552,0
frozen-10,0,84,840,327,301,328,4,True,15.0,7.67609167098999,4.424259662628174,8.34465012644614e-08,0.9999999403953552,0
frozen-10,0,85,850,315,301,315,4,True,23.0,10.428838729858398,6.977931022644043,4.7683716530855236e-08,1.0,0
frozen-10,0,86,860,306,301,306,4,True,17.0,8.36137580871582,4.952857494354248,3.5762788286319847e-08,0.9999999403953552,0
frozen-10,0,87,870,317,301,317,4,True,30.0,16.0147647857666,8.197181701660156,-2.5033949668795685e-07,1.0,0
frozen-10,0,88,880,309,301,310,4,True,14.0,6.708460330963135,4.0917649269104,-7.152557657263969e-08,1.0,0
frozen-10,0,89,890,315,301,317,4,True,22.0,9.099834442138672,7.368077278137207,-1.0728835775353218e-07,1.0,0
frozen-10,0,90,900,323,301,323,4,True,18.0,9.760819435119629,3.8229007720947266,-9.536743306171047e-08,1.0,0
frozen-10,0,91,910,313,301,313,4,True,23.0,11.168954849243164,6.124652862548828,1.1920929132713809e-08,1.0,0
frozen-10,0,92,920,312,301,312,4,True,17.0,7.491124153137207,4.676718711853027,-1.1920928955078125e-07,1.0,0
frozen-10,0,93,930,316,301,316,4,True,27.0,13.420280456542969,7.837740421295166,-2.3841858265427618e-08,1.0,0
frozen-10,0,94,940,321,301,321,4,True,15.0,8.988914489746094,3.433023691177368,-8.34465012644614e-08,1.0,0
frozen-10,0,95,950,320,301,320,4,True,23.0,12.033520698547363,6.172912120819092,-8.34465012644614e-08,1.0,0
frozen-10,0,96,960,324,301,326,4,True,15.0,6.059005260467529,4.813582420349121,9.536743306171047e-08,1.0,0
frozen-10,0,97,970,318,301,321,4,True,6.0,0.053377412259578705,2.5411670207977295,-1.7881394143159923e-08,1.0,0
frozen-10,0,98,980,328,301,328,4,True,26.0,12.555452346801758,7.735866069793701,3.5762788286319847e-08,1.0,0
frozen-10,0,99,990,315,301,317,4,True,18.0,7.9347357749938965,6.801513671875,-7.152557657263969e-08,1.0,0
frozen-10,0,100,1000,328,301,328,4,True,12.0,6.775628566741943,3.157681703567505,-2.384185791015625e-07,1.0,0
frozen-10,1,1,10,330,330,330,4,True,13.0,5.541415214538574,3.4503326416015625,5.960464477539063e-08,1.0,0
frozen-10,1,2,20,334,330,334,4,True,14.0,7.648526191711426,3.33781099319458,-2.2649764730431343e-07,0.9999998807907104,0
frozen-10,1,3,30,321,321,322,4,True,12.0,4.605055809020996,4.187587738037109,9.536743306171047e-08,0.9999999403953552,0
frozen-10,1,4,40,319,319,319,4,True,18.0,9.395716667175293,4.278375148773193,-2.3841858265427618e-08,0.9999998807907104,0
frozen-10,1,5,50,312,312,312,4,True,14.0,6.478497505187988,3.0613245964050293,-1.0728835775353218e-07,1.0,0
frozen-10,1,6,60,325,312,350,3,True,5.0,-0.8267340660095215,2.5319066047668457,-1.7136335017653437e-08,0.9999999403953552,0
frozen-10,1,7,70,311,311,315,4,True,16.0,5.9997029304504395,6.132334232330322,-6.556511067401516e-08,0.9999999403953552,0
frozen-10,1,8,80,347,311,354,4,True,2.0,-0.6665549278259277,1.3533973693847656,1.1920929132713809e-08,0.9999998807907104,0
frozen-10,1,9,90,333,311,334,4,True,7.0,1.009556770324707,2.520347833633423,-3.5762788286319847e-08,1.0,0
frozen-10,1,10,100,344,311,347,4,True,6.0,1.1977834701538086,2.2996678352355957,-4.7683716530855236e-08,0.9999999403953552,0
frozen-10,1,11,110,324,311,324,4,True,14.0,5.922063827514648,3.484649419784546,-1.1920929132713809e-08,1.0,0
frozen-10,1,12,120,322,311,323,4,True,16.0,7.776111602783203,4.583028793334961,2.3841858265427618e-08,1.0,0
frozen-10,1,13,130,319,311,319,4,True,20.0,12.281047821044922,4.820608615875244,-3.5762788286319847e-08,0.9999999403953552,0
frozen-10,1,14,140,323,311,323,4,True,14.0,7.156823635101318,3.1588072776794434,-4.7683716530855236e-08,1.0,0
frozen-10,1,15,150,317,311,317,4,True,19.0,10.372955322265625,4.988257884979248,-7.152557657263969e-08,1.0,0
frozen-10,1,16,160,320,311,325,4,True,16.0,4.657480716705322,6.0670928955078125,7.748603536583687e-08,0.9999999403953552,0
frozen-10,1,17,170,332,311,332,4,True,13.0,6.0844573974609375,2.748556137084961,1.1920929132713809e-08,1.0,0
frozen-10,1,18,180,316,311,319,4,True,16.0,6.263808250427246,5.182416915893555,-1.1920929132713809e-08,1.0,0
frozen-10,1,19,190,333,311,333,4,True,20.0,8.482198715209961,5.961717128753662,-1.4901161193847656e-07,0.9999999403953552,0
frozen-10,1,20,200,326,311,327,4,True,23.0,9.686915397644043,7.817938327789307,-5.960464477539063e-08,1.0,0
frozen-10,1,21,210,326,311,326,4,True,23.0,11.541780471801758,5.8154706954956055,1.4305115314527939e-07,1.0,0
frozen-10,1,22,220,337,311,338,4,True,17.0,7.112571716308594,4.85051155090332,1.5497207073167374e-07,0.9999999403953552,0
frozen-10,1,23,230,324,311,324,4,True,20.0,9.520774841308594,5.323775291442871,-9.536743306171047e-08,1.0,0
frozen-10,1,24,240,318,311,319,4,True,12.0,4.220818042755127,4.053138732910156,-5.960464477539063e-08,1.0,0
frozen-10,1,25,250,313,311,342,3,True,13.0,4.619546413421631,4.563597679138184,-2.3841858265427618e-08,1.0,0
frozen-10,1,26,260,323,311,323,4,True,8.0,2.7476253509521484,2.6521949768066406,4.7683716530855236e-08,1.0,0
frozen-10,1,27,270,318,311,321,4,True,15.0,6.897892951965332,4.187717437744141,-5.960464477539063e-08,1.0,0
frozen-10,1,28,280,325,311,325,4,True,16.0,8.80463695526123,3.6319010257720947,-2.3841858265427618e-08,1.0,0
frozen-10,1,29,290,314,311,316,4,True,26.0,12.190046310424805,8.307580947875977,-4.7683716530855236e-08,1.0000001192092896,0
frozen-10,1,30,300,324,311,332,4,True,16.0,7.221973419189453,5.3069167137146,-1.1920929132713809e-08,1.0,0
frozen-10,1,31,310,320,311,322,4,True,14.0,4.532460689544678,5.044405460357666,-4.7683716530855236e-08,1.0,0
frozen-10,1,32,320,327,311,327,4,True,10.0,5.301928997039795,1.9594340324401855,0.0,1.0,0
frozen-10,1,33,330,316,311,322,4,True,16.0,8.741628646850586,4.962111949920654,-1.7881393432617188e-07,0.9999999403953552,0
frozen-10,1,34,340,319,311,319,4,True,19.0,10.07312297821045,4.5194091796875,-1.3113022134803032e-07,1.0,0
frozen-10,1,35,350,317,311,317,4,True,20.0,9.797597885131836,5.016502857208252,1.1920929132713809e-08,0.9999999403953552,0
frozen-10,1,36,360,324,311,324,4,True,13.0,7.156130790710449,3.345264434814453,1.9073486612342094e-07,1.0,0
frozen-10,1,37,370,323,311,326,4,True,16.0,8.185357093811035,5.5477423667907715,-8.34465012644614e-08,0.9999999403953552,0
frozen-10,1,38,380,325,311,325,4,True,23.0,12.400564193725586,5.606204509735107,-1.1920928955078125e-07,1.0,0
frozen-10,1,39,390,327,311,327,4,True,10.0,4.586655139923096,3.443605899810791,2.3841858265427618e-08,1.0,0
frozen-10,1,40,400,321,311,321,4,True,27.0,14.83264446258545,7.0143280029296875,-1.5497207073167374e-07,0.9999999403953552,0
frozen-10,1,41,410,328,311,329,4,True,16.0,6.340914249420166,4.738095283508301,-5.960464477539063e-08,0.9999999403953552,0
frozen-10,1,42,420,321,311,321,4,True,12.0,5.72357177734375,3.103790283203125,1.668930025289228e-07,0.9999999403953552,0
frozen-10,1,43,430,326,311,328,4,True,10.0,2.5757813453674316,3.4472169876098633,7.152557657263969e-08,1.0,0
frozen-10,1,44,440,324,311,326,4,True,19.0,7.635166168212891,6.307877063751221,-8.34465012644614e-08,0.9999999403953552,0
frozen-10,1,45,450,333,311,333,4,True,27.0,14.83264446258545,7.0143280029296875,-1.5497207073167374e-07,0.9999999403953552,0
frozen-10,1,46,460,326,311,326,4,True,16.0,8.793069839477539,3.3140320777893066,4.7683716530855236e-08,0.9999999403953552,0
frozen-10,1,47,470,327,311,329,4,True,13.0,5.947397232055664,4.2037506103515625,1.1920929132713809e-08,1.0,0
frozen-10,1,48,480,318,311,318,4,True,17.0,9.294525146484375,4.104438304901123,-8.34465012644614e-08,1.0,0
frozen-10,1,49,490,318,311,318,4,True,20.0,10.554586410522461,4.679226398468018,-8.34465012644614e-08,1.0,0
frozen-10,1,50,500,326,311,350,3,True,19.0,6.975140571594238,6.6834845542907715,-5.960464477539063e-08,0.9999999403953552,0
frozen-10,1,51,510,316,311,316,4,True,16.0,6.527373313903809,4.539809703826904,1.0728835775353218e-07,1.0,0
frozen-10,1,52,520,316,311,316,4,True,26.0,12.555452346801758,7.735866069793701,3.5762788286319847e-08,1.0,0
frozen-10,1,53,530,325,311,325,4,True,11.0,4.2787628173828125,2.9508135318756104,6.258487417198921e-08,1.0000001192092896,0
frozen-10,1,54,540,320,311,320,4,True,16.0,7.098243713378906,4.347161293029785,7.748603536583687e-08,1.0,0
frozen-10,1,55,550,343,311,343,4,True,14.0,5.967784404754639,4.865630626678467,9.536743306171047e-08,1.0,0
frozen-10,1,56,560,317,311,320,4,True,11.0,3.3416194915771484,3.541865348815918,1.1920929132713809e-08,0.9999999403953552,0
frozen-10,1,57,570,329,311,329,4,True,12.0,7.158003330230713,3.2488927841186523,-7.152557657263969e-08,1.0,0
frozen-10,1,58,580,335,311,335,4,True,13.0,7.186863899230957,4.145326614379883,-1.7881393432617188e-07,1.0,0
frozen-10,1,59,590,323,311,323,4,True,16.0,10.140048027038574,3.5694429874420166,7.152557657263969e-08,0.9999999403953552,0
frozen-10,1,60,600,319,311,319,4,True,20.0,9.903035163879395,5.3130717277526855,-1.1920928955078125e-07,1.0,0
frozen-10,1,61,610,318,311,318,4,True,23.0,13.84160327911377,5.903554916381836,-5.960464477539063e-08,0.9999999403953552,0
frozen-10,1,62,620,328,311,328,4,True,13.0,7.169667720794678,3.463451623916626,2.3841858265427618e-08,1.0,0
frozen-10,1,63,630,316,311,316,4,True,15.0,5.564632415771484,4.416853904724121,-8.34465012644614e-08,0.9999998807907104,0
frozen-10,1,64,640,323,311,323,4,True,22.0,12.12855052947998,6.188314437866211,-1.1920929132713809e-08,0.9999999403953552,0
frozen-10,1,65,650,325,311,325,4,True,21.0,9.920331001281738,5.92747163772583,1.1920929132713809e-08,0.9999999403953552,0
frozen-10,1,66,660,334,311,334,4,True,13.0,5.253958702087402,3.49220609664917,1.3113022134803032e-07,0.9999999403953552,0
frozen-10,1,67,670,329,311,329,4,True,16.0,7.011713981628418,4.708130836486816,4.17232506322307e-08,0.9999999403953552,0
frozen-10,1,68,680,324,311,324,4,True,14.0,8.118429183959961,3.119084119796753,-2.6226044269606064e-07,0.9999999403953552,0
frozen-10,1,69,690,321,311,321,4,True,19.0,9.53406810760498,5.876316070556641,1.1920929132713809e-08,1.0000001192092896,0
frozen-10,1,70,700,307,307,310,4,True,22.0,11.367413520812988,6.344162464141846,-9.536743306171047e-08,1.0,0
frozen-10,1,71,710,323,307,323,4,True,20.0,10.471024513244629,5.075628280639648,-1.3113022134803032e-07,1.0,0
frozen-10,1,72,720,317,307,319,4,True,8.0,2.2872424125671387,3.3625214099884033,2.9802322387695312e-08,1.0,0
frozen-10,1,73,730,327,307,327,4,True,17.0,8.57362174987793,5.700234889984131,1.668930025289228e-07,0.9999999403953552,0
frozen-10,1,74,740,319,307,322,4,True,11.0,4.7617058753967285,3.006848096847534,3.5762788286319847e-08,1.0,0
frozen-10,1,75,750,326,307,326,4,True,13.0,5.642069339752197,3.518507957458496,-5.960464477539063e-08,0.9999999403953552,0
frozen-10,1,76,760,326,307,326,4,True,16.0,7.485203742980957,4.420401096343994,-8.34465012644614e-08,1.0,0
frozen-10,1,77,770,317,307,317,4,True,18.0,9.029645919799805,4.872021198272705,-8.34465012644614e-08,1.0,0
frozen-10,1,78,780,328,307,329,4,True,11.0,4.9854888916015625,4.091787338256836,-1.1920929132713809e-08,1.0,0
frozen-10,1,79,790,329,307,348,3,True,17.0,6.279410362243652,5.806746959686279,4.7683716530855236e-08,0.9999999403953552,0
frozen-10,1,80,800,319,307,319,4,True,22.0,12.12855052947998,6.188314437866211,-1.1920929132713809e-08,0.9999999403953552,0
frozen-10,1,81,810,320,307,320,4,True,22.0,10.207164764404297,6.095759868621826,-3.5762788286319847e-08,1.0,0
frozen-10,1,82,820,322,307,322,4,True,23.0,13.547572135925293,5.702566623687744,2.0265579792067e-07,1.0,0
frozen-10,1,83,830,326,307,326,4,True,16.0,9.168739318847656,3.1615591049194336,1.0728835775353218e-07,1.0,0
frozen-10,1,84,840,323,307,326,4,True,22.0,8.730735778808594,7.84529972076416,-2.3841858265427618e-08,1.0,0
frozen-10,1,85,850,334,307,334,4,True,20.0,11.139705657958984,4.986570835113525,-4.7683716530855236e-08,1.0,0
frozen-10,1,86,860,328,307,328,4,True,12.0,5.919868469238281,3.279134511947632,1.1324882365215672e-07,0.9999999403953552,0
frozen-10,1,87,870,320,307,320,4,True,14.0,7.445002555847168,3.045305013656616,-7.152557657263969e-08,0.9999999403953552,0
frozen-10,1,88,880,327,307,327,4,True,13.0,6.986108303070068,3.722304582595825,-1.9073486612342094e-07,1.0,0
frozen-10,1,89,890,324,307,326,4,True,6.0,2.059401035308838,2.077444076538086,2.3841858265427618e-08,0.9999998807907104,0
frozen-10,1,90,900,318,307,318,4,True,21.0,11.039008140563965,4.878087997436523,1.1920929132713809e-08,1.0,0
frozen-10,1,91,910,329,307,330,4,True,14.0,6.701272487640381,3.9032866954803467,-5.9604645663569045e-09,1.0,0
frozen-10,1,92,920,320,307,320,4,True,19.0,10.6638822555542,5.129349708557129,-4.7683716530855236e-08,1.0,0
frozen-10,1,93,930,324,307,324,4,True,17.0,8.749763488769531,5.206084251403809,3.5762788286319847e-08,1.0,0
frozen-10,1,94,940,336,307,337,4,True,13.0,6.223250865936279,3.750523567199707,5.960464477539063e-08,1.0,0
frozen-10,1,95,950,321,307,321,4,True,14.0,7.747170925140381,3.6882877349853516,1.4305115314527939e-07,1.0,0
frozen-10,1,96,960,317,307,317,4,True,21.0,8.79052734375,6.627132415771484,-1.1920928955078125e-07,1.0,0
frozen-10,1,97,970,318,307,318,4,True,16.0,7.263723850250244,3.82757306098938,4.7683716530855236e-08,1.0,0
frozen-10,1,98,980,316,307,317,4,True,13.0,5.7667388916015625,4.518038749694824,3.5762788286319847e-08,1.0,0
frozen-10,1,99,990,326,307,326,4,True,20.0,9.755742073059082,6.8848676681518555,4.7683716530855236e-08,1.0,0
frozen-10,1,100,1000,318,307,342,3,True,15.0,5.8568243980407715,4.6678619384765625,5.9604645663569045e-09,1.0,0
frozen-10,2,1,10,323,323,324,4,True,12.0,4.888701915740967,3.959620237350464,5.960464477539063e-08,0.9999999403953552,0
frozen-10,2,2,20,310,310,310,4,True,26.0,14.438603401184082,6.643412113189697,-2.3841858265427618e-08,1.0,0
frozen-10,2,3,30,332,310,332,4,True,19.0,10.739978790283203,4.421880722045898,1.1920929132713809e-08,1.0,0
frozen-10,2,4,40,322,310,324,4,True,14.0,7.488619804382324,4.636562824249268,1.1920929132713809e-08,1.0,0
frozen-10,2,5,50,320,310,320,4,True,15.0,7.349953651428223,3.244114875793457,-1.1920928955078125e-07,1.0,0
frozen-10,2,6,60,322,310,322,4,True,18.0,9.395716667175293,4.278375148773193,-2.3841858265427618e-08,0.9999998807907104,0
frozen-10,2,7,70,327,310,328,4,True,19.0,8.474052429199219,5.589279651641846,-3.5762788286319847e-08,1.0,0
frozen-10,2,8,80,317,310,317,4,True,17.0,9.020469665527344,4.6346893310546875,1.1920929132713809e-08,1.0,0
frozen-10,2,9,90,313,310,313,4,True,23.0,11.736705780029297,5.836599349975586,-2.3841858265427618e-08,1.0,0
frozen-10,2,10,100,321,310,321,4,True,16.0,7.680128574371338,4.5076375007629395,-1.668930025289228e-07,1.0,0
frozen-10,2,11,110,318,310,318,4,True,17.0,8.147439956665039,4.208795070648193,-2.2649764730431343e-07,0.9999998807907104,0
frozen-10,2,12,120,315,310,316,4,True,23.0,10.056013107299805,7.340819358825684,-2.3841858265427618e-08,1.0,0
frozen-10,2,13,130,319,310,323,4,True,15.0,5.578840732574463,4.729272842407227,4.7683716530855236e-08,1.0,0
frozen-10,2,14,140,327,310,327,4,True,13.0,6.9804205894470215,3.481903076171875,4.7683716530855236e-08,1.0,0
frozen-10,2,15,150,317,310,317,4,True,24.0,13.368136405944824,5.970376491546631,1.5497207073167374e-07,1.0,0
frozen-10,2,16,160,323,310,323,4,True,16.0,7.038356781005859,5.536131381988525,-4.7683716530855236e-08,0.9999999403953552,0
frozen-10,2,17,170,328,310,328,4,True,14.0,4.702610969543457,4.389462471008301,-1.668930025289228e-07,1.0,0
frozen-10,2,18,180,324,310,327,4,True,14.0,5.569991111755371,4.339815616607666,-5.960464477539063e-08,0.9999999403953552,0
frozen-10,2,19,190,326,310,363,3,True,15.0,7.015212059020996,4.723538875579834,7.152557657263969e-08,1.0,0
frozen-10,2,20,200,318,310,319,4,True,10.0,3.2340095043182373,3.0961198806762695,-2.3841858265427618e-08,1.0000001192092896,0
frozen-10,2,21,210,311,310,311,4,True,27.0,13.146224975585938,8.27998161315918,1.1920929132713809e-08,1.0,0
frozen-10,2,22,220,322,310,322,4,True,17.0,8.5165376663208,3.762174606323242,-2.6226044269606064e-07,1.0,0
frozen-10,2,23,230,317,310,317,4,True,23.0,10.805431365966797,6.7470383644104,-3.5762788286319847e-08,1.0,0
frozen-10,2,24,240,313,310,315,4,True,8.0,2.356394052505493,2.68597412109375,-3.5762788286319847e-08,1.0,0
frozen-10,2,25,250,320,310,321,4,True,20.0,8.585714340209961,6.093349456787109,-1.1920929132713809e-08,1.0,0
frozen-10,2,26,260,320,310,320,4,True,16.0,8.141509056091309,3.9230024814605713,2.3841858265427618e-08,1.0,0
frozen-10,2,27,270,325,310,325,4,True,19.0,9.592795372009277,4.4991374015808105,5.960464477539063e-08,1.0000001192092896,0
frozen-10,2,28,280,324,310,324,4,True,17.0,8.427068710327148,3.9912056922912598,-1.7881393432617188e-07,1.0,0
frozen-10,2,29,290,320,310,320,4,True,17.0,11.194978713989258,3.856379747390747,-3.099441414633475e-07,1.0,0
frozen-10,2,30,300,337,310,337,4,True,14.0,7.450766563415527,3.286093235015869,-4.7683716530855236e-08,1.0,0
frozen-10,2,31,310,332,310,335,4,True,11.0,2.853808641433716,3.7088420391082764,-7.152557657263969e-08,0.9999998807907104,0
frozen-10,2,32,320,314,310,314,4,True,23.0,13.84160327911377,5.903554916381836,-5.960464477539063e-08,0.9999999403953552,0
frozen-10,2,33,330,326,310,326,4,True,23.0,11.35630989074707,5.9733381271362305,-5.960464477539063e-08,1.0,0
frozen-10,2,34,340,320,310,321,4,True,14.0,5.963038921356201,4.7246527671813965,1.668930025289228e-07,1.0000001192092896,0
frozen-10,2,35,350,320,310,323,4,True,19.0,9.722856521606445,5.808869361877441,-4.7683716530855236e-08,1.0000001192092896,0
frozen-10,2,36,360,321,310,321,4,True,20.0,11.038765907287598,4.815536975860596,-1.4305115314527939e-07,1.0,0
frozen-10,2,37,370,329,310,332,4,True,11.0,3.826702117919922,3.668508291244507,1.1920929132713809e-08,0.9999999403953552,0
frozen-10,2,38,380,318,310,320,4,True,12.0,3.917402744293213,3.6595680713653564,-2.3841858265427618e-08,1.0000001192092896,0
frozen-10,2,39,390,323,310,325,4,True,20.0,7.369256496429443,7.1672163009643555,-9.536743306171047e-08,1.0,0
frozen-10,2,40,400,324,310,325,4,True,13.0,6.672449588775635,2.893930673599243,-1.0728835775353218e-07,0.9999999403953552,0
frozen-10,2,41,410,322,310,328,4,True,14.0,4.422049522399902,4.62428092956543,2.3841858265427618e-08,1.0000001192092896,0
frozen-10,2,42,420,318,310,318,4,True,23.0,11.185826301574707,6.6611809730529785,4.7683716530855236e-08,1.0,0
frozen-10,2,43,430,321,310,321,4,True,14.0,5.400043487548828,5.211277961730957,4.7683716530855236e-08,1.0,0
frozen-10,2,44,440,316,310,323,4,True,17.0,6.461021423339844,5.454448699951172,-8.34465012644614e-08,1.0,0
frozen-10,2,45,450,321,310,321,4,True,16.0,7.0229082107543945,4.941465854644775,4.7683716530855236e-08,1.0,0
frozen-10,2,46,460,313,310,314,4,True,15.0,6.922715663909912,4.943495750427246,-7.152557657263969e-08,1.0,0
frozen-10,2,47,470,313,310,313,4,True,15.0,7.450883388519287,3.4068353176116943,0.0,0.9999999403953552,0
frozen-10,2,48,480,324,310,325,4,True,20.0,7.834346771240234,6.654055118560791,5.960464477539063e-08,1.0,0
frozen-10,2,49,490,321,310,321,4,True,17.0,7.4968109130859375,4.794902801513672,-3.5762788286319847e-08,1.0,0
frozen-10,2,50,500,317,310,319,4,True,13.0,5.562015533447266,4.184752464294434,2.3841858265427618e-08,1.0,0
frozen-10,2,51,510,317,310,317,4,True,18.0,9.868358612060547,4.028872489929199,-3.5762788286319847e-08,1.0,0
frozen-10,2,52,520,309,309,313,4,True,22.0,9.099834442138672,7.368077278137207,-1.0728835775353218e-07,1.0,0
frozen-10,2,53,530,322,309,326,4,True,12.0,4.521505832672119,4.4828996658325195,4.7683716530855236e-08,1.0,0
frozen-10,2,54,540,318,309,321,4,True,12.0,3.6405696868896484,3.9239211082458496,7.152557657263969e-08,1.0,0
frozen-10,2,55,550,331,309,331,4,True,19.0,11.502769470214844,4.405815124511719,-3.5762788286319847e-08,0.9999999403953552,0
frozen-10,2,56,560,312,309,315,4,True,16.0,7.015681266784668,4.97334098815918,8.34465012644614e-08,0.9999999403953552,0
frozen-10,2,57,570,313,309,313,4,True,16.0,8.351948738098145,4.633505821228027,-7.152557657263969e-08,1.0,0
frozen-10,2,58,580,327,309,327,4,True,16.0,7.470954895019531,3.9661061763763428,2.3841858265427618e-08,1.0,0
frozen-10,2,59,590,323,309,324,4,True,14.0,5.016659736633301,5.148824691772461,9.536743306171047e-08,0.9999999403953552,0
frozen-10,2,60,600,322,309,323,4,True,12.0,3.917393207550049,3.659576416015625,2.3841858265427618e-08,1.0,0
frozen-10,2,61,610,320,309,321,4,True,16.0,6.835487365722656,5.106023788452148,-8.34465012644614e-08,0.9999998807907104,0
frozen-10,2,62,620,313,309,313,4,True,11.0,4.934033393859863,2.4458136558532715,-1.1920928955078125e-07,0.9999999403953552,0
frozen-10,2,63,630,319,309,319,4,True,11.0,4.45271635055542,2.650851011276245,1.7881394143159923e-08,1.0,0
frozen-10,2,64,640,324,309,329,4,True,18.0,5.640523433685303,7.0063323974609375,-1.1920929132713809e-08,1.0,0
frozen-10,2,65,650,328,309,328,4,True,19.0,9.514854431152344,5.102515697479248,-2.3841858265427618e-08,1.0,0
frozen-10,2,66,660,318,309,318,4,True,15.0,7.160706520080566,3.3364293575286865,-5.960464477539063e-08,1.0,0
frozen-10,2,67,670,317,309,317,4,True,19.0,11.220325469970703,4.487194061279297,-2.3841858265427618e-08,1.0,0
frozen-10,2,68,680,316,309,316,4,True,21.0,9.937535285949707,6.483660697937012,4.7683716530855236e-08,1.0,0
frozen-10,2,69,690,321,309,321,4,True,18.0,8.63100528717041,4.4474101066589355,-8.34465012644614e-08,1.0,0
frozen-10,2,70,700,317,309,317,4,True,20.0,8.767391204833984,5.83544921875,1.1920929132713809e-08,1.0,0
frozen-10,2,71,710,307,307,307,4,True,22.0,10.207164764404297,6.095759868621826,-3.5762788286319847e-08,1.0,0
frozen-10,2,72,720,329,307,330,4,True,19.0,9.356006622314453,6.249177932739258,-8.34465012644614e-08,0.9999998807907104,0
frozen-10,2,73,730,317,307,321,4,True,19.0,8.868240356445312,6.052753448486328,2.9802322387695312e-08,1.0,0
frozen-10,2,74,740,326,307,326,4,True,19.0,9.019319534301758,4.681936740875244,-2.3841858265427618e-08,1.0,0
frozen-10,2,75,750,318,307,321,4,True,18.0,8.273092269897461,5.221931457519531,-2.3841858265427618e-08,1.0000001192092896,0
frozen-10,2,76,760,320,307,329,4,True,15.0,4.8312296867370605,5.340909957885742,3.5762788286319847e-08,1.0000001192092896,0
frozen-10,2,77,770,325,307,325,4,True,20.0,11.718984603881836,5.217825412750244,-1.0728835775353218e-07,0.9999999403953552,0
frozen-10,2,78,780,313,307,313,4,True,24.0,11.390629768371582,7.113086700439453,-3.5762788286319847e-08,1.0,0
frozen-10,2,79,790,314,307,317,4,True,22.0,9.838067054748535,6.487914085388184,-9.536743306171047e-08,1.0,0
frozen-10,2,80,800,323,307,327,4,True,16.0,6.258187294006348,5.011672019958496,5.960464477539063e-08,1.0,0
frozen-10,2,81,810,306,306,306,4,True,30.0,16.0147647857666,8.197181701660156,-2.5033949668795685e-07,1.0,0
frozen-10,2,82,820,326,306,326,4,True,19.0,9.721413612365723,5.671445369720459,-2.3841858265427618e-08,1.0,0
frozen-10,2,83,830,318,306,318,4,True,20.0,10.19420051574707,5.417685508728027,-1.1920929132713809e-08,1.0,0
frozen-10,2,84,840,319,306,323,4,True,20.0,8.39640998840332,6.201082706451416,1.0728835775353218e-07,1.0,0
frozen-10,2,85,850,319,306,320,4,True,16.0,6.447596549987793,5.029041290283203,5.960464477539063e-08,1.0,0
frozen-10,2,86,860,325,306,326,4,True,14.0,4.532460689544678,5.044405460357666,-4.7683716530855236e-08,1.0,0
frozen-10,2,87,870,323,306,324,4,True,16.0,6.852874755859375,5.752170085906982,1.1920928955078125e-07,0.9999998807907104,0
frozen-10,2,88,880,319,306,319,4,True,15.0,6.785940647125244,3.586333990097046,-3.5762788286319847e-08,0.9999999403953552,0
frozen-10,2,89,890,309,306,309,4,True,23.0,11.844120979309082,6.249260902404785,-7.152557657263969e-08,1.0,0
frozen-10,2,90,900,321,306,326,4,True,16.0,5.407878398895264,5.449282646179199,-1.1920929132713809e-08,1.0,0
frozen-10,2,91,910,319,306,319,4,True,14.0,7.842499732971191,3.502763271331787,-2.0265579792067e-07,0.9999999403953552,0
frozen-10,2,92,920,324,306,324,4,True,19.0,8.638923645019531,4.948267459869385,-3.5762788286319847e-08,0.9999999403953552,0
frozen-10,2,93,930,321,306,321,4,True,20.0,8.97558307647705,6.33096981048584,-7.152557657263969e-08,1.0,0
frozen-10,2,94,940,322,306,323,4,True,15.0,4.917778968811035,5.067111968994141,5.960464477539063e-08,1.0,0
frozen-10,2,95,950,322,306,323,4,True,13.0,3.940537691116333,4.433952808380127,-1.1920929132713809e-08,1.0000001192092896,0
frozen-10,2,96,960,323,306,323,4,True,17.0,7.5853753089904785,4.627664566040039,-2.3841858265427618e-08,1.0,0
frozen-10,2,97,970,321,306,323,4,True,19.0,8.29622745513916,5.978800296783447,-1.0728835775353218e-07,0.9999999403953552,0
frozen-10,2,98,980,313,306,313,4,True,22.0,11.713570594787598,5.153920650482178,-3.5762788286319847e-08,1.0,0
frozen-10,2,99,990,328,306,328,4,True,14.0,6.2474045753479,4.562300682067871,0.0,1.0,0
frozen-10,2,100,1000,314,306,314,4,True,22.0,10.214658737182617,6.213456630706787,-1.1920929132713809e-08,1.0,0
trained-30,0,1,30,305,305,307,4,True,44.0,16.412029266357422,10.256754875183105,-2.3841858265427618e-08,0.9999999403953552,0
trained-30,0,2,60,301,301,305,4,True,29.0,10.30688762664795,7.376589775085449,-2.5431316430513107e-07,1.0,0
trained-30,0,3,90,298,298,301,4,True,40.0,17.662328720092773,8.889827728271484,1.2318292874624603e-07,1.0,0
trained-30,0,4,120,297,297,299,4,True,45.0,18.20996856689453,12.702547073364258,1.4305115314527939e-07,1.0,1
trained-30,0,5,150,300,297,300,4,True,45.0,19.353755950927734,10.166841506958008,2.3047128649977822e-07,1.0,1
trained-30,0,6,180,305,297,307,4,True,43.0,14.91149616241455,12.233887672424316,-1.1523564324988911e-07,1.0,1
trained-30,0,7,210,303,297,310,4,True,40.0,13.083194732666016,10.01668930053711,-3.1789145538141383e-08,1.0,1
trained-30,0,8,240,293,293,295,4,True,49.0,20.2490177154541,11.898479461669922,-1.8278757352163666e-07,1.0,3
trained-30,0,9,270,305,293,307,4,True,44.0,16.807384490966797,12.22562313079834,5.563100202721216e-08,0.9999999403953552,0
trained-30,0,10,300,291,291,293,4,True,39.0,15.21402645111084,10.749436378479004,1.0728835775353218e-07,0.9999999403953552,2
trained-30,0,11,330,300,291,300,4,True,36.0,12.473529815673828,11.090131759643555,-6.357829107628277e-08,1.0,2
trained-30,0,12,360,295,291,295,4,True,58.0,27.510141372680664,13.187705039978027,0.0,1.0,3
trained-30,0,13,390,302,291,305,4,True,45.0,20.574357986450195,11.532079696655273,0.0,1.0,0
trained-30,0,14,420,294,291,295,4,True,43.0,17.951709747314453,10.915331840515137,-2.3841858265427618e-08,1.0,2
trained-30,0,15,450,294,291,294,4,True,38.0,15.712285995483398,8.88955307006836,-4.7683716530855236e-08,1.0,2
trained-30,0,16,480,300,291,300,4,True,37.0,17.39119529724121,7.262014389038086,-1.5894572769070692e-08,1.0,4
trained-30,0,17,510,297,291,301,4,True,50.0,18.906402587890625,13.166444778442383,-1.3907749973895989e-07,1.0,1
trained-30,0,18,540,294,291,299,4,True,44.0,14.51792049407959,11.552245140075684,6.159146437312302e-08,0.9999999403953552,3
trained-30,0,19,570,297,291,299,4,True,45.0,18.223840713500977,11.353106498718262,-9.139378676081833e-08,0.9999999403953552,3
trained-30,0,20,600,295,291,295,4,True,41.0,16.542041778564453,8.651700019836426,-2.5431316430513107e-07,0.9999998807907104,1
trained-30,0,21,630,292,291,292,4,True,39.0,12.539941787719727,10.42863941192627,5.960464477539063e-08,1.0,2
trained-30,0,22,660,295,291,297,4,True,44.0,16.977861404418945,10.646937370300293,1.033147185580674e-07,1.0000001192092896,4
trained-30,0,23,690,305,291,306,4,True,41.0,18.7115535736084,10.03134536743164,-2.1060307631159958e-07,0.9999998807907104,2
trained-30,0,24,720,295,291,295,4,True,52.0,20.61635398864746,14.063765525817871,-1.2318292874624603e-07,0.9999999403953552,6
trained-30,0,25,750,298,291,301,4,True,32.0,10.78341293334961,9.65380573272705,-7.947286206899662e-08,1.0,6
trained-30,0,26,780,307,291,308,4,True,34.0,12.151775360107422,8.245119094848633,-7.152557657263969e-08,1.0,2
trained-30,0,27,810,294,291,294,4,True,44.0,17.02911949157715,11.415384292602539,-2.3841858265427618e-08,1.0,2
trained-30,0,28,840,293,291,300,4,True,46.0,16.326162338256836,12.873432159423828,1.9073486612342094e-07,1.0,2
trained-30,0,29,870,300,291,302,4,True,48.0,18.75486183166504,11.817789077758789,1.748402951307071e-07,0.9999999403953552,4
trained-30,0,30,900,293,291,293,4,True,43.0,18.945680618286133,10.812070846557617,2.5033949668795685e-07,0.9999999403953552,1
trained-30,0,31,930,297,291,299,4,True,50.0,18.797061920166016,13.82504940032959,-5.563100202721216e-08,0.9999999403953552,2
trained-30,0,32,960,299,291,307,4,True,40.0,20.507080078125,9.837831497192383,8.742014756535355e-08,0.9999999403953552,3
trained-30,0,33,990,310,291,317,4,True,31.0,12.622166633605957,7.665185451507568,1.6291936333345802e-07,1.0,5
trained-30,0,34,1020,296,291,301,4,True,40.0,17.97901153564453,11.935067176818848,-3.5762788286319847e-08,1.0,6
trained-30,0,35,1050,301,291,302,4,True,44.0,19.11932945251465,9.75043773651123,1.748402951307071e-07,1.0000001192092896,2
trained-30,0,36,1080,290,290,293,4,True,61.0,26.636838912963867,14.886733055114746,-1.5894572769070692e-08,0.9999999403953552,4
trained-30,0,37,1110,289,289,292,4,True,47.0,20.071693420410156,13.024462699890137,1.1523564324988911e-07,1.0,4
trained-30,0,38,1140,299,289,299,4,True,48.0,22.347925186157227,12.658462524414062,-5.960464477539063e-08,0.9999999403953552,2
trained-30,0,39,1170,308,289,308,4,True,37.0,15.542268753051758,8.810977935791016,-1.4702479234074417e-07,1.0,2
trained-30,0,40,1200,305,289,309,4,True,50.0,22.88462257385254,12.45249080657959,-9.139378676081833e-08,1.0,2
trained-30,0,41,1230,303,289,312,4,True,37.0,14.000259399414062,8.407320022583008,1.3113022134803032e-07,1.0,2
trained-30,0,42,1260,297,289,303,4,True,39.0,14.66659164428711,10.440657615661621,2.781550101360608e-08,1.0,2
trained-30,0,43,1290,306,289,309,4,True,45.0,17.102699279785156,12.814507484436035,7.152557657263969e-08,0.9999999403953552,2
trained-30,0,44,1320,286,286,286,4,True,51.0,24.31122398376465,11.74726390838623,5.960464477539063e-08,1.0,3
trained-30,0,45,1350,300,286,305,4,True,31.0,8.57121467590332,10.294939041137695,1.9868215961338365e-09,1.0,3
trained-30,0,46,1380,295,286,296,4,True,55.0,21.080278396606445,14.158333778381348,1.1920929132713809e-08,0.9999998807907104,4
trained-30,0,47,1410,298,286,298,4,True,48.0,19.513084411621094,12.621833801269531,-1.5894572769070692e-08,1.0,0
trained-30,0,48,1440,296,286,296,4,True,36.0,17.054298400878906,8.73706340789795,-1.0728835775353218e-07,1.0000001192092896,1
trained-30,0,49,1470,301,286,301,4,True,44.0,18.58295249938965,9.212252616882324,2.423922182970273e-07,0.9999999403953552,5
trained-30,0,50,1500,311,286,318,4,True,30.0,9.303182601928711,8.194360733032227,7.549921576810448e-08,1.0000001192092896,0
trained-30,0,51,1530,302,286,303,4,True,41.0,14.52245044708252,11.133732795715332,1.0728835775353218e-07,1.0,4
trained-30,0,52,1560,301,286,301,4,True,38.0,17.792306900024414,8.703601837158203,8.34465012644614e-08,1.0,4
trained-30,0,53,1590,307,286,309,4,True,39.0,16.74639892578125,10.637619972229004,-3.5762788286319847e-08,1.0,3
trained-30,0,54,1620,293,286,293,4,True,54.0,21.222444534301758,12.991545677185059,2.2649764730431343e-07,0.9999998807907104,2
trained-30,0,55,1650,295,286,300,4,True,39.0,13.756853103637695,11.574795722961426,-7.947286384535346e-09,0.9999999403953552,2
trained-30,0,56,1680,288,286,291,4,True,52.0,20.759138107299805,13.4468994140625,-1.3113022134803032e-07,0.9999999403953552,3
trained-30,0,57,1710,307,286,308,4,True,44.0,16.97845458984375,11.736437797546387,-7.947286206899662e-08,1.0,2
trained-30,0,58,1740,309,286,311,4,True,31.0,12.392412185668945,7.724219799041748,3.5762788286319847e-08,1.0,3
trained-30,0,59,1770,290,286,290,4,True,43.0,19.83724594116211,10.335572242736816,3.5762788286319847e-08,1.0,7
trained-30,0,60,1800,301,286,301,4,True,42.0,17.92306900024414,7.997738838195801,3.099441414633475e-07,1.0,2
trained-30,0,61,1830,295,286,295,4,True,52.0,22.8956298828125,12.271811485290527,3.2583872666691605e-07,1.0,2
trained-30,0,62,1860,295,286,295,4,True,45.0,18.878978729248047,8.808606147766113,3.178914482759865e-07,1.0,1
trained-30,0,63,1890,303,286,306,4,True,37.0,8.796879768371582,11.24007797241211,4.17232506322307e-08,1.0,3
trained-30,0,64,1920,304,286,311,4,True,38.0,10.588753700256348,10.84103775024414,-7.947286384535346e-09,0.9999999403953552,3
trained-30,0,65,1950,301,286,301,4,True,37.0,17.03460121154785,7.860438823699951,5.563100202721216e-08,0.9999999403953552,3
trained-30,0,66,1980,304,286,304,4,True,39.0,17.191938400268555,9.940415382385254,2.3444493990609772e-07,1.0,2
trained-30,0,67,2010,290,286,296,4,True,50.0,20.311893463134766,12.218121528625488,-9.934107225717526e-08,0.9999999403953552,1
trained-30,0,68,2040,300,286,302,4,True,37.0,14.517718315124512,9.389960289001465,5.563100202721216e-08,0.9999999403953552,3
trained-30,0,69,2070,296,286,319,3,True,36.0,14.36138916015625,9.86140251159668,7.947286384535346e-09,1.0,2
trained-30,0,70,2100,301,286,301,4,True,39.0,16.823949813842773,8.638203620910645,-2.5033949668795685e-07,1.0,2
trained-30,0,71,2130,297,286,297,4,True,54.0,24.36590576171875,13.189738273620605,3.377596442533104e-07,1.0,2
trained-30,0,72,2160,314,286,316,4,True,53.0,21.838294982910156,13.642950057983398,-8.742014756535355e-08,0.9999999403953552,1
trained-30,0,73,2190,307,286,307,4,True,62.0,26.03120994567871,15.220519065856934,-9.139378676081833e-08,1.0,6
trained-30,0,74,2220,295,286,295,4,True,45.0,20.80708122253418,10.456915855407715,2.5431316430513107e-07,1.0,2
trained-30,0,75,2250,294,286,297,4,True,40.0,12.587295532226562,11.036911010742188,3.973643103449831e-08,1.0,4
trained-30,0,76,2280,295,286,300,4,True,43.0,15.716559410095215,11.078211784362793,1.5894572769070692e-08,1.0,4
trained-30,0,77,2310,299,286,304,4,True,45.0,20.62161636352539,10.356679916381836,8.34465012644614e-08,1.0,3
trained-30,0,78,2340,294,286,301,4,True,49.0,24.049589157104492,11.488282203674316,-8.742014756535355e-08,0.9999999403953552,5
trained-30,0,79,2370,299,286,300,4,True,46.0,16.423912048339844,12.318439483642578,-3.5762788286319847e-08,0.9999999403953552,2
trained-30,0,80,2400,292,286,292,4,True,55.0,24.600589752197266,12.850438117980957,2.7815499947791977e-07,1.0,2
trained-30,0,81,2430,286,286,292,4,True,40.0,16.453044891357422,11.026727676391602,7.947286384535346e-09,0.9999999403953552,2
trained-30,0,82,2460,302,286,302,4,True,48.0,17.46765899658203,13.069915771484375,1.1920928955078125e-07,0.9999999403953552,2
trained-30,0,83,2490,296,286,296,4,True,48.0,20.089101791381836,11.422038078308105,2.2649764730431343e-07,1.0,3
trained-30,0,84,2520,311,286,313,4,True,27.0,10.646367073059082,4.510785102844238,1.3907749973895989e-07,0.9999999403953552,5
trained-30,0,85,2550,296,286,296,4,True,38.0,18.68314552307129,7.834779739379883,3.5762786865234375e-07,0.9999999403953552,3
trained-30,0,86,2580,301,286,304,4,True,43.0,19.994768142700195,11.585695266723633,-1.1523564324988911e-07,0.9999999403953552,2
trained-30,0,87,2610,297,286,299,4,True,39.0,13.466965675354004,9.25259780883789,-1.1920928955078125e-07,0.9999999403953552,5
trained-30,0,88,2640,293,286,296,4,True,39.0,15.77936840057373,9.868638038635254,7.152557657263969e-08,1.0,4
trained-30,0,89,2670,309,286,309,4,True,36.0,14.847123146057129,8.401740074157715,1.748402951307071e-07,1.0,2
trained-30,0,90,2700,299,286,299,4,True,48.0,19.42393684387207,10.726442337036133,1.033147185580674e-07,1.0000001192092896,5
trained-30,0,91,2730,312,286,312,4,True,40.0,18.286052703857422,8.766501426696777,-1.9073486612342094e-07,1.0,1
trained-30,0,92,2760,300,286,301,4,True,38.0,14.660350799560547,8.949731826782227,1.9868215517249155e-08,0.9999999403953552,4
trained-30,0,93,2790,302,286,302,4,True,43.0,16.42007827758789,10.59056568145752,1.748402951307071e-07,1.0000001192092896,4
trained-30,0,94,2820,299,286,303,4,True,30.0,10.03572940826416,8.255274772644043,-7.947286206899662e-08,1.0,5
trained-30,0,95,2850,308,286,309,4,True,38.0,15.360260009765625,9.644267082214355,6.755193027174755e-08,1.0,4
trained-30,0,96,2880,292,286,295,4,True,39.0,15.06104564666748,12.266802787780762,-2.781550101360608e-08,1.0,5
trained-30,0,97,2910,298,286,298,4,True,46.0,22.971837997436523,10.187891006469727,2.5431316430513107e-07,1.0,3
trained-30,0,98,2940,289,286,290,4,True,45.0,19.319795608520508,11.898741722106934,-6.755193027174755e-08,1.0,4
trained-30,0,99,2970,312,286,315,4,True,24.0,6.123625755310059,7.0392608642578125,-2.781550101360608e-08,0.9999999403953552,2
trained-30,0,100,3000,289,286,291,4,True,49.0,16.482168197631836,14.335582733154297,-7.947286206899662e-08,1.0,2
trained-30,1,1,30,315,315,315,4,True,34.0,16.256441116333008,6.727198600769043,-7.947286384535346e-09,1.0,0
trained-30,1,2,60,297,297,300,4,True,35.0,13.074535369873047,8.832114219665527,-9.934107225717526e-08,1.0,0
trained-30,1,3,90,311,297,312,4,True,22.0,5.315104961395264,5.687347888946533,1.1920929132713809e-08,0.9999999403953552,0
trained-30,1,4,120,329,297,329,4,True,18.0,8.553389549255371,2.7751352787017822,0.0,1.0,0
trained-30,1,5,150,303,297,303,4,True,46.0,22.79163932800293,9.751185417175293,1.5099843153620895e-07,1.0,1
trained-30,1,6,180,310,297,316,4,True,37.0,13.58670425415039,8.625309944152832,9.139378676081833e-08,0.9999999403953552,1
trained-30,1,7,210,303,297,304,4,True,50.0,19.729433059692383,12.746454238891602,-5.16573592790337e-08,0.9999998807907104,1
trained-30,1,8,240,316,297,317,4,True,39.0,14.947072982788086,10.388225555419922,-6.755193027174755e-08,1.0,1
trained-30,1,9,270,306,297,315,4,True,20.0,5.086627006530762,5.339775562286377,3.973643103449831e-08,1.0000001192092896,1
trained-30,1,10,300,309,297,309,4,True,35.0,15.21378231048584,8.052824020385742,2.3047128649977822e-07,0.9999999403953552,0
trained-30,1,11,330,315,297,315,4,True,27.0,9.865952491760254,5.2091827392578125,2.5828680350059585e-07,1.0000001192092896,1
trained-30,1,12,360,312,297,312,4,True,39.0,14.693418502807617,10.65169906616211,-6.357829107628277e-08,1.0,0
trained-30,1,13,390,310,297,310,4,True,40.0,18.070865631103516,9.690971374511719,1.5894572769070692e-08,0.9999999403953552,1
trained-30,1,14,420,308,297,331,3,True,39.0,11.22829532623291,11.327351570129395,2.3841858265427618e-08,0.9999999403953552,2
trained-30,1,15,450,315,297,315,4,True,33.0,16.083904266357422,7.334855079650879,2.3841858265427618e-08,0.9999999403953552,0
trained-30,1,16,480,305,297,305,4,True,39.0,17.13614273071289,9.582869529724121,-4.7683716530855236e-08,0.9999999403953552,1
trained-30,1,17,510,295,295,295,4,True,40.0,17.035165786743164,9.095730781555176,9.934107225717526e-08,1.0,0
trained-30,1,18,540,304,295,304,4,True,43.0,16.242380142211914,9.584944725036621,1.708666417243876e-07,0.9999999403953552,1
trained-30,1,19,570,319,295,321,4,True,35.0,13.609479904174805,9.655308723449707,8.742014756535355e-08,0.9999999403953552,0
trained-30,1,20,600,321,295,321,4,True,30.0,13.071722030639648,8.35999584197998,1.7881393432617188e-07,1.0,5
trained-30,1,21,630,307,295,312,4,True,39.0,14.020761489868164,10.796093940734863,2.781550101360608e-08,0.9999999403953552,0
trained-30,1,22,660,303,295,303,4,True,42.0,16.096494674682617,11.326679229736328,-6.755193027174755e-08,0.9999999403953552,2
trained-30,1,23,690,314,295,314,4,True,27.0,8.762456893920898,6.343740940093994,-6.755193027174755e-08,0.9999999403953552,1
trained-30,1,24,720,299,295,299,4,True,49.0,20.223588943481445,12.009419441223145,4.7683716530855236e-08,0.9999999403953552,0
trained-30,1,25,750,312,295,312,4,True,40.0,17.455142974853516,9.714776992797852,1.4702479234074417e-07,1.0,1
trained-30,1,26,780,311,295,312,4,True,34.0,12.37137222290039,8.830303192138672,-9.139378676081833e-08,1.0000001192092896,0
trained-30,1,27,810,307,295,309,4,True,41.0,14.749228477478027,10.589213371276855,-3.973643192267673e-09,1.0,1
trained-30,1,28,840,307,295,310,4,True,36.0,11.740235328674316,10.580269813537598,5.960464477539063e-08,0.9999999403953552,1
trained-30,1,29,870,318,295,323,4,True,38.0,14.330385208129883,9.986409187316895,7.947286206899662e-08,0.9999999403953552,1
trained-30,1,30,900,309,295,309,4,True,32.0,15.676563262939453,6.008077144622803,1.986821445143505e-07,1.0,0
trained-30,1,31,930,307,295,307,4,True,50.0,25.920602798461914,11.198015213012695,3.2583872666691605e-07,1.0,1
trained-30,1,32,960,303,295,303,4,True,51.0,25.29611587524414,12.89426040649414,2.1457671550706436e-07,1.0,1
trained-30,1,33,990,307,295,307,4,True,35.0,14.16542911529541,8.128413200378418,4.7683716530855236e-08,0.9999999403953552,1
trained-30,1,34,1020,308,295,311,4,True,31.0,10.612857818603516,8.502366065979004,-1.9868215517249155e-08,1.0,0
trained-30,1,35,1050,303,295,307,4,True,33.0,13.868971824645996,8.241193771362305,7.549921576810448e-08,1.0,0
trained-30,1,36,1080,300,295,300,4,True,42.0,19.013702392578125,11.022016525268555,2.2649764730431343e-07,1.0,3
trained-30,1,37,1110,305,295,308,4,True,35.0,12.877103805541992,8.839127540588379,-1.4305115314527939e-07,1.0,0
trained-30,1,38,1140,307,295,329,3,True,51.0,19.379308700561523,14.306337356567383,1.5894572769070692e-08,1.0,0
trained-30,1,39,1170,302,295,309,4,True,37.0,16.22317123413086,9.46282958984375,-6.755193027174755e-08,1.0000001192092896,3
trained-30,1,40,1200,323,295,323,4,True,24.0,8.09393310546875,6.429376125335693,6.357829107628277e-08,1.0,0
trained-30,1,41,1230,307,295,313,4,True,38.0,15.161080360412598,9.6414794921875,-1.1523564324988911e-07,0.9999999403953552,1
trained-30,1,42,1260,316,295,319,4,True,32.0,14.621825218200684,7.947442054748535,-2.781550101360608e-08,0.9999999403953552,0
trained-30,1,43,1290,306,295,306,4,True,35.0,16.473018646240234,7.067793369293213,1.9868215517249155e-08,1.0,2
trained-30,1,44,1320,315,295,317,4,True,34.0,14.270660400390625,9.04581069946289,3.973643103449831e-08,0.9999999403953552,0
trained-30,1,45,1350,309,295,309,4,True,33.0,12.440990447998047,6.593068599700928,4.371007378267677e-08,0.9999999403953552,0
trained-30,1,46,1380,297,295,301,4,True,41.0,15.314152717590332,10.257444381713867,1.4305115314527939e-07,1.0,0
trained-30,1,47,1410,303,295,309,4,True,24.0,9.788881301879883,6.819443702697754,-1.9868215517249155e-08,1.0,0
trained-30,1,48,1440,308,295,310,4,True,35.0,12.143033027648926,9.479086875915527,7.152557657263969e-08,1.0000001192092896,0
trained-30,1,49,1470,329,295,335,4,True,32.0,11.371946334838867,7.4729204177856445,3.1789145538141383e-08,1.0,0
trained-30,1,50,1500,305,295,305,4,True,35.0,16.06149673461914,6.762613296508789,-1.5099843153620895e-07,1.0,0
trained-30,1,51,1530,303,295,305,4,True,41.0,16.03448486328125,12.883255004882812,-7.947286384535346e-09,0.9999999403953552,1
trained-30,1,52,1560,310,295,310,4,True,35.0,15.45529842376709,7.839095592498779,-5.563100202721216e-08,1.0,1
trained-30,1,53,1590,290,290,291,4,True,41.0,17.791568756103516,10.972959518432617,8.34465012644614e-08,1.0,1
trained-30,1,54,1620,304,290,305,4,True,36.0,17.12386131286621,8.853416442871094,-1.668930025289228e-07,1.0,1
trained-30,1,55,1650,307,290,310,4,True,33.0,11.49691104888916,7.979552745819092,-1.9868215517249155e-08,0.9999999403953552,0
trained-30,1,56,1680,303,290,303,4,True,41.0,13.630110740661621,11.00154972076416,9.536743306171047e-08,1.0,0
trained-30,1,57,1710,304,290,304,4,True,33.0,12.520089149475098,8.784622192382812,-1.1920928955078125e-07,1.0,0
trained-30,1,58,1740,295,290,296,4,True,31.0,10.470328330993652,6.951200008392334,2.3841858265427618e-08,1.0,1
trained-30,1,59,1770,302,290,302,4,True,29.0,11.297585487365723,7.924690246582031,9.536743306171047e-08,0.9999999403953552,0
trained-30,1,60,1800,304,290,304,4,True,43.0,15.157705307006836,10.970780372619629,1.5894572769070692e-08,0.9999999403953552,2
trained-30,1,61,1830,311,290,313,4,True,26.0,10.442716598510742,6.260619163513184,-1.5099843153620895e-07,1.0,4
trained-30,1,62,1860,305,290,312,4,True,33.0,17.36481475830078,8.005279541015625,1.5894572769070692e-08,1.0,2
trained-30,1,63,1890,324,290,324,4,True,34.0,9.325206756591797,8.883731842041016,-6.357829107628277e-08,0.9999999403953552,2
trained-30,1,64,1920,293,290,293,4,True,40.0,13.74106216430664,10.991950035095215,6.357829107628277e-08,0.9999998211860657,1
trained-30,1,65,1950,307,290,310,4,True,40.0,16.539926528930664,10.365077018737793,3.973643103449831e-08,1.0,1
trained-30,1,66,1980,309,290,309,4,True,44.0,18.24561882019043,10.525589942932129,1.9073486612342094e-07,0.9999998807907104,1
trained-30,1,67,2010,296,290,296,4,True,50.0,23.775453567504883,12.790440559387207,1.5497207073167374e-07,0.9999999403953552,0
trained-30,1,68,2040,309,290,309,4,True,27.0,8.725973129272461,6.917306900024414,5.563100202721216e-08,1.0,1
trained-30,1,69,2070,301,290,303,4,True,36.0,13.769023895263672,10.148151397705078,-1.0728835775353218e-07,1.0000001192092896,0
trained-30,1,70,2100,311,290,312,4,True,41.0,15.7119722366333,9.377985954284668,-1.5894572769070692e-08,1.0,1
trained-30,1,71,2130,293,290,294,4,True,48.0,20.6285400390625,12.644837379455566,-2.3841858265427618e-08,0.9999999403953552,2
trained-30,1,72,2160,303,290,304,4,True,29.0,12.431828498840332,5.859904766082764,-2.3841858265427618e-08,0.9999999403953552,3
trained-30,1,73,2190,298,290,298,4,True,39.0,17.91550064086914,8.425731658935547,2.662340818915254e-07,0.9999999403953552,0
trained-30,1,74,2220,300,290,300,4,True,38.0,14.725451469421387,9.407591819763184,-1.5894572769070692e-08,1.0,0
trained-30,1,75,2250,311,290,311,4,True,24.0,9.420479774475098,6.342966079711914,2.3841858265427618e-08,1.0,0
trained-30,1,76,2280,298,290,299,4,True,34.0,13.940077781677246,9.300182342529297,-1.5099843153620895e-07,1.0,0
trained-30,1,77,2310,314,290,314,4,True,36.0,17.333194732666016,8.765422821044922,-1.5894572769070692e-08,1.0,4
trained-30,1,78,2340,301,290,302,4,True,48.0,20.298168182373047,13.326143264770508,6.755193027174755e-08,1.0,2
trained-30,1,79,2370,304,290,309,4,True,38.0,16.50168800354004,9.789576530456543,1.1920928955078125e-07,1.0,0
trained-30,1,80,2400,312,290,328,3,True,29.0,14.192038536071777,7.253213405609131,7.947286384535346e-09,0.9999999403953552,0
trained-30,1,81,2430,307,290,314,4,True,39.0,15.082221031188965,9.429610252380371,1.1920929132713809e-08,0.9999999403953552,2
trained-30,1,82,2460,302,290,302,4,True,30.0,13.496254920959473,6.583876609802246,-3.1789145538141383e-08,1.0,1
trained-30,1,83,2490,312,290,313,4,True,34.0,14.638962745666504,8.2174072265625,8.34465012644614e-08,1.0000001192092896,1
trained-30,1,84,2520,322,290,323,4,True,23.0,9.919272422790527,5.132814407348633,8.742014756535355e-08,0.9999999403953552,1
trained-30,1,85,2550,308,290,311,4,True,28.0,9.417789459228516,6.733080863952637,1.9868215517249155e-08,1.0,0
trained-30,1,86,2580,312,290,315,4,True,37.0,14.62083625793457,9.524066925048828,1.5497207073167374e-07,1.0000001192092896,1
trained-30,1,87,2610,311,290,313,4,True,37.0,13.11212158203125,8.936349868774414,-7.152557657263969e-08,0.9999999403953552,0
trained-30,1,88,2640,311,290,311,4,True,26.0,12.719941139221191,6.794882297515869,-1.1920929132713809e-08,0.9999999403953552,1
trained-30,1,89,2670,312,290,313,4,True,38.0,15.507533073425293,9.276727676391602,-1.668930025289228e-07,1.0,3
trained-30,1,90,2700,293,290,294,4,True,38.0,17.695512771606445,10.486336708068848,-4.7683716530855236e-08,1.0,2
trained-30,1,91,2730,293,290,297,4,True,32.0,9.257807731628418,9.395419120788574,-3.5762788286319847e-08,0.9999998807907104,0
trained-30,1,92,2760,299,290,302,4,True,39.0,17.719249725341797,9.980497360229492,-7.152557657263969e-08,1.0,2
trained-30,1,93,2790,303,290,306,4,True,44.0,18.767545700073242,10.740861892700195,-2.3841858265427618e-08,1.0000001192092896,0
trained-30,1,94,2820,318,290,324,4,True,25.0,8.897809982299805,6.315690994262695,-3.5762788286319847e-08,1.0,6
trained-30,1,95,2850,306,290,306,4,True,33.0,16.64849853515625,7.486192226409912,-7.947286206899662e-08,1.0,0
trained-30,1,96,2880,305,290,308,4,True,35.0,13.442230224609375,11.962181091308594,1.5894572769070692e-08,1.0,3
trained-30,1,97,2910,311,290,315,4,True,33.0,12.191068649291992,8.922749519348145,-1.9868215517249155e-08,1.0,1
trained-30,1,98,2940,300,290,300,4,True,42.0,17.840852737426758,10.816888809204102,5.16573592790337e-08,0.9999998807907104,0
trained-30,1,99,2970,306,290,306,4,True,42.0,17.266944885253906,9.659411430358887,2.9007594548602356e-07,1.0000001192092896,1
trained-30,1,100,3000,301,290,305,4,True,32.0,10.497987747192383,9.35081958770752,-9.934107225717526e-08,0.9999998807907104,2
trained-30,2,1,30,300,300,300,4,True,36.0,16.106576919555664,8.41102409362793,-2.3047128649977822e-07,1.0,0
trained-30,2,2,60,301,300,308,4,True,33.0,13.480707168579102,9.048558235168457,1.5894572769070692e-08,0.9999999403953552,0
trained-30,2,3,90,299,299,299,4,True,50.0,22.372610092163086,11.094223976135254,-1.9073486612342094e-07,0.9999999403953552,0
trained-30,2,4,120,297,297,297,4,True,36.0,15.147933959960938,9.144638061523438,7.947286384535346e-09,0.9999999403953552,0
trained-30,2,5,150,312,297,312,4,True,37.0,15.764785766601562,7.729172706604004,-8.742014756535355e-08,0.9999999403953552,0
trained-30,2,6,180,309,297,311,4,True,37.0,13.39590835571289,10.629055976867676,-8.34465012644614e-08,1.0,0
trained-30,2,7,210,306,297,307,4,True,36.0,15.180639266967773,9.2051420211792,9.536743306171047e-08,0.9999999403953552,1
trained-30,2,8,240,306,297,306,4,True,40.0,17.41614532470703,9.093010902404785,9.934107225717526e-08,1.0,0
trained-30,2,9,270,303,297,306,4,True,38.0,13.977380752563477,9.516263008117676,-9.536743306171047e-08,0.9999999403953552,1
trained-30,2,10,300,308,297,308,4,True,42.0,17.937341690063477,10.193754196166992,-2.3047128649977822e-07,1.0,0
trained-30,2,11,330,303,297,307,4,True,33.0,12.687800407409668,9.038192749023438,3.973643192267673e-09,1.0,0
trained-30,2,12,360,309,297,313,4,True,26.0,11.56700611114502,6.247032642364502,1.0728835775353218e-07,1.0,2
trained-30,2,13,390,312,297,316,4,True,32.0,12.428577423095703,8.607963562011719,5.563100202721216e-08,1.0,0
trained-30,2,14,420,306,297,306,4,True,34.0,14.10261058807373,9.608421325683594,-7.947286384535346e-09,0.9999999403953552,1
trained-30,2,15,450,301,297,301,4,True,41.0,19.83452033996582,8.95551586151123,-2.781550101360608e-08,1.0,0
trained-30,2,16,480,297,297,299,4,True,39.0,17.288095474243164,10.224867820739746,-8.742014756535355e-08,1.0,0
trained-30,2,17,510,298,297,298,4,True,39.0,16.13309669494629,9.030424118041992,1.2318292874624603e-07,1.0,0
trained-30,2,18,540,307,297,310,4,True,37.0,12.86099624633789,8.7645263671875,5.563100202721216e-08,1.0,3
trained-30,2,19,570,298,297,298,4,True,40.0,17.474824905395508,9.86005687713623,1.7881393432617188e-07,1.0,0
trained-30,2,20,600,311,297,311,4,True,39.0,16.833593368530273,8.735237121582031,9.139378676081833e-08,1.0,2
trained-30,2,21,630,300,297,303,4,True,44.0,21.934425354003906,9.153764724731445,1.033147185580674e-07,1.0,0
trained-30,2,22,660,319,297,320,4,True,29.0,8.54731559753418,6.672122955322266,-3.5762788286319847e-08,1.0,2
trained-30,2,23,690,293,293,300,4,True,43.0,16.76392364501953,13.152008056640625,7.549921576810448e-08,1.0,1
trained-30,2,24,720,303,293,303,4,True,50.0,21.05373191833496,11.827462196350098,8.742014756535355e-08,1.0,3
trained-30,2,25,750,304,293,307,4,True,33.0,10.094101905822754,9.506307601928711,-1.1920929132713809e-08,0.9999999403953552,2
trained-30,2,26,780,312,293,312,4,True,39.0,15.686936378479004,8.983800888061523,2.0265579792067e-07,1.0,2
trained-30,2,27,810,299,293,304,4,True,42.0,14.577676773071289,11.248290061950684,-3.1789145538141383e-08,0.9999999403953552,0
trained-30,2,28,840,304,293,306,4,True,38.0,14.430749893188477,9.544432640075684,-1.1920928955078125e-07,0.9999999403953552,2
trained-30,2,29,870,315,293,315,4,True,33.0,11.746630668640137,8.451376914978027,0.0,0.9999999403953552,2
trained-30,2,30,900,296,293,298,4,True,37.0,14.034799575805664,10.246994018554688,1.1920929132713809e-08,1.0000001192092896,1
trained-30,2,31,930,295,293,299,4,True,40.0,16.222139358520508,12.615418434143066,-7.152557657263969e-08,1.0,2
trained-30,2,32,960,303,293,305,4,True,34.0,13.113146781921387,8.075904846191406,-3.973643192267673e-09,1.0,3
trained-30,2,33,990,293,293,293,4,True,63.0,28.90287971496582,15.772613525390625,-3.5762788286319847e-08,1.0,3
trained-30,2,34,1020,302,293,302,4,True,41.0,16.414459228515625,9.088028907775879,1.5099843153620895e-07,0.9999998807907104,1
trained-30,2,35,1050,306,293,306,4,True,31.0,14.310111045837402,7.393359661102295,1.2715658215256553e-07,1.0,1
trained-30,2,36,1080,302,293,302,4,True,43.0,18.06174659729004,11.40231990814209,1.9073486612342094e-07,1.0,3
trained-30,2,37,1110,317,293,320,4,True,29.0,12.07003402709961,7.89667272567749,1.1523564324988911e-07,1.0,0
trained-30,2,38,1140,295,293,295,4,True,35.0,12.827202796936035,9.18862533569336,4.7683716530855236e-08,0.9999999403953552,4
trained-30,2,39,1170,294,293,295,4,True,48.0,21.849857330322266,12.276217460632324,-7.152557657263969e-08,1.0,4
trained-30,2,40,1200,294,293,294,4,True,50.0,19.735883712768555,11.196120262145996,2.5431316430513107e-07,1.0,1
trained-30,2,41,1230,313,293,315,4,True,31.0,14.970438957214355,7.928539276123047,2.781550101360608e-08,0.9999999403953552,2
trained-30,2,42,1260,311,293,311,4,True,38.0,13.586804389953613,8.575750350952148,-1.9868215517249155e-08,1.0,2
trained-30,2,43,1290,311,293,311,4,True,44.0,15.490171432495117,11.192815780639648,-7.947286206899662e-08,1.0,1
trained-30,2,44,1320,307,293,307,4,True,40.0,17.84098243713379,8.950660705566406,2.9007594548602356e-07,0.9999999403953552,5
trained-30,2,45,1350,304,293,304,4,True,26.0,9.474814414978027,6.244148254394531,1.9470850531888573e-07,1.0,1
trained-30,2,46,1380,296,293,296,4,True,41.0,17.713830947875977,10.128002166748047,1.1523564324988911e-07,1.0,0
trained-30,2,47,1410,305,293,306,4,True,38.0,17.360074996948242,9.292113304138184,-9.139378676081833e-08,1.0,3
trained-30,2,48,1440,308,293,311,4,True,27.0,9.230164527893066,7.3792924880981445,4.371007378267677e-08,1.0,3
trained-30,2,49,1470,302,293,302,4,True,54.0,23.080596923828125,13.184999465942383,1.5497207073167374e-07,1.0,1
trained-30,2,50,1500,297,293,297,4,True,41.0,17.688018798828125,8.895974159240723,1.708666417243876e-07,0.9999999403953552,5
trained-30,2,51,1530,306,293,306,4,True,43.0,19.481897354125977,10.613283157348633,5.563100202721216e-08,0.9999999403953552,3
trained-30,2,52,1560,296,293,303,4,True,35.0,13.334412574768066,9.399726867675781,-1.1920928955078125e-07,0.9999999403953552,2
trained-30,2,53,1590,306,293,307,4,True,46.0,19.91963005065918,11.094510078430176,-9.934107225717526e-08,1.0,4
trained-30,2,54,1620,300,293,300,4,True,38.0,14.749570846557617,9.010283470153809,-1.1126200405442432e-07,1.0,0
trained-30,2,55,1650,303,293,306,4,True,31.0,11.168214797973633,8.358033180236816,-3.973643192267673e-09,0.9999999403953552,3
trained-30,2,56,1680,296,293,303,4,True,43.0,14.935211181640625,12.174236297607422,-1.033147185580674e-07,0.9999999403953552,2
trained-30,2,57,1710,303,293,304,4,True,42.0,16.54418182373047,10.628159523010254,1.1920928955078125e-07,1.0,3
trained-30,2,58,1740,309,293,319,4,True,26.0,11.453639030456543,7.693856716156006,1.1920929132713809e-08,1.0,3
trained-30,2,59,1770,297,293,297,4,True,44.0,20.410945892333984,9.347997665405273,-1.0728835775353218e-07,1.0,4
trained-30,2,60,1800,293,293,296,4,True,38.0,13.888081550598145,8.982847213745117,2.781550101360608e-08,0.9999999403953552,1
trained-30,2,61,1830,316,293,318,4,True,23.0,10.647364616394043,4.511931419372559,-3.2583872666691605e-07,1.0,1
trained-30,2,62,1860,296,293,300,4,True,41.0,14.697625160217285,11.861359596252441,-1.9868215517249155e-08,1.0,3
trained-30,2,63,1890,303,293,304,4,True,39.0,15.01047134399414,9.761272430419922,5.563100202721216e-08,1.0,2
trained-30,2,64,1920,309,293,309,4,True,35.0,14.51130199432373,8.448186874389648,2.3841858265427618e-08,0.9999999403953552,4
trained-30,2,65,1950,303,293,303,4,True,46.0,18.70283317565918,11.099589347839355,5.563100202721216e-08,0.9999999403953552,4
trained-30,2,66,1980,312,293,322,4,True,33.0,13.34847354888916,8.203049659729004,-3.1789145538141383e-08,1.0000001192092896,3
trained-30,2,67,2010,296,293,301,4,True,34.0,14.451552391052246,8.116926193237305,3.1789145538141383e-08,0.9999999403953552,6
trained-30,2,68,2040,295,293,295,4,True,45.0,20.43341827392578,12.41038703918457,-6.755193027174755e-08,1.0,3
trained-30,2,69,2070,299,293,299,4,True,48.0,20.716508865356445,10.949983596801758,-5.16573592790337e-08,1.0,2
trained-30,2,70,2100,301,293,303,4,True,41.0,15.812479972839355,10.669368743896484,-4.371007378267677e-08,1.0,4
trained-30,2,71,2130,300,293,300,4,True,38.0,14.991414070129395,8.995089530944824,4.7683716530855236e-08,1.0,1
trained-30,2,72,2160,294,293,294,4,True,44.0,18.28632164001465,11.355179786682129,7.152557657263969e-08,0.9999999403953552,5
trained-30,2,73,2190,296,293,296,4,True,38.0,14.227773666381836,9.773285865783691,1.5894572413799324e-07,0.9999998807907104,3
trained-30,2,74,2220,299,293,301,4,True,32.0,12.012605667114258,9.028088569641113,-5.960464477539063e-08,0.9999999403953552,3
trained-30,2,75,2250,303,293,307,4,True,34.0,14.664412498474121,8.253413200378418,-6.357829107628277e-08,1.0000001192092896,1
trained-30,2,76,2280,305,293,309,4,True,31.0,6.981546401977539,9.590855598449707,4.17232506322307e-08,1.0000001192092896,1
trained-30,2,77,2310,305,293,308,4,True,46.0,18.420679092407227,11.25114917755127,2.1855036891338386e-07,1.0,3
trained-30,2,78,2340,297,293,297,4,True,46.0,20.97587776184082,9.154810905456543,-6.357829107628277e-08,0.9999999403953552,3
trained-30,2,79,2370,307,293,308,4,True,35.0,12.289555549621582,8.802647590637207,1.0728835775353218e-07,0.9999999403953552,2
trained-30,2,80,2400,309,293,309,4,True,32.0,14.898149490356445,6.58581018447876,-2.423922182970273e-07,0.9999999403953552,4
trained-30,2,81,2430,301,293,301,4,True,32.0,14.537796020507812,8.074328422546387,2.3841858265427618e-08,1.0,1
trained-30,2,82,2460,297,293,305,4,True,42.0,17.629789352416992,11.49322509765625,-1.3907749973895989e-07,1.0,3
trained-30,2,83,2490,297,293,301,4,True,37.0,12.009552955627441,10.857654571533203,-3.973643192267673e-09,1.0,6
trained-30,2,84,2520,304,293,305,4,True,48.0,20.30582046508789,11.937450408935547,4.7683716530855236e-08,1.0,3
trained-30,2,85,2550,307,293,307,4,True,36.0,18.637523651123047,7.622395038604736,1.9073486612342094e-07,0.9999999403953552,4
trained-30,2,86,2580,296,293,300,4,True,38.0,16.11313819885254,9.985246658325195,-4.371007378267677e-08,0.9999999403953552,2
trained-30,2,87,2610,292,292,292,4,True,45.0,21.651674270629883,10.553301811218262,2.384185791015625e-07,1.0,5
trained-30,2,88,2640,312,292,315,4,True,46.0,19.756980895996094,10.45965576171875,-7.549921576810448e-08,1.0000001192092896,5
trained-30,2,89,2670,312,292,313,4,True,40.0,14.748431205749512,12.860235214233398,-9.536743306171047e-08,1.0,4
trained-30,2,90,2700,301,292,301,4,True,42.0,18.684450149536133,10.084869384765625,1.986821445143505e-07,1.0000001192092896,4
trained-30,2,91,2730,298,292,298,4,True,47.0,22.381025314331055,11.249812126159668,-7.549921576810448e-08,1.0,2
trained-30,2,92,2760,310,292,310,4,True,28.0,10.312078475952148,5.914398670196533,1.8278757352163666e-07,0.9999999403953552,5
trained-30,2,93,2790,297,292,301,4,True,32.0,11.5318021774292,9.864763259887695,7.947286384535346e-09,0.9999999403953552,6
trained-30,2,94,2820,296,292,296,4,True,41.0,15.461201667785645,10.327917098999023,7.152557657263969e-08,0.9999999403953552,6
trained-30,2,95,2850,309,292,311,4,True,32.0,9.898510932922363,9.284883499145508,-3.1789145538141383e-08,0.9999999403953552,2
trained-30,2,96,2880,308,292,310,4,True,32.0,12.99157428741455,9.065286636352539,-5.16573592790337e-08,1.0,5
trained-30,2,97,2910,310,292,316,4,True,40.0,13.44594955444336,12.569607734680176,1.1920929132713809e-08,1.0,3
trained-30,2,98,2940,305,292,305,4,True,37.0,17.462263107299805,8.59680461883545,2.9404958468148834e-07,1.0,1
trained-30,2,99,2970,296,292,296,4,True,49.0,17.463115692138672,12.644484519958496,6.755193027174755e-08,1.0,5
trained-30,2,100,3000,295,292,297,4,True,41.0,16.24628448486328,8.859291076660156,-1.4702479234074417e-07,0.9999999403953552,5
frozen-30,0,1,30,305,305,307,4,True,44.0,16.412029266357422,10.256754875183105,-2.3841858265427618e-08,0.9999999403953552,0
frozen-30,0,2,60,301,301,305,4,True,29.0,10.30688762664795,7.376589775085449,-2.5431316430513107e-07,1.0,0
frozen-30,0,3,90,298,298,301,4,True,40.0,17.662328720092773,8.889827728271484,1.2318292874624603e-07,1.0,0
frozen-30,0,4,120,289,289,289,4,True,46.0,20.671974182128906,11.910285949707031,1.351038605434951e-07,0.9999999403953552,0
frozen-30,0,5,150,295,289,296,4,True,42.0,18.699838638305664,9.571503639221191,5.245208853921213e-07,1.0000001192092896,0
frozen-30,0,6,180,302,289,306,4,True,39.0,9.744688034057617,13.136442184448242,-2.1855036891338386e-08,1.0,0
frozen-30,0,7,210,302,289,302,4,True,44.0,17.46683692932129,9.615089416503906,1.351038605434951e-07,1.0,0
frozen-30,0,8,240,297,289,300,4,True,34.0,10.533601760864258,9.163037300109863,1.1523564324988911e-07,0.9999999403953552,0
frozen-30,0,9,270,305,289,307,4,True,44.0,16.807384490966797,12.22562313079834,5.563100202721216e-08,0.9999999403953552,0
frozen-30,0,10,300,292,289,293,4,True,40.0,16.08169174194336,10.67505168914795,1.0728835775353218e-07,0.9999999403953552,0
frozen-30,0,11,330,302,289,306,4,True,25.0,7.588563442230225,8.364169120788574,2.781550101360608e-08,1.0,0
frozen-30,0,12,360,301,289,304,4,True,39.0,15.531267166137695,8.881539344787598,-3.5762788286319847e-08,1.0000001192092896,0
frozen-30,0,13,390,302,289,305,4,True,45.0,20.574357986450195,11.532079696655273,0.0,1.0,0
frozen-30,0,14,420,293,289,293,4,True,48.0,21.428001403808594,12.167096138000488,-5.563100202721216e-08,0.9999999403953552,0
frozen-30,0,15,450,296,289,296,4,True,35.0,15.4258451461792,7.523030757904053,-3.1789145538141383e-08,1.0,0
frozen-30,0,16,480,295,289,296,4,True,45.0,19.504976272583008,12.466188430786133,1.1920929132713809e-08,1.0,0
frozen-30,0,17,510,297,289,301,4,True,45.0,15.441534996032715,12.235979080200195,-3.1789145538141383e-08,0.9999998807907104,0
frozen-30,0,18,540,289,289,291,4,True,41.0,14.770126342773438,10.089265823364258,-8.34465012644614e-08,1.0,0
frozen-30,0,19,570,298,289,298,4,True,51.0,20.72948455810547,13.026861190795898,3.5762788286319847e-08,0.9999999403953552,0
frozen-30,0,20,600,293,289,293,4,True,45.0,17.612173080444336,10.682901382446289,1.0728835775353218e-07,1.0,0
frozen-30,0,21,630,289,289,289,4,True,42.0,15.124959945678711,10.82886791229248,8.34465012644614e-08,1.0,0
frozen-30,0,22,660,285,285,286,4,True,44.0,16.727943420410156,12.893529891967773,-5.563100202721216e-08,1.0,0
frozen-30,0,23,690,303,285,333,3,True,39.0,16.207841873168945,11.234062194824219,1.0728835775353218e-07,1.0,0
frozen-30,0,24,720,297,285,299,4,True,35.0,15.826847076416016,8.483684539794922,-1.3907749973895989e-07,1.0,0
frozen-30,0,25,750,304,285,305,4,True,28.0,9.213547706604004,8.128009796142578,1.033147185580674e-07,1.0000001192092896,0
frozen-30,0,26,780,299,285,300,4,True,32.0,10.815184593200684,7.621523380279541,0.0,1.0,0
frozen-30,0,27,810,289,285,293,4,True,45.0,19.328378677368164,11.398855209350586,9.536743306171047e-08,1.0,0
frozen-30,0,28,840,294,285,295,4,True,50.0,19.49699592590332,13.104158401489258,-2.3841858265427618e-08,1.0,0
frozen-30,0,29,870,302,285,304,4,True,38.0,12.119494438171387,9.57145881652832,-1.1920929132713809e-08,1.0,0
frozen-30,0,30,900,293,285,298,4,True,37.0,14.78964900970459,11.357893943786621,4.7683716530855236e-08,0.9999999403953552,0
frozen-30,0,31,930,294,285,295,4,True,54.0,23.319576263427734,12.461630821228027,1.748402951307071e-07,1.0,0
frozen-30,0,32,960,296,285,299,4,True,38.0,17.767858505249023,9.476971626281738,1.1126200405442432e-07,1.0,0
frozen-30,0,33,990,300,285,302,4,True,21.0,8.142914772033691,5.370136260986328,1.3113022134803032e-07,0.9999999403953552,0
frozen-30,0,34,1020,302,285,302,4,True,32.0,13.454813003540039,8.84506893157959,-1.5894572769070692e-08,1.0,0
frozen-30,0,35,1050,301,285,301,4,True,42.0,17.375341415405273,9.733098030090332,1.5099843153620895e-07,0.9999999403953552,0
frozen-30,0,36,1080,298,285,310,4,True,45.0,15.192923545837402,12.216058731079102,-3.1789145538141383e-08,0.9999999403953552,0
frozen-30,0,37,1110,297,285,297,4,True,41.0,17.86683464050293,9.278684616088867,4.887580757895194e-07,0.9999999403953552,0
frozen-30,0,38,1140,302,285,302,4,True,41.0,17.859956741333008,10.792534828186035,1.2715658215256553e-07,1.0,0
frozen-30,0,39,1170,306,285,306,4,True,43.0,19.408863067626953,10.814305305480957,-6.755193027174755e-08,1.0,0
frozen-30,0,40,1200,295,285,295,4,True,46.0,23.361255645751953,9.32271671295166,8.742014756535355e-08,1.0,0
frozen-30,0,41,1230,317,285,318,4,True,30.0,9.645824432373047,7.177814483642578,1.1523564324988911e-07,1.0,0
frozen-30,0,42,1260,295,285,301,4,True,36.0,17.05573844909668,9.976021766662598,6.357829107628277e-08,1.0,0
frozen-30,0,43,1290,308,285,310,4,True,50.0,21.1129207611084,12.767487525939941,3.457069510659494e-07,0.9999999403953552,0
frozen-30,0,44,1320,293,285,300,4,True,35.0,13.070037841796875,8.743587493896484,4.7683716530855236e-08,1.0,0
frozen-30,0,45,1350,288,285,288,4,True,49.0,22.273221969604492,12.97193431854248,7.947286206899662e-08,1.0,0
frozen-30,0,46,1380,310,285,315,4,True,48.0,15.85183048248291,12.972789764404297,1.1920929132713809e-08,1.0,0
frozen-30,0,47,1410,298,285,298,4,True,48.0,19.513084411621094,12.621833801269531,-1.5894572769070692e-08,1.0,0
frozen-30,0,48,1440,296,285,298,4,True,32.0,13.583636283874512,9.025901794433594,-7.947286206899662e-08,1.0,0
frozen-30,0,49,1470,299,285,300,4,True,37.0,15.060863494873047,10.505209922790527,-9.934107225717526e-08,0.9999999403953552,0
frozen-30,0,50,1500,311,285,318,4,True,30.0,9.303182601928711,8.194360733032227,7.549921576810448e-08,1.0000001192092896,0
frozen-30,0,51,1530,300,285,300,4,True,40.0,15.257373809814453,10.43433952331543,1.2318292874624603e-07,1.0000001192092896,0
frozen-30,0,52,1560,305,285,314,4,True,39.0,18.61141014099121,9.529746055603027,-2.384185791015625e-07,1.0,0
frozen-30,0,53,1590,311,285,331,3,True,38.0,15.7278413772583,11.047263145446777,-5.960464477539063e-08,0.9999999403953552,0
frozen-30,0,54,1620,291,285,295,4,True,53.0,21.29738426208496,14.123391151428223,6.755193027174755e-08,0.9999999403953552,0
frozen-30,0,55,1650,297,285,297,4,True,48.0,18.588787078857422,13.198378562927246,1.668930025289228e-07,1.0,0
frozen-30,0,56,1680,304,285,306,4,True,44.0,16.38408088684082,12.726155281066895,-3.973643103449831e-08,1.0,0
frozen-30,0,57,1710,302,285,304,4,True,42.0,15.984646797180176,10.68901252746582,5.960464477539063e-08,1.0,0
frozen-30,0,58,1740,311,285,314,4,True,23.0,8.28239631652832,6.358954429626465,3.973643192267673e-09,1.0,0
frozen-30,0,59,1770,301,285,302,4,True,39.0,14.046009063720703,10.440284729003906,1.5894572769070692e-08,1.0000001192092896,0
frozen-30,0,60,1800,306,285,307,4,True,36.0,12.867568969726562,8.143779754638672,-5.16573592790337e-08,1.0000001192092896,0
frozen-30,0,61,1830,296,285,298,4,True,42.0,16.876741409301758,12.100754737854004,-6.357829107628277e-08,1.0,0
frozen-30,0,62,1860,299,285,301,4,True,43.0,16.540369033813477,9.701985359191895,4.7683716530855236e-08,1.0000001192092896,0
frozen-30,0,63,1890,306,285,310,4,True,30.0,5.751852512359619,9.139588356018066,7.351239617037209e-08,1.0000001192092896,0
frozen-30,0,64,1920,307,285,318,4,True,29.0,4.750767707824707,9.298466682434082,4.7683716530855236e-08,1.0,0
frozen-30,0,65,1950,299,285,300,4,True,44.0,19.062503814697266,11.601078033447266,-1.3113022134803032e-07,0.9999999403953552,0
frozen-30,0,66,1980,299,285,304,4,True,39.0,17.399883270263672,9.642753601074219,2.781550101360608e-08,1.0,0
frozen-30,0,67,2010,291,285,291,4,True,51.0,20.726116180419922,12.705513000488281,5.563100202721216e-08,1.0,0
frozen-30,0,68,2040,293,285,293,4,True,42.0,16.723600387573242,11.469690322875977,6.357829107628277e-08,1.0,0
frozen-30,0,69,2070,293,285,293,4,True,54.0,26.04084587097168,13.9105806350708,2.3841858265427618e-08,1.0,0
frozen-30,0,70,2100,291,285,291,4,True,49.0,21.600385665893555,12.013962745666504,4.728635190076602e-07,1.0,0
frozen-30,0,71,2130,296,285,296,4,True,53.0,22.07522201538086,13.546098709106445,1.3113022134803032e-07,0.9999999403953552,0
frozen-30,0,72,2160,314,285,318,4,True,43.0,15.22730827331543,11.741724967956543,-1.9868215517249155e-08,0.9999999403953552,0
frozen-30,0,73,2190,306,285,306,4,True,38.0,13.268510818481445,10.804912567138672,8.742014756535355e-08,0.9999999403953552,0
frozen-30,0,74,2220,297,285,297,4,True,42.0,19.76344871520996,8.315208435058594,2.702077210869902e-07,0.9999999403953552,0
frozen-30,0,75,2250,303,285,303,4,True,38.0,14.348343849182129,8.396323204040527,-2.3841858265427618e-08,1.0,0
frozen-30,0,76,2280,294,285,294,4,True,46.0,20.726459503173828,9.785356521606445,-3.019968630724179e-07,1.0,0
frozen-30,0,77,2310,299,285,309,4,True,32.0,11.671091079711914,7.857847690582275,4.371007378267677e-08,1.0,0
frozen-30,0,78,2340,301,285,303,4,True,55.0,23.563846588134766,12.624435424804688,7.549921576810448e-08,1.0,0
frozen-30,0,79,2370,301,285,301,4,True,43.0,14.587190628051758,11.415328025817871,-5.563100202721216e-08,0.9999999403953552,0
frozen-30,0,80,2400,296,285,300,4,True,41.0,15.30813980102539,10.232303619384766,1.9868215517249155e-08,0.9999999403953552,0
frozen-30,0,81,2430,289,285,289,4,True,40.0,17.435449600219727,9.35347843170166,1.5497207073167374e-07,1.0,0
frozen-30,0,82,2460,303,285,305,4,True,44.0,15.068304061889648,11.996594429016113,1.1126200405442432e-07,1.0000001192092896,0
frozen-30,0,83,2490,304,285,307,4,True,36.0,12.85416316986084,10.019618034362793,7.152557657263969e-08,1.0000001192092896,0
frozen-30,0,84,2520,306,285,309,4,True,39.0,17.34231948852539,9.37829303741455,-5.16573592790337e-08,1.0,0
frozen-30,0,85,2550,297,285,304,4,True,27.0,9.055639266967773,8.066112518310547,1.2318292874624603e-07,1.0,0
frozen-30,0,86,2580,304,285,304,4,True,47.0,20.75348472595215,11.295707702636719,9.934107225717526e-08,0.9999999403953552,0
frozen-30,0,87,2610,288,285,290,4,True,42.0,13.972716331481934,11.066516876220703,-8.34465012644614e-08,1.0,0
frozen-30,0,88,2640,300,285,300,4,True,40.0,16.003103256225586,9.452844619750977,-1.9470850531888573e-07,1.0,0
frozen-30,0,89,2670,303,285,309,4,True,37.0,11.090676307678223,11.104680061340332,-7.351239617037209e-08,0.9999999403953552,0
frozen-30,0,90,2700,300,285,300,4,True,48.0,17.283323287963867,11.57538890838623,1.8676122692795616e-07,1.0,0
frozen-30,0,91,2730,311,285,311,4,True,40.0,16.231924057006836,10.833793640136719,-4.7683716530855236e-08,1.0,0
frozen-30,0,92,2760,296,285,296,4,True,42.0,17.68741226196289,10.141613006591797,1.4702479234074417e-07,0.9999999403953552,0
frozen-30,0,93,2790,309,285,309,4,True,44.0,18.58038330078125,10.441539764404297,1.1126200405442432e-07,0.9999999403953552,0
frozen-30,0,94,2820,295,285,298,4,True,35.0,12.575531959533691,10.249284744262695,-3.973643103449831e-08,0.9999999403953552,0
frozen-30,0,95,2850,302,285,305,4,True,29.0,8.451335906982422,9.083440780639648,9.735425265944286e-08,1.0,0
frozen-30,0,96,2880,296,285,298,4,True,37.0,13.583880424499512,10.393284797668457,-5.16573592790337e-08,0.9999999403953552,0
frozen-30,0,97,2910,295,285,297,4,True,37.0,13.897825241088867,10.094222068786621,3.1789145538141383e-08,0.9999998807907104,0
frozen-30,0,98,2940,298,285,298,4,True,49.0,26.185855865478516,12.428155899047852,1.5497207073167374e-07,1.0,0
frozen-30,0,99,2970,306,285,309,4,True,38.0,16.202556610107422,9.21239185333252,2.3841858265427618e-08,1.0,0
frozen-30,0,100,3000,295,285,297,4,True,38.0,13.130785942077637,11.079655647277832,2.3841858265427618e-08,1.0,0
frozen-30,1,1,30,315,315,315,4,True,34.0,16.256441116333008,6.727198600769043,-7.947286384535346e-09,1.0,0
frozen-30,1,2,60,297,297,300,4,True,35.0,13.074535369873047,8.832114219665527,-9.934107225717526e-08,1.0,0
frozen-30,1,3,90,311,297,312,4,True,22.0,5.315104961395264,5.687347888946533,1.1920929132713809e-08,0.9999999403953552,0
frozen-30,1,4,120,329,297,329,4,True,18.0,8.553389549255371,2.7751352787017822,0.0,1.0,0
frozen-30,1,5,150,305,297,305,4,True,46.0,23.07477378845215,9.284709930419922,2.1457671550706436e-07,0.9999999403953552,0
frozen-30,1,6,180,307,297,310,4,True,34.0,12.597132682800293,7.305252552032471,-5.960464477539063e-08,1.0,0
frozen-30,1,7,210,301,297,301,4,True,48.0,19.56926155090332,11.454363822937012,-5.563100202721216e-08,0.9999999403953552,0
frozen-30,1,8,240,319,297,319,4,True,40.0,16.54526710510254,9.483742713928223,1.4702479234074417e-07,1.0,0
frozen-30,1,9,270,308,297,310,4,True,30.0,11.987432479858398,7.1098737716674805,3.5762788286319847e-08,1.0000001192092896,0
frozen-30,1,10,300,309,297,309,4,True,35.0,15.21378231048584,8.052824020385742,2.3047128649977822e-07,0.9999999403953552,0
frozen-30,1,11,330,315,297,315,4,True,27.0,9.955486297607422,5.2063374519348145,2.1855036891338386e-07,1.0,0
frozen-30,1,12,360,312,297,312,4,True,39.0,14.693418502807617,10.65169906616211,-6.357829107628277e-08,1.0,0
frozen-30,1,13,390,310,297,311,4,True,41.0,18.9400577545166,9.654860496520996,3.457069510659494e-07,0.9999999403953552,0
frozen-30,1,14,420,309,297,311,4,True,47.0,16.183639526367188,12.818035125732422,-3.1789145538141383e-08,0.9999999403953552,0
frozen-30,1,15,450,315,297,315,4,True,33.0,16.083904266357422,7.334855079650879,2.3841858265427618e-08,0.9999999403953552,0
frozen-30,1,16,480,305,297,305,4,True,39.0,17.292491912841797,9.341915130615234,5.16573592790337e-08,0.9999999403953552,0
frozen-30,1,17,510,295,295,295,4,True,40.0,17.035165786743164,9.095730781555176,9.934107225717526e-08,1.0,0
frozen-30,1,18,540,305,295,307,4,True,42.0,13.357007026672363,10.67711353302002,1.1324882365215672e-07,1.0000001192092896,0
frozen-30,1,19,570,319,295,321,4,True,35.0,13.609479904174805,9.655308723449707,8.742014756535355e-08,0.9999999403953552,0
frozen-30,1,20,600,312,295,312,4,True,35.0,17.62059211730957,7.697516918182373,-1.5497207073167374e-07,1.0,0
frozen-30,1,21,630,307,295,312,4,True,39.0,14.020761489868164,10.796093940734863,2.781550101360608e-08,0.9999999403953552,0
frozen-30,1,22,660,307,295,307,4,True,46.0,19.41957664489746,11.030486106872559,1.5497207073167374e-07,1.0,0
frozen-30,1,23,690,314,295,314,4,True,27.0,8.762456893920898,6.343740940093994,-6.755193027174755e-08,0.9999999403953552,0
frozen-30,1,24,720,299,295,299,4,True,49.0,20.223588943481445,12.009419441223145,4.7683716530855236e-08,0.9999999403953552,0
frozen-30,1,25,750,310,295,311,4,True,36.0,14.05712604522705,9.778044700622559,3.973643103449831e-08,1.0,0
frozen-30,1,26,780,311,295,312,4,True,34.0,12.37137222290039,8.830303192138672,-9.139378676081833e-08,1.0000001192092896,0
frozen-30,1,27,810,305,295,307,4,True,41.0,16.416412353515625,9.840700149536133,5.563100202721216e-08,0.9999999403953552,0
frozen-30,1,28,840,307,295,310,4,True,39.0,14.193042755126953,10.627983093261719,1.1920929132713809e-08,1.0,0
frozen-30,1,29,870,319,295,322,4,True,34.0,11.143177032470703,9.869585037231445,1.1920928955078125e-07,1.0,0
frozen-30,1,30,900,309,295,309,4,True,32.0,15.676563262939453,6.008077144622803,1.986821445143505e-07,1.0,0
frozen-30,1,31,930,311,295,311,4,True,51.0,26.764911651611328,11.224638938903809,-3.1789145538141383e-08,1.0,0
frozen-30,1,32,960,308,295,311,4,True,40.0,17.834373474121094,10.312033653259277,-2.74181360282455e-07,1.0,0
frozen-30,1,33,990,307,295,307,4,True,38.0,16.364612579345703,8.736282348632812,3.5762788286319847e-08,1.0,0
frozen-30,1,34,1020,308,295,311,4,True,31.0,10.612857818603516,8.502366065979004,-1.9868215517249155e-08,1.0,0
frozen-30,1,35,1050,303,295,307,4,True,33.0,13.868971824645996,8.241193771362305,7.549921576810448e-08,1.0,0
frozen-30,1,36,1080,308,295,310,4,True,35.0,13.10037612915039,11.023137092590332,3.973643103449831e-08,0.9999999403953552,0
frozen-30,1,37,1110,305,295,308,4,True,35.0,12.877103805541992,8.839127540588379,-1.4305115314527939e-07,1.0,0
frozen-30,1,38,1140,307,295,329,3,True,51.0,19.379308700561523,14.306337356567383,1.5894572769070692e-08,1.0,0
frozen-30,1,39,1170,301,295,301,4,True,35.0,15.334064483642578,8.200033187866211,-1.986821445143505e-07,1.0,0
frozen-30,1,40,1200,323,295,323,4,True,24.0,8.09393310546875,6.429376125335693,6.357829107628277e-08,1.0,0
frozen-30,1,41,1230,307,295,311,4,True,41.0,17.764076232910156,9.427443504333496,-1.2318292874624603e-07,1.0,0
frozen-30,1,42,1260,316,295,319,4,True,32.0,14.621825218200684,7.947442054748535,-2.781550101360608e-08,0.9999999403953552,0
frozen-30,1,43,1290,304,295,306,4,True,30.0,12.306161880493164,7.394345760345459,-3.6160150784780853e-07,0.9999999403953552,0
frozen-30,1,44,1320,315,295,317,4,True,34.0,14.270660400390625,9.04581069946289,3.973643103449831e-08,0.9999999403953552,0
frozen-30,1,45,1350,309,295,309,4,True,33.0,12.440990447998047,6.593068599700928,4.371007378267677e-08,0.9999999403953552,0
frozen-30,1,46,1380,297,295,301,4,True,41.0,15.314152717590332,10.257444381713867,1.4305115314527939e-07,1.0,0
frozen-30,1,47,1410,303,295,309,4,True,24.0,9.788881301879883,6.819443702697754,-1.9868215517249155e-08,1.0,0
frozen-30,1,48,1440,308,295,310,4,True,35.0,12.143033027648926,9.479086875915527,7.152557657263969e-08,1.0000001192092896,0
frozen-30,1,49,1470,329,295,335,4,True,32.0,11.371946334838867,7.4729204177856445,3.1789145538141383e-08,1.0,0
frozen-30,1,50,1500,305,295,305,4,True,35.0,16.06149673461914,6.762613296508789,-1.5099843153620895e-07,1.0,0
frozen-30,1,51,1530,308,295,308,4,True,43.0,19.706151962280273,10.33814811706543,2.3444493990609772e-07,1.0,0
frozen-30,1,52,1560,310,295,310,4,True,32.0,12.986536979675293,7.714198589324951,-1.1920928955078125e-07,1.0,0
frozen-30,1,53,1590,300,295,300,4,True,38.0,16.608293533325195,8.901383399963379,-1.4702479234074417e-07,1.0000001192092896,0
frozen-30,1,54,1620,291,291,296,4,True,38.0,17.11983299255371,9.833244323730469,-1.1523564324988911e-07,1.0,0
frozen-30,1,55,1650,307,291,310,4,True,33.0,11.49691104888916,7.979552745819092,-1.9868215517249155e-08,0.9999999403953552,0
frozen-30,1,56,1680,303,291,303,4,True,41.0,13.630110740661621,11.00154972076416,9.536743306171047e-08,1.0,0
frozen-30,1,57,1710,304,291,304,4,True,33.0,12.520089149475098,8.784622192382812,-1.1920928955078125e-07,1.0,0
frozen-30,1,58,1740,295,291,296,4,True,31.0,10.552945137023926,6.878915309906006,-7.947286384535346e-09,1.0,0
frozen-30,1,59,1770,302,291,302,4,True,29.0,11.297585487365723,7.924690246582031,9.536743306171047e-08,0.9999999403953552,0
frozen-30,1,60,1800,304,291,304,4,True,37.0,18.33917999267578,8.315488815307617,-1.033147185580674e-07,1.0,0
frozen-30,1,61,1830,309,291,309,4,True,34.0,13.943448066711426,8.044075012207031,-1.1920929132713809e-08,0.9999999403953552,0
frozen-30,1,62,1860,299,291,299,4,True,40.0,18.21172332763672,9.57565975189209,-6.357829107628277e-08,1.0,0
frozen-30,1,63,1890,317,291,317,4,True,35.0,13.960251808166504,9.650635719299316,-2.3841858265427618e-08,0.9999999403953552,0
frozen-30,1,64,1920,292,291,292,4,True,44.0,17.146100997924805,10.987178802490234,-5.960464477539063e-08,1.0,0
frozen-30,1,65,1950,307,291,308,4,True,41.0,17.595918655395508,10.1898832321167,1.8676122692795616e-07,1.0,0
frozen-30,1,66,1980,309,291,309,4,True,44.0,18.24561882019043,10.525589942932129,1.9073486612342094e-07,0.9999998807907104,0
frozen-30,1,67,2010,296,291,296,4,True,50.0,23.775453567504883,12.790440559387207,1.5497207073167374e-07,0.9999999403953552,0
frozen-30,1,68,2040,309,291,309,4,True,27.0,8.725973129272461,6.917306900024414,5.563100202721216e-08,1.0,0
frozen-30,1,69,2070,301,291,303,4,True,36.0,13.769023895263672,10.148151397705078,-1.0728835775353218e-07,1.0000001192092896,0
frozen-30,1,70,2100,309,291,310,4,True,39.0,14.289223670959473,9.101517677307129,1.9868215517249155e-08,1.0000001192092896,0
frozen-30,1,71,2130,297,291,298,4,True,42.0,17.53279685974121,9.95956802368164,-8.742014756535355e-08,1.0,0
frozen-30,1,72,2160,312,291,312,4,True,38.0,19.246389389038086,7.97941780090332,3.1789145538141383e-08,0.9999999403953552,0
frozen-30,1,73,2190,298,291,298,4,True,39.0,17.91550064086914,8.425731658935547,2.662340818915254e-07,0.9999999403953552,0
frozen-30,1,74,2220,300,291,300,4,True,38.0,14.725451469421387,9.407591819763184,-1.5894572769070692e-08,1.0,0
frozen-30,1,75,2250,311,291,311,4,True,24.0,9.420479774475098,6.342966079711914,2.3841858265427618e-08,1.0,0
frozen-30,1,76,2280,298,291,299,4,True,34.0,13.940077781677246,9.300182342529297,-1.5099843153620895e-07,1.0,0
frozen-30,1,77,2310,317,291,328,4,True,31.0,13.878459930419922,7.71130895614624,1.351038605434951e-07,1.0,0
frozen-30,1,78,2340,308,291,314,4,True,49.0,18.76053237915039,13.48505973815918,-1.351038605434951e-07,1.0,0
frozen-30,1,79,2370,304,291,309,4,True,38.0,16.50168800354004,9.789576530456543,1.1920928955078125e-07,1.0,0
frozen-30,1,80,2400,312,291,328,3,True,29.0,14.192038536071777,7.253213405609131,7.947286384535346e-09,0.9999999403953552,0
frozen-30,1,81,2430,307,291,312,4,True,34.0,12.0029296875,8.152606964111328,-3.5762788286319847e-08,0.9999999403953552,0
frozen-30,1,82,2460,304,291,304,4,True,27.0,11.459921836853027,5.827958106994629,1.5099843153620895e-07,1.0000001192092896,0
frozen-30,1,83,2490,309,291,309,4,True,33.0,15.260575294494629,8.802044868469238,1.8278757352163666e-07,1.0,0
frozen-30,1,84,2520,320,291,322,4,True,22.0,8.307116508483887,5.445075988769531,-7.152557657263969e-08,0.9999999403953552,0
frozen-30,1,85,2550,308,291,311,4,True,28.0,9.417789459228516,6.733080863952637,1.9868215517249155e-08,1.0,0
frozen-30,1,86,2580,306,291,310,4,True,39.0,16.41722297668457,10.600180625915527,-5.563100202721216e-08,1.0,0
frozen-30,1,87,2610,311,291,313,4,True,37.0,13.11212158203125,8.936349868774414,-7.152557657263969e-08,0.9999999403953552,0
frozen-30,1,88,2640,319,291,320,4,True,31.0,15.705469131469727,6.724891185760498,-3.1789145538141383e-08,0.9999998807907104,0
frozen-30,1,89,2670,315,291,318,4,True,40.0,16.646350860595703,10.1190767288208,-9.139378676081833e-08,1.0,0
frozen-30,1,90,2700,294,291,294,4,True,36.0,17.100263595581055,9.203563690185547,1.5894572769070692e-08,1.0,0
frozen-30,1,91,2730,293,291,297,4,True,32.0,9.257807731628418,9.395419120788574,-3.5762788286319847e-08,0.9999998807907104,0
frozen-30,1,92,2760,295,291,296,4,True,46.0,19.183351516723633,12.778553009033203,3.1789145538141383e-08,0.9999999403953552,0
frozen-30,1,93,2790,303,291,306,4,True,44.0,18.767545700073242,10.740861892700195,-2.3841858265427618e-08,1.0000001192092896,0
frozen-30,1,94,2820,311,291,322,4,True,20.0,6.377313137054443,6.063532829284668,-7.152557657263969e-08,0.9999998807907104,0
frozen-30,1,95,2850,306,291,306,4,True,33.0,16.64849853515625,7.486192226409912,-7.947286206899662e-08,1.0,0
frozen-30,1,96,2880,309,291,313,4,True,38.0,16.754215240478516,10.872467041015625,-1.5894572769070692e-08,1.0,0
frozen-30,1,97,2910,311,291,313,4,True,33.0,12.191068649291992,8.922749519348145,-1.9868215517249155e-08,1.0,0
frozen-30,1,98,2940,300,291,300,4,True,42.0,17.840852737426758,10.816888809204102,5.16573592790337e-08,0.9999998807907104,0
frozen-30,1,99,2970,311,291,311,4,True,45.0,16.671985626220703,12.217464447021484,5.563100202721216e-08,1.0,0
frozen-30,1,100,3000,305,291,306,4,True,33.0,13.898289680480957,7.091501235961914,-1.5894572769070692e-08,1.0,0
frozen-30,2,1,30,300,300,300,4,True,36.0,16.106576919555664,8.41102409362793,-2.3047128649977822e-07,1.0,0
frozen-30,2,2,60,301,300,308,4,True,33.0,13.480707168579102,9.048558235168457,1.5894572769070692e-08,0.9999999403953552,0
frozen-30,2,3,90,299,299,299,4,True,50.0,22.372610092163086,11.094223976135254,-1.9073486612342094e-07,0.9999999403953552,0
frozen-30,2,4,120,297,297,297,4,True,36.0,15.147933959960938,9.144638061523438,7.947286384535346e-09,0.9999999403953552,0
frozen-30,2,5,150,312,297,312,4,True,37.0,15.764785766601562,7.729172706604004,-8.742014756535355e-08,0.9999999403953552,0
frozen-30,2,6,180,309,297,311,4,True,37.0,13.39590835571289,10.629055976867676,-8.34465012644614e-08,1.0,0
frozen-30,2,7,210,303,297,304,4,True,40.0,18.582237243652344,9.179638862609863,6.755193027174755e-08,0.9999999403953552,0
frozen-30,2,8,240,306,297,306,4,True,40.0,17.41614532470703,9.093010902404785,9.934107225717526e-08,1.0,0
frozen-30,2,9,270,299,297,299,4,True,41.0,16.58037567138672,9.29606819152832,7.549921576810448e-08,1.0,0
frozen-30,2,10,300,308,297,308,4,True,42.0,17.937341690063477,10.193754196166992,-2.3047128649977822e-07,1.0,0
frozen-30,2,11,330,303,297,307,4,True,33.0,12.687800407409668,9.038192749023438,3.973643192267673e-09,1.0,0
frozen-30,2,12,360,299,297,300,4,True,39.0,17.581218719482422,9.390549659729004,3.019968630724179e-07,1.0,0
frozen-30,2,13,390,312,297,316,4,True,32.0,12.428577423095703,8.607963562011719,5.563100202721216e-08,1.0,0
frozen-30,2,14,420,301,297,301,4,True,44.0,20.96419334411621,11.8502779006958,1.9073486612342094e-07,1.0,0
frozen-30,2,15,450,301,297,301,4,True,41.0,19.83452033996582,8.95551586151123,-2.781550101360608e-08,1.0,0
frozen-30,2,16,480,297,297,299,4,True,39.0,17.288095474243164,10.224867820739746,-8.742014756535355e-08,1.0,0
frozen-30,2,17,510,298,297,298,4,True,39.0,16.13309669494629,9.030424118041992,1.2318292874624603e-07,1.0,0
frozen-30,2,18,540,294,294,294,4,True,42.0,14.654988288879395,10.51188850402832,2.781550101360608e-08,1.0,0
frozen-30,2,19,570,298,294,298,4,True,40.0,17.474824905395508,9.86005687713623,1.7881393432617188e-07,1.0,0
frozen-30,2,20,600,307,294,307,4,True,41.0,17.823606491088867,9.47519588470459,7.947286206899662e-08,1.0000001192092896,0
frozen-30,2,21,630,300,294,303,4,True,44.0,21.934425354003906,9.153764724731445,1.033147185580674e-07,1.0,0
frozen-30,2,22,660,311,294,311,4,True,43.0,18.79913902282715,7.788241863250732,5.086263286102621e-07,1.0,0
frozen-30,2,23,690,293,293,300,4,True,43.0,16.76392364501953,13.152008056640625,7.549921576810448e-08,1.0,0
frozen-30,2,24,720,305,293,306,4,True,44.0,15.738173484802246,12.004827499389648,9.934107225717526e-08,1.0,0
frozen-30,2,25,750,306,293,307,4,True,49.0,20.293363571166992,12.49331283569336,-3.1789145538141383e-08,1.0,0
frozen-30,2,26,780,314,293,318,4,True,33.0,11.371662139892578,8.184183120727539,-3.973643103449831e-08,1.0,0
frozen-30,2,27,810,299,293,304,4,True,42.0,14.577676773071289,11.248290061950684,-3.1789145538141383e-08,0.9999999403953552,0
frozen-30,2,28,840,306,293,308,4,True,36.0,12.502487182617188,9.898174285888672,-9.934107758624577e-09,0.9999999403953552,0
frozen-30,2,29,870,303,293,305,4,True,35.0,12.761738777160645,9.186023712158203,9.139378676081833e-08,0.9999998807907104,0
frozen-30,2,30,900,294,293,294,4,True,40.0,16.51099395751953,10.24107837677002,1.5497207073167374e-07,1.0000001192092896,0
frozen-30,2,31,930,302,293,305,4,True,36.0,14.429737091064453,10.874735832214355,-7.947286384535346e-09,1.0,0
frozen-30,2,32,960,309,293,309,4,True,34.0,10.818127632141113,9.261300086975098,-1.351038605434951e-07,1.0,0
frozen-30,2,33,990,305,293,305,4,True,53.0,23.71741485595703,12.746124267578125,2.702077210869902e-07,1.0,0
frozen-30,2,34,1020,305,293,306,4,True,37.0,13.138811111450195,8.891105651855469,1.4305115314527939e-07,1.0,0
frozen-30,2,35,1050,304,293,304,4,True,34.0,16.686683654785156,7.716055393218994,1.2715658215256553e-07,0.9999998807907104,0
frozen-30,2,36,1080,303,293,305,4,True,35.0,16.59432029724121,8.71146011352539,-1.5894572413799324e-07,1.0,0
frozen-30,2,37,1110,317,293,320,4,True,29.0,12.07003402709961,7.89667272567749,1.1523564324988911e-07,1.0,0
frozen-30,2,38,1140,299,293,302,4,True,42.0,17.287755966186523,12.784996032714844,-1.3113022134803032e-07,1.0000001192092896,0
frozen-30,2,39,1170,296,293,296,4,True,44.0,16.866851806640625,11.89592170715332,1.5099843153620895e-07,0.9999998807907104,0
frozen-30,2,40,1200,296,293,296,4,True,50.0,19.095359802246094,11.862967491149902,-4.7683716530855236e-08,0.9999999403953552,0
frozen-30,2,41,1230,296,293,298,4,True,52.0,23.822847366333008,14.53821086883545,-3.5762788286319847e-08,1.0,0
frozen-30,2,42,1260,309,293,320,4,True,34.0,11.842020034790039,8.97456169128418,-3.973643103449831e-08,1.0,0
frozen-30,2,43,1290,312,293,312,4,True,46.0,17.302494049072266,10.937691688537598,-9.139378676081833e-08,1.0,0
frozen-30,2,44,1320,310,293,313,4,True,40.0,16.7895450592041,10.865697860717773,-4.7683716530855236e-08,1.0,0
frozen-30,2,45,1350,304,293,310,4,True,31.0,12.10225772857666,8.453049659729004,-7.947286206899662e-08,1.0,0
frozen-30,2,46,1380,296,293,296,4,True,41.0,17.713830947875977,10.128002166748047,1.1523564324988911e-07,1.0,0
frozen-30,2,47,1410,305,293,307,4,True,33.0,17.9996280670166,8.859498023986816,7.549921576810448e-08,1.0,0
frozen-30,2,48,1440,308,293,315,4,True,32.0,11.009023666381836,9.454304695129395,-2.781550101360608e-08,0.9999998807907104,0
frozen-30,2,49,1470,296,293,297,4,True,49.0,18.96710968017578,12.696520805358887,1.2318292874624603e-07,1.0,0
frozen-30,2,50,1500,299,293,299,4,True,51.0,25.64368438720703,11.604884147644043,2.3047128649977822e-07,1.0,0
frozen-30,2,51,1530,309,293,313,4,True,48.0,20.099058151245117,12.592962265014648,-5.16573592790337e-08,1.0,0
frozen-30,2,52,1560,303,293,309,4,True,42.0,17.721471786499023,10.409667015075684,-5.563100202721216e-08,0.9999999403953552,0
frozen-30,2,53,1590,301,293,301,4,True,49.0,22.069786071777344,12.418663024902344,-1.0728835775353218e-07,0.9999999403953552,0
frozen-30,2,54,1620,300,293,300,4,True,38.0,14.749570846557617,9.010283470153809,-1.1126200405442432e-07,1.0,0
frozen-30,2,55,1650,308,293,322,3,True,27.0,9.5767183303833,6.090579509735107,-9.934107225717526e-08,1.0,0
frozen-30,2,56,1680,287,287,287,4,True,53.0,22.982385635375977,12.620938301086426,1.9073486612342094e-07,1.0,0
frozen-30,2,57,1710,311,287,311,4,True,28.0,10.314729690551758,6.931850433349609,5.960464477539063e-08,1.0,0
frozen-30,2,58,1740,310,287,312,4,True,34.0,18.302101135253906,7.416100025177002,5.006789933759137e-07,1.0,0
frozen-30,2,59,1770,304,287,304,4,True,42.0,17.83585548400879,9.651036262512207,-2.066294371161348e-07,0.9999999403953552,0
frozen-30,2,60,1800,293,287,295,4,True,48.0,17.60601043701172,13.524031639099121,-2.5828680350059585e-07,1.0,0
frozen-30,2,61,1830,311,287,337,3,True,23.0,10.30235481262207,5.211423397064209,2.3841858265427618e-08,0.9999999403953552,0
frozen-30,2,62,1860,302,287,304,4,True,48.0,19.623979568481445,12.91312313079834,-8.34465012644614e-08,0.9999999403953552,0
frozen-30,2,63,1890,303,287,303,4,True,37.0,13.452032089233398,9.603370666503906,3.973643103449831e-08,1.0000001192092896,0
frozen-30,2,64,1920,306,287,311,4,True,36.0,14.869405746459961,10.17350959777832,-7.152557657263969e-08,1.0,0
frozen-30,2,65,1950,304,287,304,4,True,41.0,15.70229721069336,9.636541366577148,3.5762788286319847e-08,0.9999999403953552,0
frozen-30,2,66,1980,307,287,311,4,True,46.0,19.085636138916016,11.884976387023926,-7.947286384535346e-09,1.0,0
frozen-30,2,67,2010,309,287,309,4,True,43.0,17.04796028137207,12.093634605407715,4.371007378267677e-08,1.0,0
frozen-30,2,68,2040,300,287,305,4,True,38.0,16.57590103149414,9.886767387390137,5.16573592790337e-08,0.9999998807907104,0
frozen-30,2,69,2070,303,287,303,4,True,53.0,25.059743881225586,10.603456497192383,7.947286206899662e-08,1.0,0
frozen-30,2,70,2100,306,287,309,4,True,42.0,16.421072006225586,10.98788070678711,-1.3113022134803032e-07,0.9999999403953552,0
frozen-30,2,71,2130,300,287,301,4,True,42.0,15.176653861999512,12.745213508605957,-7.947286384535346e-09,0.9999999403953552,0
frozen-30,2,72,2160,293,287,293,4,True,36.0,14.875951766967773,8.285937309265137,7.152557657263969e-08,1.0,0
frozen-30,2,73,2190,295,287,295,4,True,37.0,15.436814308166504,8.730780601501465,9.536743306171047e-08,1.0,0
frozen-30,2,74,2220,303,287,303,4,True,40.0,20.19971466064453,8.613792419433594,2.2252400810884865e-07,1.0,0
frozen-30,2,75,2250,306,287,306,4,True,33.0,17.227548599243164,8.72701644897461,1.0728835775353218e-07,1.0,0
frozen-30,2,76,2280,305,287,309,4,True,31.0,6.981546401977539,9.590855598449707,4.17232506322307e-08,1.0000001192092896,0
frozen-30,2,77,2310,305,287,309,4,True,44.0,15.87381649017334,12.166790008544922,4.371007378267677e-08,0.9999999403953552,0
frozen-30,2,78,2340,302,287,303,4,True,40.0,16.004018783569336,9.406381607055664,-1.9868215517249155e-08,0.9999999403953552,0
frozen-30,2,79,2370,304,287,304,4,True,37.0,14.051824569702148,8.624780654907227,1.5497207073167374e-07,1.0,0
frozen-30,2,80,2400,310,287,312,4,True,41.0,16.581438064575195,8.736642837524414,-4.7683716530855236e-08,0.9999999403953552,0
frozen-30,2,81,2430,306,287,306,4,True,29.0,13.493450164794922,6.646709442138672,7.947286384535346e-09,0.9999998807907104,0
frozen-30,2,82,2460,298,287,299,4,True,46.0,20.650217056274414,11.8037109375,2.6226044269606064e-07,0.9999999403953552,0
frozen-30,2,83,2490,295,287,298,4,True,40.0,13.723377227783203,11.882359504699707,-2.3841858265427618e-08,0.9999999403953552,0
frozen-30,2,84,2520,305,287,306,4,True,44.0,17.02655792236328,12.038847923278809,7.549921576810448e-08,1.0,0
frozen-30,2,85,2550,302,287,302,4,True,36.0,17.857357025146484,8.880060195922852,3.139178090805217e-07,1.0,0
frozen-30,2,86,2580,298,287,301,4,True,39.0,16.01521873474121,10.976041793823242,-7.947286206899662e-08,0.9999999403953552,0
frozen-30,2,87,2610,298,287,298,4,True,35.0,15.210844993591309,8.398523330688477,1.5894572413799324e-07,1.0,0
frozen-30,2,88,2640,313,287,316,4,True,40.0,16.186241149902344,9.093161582946777,9.536743306171047e-08,1.0,0
frozen-30,2,89,2670,311,287,312,4,True,36.0,13.13194751739502,11.955493927001953,-2.3841858265427618e-08,1.0,0
frozen-30,2,90,2700,302,287,304,4,True,47.0,16.669328689575195,12.719014167785645,-1.9868215517249155e-08,1.0000001192092896,0
frozen-30,2,91,2730,303,287,303,4,True,53.0,25.379375457763672,13.576004028320312,1.3113022134803032e-07,1.0,0
frozen-30,2,92,2760,309,287,314,4,True,23.0,9.427663803100586,6.307905197143555,8.34465012644614e-08,0.9999999403953552,0
frozen-30,2,93,2790,308,287,308,4,True,42.0,20.698911666870117,10.64867877960205,2.2252400810884865e-07,1.0,0
frozen-30,2,94,2820,301,287,303,4,True,31.0,10.717832565307617,7.054958820343018,-1.708666417243876e-07,1.0,0
frozen-30,2,95,2850,309,287,312,4,True,36.0,11.503933906555176,10.480612754821777,-5.563100202721216e-08,0.9999999403953552,0
frozen-30,2,96,2880,315,287,315,4,True,40.0,18.96613311767578,10.327020645141602,1.1920929132713809e-08,1.0,0
frozen-30,2,97,2910,314,287,314,4,True,40.0,15.508801460266113,10.518937110900879,0.0,0.9999999403953552,0
frozen-30,2,98,2940,298,287,299,4,True,43.0,20.54555892944336,10.887778282165527,-2.066294371161348e-07,1.0,0
frozen-30,2,99,2970,296,287,296,4,True,58.0,23.527530670166016,13.513538360595703,1.8676122692795616e-07,1.0,0
frozen-30,2,100,3000,295,287,296,4,True,41.0,14.334747314453125,9.830101013183594,9.536743306171047e-08,0.9999999403953552,0
