group,seed,episode,actions_completed,episode_best_feasible_luts,running_best_feasible_luts,endpoint_luts,endpoint_levels,endpoint_feasible,reward_sum,raw_return_mean,raw_return_std,processed_return_mean,processed_return_std,actions_different_from_reference
reference,0,1,10,317,317,320,4,True,0.12328767123287673,0.02535373903810978,0.04236562177538872,1.7881394143159923e-08,1.0,0
reference,0,2,20,335,317,335,4,True,0.08219178082191782,0.010051606222987175,0.024228975176811218,-4.17232506322307e-08,0.9999999403953552,0
reference,0,3,30,320,317,320,4,True,0.12328767123287673,0.03519599884748459,0.034814562648534775,2.3841858265427618e-08,0.9999999403953552,0
reference,0,4,40,318,317,318,4,True,0.12876712328767123,0.04065687581896782,0.03371402248740196,1.1920929132713809e-08,1.0,0
reference,0,5,50,317,317,322,4,True,0.11780821917808218,0.03884073346853256,0.041444554924964905,-8.34465012644614e-08,0.9999999403953552,0
reference,0,6,60,309,309,311,4,True,0.14794520547945206,0.026144925504922867,0.045588672161102295,-2.3841858265427618e-08,0.9999998211860657,0
reference,0,7,70,307,307,307,4,True,0.15890410958904108,0.044677454978227615,0.04162956029176712,-5.960464477539063e-08,1.0,0
reference,0,8,80,322,307,323,4,True,0.11506849315068494,0.026719773188233376,0.03338072448968887,-2.3841858265427618e-08,0.9999998807907104,0
reference,0,9,90,317,307,317,4,True,0.1315068493150685,0.06964956223964691,0.0458509661257267,-1.4305115314527939e-07,1.0,0
reference,0,10,100,324,307,328,4,True,0.10136986301369864,0.05692681670188904,0.04298174008727074,7.152557657263969e-08,1.0,0
reference,0,11,110,329,307,329,4,True,0.09863013698630137,0.047335945069789886,0.025790985673666,3.5762788286319847e-08,1.0,0
reference,0,12,120,314,307,316,4,True,0.13424657534246576,0.0447714626789093,0.0490339957177639,-2.3841858265427618e-08,0.9999999403953552,0
reference,0,13,130,311,307,311,4,True,0.14794520547945206,0.04623381048440933,0.044359240680933,-3.5762788286319847e-08,0.9999999403953552,0
reference,0,14,140,321,307,321,4,True,0.12054794520547944,0.04078291729092598,0.03869372233748436,-2.9802322387695312e-08,0.9999999403953552,0
reference,0,15,150,313,307,313,4,True,0.1424657534246575,0.04890717938542366,0.037871167063713074,4.7683716530855236e-08,1.0,0
reference,0,16,160,318,307,319,4,True,0.12602739726027398,0.044227421283721924,0.0381324365735054,0.0,1.0,0
reference,0,17,170,312,307,312,4,True,0.14520547945205478,0.055913716554641724,0.04258754104375839,-8.34465012644614e-08,1.0000001192092896,0
reference,0,18,180,320,307,320,4,True,0.12328767123287673,0.025374192744493484,0.03563278540968895,-4.17232506322307e-08,1.0,0
reference,0,19,190,314,307,317,4,True,0.13150684931506848,0.03463521599769592,0.0434420108795166,-5.9604645663569045e-09,1.0,0
reference,0,20,200,321,307,325,4,True,0.10958904109589043,0.017793258652091026,0.0361340157687664,3.5762788286319847e-08,0.9999999403953552,0
reference,0,21,210,315,307,319,4,True,0.12602739726027398,0.02725747600197792,0.03568495064973831,2.3841858265427618e-08,0.9999999403953552,0
reference,0,22,220,320,307,320,4,True,0.1232876712328767,0.04165852814912796,0.04055123031139374,-7.748603536583687e-08,0.9999999403953552,0
reference,0,23,230,300,300,300,4,True,0.1780821917808219,0.05894668027758598,0.04413719102740288,-1.3113022134803032e-07,1.0,0
reference,0,24,240,320,300,323,4,True,0.11506849315068492,0.04222751036286354,0.0431126169860363,-8.940696716308594e-08,1.0,0
reference,0,25,250,311,300,311,4,True,0.14794520547945209,0.04684040695428848,0.03955748304724693,-2.9802322387695312e-08,1.0000001192092896,0
reference,0,26,260,324,300,324,4,True,0.11232876712328768,0.0397043377161026,0.028997568413615227,-1.370906801412275e-07,1.0,0
reference,0,27,270,323,300,323,4,True,0.11506849315068493,0.05543002486228943,0.032999347895383835,2.3841858265427618e-08,0.9999999403953552,0
reference,0,28,280,316,300,325,4,True,0.10958904109589042,0.0204454455524683,0.033989839255809784,5.9604645663569045e-09,1.0,0
reference,0,29,290,318,300,318,4,True,0.12876712328767123,0.05735667422413826,0.0364411361515522,-7.152557657263969e-08,1.0,0
reference,0,30,300,326,300,326,4,True,0.10684931506849316,0.04176189377903938,0.02881542220711708,1.7881394143159923e-08,1.0,0
reference,0,31,310,317,300,317,4,True,0.13150684931506845,0.05128684639930725,0.030435072258114815,5.960464477539063e-08,0.9999999403953552,0
reference,0,32,320,314,300,320,4,True,0.12328767123287669,0.03149142116308212,0.04706262797117233,1.1920929132713809e-08,0.9999999403953552,0
reference,0,33,330,317,300,317,4,True,0.13150684931506848,0.06294848024845123,0.03241453692317009,2.1457671550706436e-07,1.0,0
reference,0,34,340,310,300,316,4,True,0.13424657534246578,0.026453932747244835,0.04217826575040817,4.7683716530855236e-08,1.0000001192092896,0
reference,0,35,350,317,300,317,4,True,0.13150684931506848,0.05630208179354668,0.03853316605091095,-5.960464477539063e-08,0.9999998807907104,0
reference,0,36,360,320,300,320,4,True,0.1232876712328767,0.07060477137565613,0.03296428546309471,3.5762788286319847e-08,1.0,0
reference,0,37,370,317,300,317,4,True,0.13150684931506848,0.038233619183301926,0.03394964709877968,5.9604645663569045e-09,1.0,0
reference,0,38,380,320,300,321,4,True,0.12054794520547944,0.03685533255338669,0.03734038770198822,9.536743306171047e-08,1.0000001192092896,0
reference,0,39,390,321,300,321,4,True,0.12054794520547944,0.04470133036375046,0.03759722784161568,5.364417887676609e-08,1.0,0
reference,0,40,400,324,300,324,4,True,0.11232876712328767,0.026048341765999794,0.0306000504642725,0.0,0.9999999403953552,0
reference,0,41,410,308,300,311,4,True,0.14794520547945206,0.029266830533742905,0.044157475233078,1.7881394143159923e-08,0.9999999403953552,0
reference,0,42,420,325,300,325,4,True,0.1095890410958904,0.0525553897023201,0.03409172222018242,-2.3841858265427618e-08,1.0,0
reference,0,43,430,314,300,314,4,True,0.1397260273972603,0.037172798067331314,0.04093440994620323,-3.5762788286319847e-08,1.0,0
reference,0,44,440,313,300,313,4,True,0.14246575342465756,0.0444735512137413,0.03527892753481865,9.834766245830906e-08,1.0,0
reference,0,45,450,314,300,316,4,True,0.13424657534246578,0.022073429077863693,0.04081669822335243,-1.7881394143159923e-08,0.9999999403953552,0
reference,0,46,460,330,300,330,4,True,0.0958904109589041,0.038577884435653687,0.03567623719573021,-3.5762788286319847e-08,0.9999999403953552,0
reference,0,47,470,324,300,324,4,True,0.11232876712328768,0.042084723711013794,0.03259298950433731,-1.1920928955078125e-07,0.9999998807907104,0
reference,0,48,480,318,300,322,4,True,0.11780821917808217,0.027052870020270348,0.036454055458307266,-1.7881394143159923e-08,1.0,0
reference,0,49,490,312,300,312,4,True,0.14520547945205478,0.0460287481546402,0.038316261023283005,-2.3841858265427618e-08,0.9999999403953552,0
reference,0,50,500,315,300,315,4,True,0.136986301369863,0.06062190979719162,0.044502533972263336,1.1920929132713809e-08,1.0,0
reference,0,51,510,324,300,324,4,True,0.11232876712328767,0.02572735585272312,0.030013127252459526,-7.152557657263969e-08,0.9999999403953552,0
reference,0,52,520,305,300,305,4,True,0.1643835616438356,0.04395761340856552,0.05033282935619354,-1.3113022134803032e-07,0.9999999403953552,0
reference,0,53,530,333,300,334,4,True,0.08493150684931507,0.014478144235908985,0.02819581888616085,-2.3841858265427618e-08,1.0,0
reference,0,54,540,313,300,313,4,True,0.14246575342465753,0.05273805186152458,0.034609321504831314,-3.5762788286319847e-08,0.9999999403953552,0
reference,0,55,550,322,300,322,4,True,0.11780821917808217,0.04444432258605957,0.03552490472793579,3.5762788286319847e-08,1.0,0
reference,0,56,560,323,300,328,4,True,0.10136986301369863,0.024920593947172165,0.033472031354904175,1.0728835775353218e-07,1.0000001192092896,0
reference,0,57,570,324,300,324,4,True,0.11232876712328765,0.03284067288041115,0.03496772050857544,-5.960464477539063e-08,0.9999999403953552,0
reference,0,58,580,313,300,313,4,True,0.14246575342465753,0.03860596567392349,0.03803383186459541,-5.960464477539063e-08,1.0,0
reference,0,59,590,321,300,322,4,True,0.1178082191780822,0.030847882851958275,0.0420263297855854,1.1920929132713809e-08,1.0000001192092896,0
reference,0,60,600,330,300,330,4,True,0.0958904109589041,0.04729189723730087,0.03674912452697754,4.7683716530855236e-08,1.0,0
reference,0,61,610,309,300,309,4,True,0.15342465753424658,0.0554368682205677,0.045859768986701965,-9.536743306171047e-08,0.9999999403953552,0
reference,0,62,620,312,300,316,4,True,0.13424657534246573,0.032972585409879684,0.04005702584981918,5.364417887676609e-08,1.0,0
reference,0,63,630,323,300,323,4,True,0.11506849315068493,0.06128322333097458,0.028589600697159767,0.0,1.0,0
reference,0,64,640,313,300,314,4,True,0.13972602739726028,0.0431319996714592,0.03768305107951164,-7.152557657263969e-08,0.9999998807907104,0
reference,0,65,650,319,300,319,4,True,0.12602739726027398,0.04728875681757927,0.035219501703977585,0.0,1.0,0
reference,0,66,660,303,300,305,4,True,0.16438356164383564,0.04228365421295166,0.0472208708524704,4.17232506322307e-08,0.9999999403953552,0
reference,0,67,670,325,300,325,4,True,0.1095890410958904,0.01759394444525242,0.03177176043391228,1.7881394143159923e-08,1.0,0
reference,0,68,680,310,300,313,4,True,0.14246575342465753,0.036087024956941605,0.05341513827443123,5.9604645663569045e-09,1.0,0
reference,0,69,690,328,300,329,4,True,0.09863013698630138,0.03577549010515213,0.03492628037929535,-3.5762788286319847e-08,1.0,0
reference,0,70,700,316,300,316,4,True,0.13424657534246576,0.06778618693351746,0.03707432001829147,-1.7881393432617188e-07,1.0,0
reference,0,71,710,319,300,319,4,True,0.12602739726027398,0.051898784935474396,0.03147218003869057,-6.556511067401516e-08,0.9999999403953552,0
reference,0,72,720,310,300,310,4,True,0.15068493150684933,0.03580489382147789,0.04257040098309517,5.364417887676609e-08,1.0,0
reference,0,73,730,308,300,311,4,True,0.14794520547945206,0.061774928122758865,0.04538622871041298,4.7683716530855236e-08,1.0,0
reference,0,74,740,317,300,317,4,True,0.1315068493150685,0.05039481446146965,0.041434139013290405,-5.960464477539063e-08,1.0,0
reference,0,75,750,314,300,314,4,True,0.13972602739726026,0.04051563888788223,0.03840381279587746,0.0,1.0,0
reference,0,76,760,312,300,312,4,True,0.1452054794520548,0.046080395579338074,0.034697383642196655,-1.1920929132713809e-08,0.9999999403953552,0
reference,0,77,770,313,300,313,4,True,0.14246575342465753,0.036273617297410965,0.038930751383304596,-3.5762788286319847e-08,0.9999999403953552,0
reference,0,78,780,309,300,309,4,True,0.15342465753424658,0.0572185218334198,0.05268121138215065,-1.4901161193847656e-07,0.9999999403953552,0
reference,0,79,790,309,300,311,4,True,0.14794520547945203,0.05531433969736099,0.05008695647120476,-1.1920929132713809e-08,1.0,0
reference,0,80,800,322,300,322,4,True,0.11780821917808218,0.05319807678461075,0.04225402697920799,-8.940696716308594e-08,1.0000001192092896,0
reference,0,81,810,314,300,314,4,True,0.13972602739726028,0.03903532400727272,0.03570278733968735,-2.9802322387695312e-08,1.0,0
reference,0,82,820,314,300,314,4,True,0.13972602739726028,0.06414717435836792,0.03732512146234512,5.9604645663569045e-09,1.0,0
reference,0,83,830,312,300,312,4,True,0.14520547945205478,0.04794645681977272,0.04751601442694664,1.1920929132713809e-08,1.0,0
reference,0,84,840,327,300,328,4,True,0.10136986301369862,0.046413030475378036,0.03131644055247307,9.536743306171047e-08,0.9999999403953552,0
reference,0,85,850,315,300,315,4,True,0.13698630136986303,0.04754370450973511,0.0450253039598465,7.152557657263969e-08,0.9999999403953552,0
reference,0,86,860,308,300,309,4,True,0.15342465753424656,0.035076167434453964,0.044163309037685394,6.556511067401516e-08,0.9999999403953552,0
reference,0,87,870,311,300,311,4,True,0.14794520547945206,0.07603132724761963,0.03957081958651543,-1.4305115314527939e-07,0.9999999403953552,0
reference,0,88,880,307,300,307,4,True,0.1589041095890411,0.04858025908470154,0.04580182582139969,-3.5762788286319847e-08,0.9999999403953552,0
reference,0,89,890,320,300,320,4,True,0.12328767123287672,0.031005550175905228,0.03183590993285179,-9.387731836341118e-08,0.9999999403953552,0
reference,0,90,900,323,300,323,4,True,0.11506849315068493,0.046296752989292145,0.0312904492020607,-2.3841858265427618e-08,1.0000001192092896,0
reference,0,91,910,314,300,320,4,True,0.12328767123287672,0.020004715770483017,0.03815139830112457,0.0,1.0,0
reference,0,92,920,311,300,311,4,True,0.14794520547945206,0.06567513197660446,0.04464436322450638,-5.960464477539063e-08,1.0,0
reference,0,93,930,320,300,322,4,True,0.11780821917808218,0.03993935510516167,0.04402165114879608,5.9604645663569045e-09,1.0,0
reference,0,94,940,321,300,321,4,True,0.12054794520547947,0.03171917796134949,0.033946361392736435,-8.940696716308594e-08,0.9999998211860657,0
reference,0,95,950,318,300,318,4,True,0.12876712328767123,0.04683584347367287,0.03684224188327789,-4.7683716530855236e-08,0.9999999403953552,0
reference,0,96,960,322,300,322,4,True,0.1178082191780822,0.041167255491018295,0.03325190022587776,8.34465012644614e-08,1.0000001192092896,0
reference,0,97,970,313,300,313,4,True,0.14246575342465753,0.03118862770497799,0.0399276539683342,-2.3841858265427618e-08,0.9999999403953552,0
reference,0,98,980,319,300,319,4,True,0.12602739726027398,0.06303060799837112,0.03489135578274727,-8.34465012644614e-08,1.0000001192092896,0
reference,0,99,990,315,300,317,4,True,0.13150684931506854,0.05277859419584274,0.054066192358732224,-2.3841858265427618e-08,1.0,0
reference,0,100,1000,328,300,328,4,True,0.1013698630136986,0.049351491034030914,0.0345202200114727,-1.1920928955078125e-07,1.0,0
reference,1,1,10,330,330,330,4,True,0.09589041095890412,0.03472050651907921,0.026461539790034294,-5.9604645663569045e-09,1.0,0
reference,1,2,20,334,330,334,4,True,0.08493150684931507,0.03023337759077549,0.024878278374671936,-1.370906801412275e-07,1.0,0
reference,1,3,30,321,321,322,4,True,0.11780821917808221,0.023803088814020157,0.03386804461479187,0.0,1.0,0
reference,1,4,40,319,319,319,4,True,0.12602739726027395,0.04191630333662033,0.03933611884713173,4.7683716530855236e-08,1.0000001192092896,0
reference,1,5,50,312,312,314,4,True,0.13972602739726026,0.03158184140920639,0.04067292809486389,-5.960464477539063e-08,1.0,0
reference,1,6,60,325,312,350,3,True,0.041095890410958916,-0.04511157423257828,0.03171244636178017,4.7683716530855236e-08,1.0,0
reference,1,7,70,311,311,315,4,True,0.136986301369863,0.030360057950019836,0.041930731385946274,2.3841858265427618e-08,1.0,0
reference,1,8,80,347,311,354,4,True,0.030136986301369868,-0.0009181380155496299,0.013167682103812695,7.450580596923828e-09,1.0,0
reference,1,9,90,333,311,334,4,True,0.08493150684931507,0.023267559707164764,0.031120583415031433,1.1920929132713809e-08,0.9999998807907104,0
reference,1,10,100,344,311,347,4,True,0.049315068493150684,0.012707864865660667,0.016892042011022568,5.960464477539063e-08,1.0000001192092896,0
reference,1,11,110,324,311,324,4,True,0.11232876712328768,0.030473630875349045,0.0374288372695446,5.364417887676609e-08,1.0,0
reference,1,12,120,322,311,323,4,True,0.11506849315068492,0.04305991530418396,0.035085588693618774,1.1920929132713809e-08,1.0,0
reference,1,13,130,319,311,319,4,True,0.12602739726027398,0.04110660403966904,0.03133929893374443,0.0,1.0000001192092896,0
reference,1,14,140,323,311,323,4,True,0.11506849315068493,0.0520707368850708,0.03883441165089607,-1.01327898960335e-07,1.0,0
reference,1,15,150,317,311,317,4,True,0.13150684931506848,0.06530033051967621,0.04307162016630173,4.7683716530855236e-08,1.0,0
reference,1,16,160,320,311,325,4,True,0.10958904109589042,0.026751890778541565,0.041961196810007095,2.3841858265427618e-08,1.0,0
reference,1,17,170,332,311,332,4,True,0.09041095890410958,0.024177521467208862,0.027735354378819466,1.1920929132713809e-08,1.0,0
reference,1,18,180,314,311,314,4,True,0.13972602739726028,0.04536014050245285,0.034554000943899155,2.3841858265427618e-08,0.9999999403953552,0
reference,1,19,190,333,311,333,4,True,0.08767123287671234,0.027137285098433495,0.02619086764752865,3.5762788286319847e-08,1.0,0
reference,1,20,200,326,311,327,4,True,0.1041095890410959,0.0458468534052372,0.03800909221172333,-2.3841858265427618e-08,1.0000001192092896,0
reference,1,21,210,326,311,326,4,True,0.10684931506849316,0.04919445514678955,0.037609804421663284,-1.1920929132713809e-08,1.0,0
reference,1,22,220,337,311,338,4,True,0.07397260273972601,0.022021561861038208,0.02255932427942753,4.17232506322307e-08,1.0000001192092896,0
reference,1,23,230,321,311,321,4,True,0.12054794520547944,0.04669729992747307,0.032727912068367004,8.34465012644614e-08,0.9999999403953552,0
reference,1,24,240,318,311,319,4,True,0.12602739726027398,0.033822160214185715,0.04296689108014107,5.9604645663569045e-09,1.0000001192092896,0
reference,1,25,250,313,311,342,3,True,0.06301369863013699,-0.03733598440885544,0.040500372648239136,8.940696716308594e-08,1.0,0
reference,1,26,260,319,311,319,4,True,0.12602739726027395,0.03249688073992729,0.03430694714188576,-2.3841858265427618e-08,0.9999999403953552,0
reference,1,27,270,318,311,321,4,True,0.12054794520547946,0.02997075393795967,0.032701123505830765,-4.7683716530855236e-08,1.0,0
reference,1,28,280,332,311,335,4,True,0.08219178082191782,0.03697451949119568,0.022817939519882202,3.5762788286319847e-08,1.0000001192092896,0
reference,1,29,290,314,311,316,4,True,0.13424657534246576,0.04986868053674698,0.04138652980327606,-8.34465012644614e-08,1.0,0
reference,1,30,300,324,311,324,4,True,0.11232876712328768,0.03016282245516777,0.030220698565244675,-8.940697071579962e-09,0.9999999403953552,0
reference,1,31,310,320,311,320,4,True,0.1232876712328767,0.035409294068813324,0.042454175651073456,1.3113022134803032e-07,0.9999999403953552,0
reference,1,32,320,327,311,327,4,True,0.10410958904109588,0.022742588073015213,0.02801736444234848,2.9802322387695312e-08,0.9999999403953552,0
reference,1,33,330,319,311,322,4,True,0.11780821917808221,0.032032810151576996,0.03476123884320259,0.0,0.9999999403953552,0
reference,1,34,340,319,311,319,4,True,0.12602739726027398,0.0542416088283062,0.03907439857721329,5.960464477539063e-08,0.9999999403953552,0
reference,1,35,350,317,311,317,4,True,0.1315068493150685,0.04539794474840164,0.043324634432792664,-3.5762788286319847e-08,0.9999999403953552,0
reference,1,36,360,324,311,324,4,True,0.11232876712328767,0.028843561187386513,0.028808806091547012,-4.7683716530855236e-08,1.0,0
reference,1,37,370,316,311,319,4,True,0.12602739726027398,0.032625988125801086,0.033979564905166626,7.152557657263969e-08,1.0000001192092896,0
reference,1,38,380,325,311,325,4,True,0.10958904109589042,0.048687711358070374,0.02772483602166176,-1.1920929132713809e-08,1.0,0
reference,1,39,390,327,311,327,4,True,0.10410958904109588,0.028458137065172195,0.02860151045024395,2.3841858265427618e-08,1.0000001192092896,0
reference,1,40,400,321,311,321,4,True,0.12054794520547946,0.05496831610798836,0.03556777164340019,4.7683716530855236e-08,1.0,0
reference,1,41,410,328,311,329,4,True,0.09863013698630137,0.043670665472745895,0.027461305260658264,2.3841858265427618e-08,1.0,0
reference,1,42,420,317,311,347,3,True,0.04931506849315068,-0.029614388942718506,0.04487081244587898,1.01327898960335e-07,1.0,0
reference,1,43,430,326,311,328,4,True,0.10136986301369862,0.04330586642026901,0.034071631729602814,-3.5762788286319847e-08,1.0,0
reference,1,44,440,324,311,326,4,True,0.10684931506849316,0.048946771770715714,0.03615177795290947,-5.960464477539063e-08,1.0,0
reference,1,45,450,333,311,333,4,True,0.08767123287671234,0.04478960484266281,0.027463994920253754,-4.7683716530855236e-08,1.0,0
reference,1,46,460,326,311,326,4,True,0.10684931506849314,0.024796869605779648,0.03327840939164162,0.0,1.0,0
reference,1,47,470,327,311,329,4,True,0.09863013698630135,0.01599680632352829,0.02902725711464882,5.9604645663569045e-09,0.9999998807907104,0
reference,1,48,480,318,311,318,4,True,0.12876712328767123,0.03321606293320656,0.033998165279626846,-1.1920929132713809e-08,1.0,0
reference,1,49,490,318,311,318,4,True,0.12876712328767123,0.04053536057472229,0.03951136767864227,1.1920929132713809e-08,0.9999999403953552,0
reference,1,50,500,327,311,347,3,True,0.049315068493150704,-0.022953342646360397,0.03635479882359505,-1.1920929132713809e-08,1.0000001192092896,0
reference,1,51,510,305,305,305,4,True,0.1643835616438356,0.04729103296995163,0.046711064875125885,-4.7683716530855236e-08,1.0000001192092896,0
reference,1,52,520,325,305,325,4,True,0.10958904109589042,0.039170973002910614,0.03374328464269638,1.5497207073167374e-07,0.9999999403953552,0
reference,1,53,530,326,305,327,4,True,0.1041095890410959,0.022569315508008003,0.030618635937571526,4.17232506322307e-08,1.0,0
reference,1,54,540,320,305,320,4,True,0.1232876712328767,0.07117599248886108,0.025731878355145454,-1.9073486612342094e-07,1.0,0
reference,1,55,550,333,305,333,4,True,0.08767123287671233,0.05409984663128853,0.024047650396823883,-2.384185791015625e-07,1.0,0
reference,1,56,560,317,305,320,4,True,0.12328767123287673,0.022560784593224525,0.03685666620731354,5.960464477539063e-08,0.9999999403953552,0
reference,1,57,570,327,305,327,4,True,0.10410958904109588,0.048682961612939835,0.038709964603185654,-3.5762788286319847e-08,1.0,0
reference,1,58,580,337,305,337,4,True,0.07671232876712329,0.053468458354473114,0.023015955463051796,1.1920928955078125e-07,1.0,0
reference,1,59,590,334,305,336,4,True,0.07945205479452054,0.03552309423685074,0.03799222409725189,-1.1920929132713809e-08,0.9999999403953552,0
reference,1,60,600,325,305,328,4,True,0.10136986301369863,0.014617249369621277,0.03609805926680565,5.06639494801675e-08,1.0,0
reference,1,61,610,318,305,318,4,True,0.12876712328767123,0.044292353093624115,0.03191930055618286,-1.1920929132713809e-08,0.9999999403953552,0
reference,1,62,620,324,305,324,4,True,0.11232876712328767,0.04086335375905037,0.02516758441925049,-1.3113022134803032e-07,1.0,0
reference,1,63,630,316,305,316,4,True,0.13424657534246576,0.0320562981069088,0.0386861190199852,6.556511067401516e-08,1.0,0
reference,1,64,640,322,305,322,4,True,0.11780821917808218,0.03707677870988846,0.029068617150187492,-1.7881394143159923e-08,1.0,0
reference,1,65,650,325,305,325,4,True,0.10958904109589042,0.03688538819551468,0.03831108286976814,-5.960464477539063e-08,0.9999999403953552,0
reference,1,66,660,334,305,334,4,True,0.08493150684931505,0.029764574021100998,0.02677217684686184,-5.960464477539063e-08,0.9999999403953552,0
reference,1,67,670,329,305,329,4,True,0.09863013698630137,0.030985411256551743,0.034915097057819366,3.5762788286319847e-08,1.0,0
reference,1,68,680,324,305,324,4,True,0.11232876712328767,0.034882813692092896,0.026693549007177353,4.7683716530855236e-08,1.0,0
reference,1,69,690,329,305,336,4,True,0.07945205479452054,0.016775693744421005,0.043317120522260666,3.5762788286319847e-08,1.0,0
reference,1,70,700,312,305,312,4,True,0.14520547945205478,0.047551341354846954,0.03703488036990166,0.0,1.0,0
reference,1,71,710,323,305,323,4,True,0.11506849315068493,0.06626464426517487,0.018878456205129623,-4.410743770222325e-07,1.0000001192092896,0
reference,1,72,720,320,305,321,4,True,0.12054794520547944,0.03166972100734711,0.032908931374549866,1.7881394143159923e-08,1.0,0
reference,1,73,730,327,305,327,4,True,0.10410958904109589,0.04170716553926468,0.042611297219991684,-1.1920929132713809e-08,0.9999999403953552,0
reference,1,74,740,319,305,319,4,True,0.12602739726027398,0.037553127855062485,0.031257349997758865,-1.1920929132713809e-08,0.9999999403953552,0
reference,1,75,750,318,305,319,4,True,0.12602739726027398,0.03563975542783737,0.04409495368599892,0.0,1.0,0
reference,1,76,760,319,305,319,4,True,0.12602739726027395,0.045167338103055954,0.0440126396715641,9.536743306171047e-08,1.0,0
reference,1,77,770,311,305,311,4,True,0.14794520547945203,0.0582691915333271,0.04429803416132927,-4.7683716530855236e-08,1.0,0
reference,1,78,780,327,305,329,4,True,0.09863013698630135,0.014653119258582592,0.02924647554755211,-1.1920929132713809e-08,0.9999999403953552,0
reference,1,79,790,329,305,348,3,True,0.04657534246575342,-0.003889587474986911,0.03148934990167618,0.0,1.0,0
reference,1,80,800,319,305,319,4,True,0.12602739726027398,0.06484191864728928,0.043023914098739624,-4.7683716530855236e-08,1.0,0
reference,1,81,810,320,305,324,4,True,0.11232876712328767,0.03780459612607956,0.044579461216926575,-3.5762788286319847e-08,0.9999999403953552,0
reference,1,82,820,322,305,322,4,True,0.11780821917808221,0.06136326864361763,0.03345198184251785,-9.536743306171047e-08,1.0000001192092896,0
reference,1,83,830,326,305,326,4,True,0.10684931506849317,0.030919354408979416,0.029813969507813454,6.556511067401516e-08,1.0,0
reference,1,84,840,323,305,326,4,True,0.10684931506849314,0.02480430342257023,0.03830479457974434,-5.364417887676609e-08,1.0,0
reference,1,85,850,330,305,330,4,True,0.0958904109589041,0.05088824778795242,0.023377224802970886,-7.152557657263969e-08,1.0000001192092896,0
reference,1,86,860,328,305,328,4,True,0.10136986301369862,0.047961339354515076,0.04081306606531143,-1.7881394143159923e-08,0.9999999403953552,0
reference,1,87,870,320,305,320,4,True,0.12328767123287673,0.03632226586341858,0.03127659484744072,-4.7683716530855236e-08,1.0,0
reference,1,88,880,332,305,333,4,True,0.08767123287671233,0.048297248780727386,0.033846113830804825,0.0,0.9999999403953552,0
reference,1,89,890,321,305,321,4,True,0.12054794520547946,0.028406286612153053,0.03224524110555649,8.34465012644614e-08,1.0,0
reference,1,90,900,315,305,315,4,True,0.13698630136986303,0.07245209068059921,0.03618086874485016,4.17232506322307e-08,1.0000001192092896,0
reference,1,91,910,312,305,313,4,True,0.14246575342465753,0.03157930076122284,0.041468750685453415,-3.5762788286319847e-08,0.9999999403953552,0
reference,1,92,920,320,305,320,4,True,0.12328767123287672,0.05385420471429825,0.04438983276486397,-5.960464477539063e-08,1.0,0
reference,1,93,930,313,305,313,4,True,0.14246575342465753,0.056950099766254425,0.033832237124443054,1.1920929132713809e-08,0.9999998807907104,0
reference,1,94,940,336,305,337,4,True,0.07671232876712326,0.028624892234802246,0.022669082507491112,5.960464477539063e-08,1.0,0
reference,1,95,950,320,305,321,4,True,0.12054794520547946,0.034434862434864044,0.030799657106399536,8.34465012644614e-08,1.0,0
reference,1,96,960,319,305,319,4,True,0.12602739726027395,0.03844643756747246,0.031143568456172943,5.960464477539063e-08,0.9999998807907104,0
reference,1,97,970,318,305,318,4,True,0.1287671232876712,0.04774095118045807,0.034802161157131195,0.0,0.9999998807907104,0
reference,1,98,980,316,305,317,4,True,0.1315068493150685,0.03577888384461403,0.03751940280199051,-2.3841858265427618e-08,1.0000001192092896,0
reference,1,99,990,328,305,328,4,True,0.10136986301369864,0.02130420319736004,0.028423769399523735,1.7881394143159923e-08,1.0,0
reference,1,100,1000,318,305,342,3,True,0.06301369863013698,-0.027060091495513916,0.03683607280254364,4.7683716530855236e-08,0.9999999403953552,0
reference,2,1,10,323,323,324,4,True,0.11232876712328765,0.028994565829634666,0.030491933226585388,2.3841858265427618e-08,0.9999999403953552,0
reference,2,2,20,316,316,316,4,True,0.13424657534246576,0.04607280343770981,0.03931386396288872,7.152557657263969e-08,1.0,0
reference,2,3,30,332,316,332,4,True,0.09041095890410958,0.056917764246463776,0.021922321990132332,-9.536743306171047e-08,1.0,0
reference,2,4,40,322,316,324,4,True,0.11232876712328768,0.033264514058828354,0.03194071352481842,-7.152557657263969e-08,1.0,0
reference,2,5,50,320,316,320,4,True,0.12328767123287675,0.02858179248869419,0.03280877321958542,-9.536743306171047e-08,0.9999999403953552,0
reference,2,6,60,322,316,322,4,True,0.1178082191780822,0.032453298568725586,0.034986406564712524,2.9802322387695312e-08,1.0,0
reference,2,7,70,329,316,329,4,True,0.09863013698630138,0.040068354457616806,0.031007513403892517,7.748603536583687e-08,0.9999999403953552,0
reference,2,8,80,317,316,317,4,True,0.13150684931506848,0.0437912754714489,0.03372352570295334,3.5762788286319847e-08,1.0,0
reference,2,9,90,313,313,313,4,True,0.1424657534246575,0.041699714958667755,0.043971478939056396,7.152557657263969e-08,1.0,0
reference,2,10,100,321,313,321,4,True,0.12054794520547946,0.06430846452713013,0.037050098180770874,3.5762788286319847e-08,0.9999999403953552,0
reference,2,11,110,318,313,318,4,True,0.12876712328767123,0.04259861633181572,0.04091229289770126,-4.7683716530855236e-08,1.0,0
reference,2,12,120,315,313,316,4,True,0.13424657534246573,0.04013219475746155,0.04248422011733055,-5.9604645663569045e-09,1.0,0
reference,2,13,130,319,313,323,4,True,0.11506849315068492,0.04046007618308067,0.044578686356544495,1.0728835775353218e-07,1.0,0
reference,2,14,140,327,313,327,4,True,0.10410958904109589,0.03087518736720085,0.025593359023332596,-7.152557657263969e-08,1.0,0
reference,2,15,150,317,313,317,4,True,0.13150684931506848,0.058130402117967606,0.0380425751209259,7.152557657263969e-08,1.0,0
reference,2,16,160,323,313,323,4,True,0.11506849315068492,0.051458120346069336,0.043386537581682205,-2.3841858265427618e-08,1.0,0
reference,2,17,170,328,313,328,4,True,0.10136986301369862,0.03900368511676788,0.03982619568705559,3.5762788286319847e-08,1.0,0
reference,2,18,180,324,313,327,4,True,0.10410958904109589,0.03542371094226837,0.032580576837062836,0.0,1.0,0
reference,2,19,190,326,313,363,3,True,0.005479452054794512,-0.045323535799980164,0.041294459253549576,-7.152557657263969e-08,1.0,0
reference,2,20,200,327,313,340,3,True,0.06849315068493153,-0.004059746395796537,0.029291490092873573,3.278255533700758e-08,0.9999999403953552,0
reference,2,21,210,311,311,311,4,True,0.14794520547945206,0.054900944232940674,0.04394999146461487,3.5762788286319847e-08,1.0,0
reference,2,22,220,322,311,322,4,True,0.11780821917808218,0.05565928667783737,0.03304366022348404,1.1920929132713809e-08,0.9999998807907104,0
reference,2,23,230,317,311,317,4,True,0.1315068493150685,0.033382099121809006,0.037256624549627304,1.01327898960335e-07,0.9999998807907104,0
reference,2,24,240,313,311,315,4,True,0.13698630136986306,0.02780885435640812,0.03991662338376045,-5.9604645663569045e-09,0.9999998807907104,0
reference,2,25,250,320,311,321,4,True,0.12054794520547947,0.0316697396337986,0.04323885962367058,-4.17232506322307e-08,0.9999999403953552,0
reference,2,26,260,320,311,320,4,True,0.12328767123287668,0.05543363839387894,0.02983378991484642,-4.7683716530855236e-08,1.0,0
reference,2,27,270,325,311,325,4,True,0.1095890410958904,0.052608292549848557,0.0370144359767437,-7.152557657263969e-08,1.0,0
reference,2,28,280,324,311,324,4,True,0.11232876712328768,0.0338372141122818,0.02748434990644455,2.3841858265427618e-08,0.9999999403953552,0
reference,2,29,290,320,311,320,4,True,0.1232876712328767,0.04518885537981987,0.028883762657642365,1.1920928955078125e-07,1.0,0
reference,2,30,300,337,311,337,4,True,0.07671232876712329,0.04016055911779404,0.013972979038953781,3.516674098591466e-07,1.0,0
reference,2,31,310,332,311,335,4,True,0.08219178082191782,0.0264277346432209,0.029189351946115494,0.0,0.9999999403953552,0
reference,2,32,320,317,311,321,4,True,0.12054794520547944,0.0245191790163517,0.03823995217680931,2.9802322387695312e-08,0.9999999403953552,0
reference,2,33,330,326,311,326,4,True,0.10684931506849314,0.03616134077310562,0.031471870839595795,3.5762788286319847e-08,1.0,0
reference,2,34,340,320,311,321,4,True,0.12054794520547944,0.03047112189233303,0.03543196991086006,4.7683716530855236e-08,1.0000001192092896,0
reference,2,35,350,320,311,323,4,True,0.11506849315068493,0.04695457965135574,0.031639162451028824,2.3841858265427618e-08,0.9999998807907104,0
reference,2,36,360,321,311,321,4,True,0.12054794520547947,0.05143144726753235,0.03418189659714699,-1.7881394143159923e-08,1.0,0
reference,2,37,370,329,311,332,4,True,0.0904109589041096,0.00858294777572155,0.027945395559072495,-1.1920929132713809e-08,1.0,0
reference,2,38,380,318,311,320,4,True,0.12328767123287669,0.027670428156852722,0.04119037836790085,1.1920929132713809e-08,0.9999998211860657,0
reference,2,39,390,323,311,325,4,True,0.10958904109589042,0.03645823150873184,0.041132353246212006,1.1920929132713809e-08,0.9999998807907104,0
reference,2,40,400,324,311,325,4,True,0.10958904109589039,0.021793615072965622,0.031139811500906944,5.9604645663569045e-09,1.0,0
reference,2,41,410,322,311,328,4,True,0.10136986301369863,0.037957340478897095,0.036672841757535934,2.3841858265427618e-08,1.0,0
reference,2,42,420,318,311,318,4,True,0.1287671232876712,0.03872942179441452,0.040508370846509933,-4.7683716530855236e-08,1.0,0
reference,2,43,430,321,311,321,4,True,0.12054794520547946,0.027039239183068275,0.035602446645498276,-4.7683716530855236e-08,0.9999999403953552,0
reference,2,44,440,316,311,323,4,True,0.11506849315068496,0.017277110368013382,0.03568399325013161,2.086162531611535e-08,1.0,0
reference,2,45,450,321,311,321,4,True,0.12054794520547943,0.043467771261930466,0.0379706546664238,-7.152557657263969e-08,1.0000001192092896,0
reference,2,46,460,317,311,318,4,True,0.12876712328767126,0.03120397962629795,0.0364997424185276,-5.9604645663569045e-09,1.0,0
reference,2,47,470,313,311,313,4,True,0.14246575342465753,0.03143364563584328,0.039952974766492844,-1.7881394143159923e-08,1.0,0
reference,2,48,480,324,311,325,4,True,0.10958904109589042,0.0400809682905674,0.03929201886057854,5.960464477539063e-08,1.0,0
reference,2,49,490,321,311,321,4,True,0.12054794520547947,0.04065493866801262,0.03331016004085541,2.3841858265427618e-08,0.9999998807907104,0
reference,2,50,500,317,311,319,4,True,0.12602739726027398,0.019097503274679184,0.03853275626897812,2.9802322387695312e-08,0.9999999403953552,0
reference,2,51,510,317,311,317,4,True,0.13150684931506845,0.04437614232301712,0.04456217586994171,2.3841858265427618e-08,1.0,0
reference,2,52,520,309,309,313,4,True,0.14246575342465753,0.048315949738025665,0.04361545667052269,4.7683716530855236e-08,1.0,0
reference,2,53,530,316,309,319,4,True,0.12602739726027398,0.027948245406150818,0.04058265686035156,-3.5762788286319847e-08,1.0,0
reference,2,54,540,320,309,320,4,True,0.12328767123287672,0.04530451446771622,0.038506411015987396,5.960464477539063e-08,0.9999999403953552,0
reference,2,55,550,331,309,331,4,True,0.09315068493150686,0.05071787163615227,0.025384100154042244,2.3841858265427618e-08,1.0,0
reference,2,56,560,312,309,315,4,True,0.13698630136986306,0.03337583690881729,0.039572522044181824,5.9604645663569045e-09,0.9999999403953552,0
reference,2,57,570,313,309,313,4,True,0.14246575342465753,0.047620661556720734,0.03883766755461693,-8.34465012644614e-08,1.0,0
reference,2,58,580,327,309,327,4,True,0.10410958904109589,0.0475054569542408,0.03188309818506241,-3.5762788286319847e-08,0.9999998211860657,0
reference,2,59,590,320,309,323,4,True,0.11506849315068492,0.03772786632180214,0.04160897433757782,-7.748603536583687e-08,1.0,0
reference,2,60,600,312,309,316,4,True,0.13424657534246578,0.02795518934726715,0.04055905342102051,2.3841858265427618e-08,1.0,0
reference,2,61,610,320,309,321,4,True,0.12054794520547946,0.027283724397420883,0.034910693764686584,5.364417887676609e-08,1.0,0
reference,2,62,620,313,309,313,4,True,0.14246575342465753,0.036304064095020294,0.037353742867708206,-2.086162531611535e-08,1.0,0
reference,2,63,630,319,309,319,4,True,0.12602739726027398,0.034857384860515594,0.03093959204852581,-1.5199184133507515e-07,1.0000001192092896,0
reference,2,64,640,324,309,329,4,True,0.09863013698630137,0.022694574669003487,0.03731751814484596,-3.5762788286319847e-08,1.0,0
reference,2,65,650,328,309,328,4,True,0.10136986301369862,0.03607320412993431,0.027800068259239197,-5.960464477539063e-08,1.0,0
reference,2,66,660,317,309,317,4,True,0.1315068493150685,0.04409389942884445,0.03657827153801918,-4.7683716530855236e-08,0.9999999403953552,0
reference,2,67,670,317,309,317,4,True,0.1315068493150685,0.039110034704208374,0.036015186458826065,9.536743306171047e-08,1.0,0
reference,2,68,680,316,309,316,4,True,0.13424657534246573,0.046197302639484406,0.042391445487737656,-1.4305115314527939e-07,1.0,0
reference,2,69,690,321,309,321,4,True,0.12054794520547944,0.04422055184841156,0.031188521534204483,-6.556511067401516e-08,0.9999999403953552,0
reference,2,70,700,317,309,317,4,True,0.13150684931506848,0.052246756851673126,0.04312645271420479,-4.7683716530855236e-08,1.0,0
reference,2,71,710,307,307,307,4,True,0.1589041095890411,0.039956238120794296,0.04345828667283058,-3.5762788286319847e-08,0.9999999403953552,0
reference,2,72,720,325,307,327,4,True,0.10410958904109588,0.02477286197245121,0.02896072156727314,2.3841858265427618e-08,1.0,0
reference,2,73,730,317,307,321,4,True,0.12054794520547947,0.023356962949037552,0.03640001267194748,4.17232506322307e-08,1.0,0
reference,2,74,740,309,307,309,4,True,0.15342465753424656,0.056955285370349884,0.04372284933924675,-3.5762788286319847e-08,0.9999998807907104,0
reference,2,75,750,313,307,313,4,True,0.14246575342465753,0.053691696375608444,0.03227388858795166,-7.152557657263969e-08,1.0,0
reference,2,76,760,320,307,329,4,True,0.09863013698630137,0.009667729958891869,0.03421492129564285,2.6822089438383045e-08,1.0000001192092896,0
reference,2,77,770,325,307,325,4,True,0.10958904109589042,0.030267562717199326,0.028634268790483475,-7.748603536583687e-08,0.9999998807907104,0
reference,2,78,780,313,307,313,4,True,0.1424657534246575,0.03429689258337021,0.042479295283555984,-7.748603536583687e-08,1.0,0
reference,2,79,790,314,307,317,4,True,0.1315068493150685,0.049382828176021576,0.04441182687878609,1.3113022134803032e-07,1.0,0
reference,2,80,800,318,307,318,4,True,0.12876712328767123,0.04606884717941284,0.03985591605305672,0.0,1.0,0
reference,2,81,810,306,306,306,4,True,0.16164383561643836,0.051981814205646515,0.044145964086055756,-2.3841858265427618e-08,1.0,0
reference,2,82,820,326,306,326,4,True,0.10684931506849316,0.04816301912069321,0.03907505422830582,5.9604645663569045e-09,1.0,0
reference,2,83,830,318,306,318,4,True,0.12876712328767123,0.04398871958255768,0.031654052436351776,-5.960464477539063e-08,1.0,0
reference,2,84,840,319,306,323,4,True,0.11506849315068494,0.019730545580387115,0.036472853273153305,-5.9604645663569045e-09,1.0,0
reference,2,85,850,319,306,320,4,True,0.12328767123287672,0.02558233216404915,0.035048458725214005,-5.960464477539063e-08,0.9999999403953552,0
reference,2,86,860,325,306,326,4,True,0.10684931506849314,0.03749516233801842,0.04078453406691551,-1.1920929132713809e-08,1.0,0
reference,2,87,870,320,306,321,4,True,0.12054794520547944,0.060228198766708374,0.04662401229143143,-2.3841858265427618e-08,1.0,0
reference,2,88,880,308,306,309,4,True,0.15342465753424664,0.04638166353106499,0.041906360536813736,3.5762788286319847e-08,1.0,0
reference,2,89,890,309,306,309,4,True,0.15342465753424658,0.03808360919356346,0.04156208783388138,-2.3841858265427618e-08,1.0,0
reference,2,90,900,317,306,320,4,True,0.1232876712328767,0.025533175095915794,0.03738034516572952,2.3841858265427618e-08,1.0,0
reference,2,91,910,319,306,319,4,True,0.12602739726027398,0.06023171544075012,0.03707129508256912,-2.3841858265427618e-08,1.0,0
reference,2,92,920,324,306,324,4,True,0.1123287671232877,0.04099586233496666,0.036759454756975174,1.0728835775353218e-07,1.0,0
reference,2,93,930,321,306,324,4,True,0.11232876712328764,0.02787870727479458,0.03613109514117241,1.7881394143159923e-08,0.9999998807907104,0
reference,2,94,940,329,306,329,4,True,0.09863013698630135,0.03799979388713837,0.03091987408697605,-3.5762788286319847e-08,1.0,0
reference,2,95,950,323,306,324,4,True,0.11232876712328767,0.024373387917876244,0.036726534366607666,1.1920929132713809e-08,1.0,0
reference,2,96,960,323,306,323,4,True,0.11506849315068492,0.04765638709068298,0.037436001002788544,2.3841858265427618e-08,1.0,0
reference,2,97,970,321,306,323,4,True,0.11506849315068492,0.03206467628479004,0.03535916283726692,5.960464477539063e-08,1.0,0
reference,2,98,980,313,306,313,4,True,0.14246575342465753,0.0633230060338974,0.03794668987393379,1.1920928955078125e-07,1.0,0
reference,2,99,990,328,306,328,4,True,0.10136986301369862,0.03825387731194496,0.0419703833758831,0.0,1.0,0
reference,2,100,1000,313,306,313,4,True,0.14246575342465753,0.04302186891436577,0.044367801398038864,2.3841858265427618e-08,1.0,0
A,0,1,10,317,317,320,4,True,0.12328767123287673,0.02535373903810978,0.04236562177538872,0.02535373903810978,0.04236562177538872,0
A,0,2,20,335,317,335,4,True,0.08219178082191782,0.010051606222987175,0.024228975176811218,0.010051606222987175,0.024228975176811218,0
A,0,3,30,320,317,320,4,True,0.12328767123287673,0.03519599884748459,0.034814562648534775,0.03519599884748459,0.034814562648534775,0
A,0,4,40,318,317,318,4,True,0.12876712328767123,0.04065687581896782,0.03371402248740196,0.04065687581896782,0.03371402248740196,0
A,0,5,50,317,317,322,4,True,0.11780821917808218,0.03884073346853256,0.041444554924964905,0.03884073346853256,0.041444554924964905,0
A,0,6,60,309,309,311,4,True,0.14794520547945206,0.026144925504922867,0.045588672161102295,0.026144925504922867,0.045588672161102295,0
A,0,7,70,307,307,307,4,True,0.15890410958904108,0.044677454978227615,0.04162956029176712,0.044677454978227615,0.04162956029176712,0
A,0,8,80,322,307,323,4,True,0.11506849315068494,0.026719773188233376,0.03338072448968887,0.026719773188233376,0.03338072448968887,0
A,0,9,90,317,307,317,4,True,0.1315068493150685,0.06964956223964691,0.0458509661257267,0.06964956223964691,0.0458509661257267,0
A,0,10,100,324,307,328,4,True,0.10136986301369864,0.05692681670188904,0.04298174008727074,0.05692681670188904,0.04298174008727074,0
A,0,11,110,333,307,335,4,True,0.08219178082191782,0.03112316131591797,0.02680858224630356,0.03112316131591797,0.02680858224630356,1
A,0,12,120,314,307,316,4,True,0.13424657534246576,0.0447714626789093,0.0490339957177639,0.0447714626789093,0.0490339957177639,0
A,0,13,130,311,307,311,4,True,0.14794520547945206,0.04623381048440933,0.044359240680933,0.04623381048440933,0.044359240680933,0
A,0,14,140,321,307,321,4,True,0.12054794520547944,0.04078291729092598,0.03869372233748436,0.04078291729092598,0.03869372233748436,0
A,0,15,150,313,307,313,4,True,0.1424657534246575,0.04890717938542366,0.037871167063713074,0.04890717938542366,0.037871167063713074,0
A,0,16,160,318,307,319,4,True,0.12602739726027398,0.044227421283721924,0.0381324365735054,0.044227421283721924,0.0381324365735054,0
A,0,17,170,312,307,312,4,True,0.14520547945205478,0.055913716554641724,0.04258754104375839,0.055913716554641724,0.04258754104375839,0
A,0,18,180,320,307,320,4,True,0.12328767123287673,0.025374192744493484,0.03563278540968895,0.025374192744493484,0.03563278540968895,0
A,0,19,190,314,307,315,4,True,0.136986301369863,0.03987454995512962,0.0433063842356205,0.03987454995512962,0.0433063842356205,1
A,0,20,200,321,307,325,4,True,0.10958904109589043,0.017793258652091026,0.0361340157687664,0.017793258652091026,0.0361340157687664,0
A,0,21,210,318,307,323,4,True,0.11506849315068497,0.015233971178531647,0.0366114117205143,0.015233971178531647,0.0366114117205143,2
A,0,22,220,320,307,320,4,True,0.1232876712328767,0.04165852814912796,0.04055123031139374,0.04165852814912796,0.04055123031139374,0
A,0,23,230,300,300,300,4,True,0.1780821917808219,0.05894668027758598,0.04413719102740288,0.05894668027758598,0.04413719102740288,0
A,0,24,240,326,300,326,4,True,0.10684931506849314,0.04049735143780708,0.03792749345302582,0.04049735143780708,0.03792749345302582,1
A,0,25,250,311,300,311,4,True,0.14794520547945203,0.04375525936484337,0.041981350630521774,0.04375525936484337,0.041981350630521774,1
A,0,26,260,324,300,324,4,True,0.11232876712328768,0.0397043377161026,0.028997568413615227,0.0397043377161026,0.028997568413615227,0
A,0,27,270,323,300,323,4,True,0.11506849315068493,0.05543002486228943,0.032999347895383835,0.05543002486228943,0.032999347895383835,0
A,0,28,280,316,300,325,4,True,0.10958904109589042,0.0204454455524683,0.033989839255809784,0.0204454455524683,0.033989839255809784,0
A,0,29,290,318,300,318,4,True,0.12876712328767123,0.05735667422413826,0.0364411361515522,0.05735667422413826,0.0364411361515522,0
A,0,30,300,322,300,322,4,True,0.11780821917808221,0.04973778501152992,0.031512338668107986,0.04973778501152992,0.031512338668107986,2
A,0,31,310,317,300,317,4,True,0.13150684931506848,0.05354694277048111,0.028183018788695335,0.05354694277048111,0.028183018788695335,1
A,0,32,320,314,300,320,4,True,0.12328767123287669,0.03149142116308212,0.04706262797117233,0.03149142116308212,0.04706262797117233,0
A,0,33,330,325,300,325,4,True,0.1095890410958904,0.05186104029417038,0.022730844095349312,0.05186104029417038,0.022730844095349312,2
A,0,34,340,310,300,316,4,True,0.13424657534246578,0.026453932747244835,0.04217826575040817,0.026453932747244835,0.04217826575040817,0
A,0,35,350,312,300,312,4,True,0.14520547945205478,0.0640060231089592,0.042297061532735825,0.0640060231089592,0.042297061532735825,2
A,0,36,360,330,300,331,4,True,0.09315068493150686,0.043560612946748734,0.03175659477710724,0.043560612946748734,0.03175659477710724,1
A,0,37,370,317,300,317,4,True,0.13150684931506848,0.038233619183301926,0.03394964709877968,0.038233619183301926,0.03394964709877968,0
A,0,38,380,320,300,321,4,True,0.12054794520547944,0.03685533255338669,0.03734038770198822,0.03685533255338669,0.03734038770198822,0
A,0,39,390,321,300,321,4,True,0.12054794520547944,0.04470133036375046,0.03759722784161568,0.04470133036375046,0.03759722784161568,0
A,0,40,400,324,300,324,4,True,0.11232876712328767,0.026048341765999794,0.0306000504642725,0.026048341765999794,0.0306000504642725,0
A,0,41,410,308,300,311,4,True,0.14794520547945206,0.029266830533742905,0.044157475233078,0.029266830533742905,0.044157475233078,0
A,0,42,420,324,300,324,4,True,0.11232876712328767,0.05645954608917236,0.03320932760834694,0.05645954608917236,0.03320932760834694,1
A,0,43,430,315,300,315,4,True,0.13698630136986303,0.036565471440553665,0.0391838476061821,0.036565471440553665,0.0391838476061821,1
A,0,44,440,313,300,313,4,True,0.14246575342465756,0.0444735512137413,0.03527892753481865,0.0444735512137413,0.03527892753481865,0
A,0,45,450,314,300,316,4,True,0.13424657534246578,0.022073429077863693,0.04081669822335243,0.022073429077863693,0.04081669822335243,0
A,0,46,460,330,300,330,4,True,0.0958904109589041,0.038577884435653687,0.03567623719573021,0.038577884435653687,0.03567623719573021,0
A,0,47,470,324,300,324,4,True,0.11232876712328768,0.042084723711013794,0.03259298950433731,0.042084723711013794,0.03259298950433731,0
A,0,48,480,318,300,322,4,True,0.11780821917808217,0.027052870020270348,0.036454055458307266,0.027052870020270348,0.036454055458307266,0
A,0,49,490,305,300,305,4,True,0.1643835616438356,0.0592842772603035,0.04250039905309677,0.0592842772603035,0.04250039905309677,1
A,0,50,500,315,300,315,4,True,0.136986301369863,0.06062190979719162,0.044502533972263336,0.06062190979719162,0.044502533972263336,0
A,0,51,510,324,300,324,4,True,0.11232876712328767,0.02572735585272312,0.030013127252459526,0.02572735585272312,0.030013127252459526,0
A,0,52,520,305,300,305,4,True,0.1643835616438356,0.04395761340856552,0.05033282935619354,0.04395761340856552,0.05033282935619354,0
A,0,53,530,333,300,334,4,True,0.08493150684931507,0.014478144235908985,0.02819581888616085,0.014478144235908985,0.02819581888616085,0
A,0,54,540,313,300,313,4,True,0.14246575342465753,0.05273805186152458,0.034609321504831314,0.05273805186152458,0.034609321504831314,0
A,0,55,550,322,300,322,4,True,0.11780821917808217,0.04444432258605957,0.03552490472793579,0.04444432258605957,0.03552490472793579,0
A,0,56,560,323,300,328,4,True,0.10136986301369863,0.024920593947172165,0.033472031354904175,0.024920593947172165,0.033472031354904175,0
A,0,57,570,324,300,324,4,True,0.11232876712328765,0.03284067288041115,0.03496772050857544,0.03284067288041115,0.03496772050857544,0
A,0,58,580,313,300,313,4,True,0.14246575342465753,0.03860596567392349,0.03803383186459541,0.03860596567392349,0.03803383186459541,0
A,0,59,590,321,300,322,4,True,0.1178082191780822,0.030847882851958275,0.0420263297855854,0.030847882851958275,0.0420263297855854,0
A,0,60,600,330,300,330,4,True,0.0958904109589041,0.04729189723730087,0.03674912452697754,0.04729189723730087,0.03674912452697754,0
A,0,61,610,309,300,309,4,True,0.15342465753424658,0.0554368682205677,0.045859768986701965,0.0554368682205677,0.045859768986701965,0
A,0,62,620,312,300,316,4,True,0.13424657534246573,0.032972585409879684,0.04005702584981918,0.032972585409879684,0.04005702584981918,0
A,0,63,630,323,300,323,4,True,0.11506849315068493,0.06128322333097458,0.028589600697159767,0.06128322333097458,0.028589600697159767,0
A,0,64,640,313,300,314,4,True,0.13972602739726028,0.0431319996714592,0.03768305107951164,0.0431319996714592,0.03768305107951164,0
A,0,65,650,319,300,319,4,True,0.12602739726027398,0.04728875681757927,0.035219501703977585,0.04728875681757927,0.035219501703977585,0
A,0,66,660,303,300,305,4,True,0.16438356164383564,0.04228365421295166,0.0472208708524704,0.04228365421295166,0.0472208708524704,0
A,0,67,670,325,300,325,4,True,0.1095890410958904,0.01759394444525242,0.03177176043391228,0.01759394444525242,0.03177176043391228,0
A,0,68,680,310,300,313,4,True,0.14246575342465753,0.036087024956941605,0.05341513827443123,0.036087024956941605,0.05341513827443123,0
A,0,69,690,328,300,329,4,True,0.09863013698630138,0.03577549010515213,0.03492628037929535,0.03577549010515213,0.03492628037929535,0
A,0,70,700,316,300,316,4,True,0.13424657534246576,0.06778618693351746,0.03707432001829147,0.06778618693351746,0.03707432001829147,0
A,0,71,710,323,300,323,4,True,0.11506849315068493,0.052225589752197266,0.0315614715218544,0.052225589752197266,0.0315614715218544,1
A,0,72,720,310,300,310,4,True,0.15068493150684933,0.03580489382147789,0.04257040098309517,0.03580489382147789,0.04257040098309517,0
A,0,73,730,308,300,311,4,True,0.14794520547945206,0.061774928122758865,0.04538622871041298,0.061774928122758865,0.04538622871041298,0
A,0,74,740,317,300,317,4,True,0.1315068493150685,0.05039481446146965,0.041434139013290405,0.05039481446146965,0.041434139013290405,0
A,0,75,750,315,300,316,4,True,0.13424657534246576,0.03476563096046448,0.038927868008613586,0.03476563096046448,0.038927868008613586,2
A,0,76,760,312,300,312,4,True,0.1452054794520548,0.046080395579338074,0.034697383642196655,0.046080395579338074,0.034697383642196655,0
A,0,77,770,310,300,310,4,True,0.15068493150684933,0.051765959709882736,0.03406265750527382,0.051765959709882736,0.03406265750527382,1
A,0,78,780,309,300,309,4,True,0.15342465753424658,0.0572185218334198,0.05268121138215065,0.0572185218334198,0.05268121138215065,0
A,0,79,790,309,300,311,4,True,0.14794520547945203,0.05531433969736099,0.05008695647120476,0.05531433969736099,0.05008695647120476,0
A,0,80,800,322,300,322,4,True,0.11780821917808218,0.05319807678461075,0.04225402697920799,0.05319807678461075,0.04225402697920799,0
A,0,81,810,329,300,332,4,True,0.09041095890410959,0.02243456058204174,0.02973007783293724,0.02243456058204174,0.02973007783293724,1
A,0,82,820,314,300,314,4,True,0.13972602739726028,0.06414717435836792,0.03732512146234512,0.06414717435836792,0.03732512146234512,0
A,0,83,830,317,300,325,4,True,0.1095890410958904,0.0173946600407362,0.045872803777456284,0.0173946600407362,0.045872803777456284,1
A,0,84,840,327,300,328,4,True,0.10136986301369862,0.046413030475378036,0.03131644055247307,0.046413030475378036,0.03131644055247307,0
A,0,85,850,315,300,315,4,True,0.13698630136986303,0.04754370450973511,0.0450253039598465,0.04754370450973511,0.0450253039598465,0
A,0,86,860,308,300,309,4,True,0.15342465753424656,0.035076167434453964,0.044163309037685394,0.035076167434453964,0.044163309037685394,0
A,0,87,870,311,300,311,4,True,0.14794520547945206,0.07603132724761963,0.03957081958651543,0.07603132724761963,0.03957081958651543,0
A,0,88,880,307,300,307,4,True,0.1589041095890411,0.04858025908470154,0.04580182582139969,0.04858025908470154,0.04580182582139969,0
A,0,89,890,320,300,320,4,True,0.12328767123287672,0.031005550175905228,0.03183590993285179,0.031005550175905228,0.03183590993285179,0
A,0,90,900,323,300,323,4,True,0.11506849315068493,0.046296752989292145,0.0312904492020607,0.046296752989292145,0.0312904492020607,0
A,0,91,910,313,300,313,4,True,0.14246575342465753,0.03910081833600998,0.037309423089027405,0.03910081833600998,0.037309423089027405,1
A,0,92,920,312,300,312,4,True,0.14520547945205478,0.061267782002687454,0.0459749661386013,0.061267782002687454,0.0459749661386013,1
A,0,93,930,320,300,322,4,True,0.11780821917808218,0.03993935510516167,0.04402165114879608,0.03993935510516167,0.04402165114879608,0
A,0,94,940,321,300,321,4,True,0.12054794520547947,0.03171917796134949,0.033946361392736435,0.03171917796134949,0.033946361392736435,0
A,0,95,950,318,300,318,4,True,0.12876712328767123,0.04683584347367287,0.03684224188327789,0.04683584347367287,0.03684224188327789,0
A,0,96,960,322,300,322,4,True,0.1178082191780822,0.041167255491018295,0.03325190022587776,0.041167255491018295,0.03325190022587776,0
A,0,97,970,318,300,319,4,True,0.12602739726027398,0.016995292156934738,0.03923683613538742,0.016995292156934738,0.03923683613538742,2
A,0,98,980,319,300,319,4,True,0.12602739726027398,0.06303060799837112,0.03489135578274727,0.06303060799837112,0.03489135578274727,0
A,0,99,990,315,300,317,4,True,0.13150684931506854,0.05277859419584274,0.054066192358732224,0.05277859419584274,0.054066192358732224,0
A,0,100,1000,328,300,328,4,True,0.1013698630136986,0.049351491034030914,0.0345202200114727,0.049351491034030914,0.0345202200114727,0
A,1,1,10,330,330,330,4,True,0.09589041095890412,0.03472050651907921,0.026461539790034294,0.03472050651907921,0.026461539790034294,0
A,1,2,20,334,330,334,4,True,0.08493150684931507,0.03023337759077549,0.024878278374671936,0.03023337759077549,0.024878278374671936,0
A,1,3,30,321,321,322,4,True,0.11780821917808221,0.023803088814020157,0.03386804461479187,0.023803088814020157,0.03386804461479187,0
A,1,4,40,319,319,319,4,True,0.12602739726027395,0.04191630333662033,0.03933611884713173,0.04191630333662033,0.03933611884713173,0
A,1,5,50,312,312,312,4,True,0.14520547945205478,0.04575236886739731,0.03528950735926628,0.04575236886739731,0.03528950735926628,1
A,1,6,60,325,312,350,3,True,0.041095890410958916,-0.045372117310762405,0.03186297044157982,-0.045372117310762405,0.03186297044157982,1
A,1,7,70,311,311,315,4,True,0.136986301369863,0.030360057950019836,0.041930731385946274,0.030360057950019836,0.041930731385946274,0
A,1,8,80,347,311,354,4,True,0.030136986301369868,-0.0009181380155496299,0.013167682103812695,-0.0009181380155496299,0.013167682103812695,0
A,1,9,90,333,311,334,4,True,0.08493150684931507,0.022754259407520294,0.03156019002199173,0.022754259407520294,0.03156019002199173,1
A,1,10,100,344,311,347,4,True,0.049315068493150684,0.012707864865660667,0.016892042011022568,0.012707864865660667,0.016892042011022568,0
A,1,11,110,324,311,324,4,True,0.11232876712328768,0.030473630875349045,0.0374288372695446,0.030473630875349045,0.0374288372695446,0
A,1,12,120,322,311,323,4,True,0.11506849315068492,0.04305991530418396,0.035085588693618774,0.04305991530418396,0.035085588693618774,0
A,1,13,130,325,311,328,4,True,0.10136986301369864,0.02180461958050728,0.028538372367620468,0.02180461958050728,0.028538372367620468,1
A,1,14,140,323,311,323,4,True,0.11506849315068493,0.0520707368850708,0.03883441165089607,0.0520707368850708,0.03883441165089607,0
A,1,15,150,317,311,317,4,True,0.13150684931506848,0.06530033051967621,0.04307162016630173,0.06530033051967621,0.04307162016630173,0
A,1,16,160,320,311,325,4,True,0.10958904109589042,0.026751890778541565,0.041961196810007095,0.026751890778541565,0.041961196810007095,0
A,1,17,170,332,311,332,4,True,0.09041095890410958,0.024177521467208862,0.027735354378819466,0.024177521467208862,0.027735354378819466,0
A,1,18,180,316,311,319,4,True,0.12602739726027398,0.028415599837899208,0.037207264453172684,0.028415599837899208,0.037207264453172684,1
A,1,19,190,333,311,333,4,True,0.08767123287671234,0.027137285098433495,0.02619086764752865,0.027137285098433495,0.02619086764752865,0
A,1,20,200,326,311,327,4,True,0.1041095890410959,0.0458468534052372,0.03800909221172333,0.0458468534052372,0.03800909221172333,0
A,1,21,210,326,311,326,4,True,0.10684931506849316,0.04919445514678955,0.037609804421663284,0.04919445514678955,0.037609804421663284,0
A,1,22,220,337,311,338,4,True,0.07397260273972601,0.022021561861038208,0.02255932427942753,0.022021561861038208,0.02255932427942753,0
A,1,23,230,324,311,324,4,True,0.11232876712328765,0.03858319669961929,0.03299913927912712,0.03858319669961929,0.03299913927912712,1
A,1,24,240,318,311,319,4,True,0.12602739726027398,0.033822160214185715,0.04296689108014107,0.033822160214185715,0.04296689108014107,0
A,1,25,250,313,311,342,3,True,0.06301369863013699,-0.03733598440885544,0.040500372648239136,-0.03733598440885544,0.040500372648239136,0
A,1,26,260,323,311,323,4,True,0.11506849315068493,0.02406926266849041,0.033172354102134705,0.02406926266849041,0.033172354102134705,2
A,1,27,270,318,311,321,4,True,0.12054794520547946,0.02997075393795967,0.032701123505830765,0.02997075393795967,0.032701123505830765,0
A,1,28,280,325,311,325,4,True,0.10958904109589042,0.06392458081245422,0.020865915343165398,0.06392458081245422,0.020865915343165398,1
A,1,29,290,328,311,330,4,True,0.09589041095890409,0.02306608110666275,0.03260418772697449,0.02306608110666275,0.03260418772697449,1
A,1,30,300,324,311,332,4,True,0.09041095890410959,0.00920546893030405,0.030610717833042145,0.00920546893030405,0.030610717833042145,1
A,1,31,310,320,311,322,4,True,0.11780821917808218,0.0311761312186718,0.04171266406774521,0.0311761312186718,0.04171266406774521,1
A,1,32,320,327,311,327,4,True,0.10410958904109588,0.022742588073015213,0.02801736444234848,0.022742588073015213,0.02801736444234848,0
A,1,33,330,316,311,322,4,True,0.11780821917808217,0.030247371643781662,0.03622159734368324,0.030247371643781662,0.03622159734368324,1
A,1,34,340,322,311,326,4,True,0.10684931506849316,0.03741569072008133,0.04098062962293625,0.03741569072008133,0.04098062962293625,1
A,1,35,350,317,311,317,4,True,0.1315068493150685,0.04539794474840164,0.043324634432792664,0.04539794474840164,0.043324634432792664,0
A,1,36,360,324,311,324,4,True,0.11232876712328767,0.028843561187386513,0.028808806091547012,0.028843561187386513,0.028808806091547012,0
A,1,37,370,323,311,326,4,True,0.10684931506849316,0.029785191640257835,0.02897869609296322,0.029785191640257835,0.02897869609296322,1
A,1,38,380,337,311,343,4,True,0.06027397260273974,0.00757574662566185,0.02253156341612339,0.00757574662566185,0.02253156341612339,2
A,1,39,390,327,311,327,4,True,0.10410958904109588,0.028458137065172195,0.02860151045024395,0.028458137065172195,0.02860151045024395,0
A,1,40,400,321,311,321,4,True,0.12054794520547946,0.05496831610798836,0.03556777164340019,0.05496831610798836,0.03556777164340019,0
A,1,41,410,328,311,328,4,True,0.10136986301369863,0.046290334314107895,0.02739379182457924,0.046290334314107895,0.02739379182457924,1
A,1,42,420,321,311,321,4,True,0.12054794520547944,0.04343505948781967,0.03895842656493187,0.04343505948781967,0.03895842656493187,1
A,1,43,430,325,311,328,4,True,0.10136986301369863,0.0441502220928669,0.036203861236572266,0.0441502220928669,0.036203861236572266,1
A,1,44,440,324,311,326,4,True,0.10684931506849316,0.048946771770715714,0.03615177795290947,0.048946771770715714,0.03615177795290947,0
A,1,45,450,333,311,333,4,True,0.08767123287671234,0.04478960484266281,0.027463994920253754,0.04478960484266281,0.027463994920253754,0
A,1,46,460,326,311,326,4,True,0.10684931506849314,0.024796869605779648,0.03327840939164162,0.024796869605779648,0.03327840939164162,0
A,1,47,470,327,311,329,4,True,0.09863013698630135,0.01599680632352829,0.02902725711464882,0.01599680632352829,0.02902725711464882,0
A,1,48,480,318,311,318,4,True,0.12876712328767123,0.03268970921635628,0.03415897488594055,0.03268970921635628,0.03415897488594055,1
A,1,49,490,318,311,318,4,True,0.12876712328767123,0.04053536057472229,0.03951136767864227,0.04053536057472229,0.03951136767864227,0
A,1,50,500,326,311,328,4,True,0.10136986301369864,0.026309678331017494,0.03553358092904091,0.026309678331017494,0.03553358092904091,2
A,1,51,510,316,311,316,4,True,0.13424657534246576,0.029136529192328453,0.038653843104839325,0.029136529192328453,0.038653843104839325,2
A,1,52,520,325,311,325,4,True,0.10958904109589042,0.039170973002910614,0.03374328464269638,0.039170973002910614,0.03374328464269638,0
A,1,53,530,325,311,325,4,True,0.10958904109589043,0.025280486792325974,0.030612308531999588,0.025280486792325974,0.030612308531999588,1
A,1,54,540,320,311,320,4,True,0.1232876712328767,0.07117599248886108,0.025731878355145454,0.07117599248886108,0.025731878355145454,0
A,1,55,550,343,311,343,4,True,0.06027397260273972,0.027903148904442787,0.024753596633672714,0.027903148904442787,0.024753596633672714,1
A,1,56,560,322,311,324,4,True,0.11232876712328768,0.01609332486987114,0.033890366554260254,0.01609332486987114,0.033890366554260254,1
A,1,57,570,329,311,329,4,True,0.09863013698630135,0.06635364890098572,0.03458085283637047,0.06635364890098572,0.03458085283637047,3
A,1,58,580,352,311,357,4,True,0.021917808219178082,0.012664815410971642,0.01779704913496971,0.012664815410971642,0.01779704913496971,2
A,1,59,590,334,311,334,4,True,0.08493150684931507,0.04076243191957474,0.037859778851270676,0.04076243191957474,0.037859778851270676,1
A,1,60,600,319,311,319,4,True,0.12602739726027395,0.03339839726686478,0.038991499692201614,0.03339839726686478,0.038991499692201614,1
A,1,61,610,318,311,318,4,True,0.12876712328767123,0.044292353093624115,0.03191930055618286,0.044292353093624115,0.03191930055618286,0
A,1,62,620,328,311,328,4,True,0.10136986301369863,0.03038467839360237,0.025381285697221756,0.03038467839360237,0.025381285697221756,1
A,1,63,630,316,311,316,4,True,0.13424657534246576,0.0320562981069088,0.0386861190199852,0.0320562981069088,0.0386861190199852,0
A,1,64,640,323,311,323,4,True,0.11506849315068493,0.034707389771938324,0.0289167407900095,0.034707389771938324,0.0289167407900095,1
A,1,65,650,340,311,342,4,True,0.06301369863013698,0.014721495099365711,0.02418036013841629,0.014721495099365711,0.02418036013841629,2
A,1,66,660,341,311,341,4,True,0.06575342465753424,0.016733456403017044,0.022859083488583565,0.016733456403017044,0.022859083488583565,1
A,1,67,670,329,311,329,4,True,0.09863013698630137,0.030985411256551743,0.034915097057819366,0.030985411256551743,0.034915097057819366,0
A,1,68,680,324,311,324,4,True,0.11232876712328767,0.035403985530138016,0.026475228369235992,0.035403985530138016,0.026475228369235992,1
A,1,69,690,326,311,326,4,True,0.10684931506849314,0.05070888251066208,0.0369366891682148,0.05070888251066208,0.0369366891682148,2
A,1,70,700,307,307,310,4,True,0.1506849315068493,0.04697597026824951,0.043131273239851,0.04697597026824951,0.043131273239851,1
A,1,71,710,323,307,323,4,True,0.11506849315068493,0.06626464426517487,0.018878456205129623,0.06626464426517487,0.018878456205129623,0
A,1,72,720,325,307,331,4,True,0.09315068493150684,0.008496597409248352,0.03101862408220768,0.008496597409248352,0.03101862408220768,2
A,1,73,730,327,307,327,4,True,0.10410958904109589,0.04170716553926468,0.042611297219991684,0.04170716553926468,0.042611297219991684,0
A,1,74,740,319,307,319,4,True,0.12602739726027398,0.037553127855062485,0.031257349997758865,0.037553127855062485,0.031257349997758865,0
A,1,75,750,326,307,326,4,True,0.10684931506849314,0.03802662342786789,0.033043570816516876,0.03802662342786789,0.033043570816516876,2
A,1,76,760,326,307,326,4,True,0.10684931506849314,0.0386241152882576,0.03540818765759468,0.0386241152882576,0.03540818765759468,2
A,1,77,770,317,307,317,4,True,0.13150684931506848,0.04455593228340149,0.04248588904738426,0.04455593228340149,0.04248588904738426,1
A,1,78,780,328,307,329,4,True,0.09863013698630137,0.023429719731211662,0.028232408687472343,0.023429719731211662,0.028232408687472343,3
A,1,79,790,329,307,348,3,True,0.04657534246575342,-0.003889587474986911,0.03148934990167618,-0.003889587474986911,0.03148934990167618,0
A,1,80,800,319,307,319,4,True,0.12602739726027398,0.06484191864728928,0.043023914098739624,0.06484191864728928,0.043023914098739624,0
A,1,81,810,323,307,323,4,True,0.11506849315068494,0.042069774121046066,0.040473371744155884,0.042069774121046066,0.040473371744155884,2
A,1,82,820,324,307,325,4,True,0.1095890410958904,0.05144600197672844,0.03443583473563194,0.05144600197672844,0.03443583473563194,1
A,1,83,830,326,307,326,4,True,0.10684931506849317,0.030919354408979416,0.029813969507813454,0.030919354408979416,0.029813969507813454,0
A,1,84,840,323,307,323,4,True,0.11506849315068493,0.043805040419101715,0.03618311509490013,0.043805040419101715,0.03618311509490013,1
A,1,85,850,332,307,332,4,True,0.09041095890410959,0.04638165980577469,0.021214069798588753,0.04638165980577469,0.021214069798588753,2
A,1,86,860,328,307,328,4,True,0.10136986301369862,0.047961339354515076,0.04081306606531143,0.047961339354515076,0.04081306606531143,0
A,1,87,870,320,307,320,4,True,0.12328767123287673,0.03632226586341858,0.03127659484744072,0.03632226586341858,0.03127659484744072,0
A,1,88,880,326,307,326,4,True,0.10684931506849313,0.06898682564496994,0.035163313150405884,0.06898682564496994,0.035163313150405884,3
A,1,89,890,326,307,328,4,True,0.10136986301369863,0.043055593967437744,0.043129414319992065,0.043055593967437744,0.043129414319992065,4
A,1,90,900,318,307,318,4,True,0.12876712328767123,0.06766762584447861,0.03282926604151726,0.06766762584447861,0.03282926604151726,1
A,1,91,910,329,307,330,4,True,0.09589041095890412,0.028388256207108498,0.024115880951285362,0.028388256207108498,0.024115880951285362,1
A,1,92,920,320,307,320,4,True,0.12328767123287672,0.05385420471429825,0.04438983276486397,0.05385420471429825,0.04438983276486397,0
A,1,93,930,315,307,315,4,True,0.136986301369863,0.050619881600141525,0.033183757215738297,0.050619881600141525,0.033183757215738297,3
A,1,94,940,331,307,334,4,True,0.08493150684931505,0.035232506692409515,0.024644797667860985,0.035232506692409515,0.024644797667860985,1
A,1,95,950,321,307,321,4,True,0.12054794520547946,0.030842769891023636,0.03195159509778023,0.030842769891023636,0.03195159509778023,2
A,1,96,960,319,307,319,4,True,0.12602739726027398,0.03925413638353348,0.03157547488808632,0.03925413638353348,0.03157547488808632,1
A,1,97,970,318,307,318,4,True,0.1287671232876712,0.04774095118045807,0.034802161157131195,0.04774095118045807,0.034802161157131195,0
A,1,98,980,316,307,317,4,True,0.1315068493150685,0.03577888384461403,0.03751940280199051,0.03577888384461403,0.03751940280199051,0
A,1,99,990,327,307,327,4,True,0.1041095890410959,0.021630605682730675,0.02996479906141758,0.021630605682730675,0.02996479906141758,2
A,1,100,1000,318,307,342,3,True,0.06301369863013698,-0.027060091495513916,0.03683607280254364,-0.027060091495513916,0.03683607280254364,0
A,2,1,10,323,323,324,4,True,0.11232876712328765,0.028994565829634666,0.030491933226585388,0.028994565829634666,0.030491933226585388,0
A,2,2,20,316,316,316,4,True,0.13424657534246576,0.04607280343770981,0.03931386396288872,0.04607280343770981,0.03931386396288872,0
A,2,3,30,332,316,332,4,True,0.09041095890410958,0.056917764246463776,0.021922321990132332,0.056917764246463776,0.021922321990132332,0
A,2,4,40,322,316,324,4,True,0.11232876712328768,0.033264514058828354,0.03194071352481842,0.033264514058828354,0.03194071352481842,0
A,2,5,50,320,316,320,4,True,0.12328767123287675,0.02858179248869419,0.03280877321958542,0.02858179248869419,0.03280877321958542,0
A,2,6,60,322,316,322,4,True,0.1178082191780822,0.032453298568725586,0.034986406564712524,0.032453298568725586,0.034986406564712524,0
A,2,7,70,327,316,328,4,True,0.10136986301369863,0.046144112944602966,0.030797749757766724,0.046144112944602966,0.030797749757766724,1
A,2,8,80,317,316,317,4,True,0.13150684931506848,0.0437912754714489,0.03372352570295334,0.0437912754714489,0.03372352570295334,1
A,2,9,90,313,313,313,4,True,0.1424657534246575,0.041699714958667755,0.043971478939056396,0.041699714958667755,0.043971478939056396,0
A,2,10,100,321,313,321,4,True,0.12054794520547946,0.06430846452713013,0.037050098180770874,0.06430846452713013,0.037050098180770874,0
A,2,11,110,318,313,318,4,True,0.12876712328767123,0.04259861633181572,0.04091229289770126,0.04259861633181572,0.04091229289770126,0
A,2,12,120,315,313,316,4,True,0.13424657534246573,0.04013219475746155,0.04248422011733055,0.04013219475746155,0.04248422011733055,0
A,2,13,130,319,313,323,4,True,0.11506849315068492,0.04046007618308067,0.044578686356544495,0.04046007618308067,0.044578686356544495,0
A,2,14,140,325,313,325,4,True,0.10958904109589042,0.03559869900345802,0.025103094056248665,0.03559869900345802,0.025103094056248665,1
A,2,15,150,317,313,317,4,True,0.13150684931506848,0.058130402117967606,0.0380425751209259,0.058130402117967606,0.0380425751209259,0
A,2,16,160,323,313,323,4,True,0.11506849315068492,0.051458120346069336,0.043386537581682205,0.051458120346069336,0.043386537581682205,0
A,2,17,170,328,313,328,4,True,0.10136986301369862,0.03900368511676788,0.03982619568705559,0.03900368511676788,0.03982619568705559,0
A,2,18,180,324,313,327,4,True,0.10410958904109589,0.03542371094226837,0.032580576837062836,0.03542371094226837,0.032580576837062836,0
A,2,19,190,326,313,363,3,True,0.005479452054794512,-0.045323535799980164,0.041294459253549576,-0.045323535799980164,0.041294459253549576,0
A,2,20,200,318,313,319,4,True,0.126027397260274,0.044946618378162384,0.03289593756198883,0.044946618378162384,0.03289593756198883,1
A,2,21,210,311,311,311,4,True,0.14794520547945206,0.054900944232940674,0.04394999146461487,0.054900944232940674,0.04394999146461487,0
A,2,22,220,323,311,323,4,True,0.11506849315068492,0.053289901465177536,0.03270377591252327,0.053289901465177536,0.03270377591252327,1
A,2,23,230,317,311,317,4,True,0.1315068493150685,0.033382099121809006,0.037256624549627304,0.033382099121809006,0.037256624549627304,0
A,2,24,240,313,311,315,4,True,0.13698630136986306,0.02780885435640812,0.03991662338376045,0.02780885435640812,0.03991662338376045,0
A,2,25,250,319,311,320,4,True,0.12328767123287672,0.031727831810712814,0.04499772563576698,0.031727831810712814,0.04499772563576698,1
A,2,26,260,323,311,325,4,True,0.10958904109589038,0.04033558815717697,0.03264779597520828,0.04033558815717697,0.03264779597520828,1
A,2,27,270,327,311,327,4,True,0.10410958904109589,0.04558911174535751,0.039142001420259476,0.04558911174535751,0.039142001420259476,1
A,2,28,280,324,311,324,4,True,0.11232876712328768,0.0338372141122818,0.02748434990644455,0.0338372141122818,0.02748434990644455,0
A,2,29,290,316,311,316,4,True,0.13424657534246578,0.04689846932888031,0.032393086701631546,0.04689846932888031,0.032393086701631546,1
A,2,30,300,335,311,335,4,True,0.0821917808219178,0.03935781866312027,0.022082220762968063,0.03935781866312027,0.022082220762968063,1
A,2,31,310,332,311,335,4,True,0.08219178082191782,0.0264277346432209,0.029189351946115494,0.0264277346432209,0.029189351946115494,0
A,2,32,320,317,311,321,4,True,0.12054794520547944,0.0245191790163517,0.03823995217680931,0.0245191790163517,0.03823995217680931,0
A,2,33,330,326,311,326,4,True,0.10684931506849314,0.03616134077310562,0.031471870839595795,0.03616134077310562,0.031471870839595795,0
A,2,34,340,326,311,329,4,True,0.09863013698630138,0.03188474476337433,0.024651598185300827,0.03188474476337433,0.024651598185300827,1
A,2,35,350,320,311,323,4,True,0.11506849315068493,0.04695457965135574,0.031639162451028824,0.04695457965135574,0.031639162451028824,0
A,2,36,360,321,311,321,4,True,0.12054794520547947,0.05143144726753235,0.03418189659714699,0.05143144726753235,0.03418189659714699,0
A,2,37,370,329,311,332,4,True,0.0904109589041096,0.00858294777572155,0.027945395559072495,0.00858294777572155,0.027945395559072495,0
A,2,38,380,318,311,320,4,True,0.12328767123287669,0.027670428156852722,0.04119037836790085,0.027670428156852722,0.04119037836790085,0
A,2,39,390,323,311,325,4,True,0.10958904109589042,0.03645823150873184,0.041132353246212006,0.03645823150873184,0.041132353246212006,0
A,2,40,400,324,311,325,4,True,0.10958904109589039,0.021793615072965622,0.031139811500906944,0.021793615072965622,0.031139811500906944,0
A,2,41,410,329,311,333,4,True,0.08767123287671234,0.014670292846858501,0.03313770890235901,0.014670292846858501,0.03313770890235901,1
A,2,42,420,318,311,318,4,True,0.1287671232876712,0.03872942179441452,0.040508370846509933,0.03872942179441452,0.040508370846509933,0
A,2,43,430,321,311,321,4,True,0.12054794520547946,0.027039239183068275,0.035602446645498276,0.027039239183068275,0.035602446645498276,0
A,2,44,440,317,311,317,4,True,0.1315068493150685,0.032539453357458115,0.03680284693837166,0.032539453357458115,0.03680284693837166,2
A,2,45,450,321,311,321,4,True,0.12054794520547943,0.043467771261930466,0.0379706546664238,0.043467771261930466,0.0379706546664238,0
A,2,46,460,313,311,314,4,True,0.13972602739726028,0.035561200231313705,0.040303200483322144,0.035561200231313705,0.040303200483322144,1
A,2,47,470,318,311,318,4,True,0.12876712328767126,0.036734819412231445,0.031685665249824524,0.036734819412231445,0.031685665249824524,2
A,2,48,480,324,311,325,4,True,0.10958904109589042,0.0400809682905674,0.03929201886057854,0.0400809682905674,0.03929201886057854,0
A,2,49,490,321,311,321,4,True,0.12054794520547947,0.04065493866801262,0.03331016004085541,0.04065493866801262,0.03331016004085541,0
A,2,50,500,318,311,318,4,True,0.12876712328767123,0.05094098299741745,0.028455397114157677,0.05094098299741745,0.028455397114157677,1
A,2,51,510,317,311,317,4,True,0.13150684931506845,0.04437614232301712,0.04456217586994171,0.04437614232301712,0.04456217586994171,0
A,2,52,520,312,311,312,4,True,0.14520547945205478,0.05801902338862419,0.03677143529057503,0.05801902338862419,0.03677143529057503,1
A,2,53,530,322,311,326,4,True,0.10684931506849316,0.018084581941366196,0.034818027168512344,0.018084581941366196,0.034818027168512344,1
A,2,54,540,317,311,317,4,True,0.1315068493150685,0.04887685924768448,0.0446520559489727,0.04887685924768448,0.0446520559489727,2
A,2,55,550,331,311,331,4,True,0.09315068493150686,0.05071787163615227,0.025384100154042244,0.05071787163615227,0.025384100154042244,0
A,2,56,560,315,311,315,4,True,0.136986301369863,0.03648374602198601,0.03714296966791153,0.03648374602198601,0.03714296966791153,1
A,2,57,570,316,311,316,4,True,0.13424657534246576,0.04382713884115219,0.0353231243789196,0.04382713884115219,0.0353231243789196,1
A,2,58,580,327,311,327,4,True,0.10410958904109589,0.0475054569542408,0.03188309818506241,0.0475054569542408,0.03188309818506241,1
A,2,59,590,320,311,323,4,True,0.11506849315068492,0.03772786632180214,0.04160897433757782,0.03772786632180214,0.04160897433757782,0
A,2,60,600,322,311,323,4,True,0.11506849315068493,0.021068742498755455,0.032617032527923584,0.021068742498755455,0.032617032527923584,1
A,2,61,610,320,311,321,4,True,0.12054794520547946,0.027283724397420883,0.034910693764686584,0.027283724397420883,0.034910693764686584,0
A,2,62,620,313,311,313,4,True,0.14246575342465753,0.036304064095020294,0.037353742867708206,0.036304064095020294,0.037353742867708206,0
A,2,63,630,317,311,317,4,True,0.13150684931506848,0.03776223212480545,0.03205007314682007,0.03776223212480545,0.03205007314682007,1
A,2,64,640,325,311,347,3,True,0.04931506849315067,-0.02158476412296295,0.03778235614299774,-0.02158476412296295,0.03778235614299774,2
A,2,65,650,321,311,321,4,True,0.12054794520547944,0.04442724585533142,0.03559209033846855,0.04442724585533142,0.03559209033846855,2
A,2,66,660,322,311,322,4,True,0.1178082191780822,0.031240826472640038,0.03667271509766579,0.031240826472640038,0.03667271509766579,4
A,2,67,670,317,311,317,4,True,0.1315068493150685,0.039110034704208374,0.036015186458826065,0.039110034704208374,0.036015186458826065,0
A,2,68,680,317,311,317,4,True,0.13150684931506848,0.04408326745033264,0.041919343173503876,0.04408326745033264,0.041919343173503876,2
A,2,69,690,323,311,323,4,True,0.11506849315068492,0.03695615008473396,0.03286848962306976,0.03695615008473396,0.03286848962306976,2
A,2,70,700,317,311,317,4,True,0.13150684931506848,0.052246756851673126,0.04312645271420479,0.052246756851673126,0.04312645271420479,0
A,2,71,710,314,311,314,4,True,0.13972602739726028,0.04217805713415146,0.0352184921503067,0.04217805713415146,0.0352184921503067,2
A,2,72,720,334,311,347,3,True,0.04931506849315068,-0.011370678432285786,0.023512937128543854,-0.011370678432285786,0.023512937128543854,1
A,2,73,730,312,311,316,4,True,0.13424657534246576,0.03427896648645401,0.040445804595947266,0.03427896648645401,0.040445804595947266,2
A,2,74,740,309,309,309,4,True,0.15342465753424656,0.056955285370349884,0.04372284933924675,0.056955285370349884,0.04372284933924675,0
A,2,75,750,318,309,321,4,True,0.12054794520547946,0.03273434191942215,0.03277311474084854,0.03273434191942215,0.03277311474084854,1
A,2,76,760,320,309,329,4,True,0.09863013698630137,0.009667729958891869,0.03421492129564285,0.009667729958891869,0.03421492129564285,0
A,2,77,770,326,309,328,4,True,0.10136986301369863,0.02240855246782303,0.02881864830851555,0.02240855246782303,0.02881864830851555,1
A,2,78,780,317,309,317,4,True,0.13150684931506848,0.03781929239630699,0.035328902304172516,0.03781929239630699,0.035328902304172516,1
A,2,79,790,314,309,317,4,True,0.1315068493150685,0.049382828176021576,0.04441182687878609,0.049382828176021576,0.04441182687878609,0
A,2,80,800,318,309,318,4,True,0.12876712328767123,0.04606884717941284,0.03985591605305672,0.04606884717941284,0.03985591605305672,0
A,2,81,810,306,306,306,4,True,0.16164383561643836,0.051981814205646515,0.044145964086055756,0.051981814205646515,0.044145964086055756,0
A,2,82,820,326,306,326,4,True,0.10684931506849316,0.04816301912069321,0.03907505422830582,0.04816301912069321,0.03907505422830582,0
A,2,83,830,320,306,321,4,True,0.12054794520547944,0.03612970933318138,0.03184407949447632,0.03612970933318138,0.03184407949447632,1
A,2,84,840,315,306,318,4,True,0.12876712328767123,0.032586194574832916,0.03669555112719536,0.032586194574832916,0.03669555112719536,1
A,2,85,850,319,306,320,4,True,0.12328767123287672,0.02558233216404915,0.035048458725214005,0.02558233216404915,0.035048458725214005,0
A,2,86,860,325,306,328,4,True,0.10136986301369862,0.032003019005060196,0.04119030013680458,0.032003019005060196,0.04119030013680458,1
A,2,87,870,328,306,331,4,True,0.09315068493150684,0.043220847845077515,0.040067337453365326,0.043220847845077515,0.040067337453365326,2
A,2,88,880,319,306,319,4,True,0.12602739726027398,0.03161051496863365,0.03374423831701279,0.03161051496863365,0.03374423831701279,1
A,2,89,890,313,306,317,4,True,0.13150684931506848,0.02286393567919731,0.03994682803750038,0.02286393567919731,0.03994682803750038,1
A,2,90,900,317,306,320,4,True,0.1232876712328767,0.025533175095915794,0.03738034516572952,0.025533175095915794,0.03738034516572952,0
A,2,91,910,319,306,319,4,True,0.12602739726027398,0.06023171544075012,0.03707129508256912,0.06023171544075012,0.03707129508256912,0
A,2,92,920,324,306,324,4,True,0.1123287671232877,0.04099586233496666,0.036759454756975174,0.04099586233496666,0.036759454756975174,0
A,2,93,930,323,306,323,4,True,0.11506849315068494,0.03927719220519066,0.03142348304390907,0.03927719220519066,0.03142348304390907,2
A,2,94,940,332,306,332,4,True,0.09041095890410958,0.030638817697763443,0.030459847301244736,0.030638817697763443,0.030459847301244736,1
A,2,95,950,322,306,323,4,True,0.11506849315068492,0.023907942697405815,0.03830987587571144,0.023907942697405815,0.03830987587571144,1
A,2,96,960,323,306,323,4,True,0.11506849315068492,0.04765638709068298,0.037436001002788544,0.04765638709068298,0.037436001002788544,0
A,2,97,970,321,306,324,4,True,0.11232876712328768,0.03252757340669632,0.033536843955516815,0.03252757340669632,0.033536843955516815,1
A,2,98,980,313,306,313,4,True,0.14246575342465753,0.0633230060338974,0.03794668987393379,0.0633230060338974,0.03794668987393379,0
A,2,99,990,328,306,328,4,True,0.10136986301369862,0.03825387731194496,0.0419703833758831,0.03825387731194496,0.0419703833758831,0
A,2,100,1000,314,306,314,4,True,0.13972602739726026,0.04115809127688408,0.043705590069293976,0.04115809127688408,0.043705590069293976,1
B,0,1,10,317,317,320,4,True,1.2328767123287672,0.2535373866558075,0.4236561954021454,0.2535373866558075,0.4236561954021454,0
B,0,2,20,335,317,335,4,True,0.821917808219178,0.10051605850458145,0.24228975176811218,0.10051605850458145,0.24228975176811218,0
B,0,3,30,320,317,320,4,True,1.2328767123287672,0.3519600033760071,0.34814560413360596,0.3519600033760071,0.34814560413360596,0
B,0,4,40,318,317,318,4,True,1.2876712328767121,0.4065687656402588,0.3371402323246002,0.4065687656402588,0.3371402323246002,0
B,0,5,50,317,317,322,4,True,1.1780821917808217,0.38840731978416443,0.41444554924964905,0.38840731978416443,0.41444554924964905,0
B,0,6,60,309,309,311,4,True,1.4794520547945205,0.26144924759864807,0.45588669180870056,0.26144924759864807,0.45588669180870056,0
B,0,7,70,307,307,307,4,True,1.589041095890411,0.44677454233169556,0.41629558801651,0.44677454233169556,0.41629558801651,0
B,0,8,80,322,307,323,4,True,1.1506849315068493,0.26719772815704346,0.3338072597980499,0.26719772815704346,0.3338072597980499,0
B,0,9,90,317,307,317,4,True,1.3150684931506849,0.6964955925941467,0.4585096538066864,0.6964955925941467,0.4585096538066864,0
B,0,10,100,324,307,328,4,True,1.0136986301369864,0.5692681670188904,0.42981740832328796,0.5692681670188904,0.42981740832328796,0
B,0,11,110,329,307,329,4,True,0.9863013698630136,0.47335949540138245,0.2579098343849182,0.47335949540138245,0.2579098343849182,0
B,0,12,120,314,307,316,4,True,1.3424657534246573,0.447714626789093,0.4903399348258972,0.447714626789093,0.4903399348258972,0
B,0,13,130,311,307,311,4,True,1.4794520547945207,0.46233806014060974,0.4435923993587494,0.46233806014060974,0.4435923993587494,0
B,0,14,140,321,307,321,4,True,1.2054794520547945,0.4078291952610016,0.3869372308254242,0.4078291952610016,0.3869372308254242,0
B,0,15,150,313,307,313,4,True,1.4246575342465753,0.4890718460083008,0.37871164083480835,0.4890718460083008,0.37871164083480835,0
B,0,16,160,318,307,319,4,True,1.2602739726027394,0.4422742426395416,0.3813243806362152,0.4422742426395416,0.3813243806362152,0
B,0,17,170,312,307,312,4,True,1.452054794520548,0.5591371655464172,0.4258754253387451,0.5591371655464172,0.4258754253387451,0
B,0,18,180,320,307,320,4,True,1.2328767123287667,0.25374191999435425,0.3563278317451477,0.25374191999435425,0.3563278317451477,0
B,0,19,190,314,307,315,4,True,1.3698630136986298,0.398745596408844,0.433063805103302,0.398745596408844,0.433063805103302,1
B,0,20,200,321,307,325,4,True,1.095890410958904,0.17793259024620056,0.36134013533592224,0.17793259024620056,0.36134013533592224,0
B,0,21,210,315,307,319,4,True,1.2602739726027397,0.2725747227668762,0.3568494915962219,0.2725747227668762,0.3568494915962219,0
B,0,22,220,320,307,320,4,True,1.2328767123287672,0.4165852665901184,0.4055123031139374,0.4165852665901184,0.4055123031139374,0
B,0,23,230,300,300,300,4,True,1.7808219178082192,0.5894667506217957,0.44137197732925415,0.5894667506217957,0.44137197732925415,0
B,0,24,240,326,300,326,4,True,1.0684931506849316,0.40497350692749023,0.3792749047279358,0.40497350692749023,0.3792749047279358,1
B,0,25,250,311,300,311,4,True,1.4794520547945207,0.4375526010990143,0.4198135435581207,0.4375526010990143,0.4198135435581207,1
B,0,26,260,324,300,324,4,True,1.1232876712328768,0.3970433473587036,0.28997570276260376,0.3970433473587036,0.28997570276260376,0
B,0,27,270,323,300,323,4,True,1.1506849315068495,0.5543002486228943,0.32999348640441895,0.5543002486228943,0.32999348640441895,0
B,0,28,280,316,300,325,4,True,1.095890410958904,0.2044544517993927,0.33989840745925903,0.2044544517993927,0.33989840745925903,0
B,0,29,290,318,300,318,4,True,1.2876712328767121,0.573566734790802,0.3644113540649414,0.573566734790802,0.3644113540649414,0
B,0,30,300,322,300,322,4,True,1.178082191780822,0.49737781286239624,0.3151233494281769,0.49737781286239624,0.3151233494281769,2
B,0,31,310,317,300,317,4,True,1.3150684931506849,0.5354694128036499,0.28183019161224365,0.5354694128036499,0.28183019161224365,1
B,0,32,320,314,300,320,4,True,1.2328767123287672,0.3149142563343048,0.4706262946128845,0.3149142563343048,0.4706262946128845,0
B,0,33,330,325,300,325,4,True,1.095890410958904,0.5186103582382202,0.22730843722820282,0.5186103582382202,0.22730843722820282,2
B,0,34,340,310,300,316,4,True,1.3424657534246578,0.26453933119773865,0.4217827022075653,0.26453933119773865,0.4217827022075653,0
B,0,35,350,312,300,312,4,True,1.452054794520548,0.640060305595398,0.42297062277793884,0.640060305595398,0.42297062277793884,2
B,0,36,360,320,300,320,4,True,1.2328767123287672,0.7060477137565613,0.3296428620815277,0.7060477137565613,0.3296428620815277,0
B,0,37,370,317,300,317,4,True,1.3150684931506849,0.38233619928359985,0.33949652314186096,0.38233619928359985,0.33949652314186096,0
B,0,38,380,320,300,321,4,True,1.205479452054794,0.3685533404350281,0.3734038770198822,0.3685533404350281,0.3734038770198822,0
B,0,39,390,321,300,321,4,True,1.2054794520547945,0.44701337814331055,0.37597227096557617,0.44701337814331055,0.37597227096557617,0
B,0,40,400,324,300,324,4,True,1.1232876712328768,0.26048341393470764,0.3060004711151123,0.26048341393470764,0.3060004711151123,0
B,0,41,410,308,300,311,4,True,1.4794520547945207,0.29266831278800964,0.44157475233078003,0.29266831278800964,0.44157475233078003,0
B,0,42,420,325,300,325,4,True,1.095890410958904,0.5255538821220398,0.3409172594547272,0.5255538821220398,0.3409172594547272,0
B,0,43,430,314,300,314,4,True,1.3972602739726026,0.37172794342041016,0.4093441367149353,0.37172794342041016,0.4093441367149353,0
B,0,44,440,313,300,313,4,True,1.4246575342465753,0.4447355270385742,0.3527892529964447,0.4447355270385742,0.3527892529964447,0
B,0,45,450,314,300,316,4,True,1.3424657534246573,0.22073428332805634,0.4081669747829437,0.22073428332805634,0.4081669747829437,0
B,0,46,460,330,300,330,4,True,0.958904109589041,0.3857788145542145,0.3567623496055603,0.3857788145542145,0.3567623496055603,0
B,0,47,470,320,300,320,4,True,1.2328767123287672,0.5206283926963806,0.3265584111213684,0.5206283926963806,0.3265584111213684,1
B,0,48,480,318,300,322,4,True,1.1780821917808222,0.2705287039279938,0.36454057693481445,0.2705287039279938,0.36454057693481445,0
B,0,49,490,305,300,305,4,True,1.643835616438356,0.592842698097229,0.4250039756298065,0.592842698097229,0.4250039756298065,1
B,0,50,500,315,300,315,4,True,1.3698630136986303,0.6062191128730774,0.44502532482147217,0.6062191128730774,0.44502532482147217,0
B,0,51,510,324,300,324,4,True,1.1232876712328763,0.25727349519729614,0.30013126134872437,0.25727349519729614,0.30013126134872437,0
B,0,52,520,305,300,305,4,True,1.6438356164383565,0.43957605957984924,0.503328263759613,0.43957605957984924,0.503328263759613,0
B,0,53,530,333,300,334,4,True,0.8493150684931506,0.1447814404964447,0.2819582223892212,0.1447814404964447,0.2819582223892212,0
B,0,54,540,313,300,313,4,True,1.424657534246575,0.5273805260658264,0.34609317779541016,0.5273805260658264,0.34609317779541016,0
B,0,55,550,322,300,322,4,True,1.1780821917808217,0.4444432258605957,0.3552490770816803,0.4444432258605957,0.3552490770816803,0
B,0,56,560,306,300,312,4,True,1.452054794520548,0.29251736402511597,0.431256502866745,0.29251736402511597,0.431256502866745,1
B,0,57,570,324,300,326,4,True,1.0684931506849313,0.27851614356040955,0.34850525856018066,0.27851614356040955,0.34850525856018066,1
B,0,58,580,313,300,313,4,True,1.424657534246575,0.38605964183807373,0.38033831119537354,0.38605964183807373,0.38033831119537354,0
B,0,59,590,321,300,322,4,True,1.1780821917808217,0.30847883224487305,0.4202633500099182,0.30847883224487305,0.4202633500099182,0
B,0,60,600,330,300,330,4,True,0.958904109589041,0.47291892766952515,0.3674912452697754,0.47291892766952515,0.3674912452697754,0
B,0,61,610,309,300,309,4,True,1.534246575342466,0.5543686151504517,0.45859766006469727,0.5543686151504517,0.45859766006469727,0
B,0,62,620,312,300,316,4,True,1.3424657534246576,0.32972586154937744,0.400570273399353,0.32972586154937744,0.400570273399353,0
B,0,63,630,323,300,323,4,True,1.1506849315068493,0.6128323078155518,0.28589603304862976,0.6128323078155518,0.28589603304862976,0
B,0,64,640,313,300,314,4,True,1.3972602739726026,0.4313199520111084,0.37683048844337463,0.4313199520111084,0.37683048844337463,0
B,0,65,650,319,300,319,4,True,1.2602739726027399,0.4728875756263733,0.35219502449035645,0.4728875756263733,0.35219502449035645,0
B,0,66,660,303,300,305,4,True,1.643835616438356,0.4228366017341614,0.472208708524704,0.4228366017341614,0.472208708524704,0
B,0,67,670,325,300,325,4,True,1.095890410958904,0.1759394407272339,0.31771761178970337,0.1759394407272339,0.31771761178970337,0
B,0,68,680,310,300,313,4,True,1.4246575342465755,0.3608701825141907,0.5341513752937317,0.3608701825141907,0.5341513752937317,0
B,0,69,690,326,300,333,4,True,0.8767123287671231,0.2479625642299652,0.3585567772388458,0.2479625642299652,0.3585567772388458,1
B,0,70,700,322,300,322,4,True,1.178082191780822,0.5869003534317017,0.3984167277812958,0.5869003534317017,0.3984167277812958,1
B,0,71,710,319,300,319,4,True,1.2602739726027399,0.5189878344535828,0.3147217631340027,0.5189878344535828,0.3147217631340027,0
B,0,72,720,310,300,310,4,True,1.5068493150684934,0.3580489754676819,0.42570406198501587,0.3580489754676819,0.42570406198501587,0
B,0,73,730,308,300,311,4,True,1.4794520547945202,0.6177492737770081,0.4538622498512268,0.6177492737770081,0.4538622498512268,0
B,0,74,740,324,300,329,4,True,0.9863013698630138,0.21556031703948975,0.3579581677913666,0.21556031703948975,0.3579581677913666,2
B,0,75,750,314,300,314,4,True,1.397260273972603,0.4051564335823059,0.38403818011283875,0.4051564335823059,0.38403818011283875,0
B,0,76,760,313,300,313,4,True,1.4246575342465753,0.40439683198928833,0.37593868374824524,0.40439683198928833,0.37593868374824524,1
B,0,77,770,312,300,312,4,True,1.4520547945205475,0.3862760663032532,0.3899518847465515,0.3862760663032532,0.3899518847465515,1
B,0,78,780,305,300,305,4,True,1.643835616438356,0.6769718527793884,0.5239496827125549,0.6769718527793884,0.5239496827125549,1
B,0,79,790,312,300,312,4,True,1.4520547945205478,0.4518282413482666,0.46085548400878906,0.4518282413482666,0.46085548400878906,1
B,0,80,800,322,300,322,4,True,1.1780821917808217,0.5319806933403015,0.4225403070449829,0.5319806933403015,0.4225403070449829,0
B,0,81,810,314,300,314,4,True,1.397260273972603,0.3903532326221466,0.35702788829803467,0.3903532326221466,0.35702788829803467,0
B,0,82,820,314,300,314,4,True,1.397260273972603,0.6414717435836792,0.3732512295246124,0.6414717435836792,0.3732512295246124,0
B,0,83,830,312,300,312,4,True,1.452054794520548,0.479464590549469,0.475160151720047,0.479464590549469,0.475160151720047,0
B,0,84,840,327,300,328,4,True,1.0136986301369864,0.46413034200668335,0.3131643831729889,0.46413034200668335,0.3131643831729889,0
B,0,85,850,309,300,312,4,True,1.452054794520548,0.48757877945899963,0.5113110542297363,0.48757877945899963,0.5113110542297363,1
B,0,86,860,308,300,309,4,True,1.5342465753424657,0.3507617115974426,0.44163310527801514,0.3507617115974426,0.44163310527801514,0
B,0,87,870,312,300,312,4,True,1.4520547945205478,0.6654473543167114,0.46899116039276123,0.6654473543167114,0.46899116039276123,2
B,0,88,880,307,300,307,4,True,1.5890410958904102,0.485802561044693,0.45801830291748047,0.485802561044693,0.45801830291748047,0
B,0,89,890,315,300,315,4,True,1.3698630136986303,0.41082850098609924,0.3386281728744507,0.41082850098609924,0.3386281728744507,1
B,0,90,900,323,300,323,4,True,1.1506849315068495,0.46296754479408264,0.3129045367240906,0.46296754479408264,0.3129045367240906,0
B,0,91,910,306,300,307,4,True,1.5890410958904106,0.37951940298080444,0.45078492164611816,0.37951940298080444,0.45078492164611816,1
B,0,92,920,307,300,309,4,True,1.5342465753424654,0.6532437205314636,0.5017381906509399,0.6532437205314636,0.5017381906509399,2
B,0,93,930,320,300,322,4,True,1.178082191780822,0.3993935286998749,0.4402164816856384,0.3993935286998749,0.4402164816856384,0
B,0,94,940,321,300,321,4,True,1.205479452054795,0.3171917498111725,0.33946362137794495,0.3171917498111725,0.33946362137794495,0
B,0,95,950,318,300,318,4,True,1.2876712328767124,0.4683583676815033,0.36842238903045654,0.4683583676815033,0.36842238903045654,0
B,0,96,960,322,300,322,4,True,1.178082191780822,0.41167253255844116,0.332518994808197,0.41167253255844116,0.332518994808197,0
B,0,97,970,318,300,319,4,True,1.2602739726027394,0.16995294392108917,0.3923683762550354,0.16995294392108917,0.3923683762550354,2
B,0,98,980,319,300,319,4,True,1.2602739726027399,0.6303060054779053,0.3489135801792145,0.6303060054779053,0.3489135801792145,0
B,0,99,990,315,300,317,4,True,1.3150684931506849,0.5277858972549438,0.5406618714332581,0.5277858972549438,0.5406618714332581,0
B,0,100,1000,325,300,325,4,True,1.095890410958904,0.5313718914985657,0.37931716442108154,0.5313718914985657,0.37931716442108154,3
B,1,1,10,330,330,330,4,True,0.958904109589041,0.3472050726413727,0.26461541652679443,0.3472050726413727,0.26461541652679443,0
B,1,2,20,334,330,334,4,True,0.8493150684931506,0.3023337423801422,0.24878281354904175,0.3023337423801422,0.24878281354904175,0
B,1,3,30,321,321,322,4,True,1.1780821917808217,0.23803088068962097,0.3386804163455963,0.23803088068962097,0.3386804163455963,0
B,1,4,40,319,319,319,4,True,1.2602739726027399,0.4191630780696869,0.3933612108230591,0.4191630780696869,0.3933612108230591,0
B,1,5,50,312,312,314,4,True,1.3972602739726028,0.3158183693885803,0.4067293107509613,0.3158183693885803,0.4067293107509613,0
B,1,6,60,325,312,350,3,True,0.4109589041095888,-0.45372113585472107,0.3186297118663788,-0.45372113585472107,0.3186297118663788,1
B,1,7,70,311,311,315,4,True,1.36986301369863,0.30360060930252075,0.41930732131004333,0.30360060930252075,0.41930732131004333,0
B,1,8,80,347,311,354,4,True,0.3013698630136986,-0.009181380271911621,0.1316768229007721,-0.009181380271911621,0.1316768229007721,0
B,1,9,90,333,311,334,4,True,0.8493150684931506,0.23267559707164764,0.31120583415031433,0.23267559707164764,0.31120583415031433,0
B,1,10,100,344,311,347,4,True,0.4931506849315068,0.12707865238189697,0.16892042756080627,0.12707865238189697,0.16892042756080627,0
B,1,11,110,324,311,324,4,True,1.1232876712328768,0.30473631620407104,0.3742883503437042,0.30473631620407104,0.3742883503437042,0
B,1,12,120,322,311,323,4,True,1.1506849315068495,0.4305991530418396,0.35085588693618774,0.4305991530418396,0.35085588693618774,0
B,1,13,130,325,311,328,4,True,1.0136986301369864,0.21804621815681458,0.2853837311267853,0.21804621815681458,0.2853837311267853,1
B,1,14,140,323,311,323,4,True,1.1506849315068495,0.5207073092460632,0.3883441388607025,0.5207073092460632,0.3883441388607025,0
B,1,15,150,317,311,317,4,True,1.3150684931506849,0.6530033349990845,0.43071621656417847,0.6530033349990845,0.43071621656417847,0
B,1,16,160,320,311,325,4,True,1.095890410958904,0.26751890778541565,0.41961202025413513,0.26751890778541565,0.41961202025413513,0
B,1,17,170,332,311,332,4,True,0.9041095890410958,0.24177519977092743,0.27735352516174316,0.24177519977092743,0.27735352516174316,0
B,1,18,180,316,311,319,4,True,1.2602739726027399,0.28415605425834656,0.37207266688346863,0.28415605425834656,0.37207266688346863,1
B,1,19,190,333,311,333,4,True,0.8767123287671232,0.27137285470962524,0.2619086802005768,0.27137285470962524,0.2619086802005768,0
B,1,20,200,326,311,327,4,True,1.0410958904109586,0.4584685266017914,0.3800909221172333,0.4584685266017914,0.3800909221172333,0
B,1,21,210,326,311,326,4,True,1.0684931506849313,0.4919445514678955,0.37609800696372986,0.4919445514678955,0.37609800696372986,0
B,1,22,220,337,311,338,4,True,0.7397260273972602,0.2202156037092209,0.22559323906898499,0.2202156037092209,0.22559323906898499,0
B,1,23,230,321,311,321,4,True,1.2054794520547945,0.4669730067253113,0.32727912068367004,0.4669730067253113,0.32727912068367004,0
B,1,24,240,318,311,319,4,True,1.2602739726027399,0.33822160959243774,0.42966893315315247,0.33822160959243774,0.42966893315315247,0
B,1,25,250,313,311,342,3,True,0.6301369863013695,-0.3733598291873932,0.40500378608703613,-0.3733598291873932,0.40500378608703613,0
B,1,26,260,322,311,325,4,True,1.095890410958904,0.18533344566822052,0.33260735869407654,0.18533344566822052,0.33260735869407654,1
B,1,27,270,318,311,321,4,True,1.2054794520547945,0.2997075319290161,0.32701122760772705,0.2997075319290161,0.32701122760772705,0
B,1,28,280,325,311,325,4,True,1.095890410958904,0.6392457485198975,0.20865915715694427,0.6392457485198975,0.20865915715694427,1
B,1,29,290,314,311,316,4,True,1.3424657534246576,0.4986867904663086,0.4138652980327606,0.4986867904663086,0.4138652980327606,0
B,1,30,300,324,311,325,4,True,1.095890410958904,0.2754315435886383,0.30269068479537964,0.2754315435886383,0.30269068479537964,1
B,1,31,310,320,311,322,4,True,1.178082191780822,0.3117613196372986,0.41712668538093567,0.3117613196372986,0.41712668538093567,1
B,1,32,320,327,311,327,4,True,1.041095890410959,0.22742588818073273,0.2801736295223236,0.22742588818073273,0.2801736295223236,0
B,1,33,330,319,311,322,4,True,1.1780821917808222,0.32032811641693115,0.3476123809814453,0.32032811641693115,0.3476123809814453,0
B,1,34,340,319,311,319,4,True,1.2602739726027394,0.5424161553382874,0.3907439708709717,0.5424161553382874,0.3907439708709717,0
B,1,35,350,317,311,317,4,True,1.3150684931506849,0.4539794325828552,0.43324634432792664,0.4539794325828552,0.43324634432792664,0
B,1,36,360,324,311,324,4,True,1.1232876712328768,0.28843560814857483,0.2880880832672119,0.28843560814857483,0.2880880832672119,0
B,1,37,370,316,311,319,4,True,1.2602739726027394,0.32625991106033325,0.33979564905166626,0.32625991106033325,0.33979564905166626,0
B,1,38,380,325,311,325,4,True,1.095890410958904,0.48687705397605896,0.277248352766037,0.48687705397605896,0.277248352766037,0
B,1,39,390,327,311,327,4,True,1.0410958904109588,0.28458136320114136,0.2860150933265686,0.28458136320114136,0.2860150933265686,0
B,1,40,400,321,311,321,4,True,1.2054794520547945,0.5496832132339478,0.3556777238845825,0.5496832132339478,0.3556777238845825,0
B,1,41,410,328,311,329,4,True,0.9863013698630138,0.43670669198036194,0.27461305260658264,0.43670669198036194,0.27461305260658264,0
B,1,42,420,321,311,321,4,True,1.2054794520547945,0.4343506395816803,0.3895842432975769,0.4343506395816803,0.3895842432975769,1
B,1,43,430,325,311,328,4,True,1.0136986301369864,0.441502183675766,0.36203861236572266,0.441502183675766,0.36203861236572266,1
B,1,44,440,324,311,326,4,True,1.0684931506849316,0.4894677698612213,0.3615178167819977,0.4894677698612213,0.3615178167819977,0
B,1,45,450,333,311,333,4,True,0.8767123287671232,0.4478960633277893,0.27463996410369873,0.4478960633277893,0.27463996410369873,0
B,1,46,460,326,311,326,4,True,1.0684931506849318,0.24796870350837708,0.33278411626815796,0.24796870350837708,0.33278411626815796,0
B,1,47,470,327,311,329,4,True,0.9863013698630139,0.1599680483341217,0.2902725636959076,0.1599680483341217,0.2902725636959076,0
B,1,48,480,318,311,318,4,True,1.2876712328767121,0.332160621881485,0.33998164534568787,0.332160621881485,0.33998164534568787,0
B,1,49,490,318,311,318,4,True,1.2876712328767121,0.4053536057472229,0.3951137065887451,0.4053536057472229,0.3951137065887451,0
B,1,50,500,326,311,350,3,True,0.41095890410958935,-0.3132304549217224,0.3702905774116516,-0.3132304549217224,0.3702905774116516,1
B,1,51,510,316,311,316,4,True,1.3424657534246573,0.29136529564857483,0.38653841614723206,0.29136529564857483,0.38653841614723206,2
B,1,52,520,316,311,316,4,True,1.3424657534246573,0.6022751331329346,0.36524462699890137,0.6022751331329346,0.36524462699890137,1
B,1,53,530,325,311,325,4,True,1.095890410958904,0.25280484557151794,0.3061230778694153,0.25280484557151794,0.3061230778694153,1
B,1,54,540,320,311,320,4,True,1.2328767123287672,0.7117598652839661,0.25731879472732544,0.7117598652839661,0.25731879472732544,0
B,1,55,550,333,311,333,4,True,0.8767123287671232,0.5409983992576599,0.24047651886940002,0.5409983992576599,0.24047651886940002,0
B,1,56,560,322,311,326,4,True,1.0684931506849313,0.1111445426940918,0.3390940725803375,0.1111445426940918,0.3390940725803375,2
B,1,57,570,329,311,329,4,True,0.9863013698630136,0.6635364294052124,0.3458085060119629,0.6635364294052124,0.3458085060119629,3
B,1,58,580,335,311,335,4,True,0.821917808219178,0.4937346577644348,0.35984885692596436,0.4937346577644348,0.35984885692596436,2
B,1,59,590,323,311,323,4,True,1.150684931506849,0.6757656335830688,0.3996552526950836,0.6757656335830688,0.3996552526950836,2
B,1,60,600,319,311,319,4,True,1.2602739726027399,0.33398401737213135,0.38991501927375793,0.33398401737213135,0.38991501927375793,1
B,1,61,610,318,311,318,4,True,1.2876712328767126,0.44292354583740234,0.3191930055618286,0.44292354583740234,0.3191930055618286,0
B,1,62,620,328,311,328,4,True,1.0136986301369864,0.3038467764854431,0.2538128197193146,0.3038467764854431,0.2538128197193146,1
B,1,63,630,316,311,316,4,True,1.3424657534246576,0.32056301832199097,0.38686126470565796,0.32056301832199097,0.38686126470565796,0
B,1,64,640,323,311,323,4,True,1.1506849315068495,0.34707385301589966,0.2891674041748047,0.34707385301589966,0.2891674041748047,1
B,1,65,650,325,311,325,4,True,1.095890410958904,0.3688538372516632,0.38311082124710083,0.3688538372516632,0.38311082124710083,0
B,1,66,660,334,311,334,4,True,0.8493150684931506,0.2976457476615906,0.2677217423915863,0.2976457476615906,0.2677217423915863,0
B,1,67,670,329,311,329,4,True,0.9863013698630136,0.309854120016098,0.34915095567703247,0.309854120016098,0.34915095567703247,0
B,1,68,680,324,311,324,4,True,1.1232876712328768,0.34882813692092896,0.2669354975223541,0.34882813692092896,0.2669354975223541,0
B,1,69,690,321,311,321,4,True,1.2054794520547945,0.5099396109580994,0.47182995080947876,0.5099396109580994,0.47182995080947876,1
B,1,70,700,307,307,310,4,True,1.5068493150684932,0.46975964307785034,0.4313127398490906,0.46975964307785034,0.4313127398490906,1
B,1,71,710,323,307,323,4,True,1.1506849315068493,0.6626463532447815,0.18878455460071564,0.6626463532447815,0.18878455460071564,0
B,1,72,720,317,307,319,4,True,1.2602739726027394,0.3184000551700592,0.37217190861701965,0.3184000551700592,0.37217190861701965,2
B,1,73,730,327,307,327,4,True,1.041095890410959,0.4170716404914856,0.4261130094528198,0.4170716404914856,0.4261130094528198,0
B,1,74,740,319,307,322,4,True,1.1780821917808217,0.29694122076034546,0.31411680579185486,0.29694122076034546,0.31411680579185486,1
B,1,75,750,326,307,326,4,True,1.0684931506849316,0.3802662789821625,0.33043572306632996,0.3802662789821625,0.33043572306632996,2
B,1,76,760,326,307,326,4,True,1.0684931506849313,0.3862411379814148,0.3540818691253662,0.3862411379814148,0.3540818691253662,2
B,1,77,770,317,307,317,4,True,1.3150684931506849,0.4455593228340149,0.4248589277267456,0.4455593228340149,0.4248589277267456,1
B,1,78,780,327,307,329,4,True,0.9863013698630139,0.14653119444847107,0.2924647331237793,0.14653119444847107,0.2924647331237793,0
B,1,79,790,321,307,321,4,True,1.2054794520547945,0.668414831161499,0.30207762122154236,0.668414831161499,0.30207762122154236,1
B,1,80,800,319,307,319,4,True,1.2602739726027397,0.6484191417694092,0.43023914098739624,0.6484191417694092,0.43023914098739624,0
B,1,81,810,320,307,320,4,True,1.2328767123287672,0.44795703887939453,0.41527262330055237,0.44795703887939453,0.41527262330055237,2
B,1,82,820,322,307,322,4,True,1.1780821917808222,0.5776245594024658,0.34309497475624084,0.5776245594024658,0.34309497475624084,1
B,1,83,830,326,307,326,4,True,1.0684931506849318,0.30919355154037476,0.29813969135284424,0.30919355154037476,0.29813969135284424,0
B,1,84,840,323,307,326,4,True,1.0684931506849316,0.2480430155992508,0.3830479383468628,0.2480430155992508,0.3830479383468628,0
B,1,85,850,334,307,334,4,True,0.8493150684931506,0.3802869915962219,0.21253758668899536,0.3802869915962219,0.21253758668899536,1
B,1,86,860,328,307,328,4,True,1.0136986301369864,0.47961339354515076,0.4081306457519531,0.47961339354515076,0.4081306457519531,0
B,1,87,870,320,307,320,4,True,1.2328767123287672,0.3632226288318634,0.3127659261226654,0.3632226288318634,0.3127659261226654,0
B,1,88,880,327,307,327,4,True,1.0410958904109588,0.6150512099266052,0.37887027859687805,0.6150512099266052,0.37887027859687805,1
B,1,89,890,324,307,328,4,True,1.0136986301369864,0.18315641582012177,0.32576727867126465,0.18315641582012177,0.32576727867126465,1
B,1,90,900,309,307,309,4,True,1.5342465753424654,0.7276121377944946,0.4748021364212036,0.7276121377944946,0.4748021364212036,1
B,1,91,910,312,307,313,4,True,1.4246575342465757,0.315792977809906,0.41468748450279236,0.315792977809906,0.41468748450279236,0
B,1,92,920,320,307,320,4,True,1.2328767123287672,0.5385419726371765,0.4438983201980591,0.5385419726371765,0.4438983201980591,0
B,1,93,930,324,307,324,4,True,1.1232876712328768,0.3595578670501709,0.2663097083568573,0.3595578670501709,0.2663097083568573,2
B,1,94,940,336,307,337,4,True,0.7671232876712328,0.28624898195266724,0.22669082880020142,0.28624898195266724,0.22669082880020142,0
B,1,95,950,321,307,321,4,True,1.2054794520547947,0.30842769145965576,0.3195159435272217,0.30842769145965576,0.3195159435272217,2
B,1,96,960,314,307,314,4,True,1.397260273972603,0.3972148299217224,0.3824293315410614,0.3972148299217224,0.3824293315410614,1
B,1,97,970,318,307,318,4,True,1.2876712328767124,0.4774095416069031,0.34802162647247314,0.4774095416069031,0.34802162647247314,0
B,1,98,980,316,307,317,4,True,1.3150684931506849,0.3577888607978821,0.3751940429210663,0.3577888607978821,0.3751940429210663,0
B,1,99,990,326,307,326,4,True,1.0684931506849318,0.2374979555606842,0.30344638228416443,0.2374979555606842,0.30344638228416443,1
B,1,100,1000,318,307,342,3,True,0.6301369863013697,-0.2706008851528168,0.3683607280254364,-0.2706008851528168,0.3683607280254364,0
B,2,1,10,323,323,324,4,True,1.1232876712328768,0.28994566202163696,0.3049193024635315,0.28994566202163696,0.3049193024635315,0
B,2,2,20,316,316,316,4,True,1.3424657534246576,0.4607280194759369,0.3931386470794678,0.4607280194759369,0.3931386470794678,0
B,2,3,30,332,316,332,4,True,0.9041095890410958,0.5691776275634766,0.21922321617603302,0.5691776275634766,0.21922321617603302,0
B,2,4,40,322,316,324,4,True,1.1232876712328765,0.33264511823654175,0.3194071054458618,0.33264511823654175,0.3194071054458618,0
B,2,5,50,320,316,320,4,True,1.2328767123287672,0.2858178913593292,0.3280877470970154,0.2858178913593292,0.3280877470970154,0
B,2,6,60,322,316,322,4,True,1.1780821917808217,0.32453295588493347,0.34986406564712524,0.32453295588493347,0.34986406564712524,0
B,2,7,70,327,316,328,4,True,1.0136986301369864,0.46144118905067444,0.30797749757766724,0.46144118905067444,0.30797749757766724,1
B,2,8,80,317,316,317,4,True,1.3150684931506849,0.4379127621650696,0.3372352719306946,0.4379127621650696,0.3372352719306946,0
B,2,9,90,313,313,313,4,True,1.4246575342465753,0.41699719429016113,0.43971478939056396,0.41699719429016113,0.43971478939056396,0
B,2,10,100,321,313,321,4,True,1.2054794520547945,0.6430846452713013,0.37050098180770874,0.6430846452713013,0.37050098180770874,0
B,2,11,110,318,313,318,4,True,1.2876712328767121,0.4259862005710602,0.4091229736804962,0.4259862005710602,0.4091229736804962,0
B,2,12,120,315,313,316,4,True,1.3424657534246571,0.4013219475746155,0.4248421788215637,0.4013219475746155,0.4248421788215637,0
B,2,13,130,319,313,323,4,True,1.1506849315068493,0.4046007990837097,0.44578686356544495,0.4046007990837097,0.44578686356544495,0
B,2,14,140,325,313,325,4,True,1.095890410958904,0.355987012386322,0.25103092193603516,0.355987012386322,0.25103092193603516,1
B,2,15,150,317,313,317,4,True,1.3150684931506849,0.5813040733337402,0.38042575120925903,0.5813040733337402,0.38042575120925903,0
B,2,16,160,323,313,323,4,True,1.1506849315068493,0.5145811438560486,0.43386533856391907,0.5145811438560486,0.43386533856391907,0
B,2,17,170,328,313,328,4,True,1.0136986301369864,0.3900368809700012,0.3982619345188141,0.3900368809700012,0.3982619345188141,0
B,2,18,180,324,313,327,4,True,1.041095890410959,0.3542371392250061,0.32580581307411194,0.3542371392250061,0.32580581307411194,0
B,2,19,190,326,313,363,3,True,0.05479452054794498,-0.453235387802124,0.41294458508491516,-0.453235387802124,0.41294458508491516,0
B,2,20,200,327,313,340,3,True,0.684931506849315,-0.04059746116399765,0.29291486740112305,-0.04059746116399765,0.29291486740112305,0
B,2,21,210,311,311,311,4,True,1.4794520547945205,0.5490094423294067,0.43949994444847107,0.5490094423294067,0.43949994444847107,0
B,2,22,220,322,311,322,4,True,1.178082191780822,0.5565928816795349,0.3304365873336792,0.5565928816795349,0.3304365873336792,0
B,2,23,230,317,311,317,4,True,1.3150684931506849,0.33382099866867065,0.37256622314453125,0.33382099866867065,0.37256622314453125,0
B,2,24,240,313,311,315,4,True,1.3698630136986298,0.2780885398387909,0.39916619658470154,0.2780885398387909,0.39916619658470154,0
B,2,25,250,320,311,321,4,True,1.2054794520547942,0.316697359085083,0.4323886036872864,0.316697359085083,0.4323886036872864,0
B,2,26,260,320,311,320,4,True,1.2328767123287672,0.554336428642273,0.2983378767967224,0.554336428642273,0.2983378767967224,0
B,2,27,270,325,311,325,4,True,1.095890410958904,0.5260829329490662,0.3701443672180176,0.5260829329490662,0.3701443672180176,0
B,2,28,280,324,311,324,4,True,1.1232876712328765,0.3383721709251404,0.2748434841632843,0.3383721709251404,0.2748434841632843,0
B,2,29,290,320,311,320,4,True,1.232876712328767,0.4518885612487793,0.28883764147758484,0.4518885612487793,0.28883764147758484,0
B,2,30,300,337,311,337,4,True,0.7671232876712328,0.40160566568374634,0.1397297978401184,0.40160566568374634,0.1397297978401184,0
B,2,31,310,321,311,321,4,True,1.2054794520547942,0.39611297845840454,0.4316018223762512,0.39611297845840454,0.4316018223762512,1
B,2,32,320,314,311,314,4,True,1.3972602739726026,0.43870672583580017,0.3684391975402832,0.43870672583580017,0.3684391975402832,1
B,2,33,330,326,311,326,4,True,1.0684931506849313,0.361613392829895,0.31471872329711914,0.361613392829895,0.31471872329711914,0
B,2,34,340,322,311,322,4,True,1.1780821917808215,0.3295183479785919,0.3233301043510437,0.3295183479785919,0.3233301043510437,1
B,2,35,350,320,311,323,4,True,1.1506849315068495,0.46954575181007385,0.31639158725738525,0.46954575181007385,0.31639158725738525,0
B,2,36,360,321,311,321,4,True,1.2054794520547945,0.5143145322799683,0.34181898832321167,0.5143145322799683,0.34181898832321167,0
B,2,37,370,329,311,332,4,True,0.9041095890410958,0.0858294740319252,0.27945396304130554,0.0858294740319252,0.27945396304130554,0
B,2,38,380,318,311,320,4,True,1.2328767123287667,0.27670425176620483,0.4119037389755249,0.27670425176620483,0.4119037389755249,0
B,2,39,390,327,311,327,4,True,1.0410958904109588,0.30828115344047546,0.38580358028411865,0.30828115344047546,0.38580358028411865,1
B,2,40,400,316,311,321,4,True,1.2054794520547945,0.29364362359046936,0.3458937406539917,0.29364362359046936,0.3458937406539917,1
B,2,41,410,322,311,328,4,True,1.0136986301369861,0.37957340478897095,0.36672842502593994,0.37957340478897095,0.36672842502593994,0
B,2,42,420,318,311,318,4,True,1.2876712328767126,0.3872941732406616,0.40508371591567993,0.3872941732406616,0.40508371591567993,0
B,2,43,430,321,311,321,4,True,1.2054794520547945,0.27039235830307007,0.3560244143009186,0.27039235830307007,0.3560244143009186,0
B,2,44,440,317,311,317,4,True,1.315068493150685,0.32539457082748413,0.3680284917354584,0.32539457082748413,0.3680284917354584,2
B,2,45,450,315,311,315,4,True,1.3698630136986303,0.5893550515174866,0.3786141872406006,0.5893550515174866,0.3786141872406006,1
B,2,46,460,313,311,313,4,True,1.4246575342465753,0.41523900628089905,0.3867546617984772,0.41523900628089905,0.3867546617984772,1
B,2,47,470,311,311,311,4,True,1.4794520547945202,0.36672982573509216,0.39849698543548584,0.36672982573509216,0.39849698543548584,1
B,2,48,480,326,311,326,4,True,1.0684931506849316,0.3896297216415405,0.37841352820396423,0.3896297216415405,0.37841352820396423,1
B,2,49,490,321,311,321,4,True,1.2054794520547945,0.4065493941307068,0.3331016004085541,0.4065493941307068,0.3331016004085541,0
B,2,50,500,317,311,319,4,True,1.2602739726027399,0.19097505509853363,0.38532754778862,0.19097505509853363,0.38532754778862,0
B,2,51,510,317,311,317,4,True,1.3150684931506849,0.4437614381313324,0.4456217586994171,0.4437614381313324,0.4456217586994171,0
B,2,52,520,309,309,313,4,True,1.4246575342465753,0.48315948247909546,0.4361545741558075,0.48315948247909546,0.4361545741558075,0
B,2,53,530,310,309,310,4,True,1.506849315068493,0.46927112340927124,0.4224900007247925,0.46927112340927124,0.4224900007247925,2
B,2,54,540,322,309,326,4,True,1.0684931506849313,0.3623242974281311,0.35122379660606384,0.3623242974281311,0.35122379660606384,1
B,2,55,550,320,309,320,4,True,1.232876712328767,0.3693728446960449,0.4241247773170471,0.3693728446960449,0.4241247773170471,1
B,2,56,560,312,309,315,4,True,1.3698630136986303,0.3337583839893341,0.39572519063949585,0.3337583839893341,0.39572519063949585,0
B,2,57,570,313,309,313,4,True,1.4246575342465755,0.47620660066604614,0.3883766829967499,0.47620660066604614,0.3883766829967499,0
B,2,58,580,327,309,327,4,True,1.041095890410959,0.4750545024871826,0.3188309371471405,0.4750545024871826,0.3188309371471405,1
B,2,59,590,323,309,324,4,True,1.1232876712328763,0.3511578142642975,0.414503812789917,0.3511578142642975,0.414503812789917,1
B,2,60,600,312,309,316,4,True,1.3424657534246576,0.2795519232749939,0.40559056401252747,0.2795519232749939,0.40559056401252747,0
B,2,61,610,320,309,321,4,True,1.2054794520547945,0.2728372812271118,0.34910696744918823,0.2728372812271118,0.34910696744918823,0
B,2,62,620,313,309,313,4,True,1.4246575342465753,0.36304062604904175,0.37353745102882385,0.36304062604904175,0.37353745102882385,0
B,2,63,630,319,309,319,4,True,1.2602739726027399,0.34857383370399475,0.3093959391117096,0.34857383370399475,0.3093959391117096,0
B,2,64,640,315,309,315,4,True,1.36986301369863,0.49927693605422974,0.44269487261772156,0.49927693605422974,0.44269487261772156,3
B,2,65,650,323,309,323,4,True,1.1506849315068495,0.4019154906272888,0.34720876812934875,0.4019154906272888,0.34720876812934875,1
B,2,66,660,317,309,317,4,True,1.315068493150685,0.44093894958496094,0.3657827377319336,0.44093894958496094,0.3657827377319336,0
B,2,67,670,317,309,317,4,True,1.3150684931506849,0.39110037684440613,0.36015191674232483,0.39110037684440613,0.36015191674232483,0
B,2,68,680,313,309,313,4,True,1.424657534246575,0.5356082916259766,0.4290476143360138,0.5356082916259766,0.4290476143360138,1
B,2,69,690,321,309,321,4,True,1.2054794520547945,0.4422055184841156,0.31188520789146423,0.4422055184841156,0.31188520789146423,0
B,2,70,700,317,309,317,4,True,1.3150684931506849,0.5224674940109253,0.4312644898891449,0.5224674940109253,0.4312644898891449,0
B,2,71,710,307,307,307,4,True,1.5890410958904109,0.39956238865852356,0.4345828890800476,0.39956238865852356,0.4345828890800476,0
B,2,72,720,327,307,328,4,True,1.0136986301369864,0.2807075083255768,0.2614475190639496,0.2807075083255768,0.2614475190639496,3
B,2,73,730,317,307,321,4,True,1.2054794520547945,0.23356962203979492,0.3640001118183136,0.23356962203979492,0.3640001118183136,0
B,2,74,740,309,307,309,4,True,1.5342465753424661,0.5695527791976929,0.4372284412384033,0.5695527791976929,0.4372284412384033,0
B,2,75,750,313,307,313,4,True,1.4246575342465753,0.5369169116020203,0.3227389454841614,0.5369169116020203,0.3227389454841614,0
B,2,76,760,320,307,329,4,True,0.9863013698630139,0.09667731821537018,0.3421492576599121,0.09667731821537018,0.3421492576599121,0
B,2,77,770,325,307,325,4,True,1.095890410958904,0.30267560482025146,0.28634268045425415,0.30267560482025146,0.28634268045425415,0
B,2,78,780,314,307,314,4,True,1.3972602739726028,0.332017719745636,0.4138907194137573,0.332017719745636,0.4138907194137573,1
B,2,79,790,314,307,317,4,True,1.3150684931506849,0.49382835626602173,0.44411829113960266,0.49382835626602173,0.44411829113960266,0
B,2,80,800,318,307,318,4,True,1.2876712328767121,0.4606885015964508,0.3985591530799866,0.4606885015964508,0.3985591530799866,0
B,2,81,810,306,306,306,4,True,1.6164383561643838,0.519818127155304,0.44145962595939636,0.519818127155304,0.44145962595939636,0
B,2,82,820,326,306,326,4,True,1.0684931506849316,0.4816301763057709,0.390750527381897,0.4816301763057709,0.390750527381897,0
B,2,83,830,318,306,318,4,True,1.2876712328767124,0.439887136220932,0.31654053926467896,0.439887136220932,0.31654053926467896,0
B,2,84,840,319,306,323,4,True,1.1506849315068495,0.19730544090270996,0.36472856998443604,0.19730544090270996,0.36472856998443604,0
B,2,85,850,319,306,320,4,True,1.2328767123287672,0.2558232843875885,0.35048454999923706,0.2558232843875885,0.35048454999923706,0
B,2,86,860,324,306,324,4,True,1.1232876712328765,0.42233937978744507,0.41179290413856506,0.42233937978744507,0.41179290413856506,1
B,2,87,870,320,306,321,4,True,1.205479452054794,0.602281928062439,0.46624013781547546,0.602281928062439,0.46624013781547546,0
B,2,88,880,308,306,309,4,True,1.5342465753424657,0.46381664276123047,0.41906362771987915,0.46381664276123047,0.41906362771987915,0
B,2,89,890,309,306,309,4,True,1.534246575342466,0.3808360695838928,0.415620893239975,0.3808360695838928,0.415620893239975,0
B,2,90,900,317,306,320,4,True,1.2328767123287672,0.25533178448677063,0.3738034963607788,0.25533178448677063,0.3738034963607788,0
B,2,91,910,319,306,319,4,True,1.2602739726027394,0.6023170948028564,0.3707129955291748,0.6023170948028564,0.3707129955291748,0
B,2,92,920,324,306,324,4,True,1.1232876712328765,0.4099586606025696,0.36759454011917114,0.4099586606025696,0.36759454011917114,0
B,2,93,930,321,306,324,4,True,1.1232876712328768,0.27878710627555847,0.3613108992576599,0.27878710627555847,0.3613108992576599,0
B,2,94,940,329,306,329,4,True,0.9863013698630136,0.37999793887138367,0.3091987669467926,0.37999793887138367,0.3091987669467926,0
B,2,95,950,331,306,333,4,True,0.8767123287671232,0.18666401505470276,0.27738669514656067,0.18666401505470276,0.27738669514656067,2
B,2,96,960,323,306,323,4,True,1.1506849315068495,0.4765639305114746,0.37436002492904663,0.4765639305114746,0.37436002492904663,0
B,2,97,970,316,306,316,4,True,1.3424657534246573,0.5166386961936951,0.33916175365448,0.5166386961936951,0.33916175365448,1
B,2,98,980,313,306,313,4,True,1.4246575342465753,0.6332300901412964,0.3794669210910797,0.6332300901412964,0.3794669210910797,0
B,2,99,990,328,306,328,4,True,1.0136986301369864,0.382538765668869,0.419703871011734,0.382538765668869,0.419703871011734,0
B,2,100,1000,313,306,313,4,True,1.4246575342465753,0.4302186965942383,0.44367799162864685,0.4302186965942383,0.44367799162864685,0
C,0,1,10,317,317,320,4,True,0.12328767123287673,0.02535373903810978,0.04236562177538872,0.02535373903810978,0.04236562177538872,0
C,0,2,20,335,317,335,4,True,0.08219178082191782,0.010051606222987175,0.024228975176811218,0.010051606222987175,0.024228975176811218,0
C,0,3,30,320,317,320,4,True,0.12328767123287673,0.03519599884748459,0.034814562648534775,0.03519599884748459,0.034814562648534775,0
C,0,4,40,320,317,324,4,True,0.11232876712328767,0.024938860908150673,0.034107912331819534,0.024938860908150673,0.034107912331819534,1
C,0,5,50,317,317,322,4,True,0.11780821917808218,0.03884073346853256,0.041444554924964905,0.03884073346853256,0.041444554924964905,0
C,0,6,60,309,309,311,4,True,0.14794520547945206,0.026144925504922867,0.045588672161102295,0.026144925504922867,0.045588672161102295,0
C,0,7,70,307,307,307,4,True,0.15890410958904108,0.044677454978227615,0.04162956029176712,0.044677454978227615,0.04162956029176712,0
C,0,8,80,322,307,323,4,True,0.11506849315068494,0.026719773188233376,0.03338072448968887,0.026719773188233376,0.03338072448968887,0
C,0,9,90,320,307,320,4,True,0.1232876712328767,0.06279419362545013,0.04451451823115349,0.06279419362545013,0.04451451823115349,1
C,0,10,100,312,307,315,4,True,0.13698630136986303,0.09005004167556763,0.0464143306016922,0.09005004167556763,0.0464143306016922,1
C,0,11,110,329,307,329,4,True,0.09863013698630137,0.047335945069789886,0.025790985673666,0.047335945069789886,0.025790985673666,0
C,0,12,120,314,307,316,4,True,0.13424657534246576,0.0447714626789093,0.0490339957177639,0.0447714626789093,0.0490339957177639,0
C,0,13,130,312,307,312,4,True,0.1452054794520548,0.04437003284692764,0.043622493743896484,0.04437003284692764,0.043622493743896484,1
C,0,14,140,321,307,321,4,True,0.12054794520547944,0.04078291729092598,0.03869372233748436,0.04078291729092598,0.03869372233748436,0
C,0,15,150,313,307,313,4,True,0.1424657534246575,0.04890717938542366,0.037871167063713074,0.04890717938542366,0.037871167063713074,0
C,0,16,160,318,307,319,4,True,0.12602739726027398,0.044227421283721924,0.0381324365735054,0.044227421283721924,0.0381324365735054,0
C,0,17,170,312,307,312,4,True,0.14520547945205478,0.055913716554641724,0.04258754104375839,0.055913716554641724,0.04258754104375839,0
C,0,18,180,326,307,326,4,True,0.10684931506849316,0.03013543225824833,0.02673487924039364,0.03013543225824833,0.02673487924039364,1
C,0,19,190,314,307,315,4,True,0.136986301369863,0.03987454995512962,0.0433063842356205,0.03987454995512962,0.0433063842356205,1
C,0,20,200,321,307,321,4,True,0.12054794520547947,0.027557373046875,0.035831525921821594,0.027557373046875,0.035831525921821594,1
C,0,21,210,318,307,323,4,True,0.11506849315068497,0.015233971178531647,0.0366114117205143,0.015233971178531647,0.0366114117205143,2
C,0,22,220,320,307,320,4,True,0.12328767123287672,0.05154651403427124,0.03741326928138733,0.05154651403427124,0.03741326928138733,1
C,0,23,230,304,304,304,4,True,0.16712328767123288,0.04871828109025955,0.04407501965761185,0.04871828109025955,0.04407501965761185,1
C,0,24,240,326,304,326,4,True,0.10684931506849314,0.04049735143780708,0.03792749345302582,0.04049735143780708,0.03792749345302582,1
C,0,25,250,312,304,313,4,True,0.14246575342465756,0.041092924773693085,0.04030768945813179,0.041092924773693085,0.04030768945813179,1
C,0,26,260,324,304,324,4,True,0.11232876712328768,0.0397043377161026,0.028997568413615227,0.0397043377161026,0.028997568413615227,0
C,0,27,270,323,304,323,4,True,0.11506849315068493,0.05543002486228943,0.032999347895383835,0.05543002486228943,0.032999347895383835,0
C,0,28,280,316,304,325,4,True,0.10958904109589042,0.0204454455524683,0.033989839255809784,0.0204454455524683,0.033989839255809784,0
C,0,29,290,324,304,324,4,True,0.11232876712328765,0.043645940721035004,0.033922046422958374,0.043645940721035004,0.033922046422958374,1
C,0,30,300,332,304,332,4,True,0.0904109589041096,0.05736815929412842,0.021968545392155647,0.05736815929412842,0.021968545392155647,3
C,0,31,310,317,304,317,4,True,0.13150684931506848,0.05354694277048111,0.028183018788695335,0.05354694277048111,0.028183018788695335,1
C,0,32,320,314,304,320,4,True,0.12328767123287669,0.03149142116308212,0.04706262797117233,0.03149142116308212,0.04706262797117233,0
C,0,33,330,325,304,325,4,True,0.1095890410958904,0.05186104029417038,0.022730844095349312,0.05186104029417038,0.022730844095349312,2
C,0,34,340,310,304,316,4,True,0.13424657534246578,0.026453932747244835,0.04217826575040817,0.026453932747244835,0.04217826575040817,0
C,0,35,350,321,304,321,4,True,0.12054794520547946,0.04582595452666283,0.03888764604926109,0.04582595452666283,0.03888764604926109,2
C,0,36,360,320,304,320,4,True,0.1232876712328767,0.07060477137565613,0.03296428546309471,0.07060477137565613,0.03296428546309471,0
C,0,37,370,317,304,317,4,True,0.13150684931506848,0.038233619183301926,0.03394964709877968,0.038233619183301926,0.03394964709877968,0
C,0,38,380,315,304,315,4,True,0.13698630136986303,0.0517902746796608,0.04139794781804085,0.0517902746796608,0.04139794781804085,2
C,0,39,390,321,304,321,4,True,0.12054794520547944,0.04470133036375046,0.03759722784161568,0.04470133036375046,0.03759722784161568,0
C,0,40,400,321,304,321,4,True,0.12054794520547946,0.030194545164704323,0.03206280246376991,0.030194545164704323,0.03206280246376991,1
C,0,41,410,308,304,311,4,True,0.14794520547945206,0.029266830533742905,0.044157475233078,0.029266830533742905,0.044157475233078,0
C,0,42,420,325,304,325,4,True,0.1095890410958904,0.0525553897023201,0.03409172222018242,0.0525553897023201,0.03409172222018242,0
C,0,43,430,316,304,322,4,True,0.11780821917808224,0.020283667370676994,0.03825683891773224,0.020283667370676994,0.03825683891773224,1
C,0,44,440,313,304,313,4,True,0.14246575342465756,0.0444735512137413,0.03527892753481865,0.0444735512137413,0.03527892753481865,0
C,0,45,450,314,304,316,4,True,0.13424657534246578,0.022073429077863693,0.04081669822335243,0.022073429077863693,0.04081669822335243,0
C,0,46,460,321,304,321,4,True,0.12054794520547946,0.05660051107406616,0.04035765677690506,0.05660051107406616,0.04035765677690506,1
C,0,47,470,323,304,323,4,True,0.11506849315068493,0.04122138023376465,0.0350046269595623,0.04122138023376465,0.0350046269595623,1
C,0,48,480,318,304,322,4,True,0.11780821917808217,0.027052870020270348,0.036454055458307266,0.027052870020270348,0.036454055458307266,0
C,0,49,490,312,304,312,4,True,0.14520547945205478,0.0462789461016655,0.03799217566847801,0.0462789461016655,0.03799217566847801,2
C,0,50,500,315,304,315,4,True,0.136986301369863,0.06062190979719162,0.044502533972263336,0.06062190979719162,0.044502533972263336,0
C,0,51,510,324,304,324,4,True,0.11232876712328767,0.02572735585272312,0.030013127252459526,0.02572735585272312,0.030013127252459526,0
C,0,52,520,303,303,306,4,True,0.16164383561643836,0.04474269598722458,0.04900182783603668,0.04474269598722458,0.04900182783603668,1
C,0,53,530,333,303,334,4,True,0.08493150684931507,0.014478144235908985,0.02819581888616085,0.014478144235908985,0.02819581888616085,0
C,0,54,540,313,303,313,4,True,0.14246575342465753,0.05273805186152458,0.034609321504831314,0.05273805186152458,0.034609321504831314,0
C,0,55,550,322,303,322,4,True,0.11780821917808217,0.04444432258605957,0.03552490472793579,0.04444432258605957,0.03552490472793579,0
C,0,56,560,325,303,325,4,True,0.10958904109589039,0.03761901706457138,0.029135527089238167,0.03761901706457138,0.029135527089238167,1
C,0,57,570,324,303,324,4,True,0.11232876712328765,0.03284067288041115,0.03496772050857544,0.03284067288041115,0.03496772050857544,0
C,0,58,580,313,303,318,4,True,0.12876712328767126,0.024772023782134056,0.03895615413784981,0.024772023782134056,0.03895615413784981,1
C,0,59,590,316,303,327,4,True,0.10410958904109589,0.023273680359125137,0.040730997920036316,0.023273680359125137,0.040730997920036316,1
C,0,60,600,330,303,330,4,True,0.0958904109589041,0.04729189723730087,0.03674912452697754,0.04729189723730087,0.03674912452697754,0
C,0,61,610,309,303,309,4,True,0.15342465753424658,0.0554368682205677,0.045859768986701965,0.0554368682205677,0.045859768986701965,0
C,0,62,620,312,303,316,4,True,0.13424657534246573,0.032972585409879684,0.04005702584981918,0.032972585409879684,0.04005702584981918,0
C,0,63,630,322,303,322,4,True,0.1178082191780822,0.05957774072885513,0.024838512763381004,0.05957774072885513,0.024838512763381004,3
C,0,64,640,301,301,301,4,True,0.17534246575342466,0.0709865540266037,0.04775145277380943,0.0709865540266037,0.04775145277380943,1
C,0,65,650,319,301,319,4,True,0.12602739726027398,0.04728875681757927,0.035219501703977585,0.04728875681757927,0.035219501703977585,0
C,0,66,660,318,301,318,4,True,0.12876712328767123,0.021665791049599648,0.03819561377167702,0.021665791049599648,0.03819561377167702,1
C,0,67,670,322,301,322,4,True,0.11780821917808221,0.03325147181749344,0.031218096613883972,0.03325147181749344,0.031218096613883972,2
C,0,68,680,311,301,313,4,True,0.14246575342465753,0.036329589784145355,0.05316948518157005,0.036329589784145355,0.05316948518157005,1
C,0,69,690,325,301,325,4,True,0.1095890410958904,0.05510328337550163,0.03141294792294502,0.05510328337550163,0.03141294792294502,1
C,0,70,700,319,301,320,4,True,0.12328767123287672,0.05757319927215576,0.04601091518998146,0.05757319927215576,0.04601091518998146,2
C,0,71,710,323,301,323,4,True,0.11506849315068493,0.05765834450721741,0.029421759769320488,0.05765834450721741,0.029421759769320488,3
C,0,72,720,308,301,309,4,True,0.15342465753424658,0.03792911395430565,0.043104011565446854,0.03792911395430565,0.043104011565446854,2
C,0,73,730,319,301,320,4,True,0.12328767123287669,0.04272064194083214,0.039830006659030914,0.04272064194083214,0.039830006659030914,3
C,0,74,740,317,301,317,4,True,0.1315068493150685,0.05039481446146965,0.041434139013290405,0.05039481446146965,0.041434139013290405,0
C,0,75,750,320,301,320,4,True,0.1232876712328767,0.033699870109558105,0.03155515342950821,0.033699870109558105,0.03155515342950821,3
C,0,76,760,315,301,315,4,True,0.136986301369863,0.0374707356095314,0.03589404374361038,0.0374707356095314,0.03589404374361038,2
C,0,77,770,310,301,310,4,True,0.15068493150684933,0.051765959709882736,0.03406265750527382,0.051765959709882736,0.03406265750527382,1
C,0,78,780,315,301,315,4,True,0.13698630136986303,0.046329595148563385,0.048219479620456696,0.046329595148563385,0.048219479620456696,1
C,0,79,790,309,301,311,4,True,0.14794520547945203,0.05531433969736099,0.05008695647120476,0.05531433969736099,0.05008695647120476,0
C,0,80,800,322,301,322,4,True,0.11780821917808218,0.05319807678461075,0.04225402697920799,0.05319807678461075,0.04225402697920799,0
C,0,81,810,328,301,357,3,True,0.021917808219178103,-0.04927261173725128,0.034728143364191055,-0.04927261173725128,0.034728143364191055,2
C,0,82,820,314,301,314,4,True,0.13972602739726028,0.06414717435836792,0.03732512146234512,0.06414717435836792,0.03732512146234512,0
C,0,83,830,316,301,318,4,True,0.1287671232876712,0.030154839158058167,0.04874666407704353,0.030154839158058167,0.04874666407704353,2
C,0,84,840,327,301,328,4,True,0.10136986301369862,0.046413030475378036,0.03131644055247307,0.046413030475378036,0.03131644055247307,0
C,0,85,850,315,301,315,4,True,0.13698630136986303,0.04754370450973511,0.0450253039598465,0.04754370450973511,0.0450253039598465,0
C,0,86,860,306,301,306,4,True,0.16164383561643833,0.04041769355535507,0.04679623246192932,0.04041769355535507,0.04679623246192932,2
C,0,87,870,317,301,317,4,True,0.1315068493150685,0.06295493245124817,0.03997096046805382,0.06295493245124817,0.03997096046805382,1
C,0,88,880,309,301,310,4,True,0.15068493150684936,0.04582855850458145,0.041433826088905334,0.04582855850458145,0.041433826088905334,1
C,0,89,890,315,301,317,4,True,0.13150684931506848,0.07086171954870224,0.04186578840017319,0.07086171954870224,0.04186578840017319,1
C,0,90,900,323,301,323,4,True,0.11506849315068493,0.046296752989292145,0.0312904492020607,0.046296752989292145,0.0312904492020607,0
C,0,91,910,313,301,313,4,True,0.14246575342465753,0.03910081833600998,0.037309423089027405,0.03910081833600998,0.037309423089027405,1
C,0,92,920,312,301,312,4,True,0.14520547945205478,0.061267782002687454,0.0459749661386013,0.061267782002687454,0.0459749661386013,1
C,0,93,930,316,301,316,4,True,0.13424657534246576,0.06161896139383316,0.03983046114444733,0.06161896139383316,0.03983046114444733,2
C,0,94,940,321,301,321,4,True,0.12054794520547947,0.03171917796134949,0.033946361392736435,0.03171917796134949,0.033946361392736435,0
C,0,95,950,320,301,320,4,True,0.1232876712328767,0.051568806171417236,0.03659893199801445,0.051568806171417236,0.03659893199801445,1
C,0,96,960,324,301,326,4,True,0.10684931506849314,0.031170537695288658,0.03285776823759079,0.031170537695288658,0.03285776823759079,1
C,0,97,970,318,301,321,4,True,0.12054794520547946,0.012008761055767536,0.039207346737384796,0.012008761055767536,0.039207346737384796,3
C,0,98,980,328,301,328,4,True,0.10136986301369863,0.04020441696047783,0.0346824936568737,0.04020441696047783,0.0346824936568737,1
C,0,99,990,315,301,317,4,True,0.13150684931506854,0.05277859419584274,0.054066192358732224,0.05277859419584274,0.054066192358732224,0
C,0,100,1000,328,301,328,4,True,0.1013698630136986,0.049351491034030914,0.0345202200114727,0.049351491034030914,0.0345202200114727,0
C,1,1,10,330,330,330,4,True,0.09589041095890412,0.03472050651907921,0.026461539790034294,0.03472050651907921,0.026461539790034294,0
C,1,2,20,334,330,334,4,True,0.08493150684931507,0.03023337759077549,0.024878278374671936,0.03023337759077549,0.024878278374671936,0
C,1,3,30,321,321,322,4,True,0.11780821917808221,0.023803088814020157,0.03386804461479187,0.023803088814020157,0.03386804461479187,0
C,1,4,40,319,319,319,4,True,0.12602739726027395,0.04191630333662033,0.03933611884713173,0.04191630333662033,0.03933611884713173,0
C,1,5,50,312,312,312,4,True,0.14520547945205478,0.04575236886739731,0.03528950735926628,0.04575236886739731,0.03528950735926628,1
C,1,6,60,325,312,350,3,True,0.041095890410958916,-0.045372117310762405,0.03186297044157982,-0.045372117310762405,0.03186297044157982,1
C,1,7,70,311,311,315,4,True,0.136986301369863,0.030360057950019836,0.041930731385946274,0.030360057950019836,0.041930731385946274,0
C,1,8,80,347,311,354,4,True,0.030136986301369868,-0.0009181380155496299,0.013167682103812695,-0.0009181380155496299,0.013167682103812695,0
C,1,9,90,333,311,334,4,True,0.08493150684931507,0.022754259407520294,0.03156019002199173,0.022754259407520294,0.03156019002199173,1
C,1,10,100,344,311,347,4,True,0.049315068493150684,0.012707864865660667,0.016892042011022568,0.012707864865660667,0.016892042011022568,0
C,1,11,110,324,311,324,4,True,0.11232876712328768,0.030473630875349045,0.0374288372695446,0.030473630875349045,0.0374288372695446,0
C,1,12,120,322,311,323,4,True,0.11506849315068492,0.04305991530418396,0.035085588693618774,0.04305991530418396,0.035085588693618774,0
C,1,13,130,319,311,319,4,True,0.12602739726027398,0.04110660403966904,0.03133929893374443,0.04110660403966904,0.03133929893374443,0
C,1,14,140,323,311,323,4,True,0.11506849315068493,0.0520707368850708,0.03883441165089607,0.0520707368850708,0.03883441165089607,0
C,1,15,150,317,311,317,4,True,0.13150684931506848,0.06530033051967621,0.04307162016630173,0.06530033051967621,0.04307162016630173,0
C,1,16,160,320,311,325,4,True,0.10958904109589042,0.026751890778541565,0.041961196810007095,0.026751890778541565,0.041961196810007095,0
C,1,17,170,332,311,332,4,True,0.09041095890410958,0.024177521467208862,0.027735354378819466,0.024177521467208862,0.027735354378819466,0
C,1,18,180,316,311,319,4,True,0.12602739726027398,0.028415599837899208,0.037207264453172684,0.028415599837899208,0.037207264453172684,1
C,1,19,190,333,311,333,4,True,0.08767123287671234,0.027137285098433495,0.02619086764752865,0.027137285098433495,0.02619086764752865,0
C,1,20,200,326,311,327,4,True,0.1041095890410959,0.0458468534052372,0.03800909221172333,0.0458468534052372,0.03800909221172333,0
C,1,21,210,326,311,326,4,True,0.10684931506849316,0.04919445514678955,0.037609804421663284,0.04919445514678955,0.037609804421663284,0
C,1,22,220,337,311,338,4,True,0.07397260273972601,0.022021561861038208,0.02255932427942753,0.022021561861038208,0.02255932427942753,0
C,1,23,230,324,311,324,4,True,0.11232876712328765,0.03858319669961929,0.03299913927912712,0.03858319669961929,0.03299913927912712,1
C,1,24,240,318,311,319,4,True,0.12602739726027398,0.033822160214185715,0.04296689108014107,0.033822160214185715,0.04296689108014107,0
C,1,25,250,313,311,342,3,True,0.06301369863013699,-0.03733598440885544,0.040500372648239136,-0.03733598440885544,0.040500372648239136,0
C,1,26,260,323,311,323,4,True,0.11506849315068493,0.02406926266849041,0.033172354102134705,0.02406926266849041,0.033172354102134705,2
C,1,27,270,318,311,321,4,True,0.12054794520547946,0.02997075393795967,0.032701123505830765,0.02997075393795967,0.032701123505830765,0
C,1,28,280,325,311,325,4,True,0.10958904109589042,0.06392458081245422,0.020865915343165398,0.06392458081245422,0.020865915343165398,1
C,1,29,290,314,311,316,4,True,0.13424657534246576,0.04986868053674698,0.04138652980327606,0.04986868053674698,0.04138652980327606,0
C,1,30,300,324,311,332,4,True,0.09041095890410959,0.00920546893030405,0.030610717833042145,0.00920546893030405,0.030610717833042145,1
C,1,31,310,320,311,322,4,True,0.11780821917808218,0.0311761312186718,0.04171266406774521,0.0311761312186718,0.04171266406774521,1
C,1,32,320,327,311,327,4,True,0.10410958904109588,0.022742588073015213,0.02801736444234848,0.022742588073015213,0.02801736444234848,0
C,1,33,330,316,311,322,4,True,0.11780821917808217,0.030247371643781662,0.03622159734368324,0.030247371643781662,0.03622159734368324,1
C,1,34,340,319,311,319,4,True,0.12602739726027398,0.0542416088283062,0.03907439857721329,0.0542416088283062,0.03907439857721329,0
C,1,35,350,317,311,317,4,True,0.1315068493150685,0.04539794474840164,0.043324634432792664,0.04539794474840164,0.043324634432792664,0
C,1,36,360,324,311,324,4,True,0.11232876712328767,0.028843561187386513,0.028808806091547012,0.028843561187386513,0.028808806091547012,0
C,1,37,370,323,311,326,4,True,0.10684931506849316,0.029785191640257835,0.02897869609296322,0.029785191640257835,0.02897869609296322,1
C,1,38,380,325,311,325,4,True,0.10958904109589042,0.048687711358070374,0.02772483602166176,0.048687711358070374,0.02772483602166176,0
C,1,39,390,327,311,327,4,True,0.10410958904109588,0.028458137065172195,0.02860151045024395,0.028458137065172195,0.02860151045024395,0
C,1,40,400,321,311,321,4,True,0.12054794520547946,0.05496831610798836,0.03556777164340019,0.05496831610798836,0.03556777164340019,0
C,1,41,410,328,311,329,4,True,0.09863013698630137,0.043670665472745895,0.027461305260658264,0.043670665472745895,0.027461305260658264,0
C,1,42,420,321,311,321,4,True,0.12054794520547944,0.04343505948781967,0.03895842656493187,0.04343505948781967,0.03895842656493187,1
C,1,43,430,326,311,328,4,True,0.10136986301369862,0.04330586642026901,0.034071631729602814,0.04330586642026901,0.034071631729602814,0
C,1,44,440,324,311,326,4,True,0.10684931506849316,0.048946771770715714,0.03615177795290947,0.048946771770715714,0.03615177795290947,0
C,1,45,450,333,311,333,4,True,0.08767123287671234,0.04478960484266281,0.027463994920253754,0.04478960484266281,0.027463994920253754,0
C,1,46,460,326,311,326,4,True,0.10684931506849314,0.024796869605779648,0.03327840939164162,0.024796869605779648,0.03327840939164162,0
C,1,47,470,327,311,329,4,True,0.09863013698630135,0.01599680632352829,0.02902725711464882,0.01599680632352829,0.02902725711464882,0
C,1,48,480,318,311,318,4,True,0.12876712328767123,0.03321606293320656,0.033998165279626846,0.03321606293320656,0.033998165279626846,0
C,1,49,490,318,311,318,4,True,0.12876712328767123,0.04053536057472229,0.03951136767864227,0.04053536057472229,0.03951136767864227,0
C,1,50,500,326,311,350,3,True,0.041095890410958916,-0.03132304549217224,0.03702906146645546,-0.03132304549217224,0.03702906146645546,1
C,1,51,510,316,311,316,4,True,0.13424657534246576,0.029136529192328453,0.038653843104839325,0.029136529192328453,0.038653843104839325,2
C,1,52,520,316,311,316,4,True,0.13424657534246576,0.060227520763874054,0.036524463444948196,0.060227520763874054,0.036524463444948196,1
C,1,53,530,325,311,325,4,True,0.10958904109589043,0.025280486792325974,0.030612308531999588,0.025280486792325974,0.030612308531999588,1
C,1,54,540,320,311,320,4,True,0.1232876712328767,0.07117599248886108,0.025731878355145454,0.07117599248886108,0.025731878355145454,0
C,1,55,550,343,311,343,4,True,0.06027397260273972,0.027903148904442787,0.024753596633672714,0.027903148904442787,0.024753596633672714,1
C,1,56,560,317,311,320,4,True,0.12328767123287673,0.022560784593224525,0.03685666620731354,0.022560784593224525,0.03685666620731354,0
C,1,57,570,329,311,329,4,True,0.09863013698630135,0.06635364890098572,0.03458085283637047,0.06635364890098572,0.03458085283637047,3
C,1,58,580,335,311,335,4,True,0.0821917808219178,0.04937346652150154,0.035984884947538376,0.04937346652150154,0.035984884947538376,2
C,1,59,590,323,311,323,4,True,0.11506849315068493,0.067576564848423,0.03996552154421806,0.067576564848423,0.03996552154421806,2
C,1,60,600,319,311,319,4,True,0.12602739726027395,0.03339839726686478,0.038991499692201614,0.03339839726686478,0.038991499692201614,1
C,1,61,610,318,311,318,4,True,0.12876712328767123,0.044292353093624115,0.03191930055618286,0.044292353093624115,0.03191930055618286,0
C,1,62,620,328,311,328,4,True,0.10136986301369863,0.03038467839360237,0.025381285697221756,0.03038467839360237,0.025381285697221756,1
C,1,63,630,316,311,316,4,True,0.13424657534246576,0.0320562981069088,0.0386861190199852,0.0320562981069088,0.0386861190199852,0
C,1,64,640,323,311,323,4,True,0.11506849315068493,0.034707389771938324,0.0289167407900095,0.034707389771938324,0.0289167407900095,1
C,1,65,650,325,311,325,4,True,0.10958904109589042,0.03688538819551468,0.03831108286976814,0.03688538819551468,0.03831108286976814,0
C,1,66,660,334,311,334,4,True,0.08493150684931505,0.029764574021100998,0.02677217684686184,0.029764574021100998,0.02677217684686184,0
C,1,67,670,329,311,329,4,True,0.09863013698630137,0.030985411256551743,0.034915097057819366,0.030985411256551743,0.034915097057819366,0
C,1,68,680,324,311,324,4,True,0.11232876712328767,0.034882813692092896,0.026693549007177353,0.034882813692092896,0.026693549007177353,0
C,1,69,690,321,311,321,4,True,0.12054794520547943,0.05099396035075188,0.04718299210071564,0.05099396035075188,0.04718299210071564,1
C,1,70,700,307,307,310,4,True,0.1506849315068493,0.04697597026824951,0.043131273239851,0.04697597026824951,0.043131273239851,1
C,1,71,710,323,307,323,4,True,0.11506849315068493,0.06626464426517487,0.018878456205129623,0.06626464426517487,0.018878456205129623,0
C,1,72,720,317,307,319,4,True,0.12602739726027398,0.0318400040268898,0.037217192351818085,0.0318400040268898,0.037217192351818085,2
C,1,73,730,327,307,327,4,True,0.10410958904109589,0.04170716553926468,0.042611297219991684,0.04170716553926468,0.042611297219991684,0
C,1,74,740,319,307,322,4,True,0.11780821917808221,0.029694121330976486,0.031411685049533844,0.029694121330976486,0.031411685049533844,1
C,1,75,750,326,307,326,4,True,0.10684931506849314,0.03802662342786789,0.033043570816516876,0.03802662342786789,0.033043570816516876,2
C,1,76,760,326,307,326,4,True,0.10684931506849314,0.0386241152882576,0.03540818765759468,0.0386241152882576,0.03540818765759468,2
C,1,77,770,317,307,317,4,True,0.13150684931506848,0.04455593228340149,0.04248588904738426,0.04455593228340149,0.04248588904738426,1
C,1,78,780,328,307,329,4,True,0.09863013698630137,0.023429719731211662,0.028232408687472343,0.023429719731211662,0.028232408687472343,3
C,1,79,790,329,307,348,3,True,0.04657534246575342,-0.003889587474986911,0.03148934990167618,-0.003889587474986911,0.03148934990167618,0
C,1,80,800,319,307,319,4,True,0.12602739726027398,0.06484191864728928,0.043023914098739624,0.06484191864728928,0.043023914098739624,0
C,1,81,810,320,307,320,4,True,0.1232876712328767,0.044795699417591095,0.041527263820171356,0.044795699417591095,0.041527263820171356,2
C,1,82,820,322,307,322,4,True,0.1178082191780822,0.057762451469898224,0.034309498965740204,0.057762451469898224,0.034309498965740204,1
C,1,83,830,326,307,326,4,True,0.10684931506849317,0.030919354408979416,0.029813969507813454,0.030919354408979416,0.029813969507813454,0
C,1,84,840,323,307,326,4,True,0.10684931506849314,0.02480430342257023,0.03830479457974434,0.02480430342257023,0.03830479457974434,0
C,1,85,850,334,307,334,4,True,0.08493150684931507,0.038028694689273834,0.021253759041428566,0.038028694689273834,0.021253759041428566,1
C,1,86,860,328,307,328,4,True,0.10136986301369862,0.047961339354515076,0.04081306606531143,0.047961339354515076,0.04081306606531143,0
C,1,87,870,320,307,320,4,True,0.12328767123287673,0.03632226586341858,0.03127659484744072,0.03632226586341858,0.03127659484744072,0
C,1,88,880,327,307,327,4,True,0.10410958904109589,0.06150512769818306,0.037887025624513626,0.06150512769818306,0.037887025624513626,1
C,1,89,890,324,307,326,4,True,0.10684931506849313,0.023554980754852295,0.03245090693235397,0.023554980754852295,0.03245090693235397,2
C,1,90,900,318,307,318,4,True,0.12876712328767123,0.06766762584447861,0.03282926604151726,0.06766762584447861,0.03282926604151726,1
C,1,91,910,329,307,330,4,True,0.09589041095890412,0.028388256207108498,0.024115880951285362,0.028388256207108498,0.024115880951285362,1
C,1,92,920,320,307,320,4,True,0.12328767123287672,0.05385420471429825,0.04438983276486397,0.05385420471429825,0.04438983276486397,0
C,1,93,930,324,307,324,4,True,0.11232876712328768,0.03595578297972679,0.02663097344338894,0.03595578297972679,0.02663097344338894,2
C,1,94,940,336,307,337,4,True,0.07671232876712326,0.028624892234802246,0.022669082507491112,0.028624892234802246,0.022669082507491112,0
C,1,95,950,321,307,321,4,True,0.12054794520547946,0.030842769891023636,0.03195159509778023,0.030842769891023636,0.03195159509778023,2
C,1,96,960,317,307,317,4,True,0.1315068493150685,0.034145522862672806,0.03649593144655228,0.034145522862672806,0.03649593144655228,2
C,1,97,970,318,307,318,4,True,0.1287671232876712,0.04774095118045807,0.034802161157131195,0.04774095118045807,0.034802161157131195,0
C,1,98,980,316,307,317,4,True,0.1315068493150685,0.03577888384461403,0.03751940280199051,0.03577888384461403,0.03751940280199051,0
C,1,99,990,326,307,326,4,True,0.10684931506849317,0.02374979481101036,0.030344638973474503,0.02374979481101036,0.030344638973474503,1
C,1,100,1000,318,307,342,3,True,0.06301369863013698,-0.027060091495513916,0.03683607280254364,-0.027060091495513916,0.03683607280254364,0
C,2,1,10,323,323,324,4,True,0.11232876712328765,0.028994565829634666,0.030491933226585388,0.028994565829634666,0.030491933226585388,0
C,2,2,20,310,310,310,4,True,0.1506849315068493,0.06103998422622681,0.039936613291502,0.06103998422622681,0.039936613291502,1
C,2,3,30,332,310,332,4,True,0.09041095890410958,0.056917764246463776,0.021922321990132332,0.056917764246463776,0.021922321990132332,0
C,2,4,40,322,310,324,4,True,0.11232876712328768,0.033264514058828354,0.03194071352481842,0.033264514058828354,0.03194071352481842,0
C,2,5,50,320,310,320,4,True,0.12328767123287675,0.02858179248869419,0.03280877321958542,0.02858179248869419,0.03280877321958542,0
C,2,6,60,322,310,322,4,True,0.1178082191780822,0.032453298568725586,0.034986406564712524,0.032453298568725586,0.034986406564712524,0
C,2,7,70,327,310,328,4,True,0.10136986301369863,0.046144112944602966,0.030797749757766724,0.046144112944602966,0.030797749757766724,1
C,2,8,80,317,310,317,4,True,0.13150684931506848,0.0437912754714489,0.03372352570295334,0.0437912754714489,0.03372352570295334,1
C,2,9,90,313,310,313,4,True,0.1424657534246575,0.041699714958667755,0.043971478939056396,0.041699714958667755,0.043971478939056396,0
C,2,10,100,321,310,321,4,True,0.12054794520547946,0.06430846452713013,0.037050098180770874,0.06430846452713013,0.037050098180770874,0
C,2,11,110,318,310,318,4,True,0.12876712328767123,0.04259861633181572,0.04091229289770126,0.04259861633181572,0.04091229289770126,0
C,2,12,120,315,310,316,4,True,0.13424657534246573,0.04013219475746155,0.04248422011733055,0.04013219475746155,0.04248422011733055,0
C,2,13,130,319,310,323,4,True,0.11506849315068492,0.04046007618308067,0.044578686356544495,0.04046007618308067,0.044578686356544495,0
C,2,14,140,327,310,327,4,True,0.10410958904109589,0.03087518736720085,0.025593359023332596,0.03087518736720085,0.025593359023332596,0
C,2,15,150,317,310,317,4,True,0.13150684931506848,0.058130402117967606,0.0380425751209259,0.058130402117967606,0.0380425751209259,0
C,2,16,160,323,310,323,4,True,0.11506849315068492,0.051458120346069336,0.043386537581682205,0.051458120346069336,0.043386537581682205,0
C,2,17,170,328,310,328,4,True,0.10136986301369862,0.03900368511676788,0.03982619568705559,0.03900368511676788,0.03982619568705559,0
C,2,18,180,324,310,327,4,True,0.10410958904109589,0.03542371094226837,0.032580576837062836,0.03542371094226837,0.032580576837062836,0
C,2,19,190,326,310,363,3,True,0.005479452054794512,-0.045323535799980164,0.041294459253549576,-0.045323535799980164,0.041294459253549576,0
C,2,20,200,318,310,319,4,True,0.126027397260274,0.044946618378162384,0.03289593756198883,0.044946618378162384,0.03289593756198883,1
C,2,21,210,311,310,311,4,True,0.14794520547945206,0.054900944232940674,0.04394999146461487,0.054900944232940674,0.04394999146461487,0
C,2,22,220,322,310,322,4,True,0.11780821917808218,0.05565928667783737,0.03304366022348404,0.05565928667783737,0.03304366022348404,0
C,2,23,230,317,310,317,4,True,0.1315068493150685,0.033382099121809006,0.037256624549627304,0.033382099121809006,0.037256624549627304,0
C,2,24,240,313,310,315,4,True,0.13698630136986306,0.02780885435640812,0.03991662338376045,0.02780885435640812,0.03991662338376045,0
C,2,25,250,320,310,321,4,True,0.12054794520547947,0.0316697396337986,0.04323885962367058,0.0316697396337986,0.04323885962367058,0
C,2,26,260,320,310,320,4,True,0.12328767123287668,0.05543363839387894,0.02983378991484642,0.05543363839387894,0.02983378991484642,0
C,2,27,270,325,310,325,4,True,0.1095890410958904,0.052608292549848557,0.0370144359767437,0.052608292549848557,0.0370144359767437,0
C,2,28,280,324,310,324,4,True,0.11232876712328768,0.0338372141122818,0.02748434990644455,0.0338372141122818,0.02748434990644455,0
C,2,29,290,320,310,320,4,True,0.1232876712328767,0.04518885537981987,0.028883762657642365,0.04518885537981987,0.028883762657642365,0
C,2,30,300,337,310,337,4,True,0.07671232876712329,0.04016055911779404,0.013972979038953781,0.04016055911779404,0.013972979038953781,0
C,2,31,310,332,310,335,4,True,0.08219178082191782,0.0264277346432209,0.029189351946115494,0.0264277346432209,0.029189351946115494,0
C,2,32,320,314,310,314,4,True,0.13972602739726028,0.04387067258358002,0.0368439219892025,0.04387067258358002,0.0368439219892025,1
C,2,33,330,326,310,326,4,True,0.10684931506849314,0.03616134077310562,0.031471870839595795,0.03616134077310562,0.031471870839595795,0
C,2,34,340,320,310,321,4,True,0.12054794520547944,0.03047112189233303,0.03543196991086006,0.03047112189233303,0.03543196991086006,0
C,2,35,350,320,310,323,4,True,0.11506849315068493,0.04695457965135574,0.031639162451028824,0.04695457965135574,0.031639162451028824,0
C,2,36,360,321,310,321,4,True,0.12054794520547947,0.05143144726753235,0.03418189659714699,0.05143144726753235,0.03418189659714699,0
C,2,37,370,329,310,332,4,True,0.0904109589041096,0.00858294777572155,0.027945395559072495,0.00858294777572155,0.027945395559072495,0
C,2,38,380,318,310,320,4,True,0.12328767123287669,0.027670428156852722,0.04119037836790085,0.027670428156852722,0.04119037836790085,0
C,2,39,390,323,310,325,4,True,0.10958904109589042,0.03645823150873184,0.041132353246212006,0.03645823150873184,0.041132353246212006,0
C,2,40,400,324,310,325,4,True,0.10958904109589039,0.021793615072965622,0.031139811500906944,0.021793615072965622,0.031139811500906944,0
C,2,41,410,322,310,328,4,True,0.10136986301369863,0.037957340478897095,0.036672841757535934,0.037957340478897095,0.036672841757535934,0
C,2,42,420,318,310,318,4,True,0.1287671232876712,0.03872942179441452,0.040508370846509933,0.03872942179441452,0.040508370846509933,0
C,2,43,430,321,310,321,4,True,0.12054794520547946,0.027039239183068275,0.035602446645498276,0.027039239183068275,0.035602446645498276,0
C,2,44,440,316,310,323,4,True,0.11506849315068496,0.017277110368013382,0.03568399325013161,0.017277110368013382,0.03568399325013161,0
C,2,45,450,321,310,321,4,True,0.12054794520547943,0.043467771261930466,0.0379706546664238,0.043467771261930466,0.0379706546664238,0
C,2,46,460,313,310,314,4,True,0.13972602739726028,0.035561200231313705,0.040303200483322144,0.035561200231313705,0.040303200483322144,1
C,2,47,470,313,310,313,4,True,0.14246575342465753,0.03143364563584328,0.039952974766492844,0.03143364563584328,0.039952974766492844,0
C,2,48,480,324,310,325,4,True,0.10958904109589042,0.0400809682905674,0.03929201886057854,0.0400809682905674,0.03929201886057854,0
C,2,49,490,321,310,321,4,True,0.12054794520547947,0.04065493866801262,0.03331016004085541,0.04065493866801262,0.03331016004085541,0
C,2,50,500,317,310,319,4,True,0.12602739726027398,0.019097503274679184,0.03853275626897812,0.019097503274679184,0.03853275626897812,0
C,2,51,510,317,310,317,4,True,0.13150684931506845,0.04437614232301712,0.04456217586994171,0.04437614232301712,0.04456217586994171,0
C,2,52,520,309,309,313,4,True,0.14246575342465753,0.048315949738025665,0.04361545667052269,0.048315949738025665,0.04361545667052269,0
C,2,53,530,322,309,326,4,True,0.10684931506849316,0.018084581941366196,0.034818027168512344,0.018084581941366196,0.034818027168512344,1
C,2,54,540,318,309,321,4,True,0.12054794520547946,0.04354403167963028,0.04132228344678879,0.04354403167963028,0.04132228344678879,2
C,2,55,550,331,309,331,4,True,0.09315068493150686,0.05071787163615227,0.025384100154042244,0.05071787163615227,0.025384100154042244,0
C,2,56,560,312,309,315,4,True,0.13698630136986306,0.03337583690881729,0.039572522044181824,0.03337583690881729,0.039572522044181824,0
C,2,57,570,313,309,313,4,True,0.14246575342465753,0.047620661556720734,0.03883766755461693,0.047620661556720734,0.03883766755461693,0
C,2,58,580,327,309,327,4,True,0.10410958904109589,0.0475054569542408,0.03188309818506241,0.0475054569542408,0.03188309818506241,0
C,2,59,590,323,309,324,4,True,0.11232876712328767,0.03511577844619751,0.0414503812789917,0.03511577844619751,0.0414503812789917,1
C,2,60,600,322,309,323,4,True,0.11506849315068493,0.021068742498755455,0.032617032527923584,0.021068742498755455,0.032617032527923584,1
C,2,61,610,320,309,321,4,True,0.12054794520547946,0.027283724397420883,0.034910693764686584,0.027283724397420883,0.034910693764686584,0
C,2,62,620,313,309,313,4,True,0.14246575342465753,0.036304064095020294,0.037353742867708206,0.036304064095020294,0.037353742867708206,0
C,2,63,630,319,309,319,4,True,0.12602739726027398,0.034857384860515594,0.03093959204852581,0.034857384860515594,0.03093959204852581,0
C,2,64,640,324,309,329,4,True,0.09863013698630137,0.022694574669003487,0.03731751814484596,0.022694574669003487,0.03731751814484596,0
C,2,65,650,328,309,328,4,True,0.10136986301369862,0.03607320412993431,0.027800068259239197,0.03607320412993431,0.027800068259239197,0
C,2,66,660,318,309,318,4,True,0.12876712328767123,0.04502889886498451,0.034271322190761566,0.04502889886498451,0.034271322190761566,1
C,2,67,670,317,309,317,4,True,0.1315068493150685,0.039110034704208374,0.036015186458826065,0.039110034704208374,0.036015186458826065,0
C,2,68,680,316,309,316,4,True,0.13424657534246573,0.046197302639484406,0.042391445487737656,0.046197302639484406,0.042391445487737656,0
C,2,69,690,321,309,321,4,True,0.12054794520547944,0.04422055184841156,0.031188521534204483,0.04422055184841156,0.031188521534204483,0
C,2,70,700,317,309,317,4,True,0.13150684931506848,0.052246756851673126,0.04312645271420479,0.052246756851673126,0.04312645271420479,0
C,2,71,710,307,307,307,4,True,0.1589041095890411,0.039956238120794296,0.04345828667283058,0.039956238120794296,0.04345828667283058,0
C,2,72,720,329,307,330,4,True,0.09589041095890412,0.0204685740172863,0.026284903287887573,0.0204685740172863,0.026284903287887573,2
C,2,73,730,317,307,321,4,True,0.12054794520547947,0.023356962949037552,0.03640001267194748,0.023356962949037552,0.03640001267194748,0
C,2,74,740,326,307,326,4,True,0.10684931506849313,0.03776472806930542,0.03311152011156082,0.03776472806930542,0.03311152011156082,1
C,2,75,750,318,307,321,4,True,0.12054794520547946,0.03273434191942215,0.03277311474084854,0.03273434191942215,0.03277311474084854,1
C,2,76,760,320,307,329,4,True,0.09863013698630137,0.009667729958891869,0.03421492129564285,0.009667729958891869,0.03421492129564285,0
C,2,77,770,325,307,325,4,True,0.10958904109589042,0.030267562717199326,0.028634268790483475,0.030267562717199326,0.028634268790483475,0
C,2,78,780,313,307,313,4,True,0.1424657534246575,0.03429689258337021,0.042479295283555984,0.03429689258337021,0.042479295283555984,0
C,2,79,790,314,307,317,4,True,0.1315068493150685,0.049382828176021576,0.04441182687878609,0.049382828176021576,0.04441182687878609,0
C,2,80,800,323,307,327,4,True,0.10410958904109589,0.03226710855960846,0.04258796200156212,0.03226710855960846,0.04258796200156212,1
C,2,81,810,306,306,306,4,True,0.16164383561643836,0.051981814205646515,0.044145964086055756,0.051981814205646515,0.044145964086055756,0
C,2,82,820,326,306,326,4,True,0.10684931506849316,0.04816301912069321,0.03907505422830582,0.04816301912069321,0.03907505422830582,0
C,2,83,830,318,306,318,4,True,0.12876712328767123,0.04398871958255768,0.031654052436351776,0.04398871958255768,0.031654052436351776,1
C,2,84,840,319,306,323,4,True,0.11506849315068494,0.019730545580387115,0.036472853273153305,0.019730545580387115,0.036472853273153305,0
C,2,85,850,319,306,320,4,True,0.12328767123287672,0.02558233216404915,0.035048458725214005,0.02558233216404915,0.035048458725214005,0
C,2,86,860,325,306,326,4,True,0.10684931506849314,0.03749516233801842,0.04078453406691551,0.03749516233801842,0.04078453406691551,0
C,2,87,870,323,306,324,4,True,0.11232876712328767,0.043185122311115265,0.049789853394031525,0.043185122311115265,0.049789853394031525,2
C,2,88,880,319,306,319,4,True,0.12602739726027398,0.03161051496863365,0.03374423831701279,0.03161051496863365,0.03374423831701279,1
C,2,89,890,309,306,309,4,True,0.15342465753424658,0.03808360919356346,0.04156208783388138,0.03808360919356346,0.04156208783388138,0
C,2,90,900,321,306,326,4,True,0.10684931506849314,0.013106855563819408,0.03501861169934273,0.013106855563819408,0.03501861169934273,1
C,2,91,910,319,306,319,4,True,0.12602739726027398,0.06023171544075012,0.03707129508256912,0.06023171544075012,0.03707129508256912,0
C,2,92,920,324,306,324,4,True,0.1123287671232877,0.04099586233496666,0.036759454756975174,0.04099586233496666,0.036759454756975174,0
C,2,93,930,321,306,321,4,True,0.12054794520547943,0.035237159579992294,0.0364321805536747,0.035237159579992294,0.0364321805536747,1
C,2,94,940,322,306,323,4,True,0.11506849315068493,0.047022745013237,0.03903279826045036,0.047022745013237,0.03903279826045036,1
C,2,95,950,322,306,323,4,True,0.11506849315068492,0.023907942697405815,0.03830987587571144,0.023907942697405815,0.03830987587571144,1
C,2,96,960,323,306,323,4,True,0.11506849315068492,0.04765638709068298,0.037436001002788544,0.04765638709068298,0.037436001002788544,0
C,2,97,970,321,306,323,4,True,0.11506849315068492,0.03206467628479004,0.03535916283726692,0.03206467628479004,0.03535916283726692,0
C,2,98,980,313,306,313,4,True,0.14246575342465753,0.0633230060338974,0.03794668987393379,0.0633230060338974,0.03794668987393379,0
C,2,99,990,328,306,328,4,True,0.10136986301369862,0.03825387731194496,0.0419703833758831,0.03825387731194496,0.0419703833758831,0
C,2,100,1000,314,306,314,4,True,0.13972602739726026,0.04115809127688408,0.043705590069293976,0.04115809127688408,0.043705590069293976,1
